date,supplier_id,supplier_name,region,product_category,lead_time_days,lead_time_std_days,reliability_score,geopolitical_risk_index,port_congestion_index,weather_risk_index,weather_risk_level,commodity_price_index,price_swing_pct,days_since_last_disruption,average_cost_per_unit,annual_volume_units,single_source,reliability_risk,lead_time_risk,lead_time_variability,geopolitical_risk,weather_risk,price_volatility,disruption_recency,composite_index,disrupted,target_disruption_7d,label_valid
2026-06-01,SUP_001,TechParts Asia,East Asia,Electronics,18,1.1,0.803,31.4,23.4,41.6,medium,100.66,0.0,999,247.18,50534,0,0.197,0.1,0.1222,0.29,0.416,0.0,0.0,17.2062,0,0,True
2026-06-02,SUP_001,TechParts Asia,East Asia,Electronics,18,1.1,0.803,29.0,14.0,32.9,low,101.27,0.0,999,247.18,50534,0,0.197,0.1,0.1222,0.245,0.329,0.0,0.0,15.1782,0,1,True
2026-06-03,SUP_001,TechParts Asia,East Asia,Electronics,18,1.1,0.803,32.1,7.3,35.4,low,101.42,0.0,999,247.18,50534,0,0.197,0.1,0.1222,0.2466,0.354,0.0,0.0,15.557,0,1,True
2026-06-04,SUP_001,TechParts Asia,East Asia,Electronics,18,1.1,0.803,41.2,11.6,47.5,medium,102.04,0.0,999,247.18,50534,0,0.197,0.1,0.1222,0.3232,0.475,0.0,0.0,18.6298,0,1,True
2026-06-05,SUP_001,TechParts Asia,East Asia,Electronics,18,1.1,0.803,35.5,15.3,37.8,low,102.39,1.7,999,247.18,50534,0,0.197,0.1,0.1222,0.2944,0.378,0.068,0.0,17.5694,0,1,True
2026-06-06,SUP_001,TechParts Asia,East Asia,Electronics,18,1.1,0.803,37.7,17.6,31.2,low,103.23,2.52,999,247.18,50534,0,0.197,0.1,0.1222,0.3167,0.312,0.1008,0.0,17.4404,0,1,True
2026-06-07,SUP_001,TechParts Asia,East Asia,Electronics,18,1.1,0.803,47.0,26.6,39.8,low,103.44,2.72,999,247.18,50534,0,0.197,0.1,0.1222,0.4088,0.398,0.1088,0.0,20.3982,0,1,True
2026-06-08,SUP_001,TechParts Asia,East Asia,Electronics,18,1.1,0.803,38.4,13.8,39.1,low,103.19,2.72,999,247.18,50534,0,0.197,0.1,0.1222,0.3102,0.391,0.1088,0.0,18.5254,0,1,True
2026-06-09,SUP_001,TechParts Asia,East Asia,Electronics,18,1.1,0.803,32.9,19.1,46.5,medium,103.42,2.72,999,247.18,50534,0,0.197,0.1,0.1222,0.2876,0.465,0.1088,0.0,19.1546,1,0,True
2026-06-10,SUP_001,TechParts Asia,East Asia,Electronics,18,1.1,0.803,32.2,29.7,46.0,medium,101.36,2.72,1,247.18,50534,0,0.197,0.1,0.1222,0.3145,0.46,0.1088,0.9672,35.0443,0,0,True
2026-06-11,SUP_001,TechParts Asia,East Asia,Electronics,18,1.1,0.803,31.2,24.5,52.3,medium,101.63,2.72,2,247.18,50534,0,0.197,0.1,0.1222,0.2919,0.523,0.1088,0.9355,35.0121,0,0,True
2026-06-12,SUP_001,TechParts Asia,East Asia,Electronics,18,1.1,0.803,36.7,24.1,40.9,medium,99.06,4.3,3,247.18,50534,0,0.197,0.1,0.1222,0.3292,0.409,0.172,0.9048,34.3552,0,0,True
2026-06-13,SUP_001,TechParts Asia,East Asia,Electronics,18,1.1,0.803,38.6,21.8,41.8,medium,97.85,5.5,4,247.18,50534,0,0.197,0.1,0.1222,0.3356,0.418,0.22,0.8752,34.6978,0,0,True
2026-06-14,SUP_001,TechParts Asia,East Asia,Electronics,18,1.1,0.803,30.7,19.0,40.6,medium,98.17,5.51,5,247.18,50534,0,0.197,0.1,0.1222,0.2719,0.406,0.2204,0.8465,32.9289,0,0,True
2026-06-15,SUP_001,TechParts Asia,East Asia,Electronics,18,1.1,0.803,52.9,19.7,30.5,low,98.5,5.53,6,247.18,50534,0,0.197,0.1,0.1222,0.4294,0.305,0.2212,0.8187,33.9155,0,0,True
2026-06-16,SUP_001,TechParts Asia,East Asia,Electronics,18,1.1,0.803,51.2,29.5,19.6,low,97.69,5.7,7,247.18,50534,0,0.197,0.1,0.1222,0.4469,0.196,0.228,0.7919,32.3567,0,0,True
2026-06-17,SUP_001,TechParts Asia,East Asia,Electronics,18,1.1,0.803,58.5,40.0,32.3,low,97.18,6.21,8,247.18,50534,0,0.197,0.1,0.1222,0.5295,0.323,0.2484,0.7659,35.4509,0,0,True
2026-06-18,SUP_001,TechParts Asia,East Asia,Electronics,18,1.1,0.803,55.8,37.5,32.2,low,98.15,6.22,9,247.18,50534,0,0.197,0.1,0.1222,0.5031,0.322,0.2488,0.7408,34.5647,0,0,True
2026-06-19,SUP_001,TechParts Asia,East Asia,Electronics,18,1.1,0.803,53.4,47.2,26.0,low,97.81,6.23,10,247.18,50534,0,0.197,0.1,0.1222,0.5154,0.26,0.2492,0.7165,33.5343,0,0,True
2026-06-20,SUP_001,TechParts Asia,East Asia,Electronics,18,1.1,0.803,57.0,45.5,29.8,low,99.39,6.24,11,247.18,50534,0,0.197,0.1,0.1222,0.5355,0.298,0.2496,0.693,34.0571,0,0,True
2026-06-21,SUP_001,TechParts Asia,East Asia,Electronics,18,1.1,0.803,61.0,53.2,44.1,medium,99.39,6.24,12,247.18,50534,0,0.197,0.1,0.1222,0.5866,0.441,0.2496,0.6703,36.6153,0,0,True
2026-06-22,SUP_001,TechParts Asia,East Asia,Electronics,18,1.1,0.803,63.0,50.0,23.2,low,99.67,6.24,13,247.18,50534,0,0.197,0.1,0.1222,0.591,0.232,0.2496,0.6483,33.4169,0,0,True
2026-06-23,SUP_001,TechParts Asia,East Asia,Electronics,18,1.1,0.803,54.6,48.4,14.8,low,100.81,6.24,14,247.18,50534,0,0.197,0.1,0.1222,0.5274,0.148,0.2496,0.6271,30.756,0,0,True
2026-06-24,SUP_001,TechParts Asia,East Asia,Electronics,18,1.1,0.803,57.9,48.3,13.8,low,100.9,6.24,15,247.18,50534,0,0.197,0.1,0.1222,0.5502,0.138,0.2496,0.6065,30.6975,0,0,True
2026-06-25,SUP_001,TechParts Asia,East Asia,Electronics,18,1.1,0.803,53.3,63.1,35.1,low,100.2,6.24,16,247.18,50534,0,0.197,0.1,0.1222,0.5624,0.351,0.2496,0.5866,33.581,0,0,True
2026-06-26,SUP_001,TechParts Asia,East Asia,Electronics,18,1.1,0.803,55.4,63.3,40.2,medium,100.12,6.24,17,247.18,50534,0,0.197,0.1,0.1222,0.5777,0.402,0.2496,0.5674,34.2626,0,0,True
2026-06-27,SUP_001,TechParts Asia,East Asia,Electronics,18,1.1,0.803,49.4,55.4,48.5,medium,100.1,6.24,18,247.18,50534,0,0.197,0.1,0.1222,0.512,0.485,0.2496,0.5488,33.9444,0,0,True
2026-06-28,SUP_001,TechParts Asia,East Asia,Electronics,18,1.1,0.803,53.1,57.4,37.1,low,99.14,6.24,19,247.18,50534,0,0.197,0.1,0.1222,0.5439,0.371,0.2496,0.5308,32.6347,0,1,True
2026-06-29,SUP_001,TechParts Asia,East Asia,Electronics,18,1.1,0.803,32.3,52.1,28.7,low,98.95,6.24,20,247.18,50534,0,0.197,0.1,0.1222,0.3824,0.287,0.2496,0.5134,28.2733,0,1,True
2026-06-30,SUP_001,TechParts Asia,East Asia,Electronics,18,1.1,0.803,27.7,47.0,36.9,low,98.43,6.25,21,247.18,50534,0,0.197,0.1,0.1222,0.3349,0.369,0.25,0.4966,28.3018,0,1,True
2026-07-01,SUP_001,TechParts Asia,East Asia,Electronics,18,1.1,0.803,33.2,50.0,39.5,low,99.08,6.25,22,247.18,50534,0,0.197,0.1,0.1222,0.3824,0.395,0.25,0.4803,29.2603,0,1,True
2026-07-02,SUP_001,TechParts Asia,East Asia,Electronics,18,1.1,0.803,35.7,47.9,45.9,medium,99.11,6.26,23,247.18,50534,0,0.197,0.1,0.1222,0.3936,0.459,0.2504,0.4646,30.1108,0,1,True
2026-07-03,SUP_001,TechParts Asia,East Asia,Electronics,18,1.1,0.803,33.7,47.4,44.0,medium,98.91,6.26,24,247.18,50534,0,0.197,0.1,0.1222,0.3781,0.44,0.2504,0.4493,29.3221,0,1,True
2026-07-04,SUP_001,TechParts Asia,East Asia,Electronics,18,1.1,0.803,41.8,45.6,46.8,medium,98.83,6.27,25,247.18,50534,0,0.197,0.1,0.1222,0.4294,0.468,0.2508,0.4346,30.4066,0,1,True
2026-07-05,SUP_001,TechParts Asia,East Asia,Electronics,18,1.1,0.803,39.8,45.8,47.8,medium,98.99,6.28,26,247.18,50534,0,0.197,0.1,0.1222,0.416,0.478,0.2512,0.4204,30.0822,1,0,True
2026-07-06,SUP_001,TechParts Asia,East Asia,Electronics,18,1.1,0.803,40.3,46.4,54.3,medium,99.42,6.28,1,247.18,50534,0,0.197,0.1,0.1222,0.4213,0.543,0.2512,0.9672,39.8375,0,0,True
2026-07-07,SUP_001,TechParts Asia,East Asia,Electronics,18,1.1,0.803,41.8,34.5,59.5,medium,98.72,6.27,2,247.18,50534,0,0.197,0.1,0.1222,0.3961,0.595,0.2508,0.9355,39.5997,0,0,True
2026-07-08,SUP_001,TechParts Asia,East Asia,Electronics,18,1.1,0.803,38.9,38.1,40.8,medium,97.99,6.28,3,247.18,50534,0,0.197,0.1,0.1222,0.3866,0.408,0.2512,0.9048,36.3248,0,0,True
2026-07-09,SUP_001,TechParts Asia,East Asia,Electronics,18,1.1,0.803,41.6,32.5,21.1,low,98.77,4.49,4,247.18,50534,0,0.197,0.1,0.1222,0.3887,0.211,0.1796,0.8752,32.2708,0,0,True
2026-07-10,SUP_001,TechParts Asia,East Asia,Electronics,18,1.1,0.803,39.1,25.2,36.3,low,98.48,4.49,5,247.18,50534,0,0.197,0.1,0.1222,0.3493,0.363,0.1796,0.8465,33.2305,0,1,True
2026-07-11,SUP_001,TechParts Asia,East Asia,Electronics,18,1.1,0.803,37.6,26.4,49.5,medium,97.48,3.76,6,247.18,50534,0,0.197,0.1,0.1222,0.3424,0.495,0.1504,0.8187,34.1599,0,1,True
2026-07-12,SUP_001,TechParts Asia,East Asia,Electronics,18,1.1,0.803,44.7,28.1,38.9,low,97.79,3.76,7,247.18,50534,0,0.197,0.1,0.1222,0.3972,0.389,0.1504,0.7919,33.2329,0,1,True
2026-07-13,SUP_001,TechParts Asia,East Asia,Electronics,18,1.1,0.803,39.4,25.5,58.5,medium,98.12,3.76,8,247.18,50534,0,0.197,0.1,0.1222,0.3523,0.585,0.1504,0.7659,34.7533,0,1,True
2026-07-14,SUP_001,TechParts Asia,East Asia,Electronics,18,1.1,0.803,28.3,31.3,64.8,medium,97.04,3.91,9,247.18,50534,0,0.197,0.1,0.1222,0.292,0.648,0.1564,0.7408,34.2201,0,1,True
2026-07-15,SUP_001,TechParts Asia,East Asia,Electronics,18,1.1,0.803,38.0,24.8,77.3,high,97.2,3.91,10,247.18,50534,0,0.197,0.1,0.1222,0.3404,0.773,0.1564,0.7165,36.4527,0,1,True
2026-07-16,SUP_001,TechParts Asia,East Asia,Electronics,18,1.1,0.803,50.7,24.2,94.7,high,97.72,3.91,11,247.18,50534,0,0.197,0.1,0.1222,0.4275,0.947,0.1564,0.693,40.0807,0,1,True
2026-07-17,SUP_001,TechParts Asia,East Asia,Electronics,18,1.1,0.803,47.5,22.7,95.8,high,97.98,3.91,12,247.18,50534,0,0.197,0.1,0.1222,0.4006,0.958,0.1564,0.6703,39.3869,1,1,True
2026-07-18,SUP_001,TechParts Asia,East Asia,Electronics,18,1.1,0.803,37.5,24.3,88.5,high,98.43,3.91,1,247.18,50534,0,0.197,0.1,0.1222,0.3354,0.885,0.1564,0.9672,41.9417,1,1,True
2026-07-19,SUP_001,TechParts Asia,East Asia,Electronics,18,1.1,0.803,36.7,27.4,78.2,high,97.44,3.91,1,247.18,50534,0,0.197,0.1,0.1222,0.3391,0.782,0.1564,0.9672,40.5663,0,1,True
2026-07-20,SUP_001,TechParts Asia,East Asia,Electronics,18,1.1,0.803,36.1,23.2,43.6,medium,97.67,3.91,2,247.18,50534,0,0.197,0.1,0.1222,0.3223,0.436,0.1564,0.9355,34.9125,0,1,True
2026-07-21,SUP_001,TechParts Asia,East Asia,Electronics,18,1.1,0.803,36.1,28.8,80.6,high,97.46,3.91,3,247.18,50534,0,0.197,0.1,0.1222,0.3391,0.806,0.1564,0.9048,39.9042,0,1,True
2026-07-22,SUP_001,TechParts Asia,East Asia,Electronics,18,1.1,0.803,31.7,30.1,72.1,high,97.12,3.91,4,247.18,50534,0,0.197,0.1,0.1222,0.3122,0.721,0.1564,0.8752,37.7554,0,1,True
2026-07-23,SUP_001,TechParts Asia,East Asia,Electronics,18,1.1,0.803,36.0,20.8,94.2,high,97.73,3.92,5,247.18,50534,0,0.197,0.1,0.1222,0.3144,0.942,0.1568,0.8465,40.4347,0,1,True
2026-07-24,SUP_001,TechParts Asia,East Asia,Electronics,18,1.1,0.803,39.4,12.6,100.0,high,98.77,3.21,6,247.18,50534,0,0.197,0.1,0.1222,0.3136,1.0,0.1284,0.8187,40.4475,1,0,True
2026-07-25,SUP_001,TechParts Asia,East Asia,Electronics,18,1.1,0.803,32.7,15.9,100.0,high,100.04,3.13,1,247.18,50534,0,0.197,0.1,0.1222,0.2766,1.0,0.1252,0.9672,42.1189,0,0,True
2026-07-26,SUP_001,TechParts Asia,East Asia,Electronics,18,1.1,0.803,37.4,17.6,97.2,high,100.96,3.98,2,247.18,50534,0,0.197,0.1,0.1222,0.3146,0.972,0.1592,0.9355,42.3115,0,0,True
2026-07-27,SUP_001,TechParts Asia,East Asia,Electronics,18,1.1,0.803,47.8,19.7,100.0,high,100.88,3.98,3,247.18,50534,0,0.197,0.1,0.1222,0.3937,1.0,0.1592,0.9048,43.6366,0,0,True
2026-07-28,SUP_001,TechParts Asia,East Asia,Electronics,18,1.1,0.803,47.8,21.8,64.0,medium,101.13,4.15,4,247.18,50534,0,0.197,0.1,0.1222,0.4,0.64,0.166,0.8752,38.317,0,0,True
2026-07-29,SUP_001,TechParts Asia,East Asia,Electronics,18,1.1,0.803,45.3,25.0,63.4,medium,101.67,4.69,5,247.18,50534,0,0.197,0.1,0.1222,0.3921,0.634,0.1876,0.8465,37.8909,0,0,True
2026-07-30,SUP_001,TechParts Asia,East Asia,Electronics,18,1.1,0.803,44.1,31.5,70.4,high,101.76,4.78,6,247.18,50534,0,0.197,0.1,0.1222,0.4032,0.704,0.1912,0.8187,38.6699,0,0,True
2026-07-31,SUP_001,TechParts Asia,East Asia,Electronics,18,1.1,0.803,46.7,26.2,69.9,high,101.85,4.87,7,247.18,50534,0,0.197,0.1,0.1222,0.4055,0.699,0.1948,0.7919,38.2551,0,0,True
2026-08-01,SUP_001,TechParts Asia,East Asia,Electronics,18,1.1,0.803,37.8,21.3,70.5,high,102.43,5.45,8,247.18,50534,0,0.197,0.1,0.1222,0.3285,0.705,0.218,0.7659,36.8161,0,0,True
2026-08-02,SUP_001,TechParts Asia,East Asia,Electronics,18,1.1,0.803,39.2,17.6,70.0,high,102.39,5.44,9,247.18,50534,0,0.197,0.1,0.1222,0.3272,0.7,0.2176,0.7408,36.3161,0,0,True
2026-08-03,SUP_001,TechParts Asia,East Asia,Electronics,18,1.1,0.803,37.8,21.7,66.9,high,101.87,5.43,10,247.18,50534,0,0.197,0.1,0.1222,0.3297,0.669,0.2172,0.7165,35.5337,0,0,True
2026-08-04,SUP_001,TechParts Asia,East Asia,Electronics,18,1.1,0.803,47.2,30.3,44.9,medium,101.58,5.43,11,247.18,50534,0,0.197,0.1,0.1222,0.4213,0.449,0.2172,0.693,33.7267,0,0,True
2026-08-05,SUP_001,TechParts Asia,East Asia,Electronics,18,1.1,0.803,45.6,28.7,45.7,medium,102.03,5.43,12,247.18,50534,0,0.197,0.1,0.1222,0.4053,0.457,0.2172,0.6703,33.1871,0,0,True
2026-08-06,SUP_001,TechParts Asia,East Asia,Electronics,18,1.1,0.803,52.9,16.5,40.4,medium,102.03,5.42,13,247.18,50534,0,0.197,0.1,0.1222,0.4198,0.404,0.2168,0.6483,32.3497,0,0,True
2026-08-07,SUP_001,TechParts Asia,East Asia,Electronics,18,1.1,0.803,46.1,10.3,29.7,low,102.27,5.41,14,247.18,50534,0,0.197,0.1,0.1222,0.3536,0.297,0.2164,0.6271,29.3152,0,0,True
2026-08-08,SUP_001,TechParts Asia,East Asia,Electronics,18,1.1,0.803,48.2,9.6,49.1,medium,102.74,5.72,15,247.18,50534,0,0.197,0.1,0.1222,0.3662,0.491,0.2288,0.6065,32.0779,0,0,True
2026-08-09,SUP_001,TechParts Asia,East Asia,Electronics,18,1.1,0.803,48.8,10.5,64.1,medium,102.48,5.71,16,247.18,50534,0,0.197,0.1,0.1222,0.3731,0.641,0.2284,0.5866,33.9792,0,0,True
2026-08-10,SUP_001,TechParts Asia,East Asia,Electronics,18,1.1,0.803,43.7,12.0,71.9,high,103.01,5.97,17,247.18,50534,0,0.197,0.1,0.1222,0.3419,0.719,0.2388,0.5674,34.3266,0,0,True
2026-08-11,SUP_001,TechParts Asia,East Asia,Electronics,18,1.1,0.803,44.3,15.7,67.5,high,103.28,6.23,18,247.18,50534,0,0.197,0.1,0.1222,0.3572,0.675,0.2492,0.5488,33.8132,0,0,True
2026-08-12,SUP_001,TechParts Asia,East Asia,Electronics,18,1.1,0.803,49.7,16.9,74.4,high,102.41,6.22,19,247.18,50534,0,0.197,0.1,0.1222,0.3986,0.744,0.2488,0.5308,35.2317,0,0,True
2026-08-13,SUP_001,TechParts Asia,East Asia,Electronics,18,1.1,0.803,47.0,25.2,67.2,high,103.42,6.26,20,247.18,50534,0,0.197,0.1,0.1222,0.4046,0.672,0.2504,0.5134,34.0725,0,0,True
2026-08-14,SUP_001,TechParts Asia,East Asia,Electronics,18,1.1,0.803,38.2,23.1,63.5,medium,103.07,6.25,21,247.18,50534,0,0.197,0.1,0.1222,0.3367,0.635,0.25,0.4966,32.0582,0,0,True
2026-08-15,SUP_001,TechParts Asia,East Asia,Electronics,18,1.1,0.803,38.7,20.3,48.8,medium,101.91,6.24,22,247.18,50534,0,0.197,0.1,0.1222,0.3318,0.488,0.2496,0.4803,29.6467,0,0,True
2026-08-16,SUP_001,TechParts Asia,East Asia,Electronics,18,1.1,0.803,34.9,25.0,51.5,medium,101.17,6.24,23,247.18,50534,0,0.197,0.1,0.1222,0.3193,0.515,0.2496,0.4646,29.5478,0,0,True
2026-08-17,SUP_001,TechParts Asia,East Asia,Electronics,18,1.1,0.803,34.4,18.4,50.4,medium,100.45,6.23,24,247.18,50534,0,0.197,0.1,0.1222,0.296,0.504,0.2492,0.4493,28.7259,0,0,True
2026-08-18,SUP_001,TechParts Asia,East Asia,Electronics,18,1.1,0.803,35.1,23.0,37.0,low,100.49,6.23,25,247.18,50534,0,0.197,0.1,0.1222,0.3147,0.37,0.2492,0.4346,26.9508,0,0,True
2026-08-19,SUP_001,TechParts Asia,East Asia,Electronics,18,1.1,0.803,28.1,25.3,38.5,low,100.3,6.22,26,247.18,50534,0,0.197,0.1,0.1222,0.2726,0.385,0.2488,0.4204,26.1702,0,0,True
2026-08-20,SUP_001,TechParts Asia,East Asia,Electronics,18,1.1,0.803,22.5,26.0,39.4,low,100.06,6.21,27,247.18,50534,0,0.197,0.1,0.1222,0.2355,0.394,0.2484,0.4066,25.4031,0,0,True
2026-08-21,SUP_001,TechParts Asia,East Asia,Electronics,18,1.1,0.803,27.7,35.7,57.5,medium,100.49,5.61,28,247.18,50534,0,0.197,0.1,0.1222,0.301,0.575,0.2244,0.3932,28.6149,0,0,True
2026-08-22,SUP_001,TechParts Asia,East Asia,Electronics,18,1.1,0.803,27.4,32.3,62.6,medium,100.73,4.58,29,247.18,50534,0,0.197,0.1,0.1222,0.2887,0.626,0.1832,0.3803,28.4068,0,0,True
2026-08-23,SUP_001,TechParts Asia,East Asia,Electronics,18,1.1,0.803,17.4,43.6,58.3,medium,100.96,3.32,30,247.18,50534,0,0.197,0.1,0.1222,0.2526,0.583,0.1328,0.3679,26.3507,0,0,True
2026-08-24,SUP_001,TechParts Asia,East Asia,Electronics,18,1.1,0.803,24.8,41.1,57.3,medium,101.24,3.3,31,247.18,50534,0,0.197,0.1,0.1222,0.2969,0.573,0.132,0.3558,26.8055,0,0,True
2026-08-25,SUP_001,TechParts Asia,East Asia,Electronics,18,1.1,0.803,28.7,33.5,54.6,medium,101.68,3.3,32,247.18,50534,0,0.197,0.1,0.1222,0.3014,0.546,0.132,0.3442,26.3219,0,0,True
2026-08-26,SUP_001,TechParts Asia,East Asia,Electronics,18,1.1,0.803,27.3,34.1,50.3,medium,100.19,3.3,33,247.18,50534,0,0.197,0.1,0.1222,0.2934,0.503,0.132,0.3329,25.3954,0,0,True
2026-08-27,SUP_001,TechParts Asia,East Asia,Electronics,18,1.1,0.803,23.3,28.5,39.0,low,99.94,3.42,34,247.18,50534,0,0.197,0.1,0.1222,0.2486,0.39,0.1368,0.322,22.89,0,0,True
2026-08-28,SUP_001,TechParts Asia,East Asia,Electronics,18,1.1,0.803,30.0,25.5,39.1,low,98.4,4.94,35,247.18,50534,0,0.197,0.1,0.1222,0.2865,0.391,0.1976,0.3114,24.1469,0,0,True
2026-08-29,SUP_001,TechParts Asia,East Asia,Electronics,18,1.1,0.803,33.5,29.1,33.7,low,98.43,4.95,36,247.18,50534,0,0.197,0.1,0.1222,0.3218,0.337,0.198,0.3012,23.8677,0,0,True
2026-08-30,SUP_001,TechParts Asia,East Asia,Electronics,18,1.1,0.803,46.1,32.9,24.9,low,98.43,4.95,37,247.18,50534,0,0.197,0.1,0.1222,0.4214,0.249,0.198,0.2913,24.2705,0,0,True
2026-08-31,SUP_001,TechParts Asia,East Asia,Electronics,18,1.1,0.803,47.4,29.9,34.7,low,99.16,4.96,38,247.18,50534,0,0.197,0.1,0.1222,0.4215,0.347,0.1984,0.2818,25.4963,0,0,True
2026-09-01,SUP_001,TechParts Asia,East Asia,Electronics,18,1.1,0.803,48.5,35.9,40.9,medium,100.0,4.96,39,247.18,50534,0,0.197,0.1,0.1222,0.4472,0.409,0.1984,0.2725,26.6791,0,0,True
2026-09-02,SUP_001,TechParts Asia,East Asia,Electronics,18,1.1,0.803,46.7,41.8,25.4,low,100.14,4.97,40,247.18,50534,0,0.197,0.1,0.1222,0.4523,0.254,0.1988,0.2636,24.4628,0,0,True
2026-09-03,SUP_001,TechParts Asia,East Asia,Electronics,18,1.1,0.803,49.9,48.4,29.1,low,99.79,4.97,41,247.18,50534,0,0.197,0.1,0.1222,0.4945,0.291,0.1988,0.255,25.6021,0,0,True
2026-09-04,SUP_001,TechParts Asia,East Asia,Electronics,18,1.1,0.803,51.7,49.2,42.3,medium,100.13,4.97,42,247.18,50534,0,0.197,0.1,0.1222,0.5095,0.423,0.1988,0.2466,27.5864,0,0,True
2026-09-05,SUP_001,TechParts Asia,East Asia,Electronics,18,1.1,0.803,56.1,54.2,52.8,medium,99.76,4.98,43,247.18,50534,0,0.197,0.1,0.1222,0.5553,0.528,0.1992,0.2385,29.7562,0,0,True
2026-09-06,SUP_001,TechParts Asia,East Asia,Electronics,18,1.1,0.803,51.5,41.4,60.3,medium,99.76,4.98,44,247.18,50534,0,0.197,0.1,0.1222,0.4847,0.603,0.1992,0.2307,29.4103,0,0,True
2026-09-07,SUP_001,TechParts Asia,East Asia,Electronics,18,1.1,0.803,48.1,38.8,56.9,medium,100.45,4.98,45,247.18,50534,0,0.197,0.1,0.1222,0.4531,0.569,0.1992,0.2231,28.2445,0,0,True
2026-09-08,SUP_001,TechParts Asia,East Asia,Electronics,18,1.1,0.803,44.9,33.7,46.1,medium,100.06,4.99,46,247.18,50534,0,0.197,0.1,0.1222,0.4154,0.461,0.1996,0.2158,25.9417,0,0,True
2026-09-09,SUP_001,TechParts Asia,East Asia,Electronics,18,1.1,0.803,48.2,34.5,35.8,low,100.63,4.99,47,247.18,50534,0,0.197,0.1,0.1222,0.4409,0.358,0.1996,0.2087,24.8455,0,0,True
2026-09-10,SUP_001,TechParts Asia,East Asia,Electronics,18,1.1,0.803,54.4,31.6,41.3,medium,101.1,5.0,48,247.18,50534,0,0.197,0.1,0.1222,0.4756,0.413,0.2,0.2019,26.1354,0,0,True
2026-09-11,SUP_001,TechParts Asia,East Asia,Electronics,18,1.1,0.803,50.3,31.2,45.7,medium,100.43,5.0,49,247.18,50534,0,0.197,0.1,0.1222,0.4457,0.457,0.2,0.1953,26.1073,0,0,True
2026-09-12,SUP_001,TechParts Asia,East Asia,Electronics,18,1.1,0.803,47.1,41.7,57.5,medium,101.12,4.65,50,247.18,50534,0,0.197,0.1,0.1222,0.4548,0.575,0.186,0.1889,27.6526,0,0,True
2026-09-13,SUP_001,TechParts Asia,East Asia,Electronics,18,1.1,0.803,47.8,39.8,64.5,medium,101.61,3.5,51,247.18,50534,0,0.197,0.1,0.1222,0.454,0.645,0.14,0.1827,27.9672,0,0,True
2026-09-14,SUP_001,TechParts Asia,East Asia,Electronics,18,1.1,0.803,45.8,41.2,58.4,medium,101.68,3.27,52,247.18,50534,0,0.197,0.1,0.1222,0.4442,0.584,0.1308,0.1767,26.7305,0,0,True
2026-09-15,SUP_001,TechParts Asia,East Asia,Electronics,18,1.1,0.803,49.7,39.1,43.5,medium,101.14,3.27,53,247.18,50534,0,0.197,0.1,0.1222,0.4652,0.435,0.1308,0.1709,24.9298,0,0,True
2026-09-16,SUP_001,TechParts Asia,East Asia,Electronics,18,1.1,0.803,37.9,38.9,41.0,medium,100.54,3.27,54,247.18,50534,0,0.197,0.1,0.1222,0.382,0.41,0.1308,0.1653,22.9926,0,0,True
2026-09-17,SUP_001,TechParts Asia,East Asia,Electronics,18,1.1,0.803,34.6,38.3,44.0,medium,100.16,3.27,55,247.18,50534,0,0.197,0.1,0.1222,0.3571,0.44,0.1308,0.1599,22.8777,0,0,False
2026-09-18,SUP_001,TechParts Asia,East Asia,Electronics,18,1.1,0.803,32.0,40.2,42.4,medium,100.54,3.27,56,247.18,50534,0,0.197,0.1,0.1222,0.3446,0.424,0.1308,0.1546,22.3448,0,0,False
2026-09-19,SUP_001,TechParts Asia,East Asia,Electronics,18,1.1,0.803,22.5,45.5,37.7,low,99.87,3.27,57,247.18,50534,0,0.197,0.1,0.1222,0.294,0.377,0.1308,0.1496,20.6949,0,0,False
2026-09-20,SUP_001,TechParts Asia,East Asia,Electronics,18,1.1,0.803,20.8,52.6,41.8,medium,100.18,3.27,58,247.18,50534,0,0.197,0.1,0.1222,0.3034,0.418,0.1308,0.1447,21.3597,0,0,False
2026-09-21,SUP_001,TechParts Asia,East Asia,Electronics,18,1.1,0.803,19.7,51.6,38.0,low,99.3,3.27,59,247.18,50534,0,0.197,0.1,0.1222,0.2927,0.38,0.1308,0.1399,20.5592,0,0,False
2026-09-22,SUP_001,TechParts Asia,East Asia,Electronics,18,1.1,0.803,22.1,52.2,33.9,low,99.16,3.27,60,247.18,50534,0,0.197,0.1,0.1222,0.3113,0.339,0.1308,0.1353,20.2466,0,0,False
2026-09-23,SUP_001,TechParts Asia,East Asia,Electronics,18,1.1,0.803,30.3,43.6,39.6,low,99.24,3.28,61,247.18,50534,0,0.197,0.1,0.1222,0.3429,0.396,0.1312,0.1309,21.5472,0,0,False
2026-06-01,SUP_002,QuickShip Ltd,South Asia,Packaging,39,15.0,0.898,70.0,41.7,52.2,medium,99.91,0.0,999,29.27,7317,0,0.102,0.3625,0.7692,0.6151,0.522,0.0,0.0,31.7371,0,0,True
2026-06-02,SUP_002,QuickShip Ltd,South Asia,Packaging,39,15.0,0.898,60.2,43.6,50.3,medium,99.68,0.0,999,29.27,7317,0,0.102,0.3625,0.7692,0.5522,0.503,0.0,0.0,30.3389,0,0,True
2026-06-03,SUP_002,QuickShip Ltd,South Asia,Packaging,39,15.0,0.898,65.3,55.9,41.6,medium,99.41,0.0,999,29.27,7317,0,0.102,0.3625,0.7692,0.6248,0.416,0.0,0.0,30.4277,0,0,True
2026-06-04,SUP_002,QuickShip Ltd,South Asia,Packaging,39,15.0,0.898,63.4,60.1,28.0,low,99.73,0.0,999,29.27,7317,0,0.102,0.3625,0.7692,0.6241,0.28,0.0,0.0,28.5111,0,0,True
2026-06-05,SUP_002,QuickShip Ltd,South Asia,Packaging,39,15.0,0.898,63.1,60.2,34.4,low,99.85,0.5,999,29.27,7317,0,0.102,0.3625,0.7692,0.6223,0.344,0.02,0.0,29.6147,0,0,True
2026-06-06,SUP_002,QuickShip Ltd,South Asia,Packaging,39,15.0,0.898,61.4,57.1,31.1,low,100.15,0.74,999,29.27,7317,0,0.102,0.3625,0.7692,0.6011,0.311,0.0296,0.0,28.8863,0,0,True
2026-06-07,SUP_002,QuickShip Ltd,South Asia,Packaging,39,15.0,0.898,61.5,54.7,37.0,low,100.15,0.74,999,29.27,7317,0,0.102,0.3625,0.7692,0.5946,0.37,0.0296,0.0,29.5953,0,0,True
2026-06-08,SUP_002,QuickShip Ltd,South Asia,Packaging,39,15.0,0.898,58.7,43.5,27.5,low,100.38,0.97,999,29.27,7317,0,0.102,0.3625,0.7692,0.5414,0.275,0.0388,0.0,27.4181,0,0,True
2026-06-09,SUP_002,QuickShip Ltd,South Asia,Packaging,39,15.0,0.898,64.0,46.6,28.0,low,100.19,0.97,999,29.27,7317,0,0.102,0.3625,0.7692,0.5878,0.28,0.0388,0.0,28.3233,0,0,True
2026-06-10,SUP_002,QuickShip Ltd,South Asia,Packaging,39,15.0,0.898,59.4,52.3,36.9,low,101.21,1.8,999,29.27,7317,0,0.102,0.3625,0.7692,0.5727,0.369,0.072,0.0,29.6959,0,0,True
2026-06-11,SUP_002,QuickShip Ltd,South Asia,Packaging,39,15.0,0.898,63.1,44.4,45.6,medium,100.49,1.8,999,29.27,7317,0,0.102,0.3625,0.7692,0.5749,0.456,0.072,0.0,30.9535,0,0,True
2026-06-12,SUP_002,QuickShip Ltd,South Asia,Packaging,39,15.0,0.898,57.8,42.5,52.5,medium,101.07,1.8,999,29.27,7317,0,0.102,0.3625,0.7692,0.5321,0.525,0.072,0.0,31.1491,0,0,True
2026-06-13,SUP_002,QuickShip Ltd,South Asia,Packaging,39,15.0,0.898,56.0,38.3,41.7,medium,101.7,2.28,999,29.27,7317,0,0.102,0.3625,0.7692,0.5069,0.417,0.0912,0.0,29.4139,0,0,True
2026-06-14,SUP_002,QuickShip Ltd,South Asia,Packaging,39,15.0,0.898,49.7,35.7,53.7,medium,101.31,2.28,999,29.27,7317,0,0.102,0.3625,0.7692,0.455,0.537,0.0912,0.0,30.1597,0,0,True
2026-06-15,SUP_002,QuickShip Ltd,South Asia,Packaging,39,15.0,0.898,51.6,38.9,47.3,medium,102.33,2.91,999,29.27,7317,0,0.102,0.3625,0.7692,0.4779,0.473,0.1164,0.0,29.9783,0,0,True
2026-06-16,SUP_002,QuickShip Ltd,South Asia,Packaging,39,15.0,0.898,57.9,30.3,55.9,medium,102.79,3.36,999,29.27,7317,0,0.102,0.3625,0.7692,0.4962,0.559,0.1344,0.0,31.7277,0,0,True
2026-06-17,SUP_002,QuickShip Ltd,South Asia,Packaging,39,15.0,0.898,56.1,37.3,56.3,medium,103.23,3.79,999,29.27,7317,0,0.102,0.3625,0.7692,0.5046,0.563,0.1516,0.0,32.1413,0,0,True
2026-06-18,SUP_002,QuickShip Ltd,South Asia,Packaging,39,15.0,0.898,53.9,43.9,44.0,medium,103.25,3.8,999,29.27,7317,0,0.102,0.3625,0.7692,0.509,0.44,0.152,0.0,30.5033,0,1,True
2026-06-19,SUP_002,QuickShip Ltd,South Asia,Packaging,39,15.0,0.898,47.8,44.2,44.6,medium,103.15,3.8,999,29.27,7317,0,0.102,0.3625,0.7692,0.4672,0.446,0.152,0.0,29.8349,0,1,True
2026-06-20,SUP_002,QuickShip Ltd,South Asia,Packaging,39,15.0,0.898,46.7,32.8,51.3,medium,103.05,3.8,999,29.27,7317,0,0.102,0.3625,0.7692,0.4253,0.513,0.152,0.0,30.0187,0,1,True
2026-06-21,SUP_002,QuickShip Ltd,South Asia,Packaging,39,15.0,0.898,39.4,30.9,58.7,medium,103.23,3.79,999,29.27,7317,0,0.102,0.3625,0.7692,0.3685,0.587,0.1516,0.0,30.0275,0,1,True
2026-06-22,SUP_002,QuickShip Ltd,South Asia,Packaging,39,15.0,0.898,36.3,41.0,57.2,medium,103.87,4.4,999,29.27,7317,0,0.102,0.3625,0.7692,0.3771,0.572,0.176,0.0,30.2651,0,1,True
2026-06-23,SUP_002,QuickShip Ltd,South Asia,Packaging,39,15.0,0.898,39.1,28.5,71.6,high,103.96,4.48,999,29.27,7317,0,0.102,0.3625,0.7692,0.3592,0.716,0.1792,0.0,31.9973,0,1,True
2026-06-24,SUP_002,QuickShip Ltd,South Asia,Packaging,39,15.0,0.898,46.7,30.6,77.5,high,103.54,4.48,999,29.27,7317,0,0.102,0.3625,0.7692,0.4187,0.775,0.1792,0.0,33.8943,0,1,True
2026-06-25,SUP_002,QuickShip Ltd,South Asia,Packaging,39,15.0,0.898,60.2,28.0,70.3,high,103.92,4.48,999,29.27,7317,0,0.102,0.3625,0.7692,0.5054,0.703,0.1792,0.0,34.4469,1,0,True
2026-06-26,SUP_002,QuickShip Ltd,South Asia,Packaging,39,15.0,0.898,55.6,36.3,74.1,high,104.34,4.84,1,29.27,7317,0,0.102,0.3625,0.7692,0.4981,0.741,0.1936,0.9672,50.4958,0,0,True
2026-06-27,SUP_002,QuickShip Ltd,South Asia,Packaging,39,15.0,0.898,61.3,35.6,88.0,high,104.64,5.13,2,29.27,7317,0,0.102,0.3625,0.7692,0.5359,0.88,0.2052,0.9355,52.754,0,0,True
2026-06-28,SUP_002,QuickShip Ltd,South Asia,Packaging,39,15.0,0.898,60.4,40.6,98.7,high,104.98,5.46,3,29.27,7317,0,0.102,0.3625,0.7692,0.5446,0.987,0.2184,0.9048,54.0763,0,0,True
2026-06-29,SUP_002,QuickShip Ltd,South Asia,Packaging,39,15.0,0.898,57.9,45.8,77.1,high,104.86,5.46,4,29.27,7317,0,0.102,0.3625,0.7692,0.5427,0.771,0.2184,0.8752,50.5435,0,0,True
2026-06-30,SUP_002,QuickShip Ltd,South Asia,Packaging,39,15.0,0.898,58.4,56.8,63.8,medium,104.43,5.45,5,29.27,7317,0,0.102,0.3625,0.7692,0.5792,0.638,0.218,0.8465,48.8746,0,0,True
2026-07-01,SUP_002,QuickShip Ltd,South Asia,Packaging,39,15.0,0.898,57.2,55.5,76.1,high,104.03,5.44,6,29.27,7317,0,0.102,0.3625,0.7692,0.5669,0.761,0.2176,0.8187,49.9264,0,0,True
2026-07-02,SUP_002,QuickShip Ltd,South Asia,Packaging,39,15.0,0.898,56.3,57.4,61.8,medium,103.28,5.44,7,29.27,7317,0,0.102,0.3625,0.7692,0.5663,0.618,0.2176,0.7919,47.4841,0,0,True
2026-07-03,SUP_002,QuickShip Ltd,South Asia,Packaging,39,15.0,0.898,53.1,49.2,48.6,medium,103.39,5.12,8,29.27,7317,0,0.102,0.3625,0.7692,0.5193,0.486,0.2048,0.7659,44.2212,0,0,True
2026-07-04,SUP_002,QuickShip Ltd,South Asia,Packaging,39,15.0,0.898,45.7,56.3,46.4,medium,103.35,5.0,9,29.27,7317,0,0.102,0.3625,0.7692,0.4888,0.464,0.2,0.7408,42.9048,0,0,True
2026-07-05,SUP_002,QuickShip Ltd,South Asia,Packaging,39,15.0,0.898,38.8,52.1,53.2,medium,103.15,4.7,10,29.27,7317,0,0.102,0.3625,0.7692,0.4279,0.532,0.188,0.7165,42.228,0,0,True
2026-07-06,SUP_002,QuickShip Ltd,South Asia,Packaging,39,15.0,0.898,43.2,49.6,53.5,medium,101.79,4.7,11,29.27,7317,0,0.102,0.3625,0.7692,0.4512,0.535,0.188,0.693,42.3136,0,0,True
2026-07-07,SUP_002,QuickShip Ltd,South Asia,Packaging,39,15.0,0.898,42.6,50.3,48.6,medium,101.22,4.66,12,29.27,7317,0,0.102,0.3625,0.7692,0.4491,0.486,0.1864,0.6703,41.207,0,0,True
2026-07-08,SUP_002,QuickShip Ltd,South Asia,Packaging,39,15.0,0.898,40.6,42.8,44.7,medium,101.74,4.65,13,29.27,7317,0,0.102,0.3625,0.7692,0.4126,0.447,0.186,0.6483,39.6476,0,0,True
2026-07-09,SUP_002,QuickShip Ltd,South Asia,Packaging,39,15.0,0.898,41.8,45.8,41.4,medium,101.43,4.36,14,29.27,7317,0,0.102,0.3625,0.7692,0.43,0.414,0.1744,0.6271,39.0195,0,0,True
2026-07-10,SUP_002,QuickShip Ltd,South Asia,Packaging,39,15.0,0.898,46.5,52.3,37.4,low,101.6,4.36,15,29.27,7317,0,0.102,0.3625,0.7692,0.4824,0.374,0.1744,0.6065,39.0738,0,0,True
2026-07-11,SUP_002,QuickShip Ltd,South Asia,Packaging,39,15.0,0.898,47.6,54.2,63.7,medium,100.96,3.9,16,29.27,7317,0,0.102,0.3625,0.7692,0.4958,0.637,0.156,0.5866,42.458,0,0,True
2026-07-12,SUP_002,QuickShip Ltd,South Asia,Packaging,39,15.0,0.898,44.5,46.0,65.0,high,101.62,3.9,17,29.27,7317,0,0.102,0.3625,0.7692,0.4495,0.65,0.156,0.5674,41.4989,0,0,True
2026-07-13,SUP_002,QuickShip Ltd,South Asia,Packaging,39,15.0,0.898,50.8,46.7,71.5,high,101.55,3.9,18,29.27,7317,0,0.102,0.3625,0.7692,0.4957,0.715,0.156,0.5488,42.9429,0,0,True
2026-07-14,SUP_002,QuickShip Ltd,South Asia,Packaging,39,15.0,0.898,57.9,51.8,63.6,medium,101.69,3.9,19,29.27,7317,0,0.102,0.3625,0.7692,0.5607,0.636,0.156,0.5308,42.719,0,0,True
2026-07-15,SUP_002,QuickShip Ltd,South Asia,Packaging,39,15.0,0.898,58.8,42.4,60.5,medium,102.75,3.9,20,29.27,7317,0,0.102,0.3625,0.7692,0.5388,0.605,0.156,0.5134,41.6124,0,0,True
2026-07-16,SUP_002,QuickShip Ltd,South Asia,Packaging,39,15.0,0.898,61.8,38.6,53.2,medium,103.45,3.9,21,29.27,7317,0,0.102,0.3625,0.7692,0.5484,0.532,0.156,0.4966,40.4939,0,0,True
2026-07-17,SUP_002,QuickShip Ltd,South Asia,Packaging,39,15.0,0.898,65.6,45.7,29.9,low,103.31,3.9,22,29.27,7317,0,0.102,0.3625,0.7692,0.5963,0.299,0.156,0.4803,37.8336,0,0,True
2026-07-18,SUP_002,QuickShip Ltd,South Asia,Packaging,39,15.0,0.898,68.3,48.5,24.1,low,103.04,3.9,23,29.27,7317,0,0.102,0.3625,0.7692,0.6236,0.241,0.156,0.4646,37.2611,0,0,True
2026-07-19,SUP_002,QuickShip Ltd,South Asia,Packaging,39,15.0,0.898,68.2,51.7,15.8,low,102.89,3.9,24,29.27,7317,0,0.102,0.3625,0.7692,0.6325,0.158,0.156,0.4493,36.0156,0,0,True
2026-07-20,SUP_002,QuickShip Ltd,South Asia,Packaging,39,15.0,0.898,68.0,62.0,30.6,low,103.12,3.9,25,29.27,7317,0,0.102,0.3625,0.7692,0.662,0.306,0.156,0.4346,38.3829,0,0,True
2026-07-21,SUP_002,QuickShip Ltd,South Asia,Packaging,39,15.0,0.898,67.5,63.4,32.7,low,103.07,3.9,26,29.27,7317,0,0.102,0.3625,0.7692,0.6627,0.327,0.156,0.4204,38.4615,0,0,True
2026-07-22,SUP_002,QuickShip Ltd,South Asia,Packaging,39,15.0,0.898,59.3,65.6,57.5,medium,102.89,3.9,27,29.27,7317,0,0.102,0.3625,0.7692,0.6119,0.575,0.156,0.4066,40.7986,0,0,True
2026-07-23,SUP_002,QuickShip Ltd,South Asia,Packaging,39,15.0,0.898,61.0,78.3,63.5,medium,103.56,3.9,28,29.27,7317,0,0.102,0.3625,0.7692,0.6619,0.635,0.156,0.3932,42.3254,0,0,True
2026-07-24,SUP_002,QuickShip Ltd,South Asia,Packaging,39,15.0,0.898,52.6,73.7,80.4,high,103.51,3.9,29,29.27,7317,0,0.102,0.3625,0.7692,0.5893,0.804,0.156,0.3803,43.1783,0,0,True
2026-07-25,SUP_002,QuickShip Ltd,South Asia,Packaging,39,15.0,0.898,48.1,66.7,84.8,high,104.57,3.9,30,29.27,7317,0,0.102,0.3625,0.7692,0.5368,0.848,0.156,0.3679,42.6498,0,0,True
2026-07-26,SUP_002,QuickShip Ltd,South Asia,Packaging,39,15.0,0.898,54.3,67.2,91.7,high,104.61,3.9,31,29.27,7317,0,0.102,0.3625,0.7692,0.5817,0.917,0.156,0.3558,44.231,0,0,True
2026-07-27,SUP_002,QuickShip Ltd,South Asia,Packaging,39,15.0,0.898,57.3,67.7,56.1,medium,105.43,4.34,32,29.27,7317,0,0.102,0.3625,0.7692,0.6042,0.561,0.1736,0.3442,39.6766,0,0,True
2026-07-28,SUP_002,QuickShip Ltd,South Asia,Packaging,39,15.0,0.898,63.0,63.0,61.4,medium,105.59,4.49,33,29.27,7317,0,0.102,0.3625,0.7692,0.63,0.614,0.1796,0.3329,40.7744,0,0,True
2026-07-29,SUP_002,QuickShip Ltd,South Asia,Packaging,39,15.0,0.898,59.4,56.3,67.3,high,106.03,4.92,34,29.27,7317,0,0.102,0.3625,0.7692,0.5847,0.673,0.1968,0.322,40.8168,0,0,True
2026-07-30,SUP_002,QuickShip Ltd,South Asia,Packaging,39,15.0,0.898,52.3,68.3,59.6,medium,105.7,4.92,35,29.27,7317,0,0.102,0.3625,0.7692,0.571,0.596,0.1968,0.3114,39.3234,0,0,True
2026-07-31,SUP_002,QuickShip Ltd,South Asia,Packaging,39,15.0,0.898,50.5,68.0,64.4,medium,105.31,4.91,36,29.27,7317,0,0.102,0.3625,0.7692,0.5575,0.644,0.1964,0.3012,39.5842,0,0,True
2026-08-01,SUP_002,QuickShip Ltd,South Asia,Packaging,39,15.0,0.898,50.6,62.2,68.1,high,105.52,4.91,37,29.27,7317,0,0.102,0.3625,0.7692,0.5408,0.681,0.1964,0.2913,39.6436,0,0,True
2026-08-02,SUP_002,QuickShip Ltd,South Asia,Packaging,39,15.0,0.898,50.6,66.0,60.5,medium,105.97,4.91,38,29.27,7317,0,0.102,0.3625,0.7692,0.5522,0.605,0.1964,0.2818,38.632,0,0,True
2026-08-03,SUP_002,QuickShip Ltd,South Asia,Packaging,39,15.0,0.898,55.6,63.7,49.4,medium,105.99,4.9,39,29.27,7317,0,0.102,0.3625,0.7692,0.5803,0.494,0.196,0.2725,37.4312,0,0,True
2026-08-04,SUP_002,QuickShip Ltd,South Asia,Packaging,39,15.0,0.898,52.7,61.1,40.6,medium,105.4,4.9,40,29.27,7317,0,0.102,0.3625,0.7692,0.5522,0.406,0.196,0.2636,35.5505,0,0,True
2026-08-05,SUP_002,QuickShip Ltd,South Asia,Packaging,39,15.0,0.898,53.7,63.1,45.8,medium,104.78,4.89,41,29.27,7317,0,0.102,0.3625,0.7692,0.5652,0.458,0.1956,0.255,36.3694,0,0,True
2026-08-06,SUP_002,QuickShip Ltd,South Asia,Packaging,39,15.0,0.898,48.1,55.1,51.9,medium,104.12,4.89,42,29.27,7317,0,0.102,0.3625,0.7692,0.502,0.519,0.1956,0.2466,35.9521,0,0,True
2026-08-07,SUP_002,QuickShip Ltd,South Asia,Packaging,39,15.0,0.898,50.3,57.0,46.0,medium,103.31,4.89,43,29.27,7317,0,0.102,0.3625,0.7692,0.5231,0.46,0.1956,0.2385,35.3765,0,0,True
2026-08-08,SUP_002,QuickShip Ltd,South Asia,Packaging,39,15.0,0.898,49.9,66.7,49.3,medium,103.36,4.88,44,29.27,7317,0,0.102,0.3625,0.7692,0.5494,0.493,0.1952,0.2307,36.182,0,0,True
2026-08-09,SUP_002,QuickShip Ltd,South Asia,Packaging,39,15.0,0.898,46.1,67.4,56.7,medium,103.88,4.88,45,29.27,7317,0,0.102,0.3625,0.7692,0.5249,0.567,0.1952,0.2231,36.656,0,0,True
2026-08-10,SUP_002,QuickShip Ltd,South Asia,Packaging,39,15.0,0.898,45.3,63.6,62.8,medium,103.87,4.31,46,29.27,7317,0,0.102,0.3625,0.7692,0.5079,0.628,0.1724,0.2158,36.8133,0,0,True
2026-08-11,SUP_002,QuickShip Ltd,South Asia,Packaging,39,15.0,0.898,44.8,59.6,76.0,high,102.83,4.31,47,29.27,7317,0,0.102,0.3625,0.7692,0.4924,0.76,0.1724,0.2087,38.2691,0,0,True
2026-08-12,SUP_002,QuickShip Ltd,South Asia,Packaging,39,15.0,0.898,44.0,56.8,83.3,high,102.75,4.17,48,29.27,7317,0,0.102,0.3625,0.7692,0.4784,0.833,0.1668,0.2019,38.8625,0,0,True
2026-08-13,SUP_002,QuickShip Ltd,South Asia,Packaging,39,15.0,0.898,53.0,55.2,67.7,high,102.67,3.23,49,29.27,7317,0,0.102,0.3625,0.7692,0.5366,0.677,0.1292,0.1953,37.1689,0,0,True
2026-08-14,SUP_002,QuickShip Ltd,South Asia,Packaging,39,15.0,0.898,51.8,53.2,80.9,high,103.63,3.23,50,29.27,7317,0,0.102,0.3625,0.7692,0.5222,0.809,0.1292,0.1889,38.6553,0,0,True
2026-08-15,SUP_002,QuickShip Ltd,South Asia,Packaging,39,15.0,0.898,50.1,58.3,70.2,high,102.97,3.23,51,29.27,7317,0,0.102,0.3625,0.7692,0.5256,0.702,0.1292,0.1827,37.1194,0,0,True
2026-08-16,SUP_002,QuickShip Ltd,South Asia,Packaging,39,15.0,0.898,39.8,48.6,76.8,high,102.79,3.23,52,29.27,7317,0,0.102,0.3625,0.7692,0.4244,0.768,0.1292,0.1767,36.126,0,0,True
2026-08-17,SUP_002,QuickShip Ltd,South Asia,Packaging,39,15.0,0.898,36.8,54.1,72.8,high,103.57,3.23,53,29.27,7317,0,0.102,0.3625,0.7692,0.4199,0.728,0.1292,0.1709,35.3923,0,0,True
2026-08-18,SUP_002,QuickShip Ltd,South Asia,Packaging,39,15.0,0.898,37.2,52.3,65.3,high,103.78,3.23,54,29.27,7317,0,0.102,0.3625,0.7692,0.4173,0.653,0.1292,0.1653,34.2059,0,0,True
2026-08-19,SUP_002,QuickShip Ltd,South Asia,Packaging,39,15.0,0.898,35.6,54.7,46.7,medium,104.03,3.23,55,29.27,7317,0,0.102,0.3625,0.7692,0.4133,0.467,0.1292,0.1599,31.4432,0,0,True
2026-08-20,SUP_002,QuickShip Ltd,South Asia,Packaging,39,15.0,0.898,44.0,48.8,47.9,medium,104.09,3.22,56,29.27,7317,0,0.102,0.3625,0.7692,0.4544,0.479,0.1288,0.1546,32.2623,0,0,True
2026-08-21,SUP_002,QuickShip Ltd,South Asia,Packaging,39,15.0,0.898,43.8,56.7,36.0,low,104.24,3.22,57,29.27,7317,0,0.102,0.3625,0.7692,0.4767,0.36,0.1288,0.1496,30.9166,0,0,True
2026-08-22,SUP_002,QuickShip Ltd,South Asia,Packaging,39,15.0,0.898,50.6,63.0,50.5,medium,104.6,3.22,58,29.27,7317,0,0.102,0.3625,0.7692,0.5432,0.505,0.1288,0.1447,34.0652,0,0,True
2026-08-23,SUP_002,QuickShip Ltd,South Asia,Packaging,39,15.0,0.898,50.5,66.9,66.4,high,104.22,3.22,59,29.27,7317,0,0.102,0.3625,0.7692,0.5542,0.664,0.1288,0.1399,36.4133,0,0,True
2026-08-24,SUP_002,QuickShip Ltd,South Asia,Packaging,39,15.0,0.898,50.3,57.1,56.9,medium,104.63,3.22,60,29.27,7317,0,0.102,0.3625,0.7692,0.5234,0.569,0.1288,0.1353,34.4555,0,0,True
2026-08-25,SUP_002,QuickShip Ltd,South Asia,Packaging,39,15.0,0.898,49.5,61.2,60.0,medium,104.0,3.22,61,29.27,7317,0,0.102,0.3625,0.7692,0.5301,0.6,0.1288,0.1309,34.9391,0,0,True
2026-08-26,SUP_002,QuickShip Ltd,South Asia,Packaging,39,15.0,0.898,49.3,62.4,52.8,medium,104.15,3.22,62,29.27,7317,0,0.102,0.3625,0.7692,0.5323,0.528,0.1288,0.1266,33.902,0,0,True
2026-08-27,SUP_002,QuickShip Ltd,South Asia,Packaging,39,15.0,0.898,57.3,52.8,48.3,medium,104.23,3.22,63,29.27,7317,0,0.102,0.3625,0.7692,0.5595,0.483,0.1288,0.1225,33.6952,0,0,True
2026-08-28,SUP_002,QuickShip Ltd,South Asia,Packaging,39,15.0,0.898,44.9,53.0,57.9,medium,103.95,3.19,64,29.27,7317,0,0.102,0.3625,0.7692,0.4733,0.579,0.1276,0.1184,33.409,0,0,True
2026-08-29,SUP_002,QuickShip Ltd,South Asia,Packaging,39,15.0,0.898,35.8,55.2,57.5,medium,103.94,3.19,65,29.27,7317,0,0.102,0.3625,0.7692,0.4162,0.575,0.1276,0.1146,32.263,0,0,True
2026-08-30,SUP_002,QuickShip Ltd,South Asia,Packaging,39,15.0,0.898,35.1,58.1,73.8,high,103.65,3.19,66,29.27,7317,0,0.102,0.3625,0.7692,0.42,0.738,0.1276,0.1108,34.5534,0,0,True
2026-08-31,SUP_002,QuickShip Ltd,South Asia,Packaging,39,15.0,0.898,37.1,58.6,65.4,high,103.16,3.19,67,29.27,7317,0,0.102,0.3625,0.7692,0.4355,0.654,0.1276,0.1072,33.5982,0,0,True
2026-09-01,SUP_002,QuickShip Ltd,South Asia,Packaging,39,15.0,0.898,42.0,59.6,72.8,high,103.0,3.2,68,29.27,7317,0,0.102,0.3625,0.7692,0.4728,0.728,0.128,0.1037,35.2542,0,0,True
2026-09-02,SUP_002,QuickShip Ltd,South Asia,Packaging,39,15.0,0.898,45.1,66.7,70.0,high,102.49,2.81,69,29.27,7317,0,0.102,0.3625,0.7692,0.5158,0.7,0.1124,0.1003,35.3946,0,0,True
2026-09-03,SUP_002,QuickShip Ltd,South Asia,Packaging,39,15.0,0.898,43.8,71.4,74.4,high,102.64,2.21,70,29.27,7317,0,0.102,0.3625,0.7692,0.5208,0.744,0.0884,0.097,35.7601,0,0,True
2026-09-04,SUP_002,QuickShip Ltd,South Asia,Packaging,39,15.0,0.898,49.2,53.8,66.1,high,102.11,2.43,71,29.27,7317,0,0.102,0.3625,0.7692,0.5058,0.661,0.0972,0.0938,34.3828,0,0,True
2026-09-05,SUP_002,QuickShip Ltd,South Asia,Packaging,39,15.0,0.898,53.9,52.3,63.6,medium,102.44,2.43,72,29.27,7317,0,0.102,0.3625,0.7692,0.5342,0.636,0.0972,0.0907,34.4948,0,0,True
2026-09-06,SUP_002,QuickShip Ltd,South Asia,Packaging,39,15.0,0.898,53.9,51.9,61.2,medium,101.89,2.65,73,29.27,7317,0,0.102,0.3625,0.7692,0.533,0.612,0.106,0.0877,34.1952,0,0,True
2026-09-07,SUP_002,QuickShip Ltd,South Asia,Packaging,39,15.0,0.898,57.6,43.1,52.6,medium,101.63,2.9,74,29.27,7317,0,0.102,0.3625,0.7692,0.5325,0.526,0.116,0.0849,33.0562,0,0,True
2026-09-08,SUP_002,QuickShip Ltd,South Asia,Packaging,39,15.0,0.898,57.4,45.4,60.1,medium,101.35,3.17,75,29.27,7317,0,0.102,0.3625,0.7692,0.538,0.601,0.1268,0.0821,34.2903,0,0,True
2026-09-09,SUP_002,QuickShip Ltd,South Asia,Packaging,39,15.0,0.898,53.4,53.4,65.6,high,101.96,3.18,76,29.27,7317,0,0.102,0.3625,0.7692,0.534,0.656,0.1272,0.0794,34.95,0,0,True
2026-09-10,SUP_002,QuickShip Ltd,South Asia,Packaging,39,15.0,0.898,55.9,47.9,69.2,high,102.11,3.18,77,29.27,7317,0,0.102,0.3625,0.7692,0.535,0.692,0.1272,0.0768,35.4304,0,0,True
2026-09-11,SUP_002,QuickShip Ltd,South Asia,Packaging,39,15.0,0.898,55.2,50.7,80.6,high,102.01,3.18,78,29.27,7317,0,0.102,0.3625,0.7692,0.5385,0.806,0.1272,0.0743,37.0491,0,0,True
2026-09-12,SUP_002,QuickShip Ltd,South Asia,Packaging,39,15.0,0.898,54.1,46.6,88.4,high,102.24,3.18,79,29.27,7317,0,0.102,0.3625,0.7692,0.5185,0.884,0.1272,0.0718,37.7421,0,0,True
2026-09-13,SUP_002,QuickShip Ltd,South Asia,Packaging,39,15.0,0.898,60.2,44.3,77.3,high,101.27,3.26,80,29.27,7317,0,0.102,0.3625,0.7692,0.5543,0.773,0.1304,0.0695,36.8332,0,0,True
2026-09-14,SUP_002,QuickShip Ltd,South Asia,Packaging,39,15.0,0.898,46.7,53.7,75.9,high,101.25,3.28,81,29.27,7317,0,0.102,0.3625,0.7692,0.488,0.759,0.1312,0.0672,35.417,0,0,True
2026-09-15,SUP_002,QuickShip Ltd,South Asia,Packaging,39,15.0,0.898,40.2,51.0,65.7,high,102.17,3.28,82,29.27,7317,0,0.102,0.3625,0.7692,0.4344,0.657,0.1312,0.065,32.9889,0,0,True
2026-09-16,SUP_002,QuickShip Ltd,South Asia,Packaging,39,15.0,0.898,35.8,54.1,64.0,medium,102.23,3.28,83,29.27,7317,0,0.102,0.3625,0.7692,0.4129,0.64,0.1312,0.0629,32.3298,0,0,True
2026-09-17,SUP_002,QuickShip Ltd,South Asia,Packaging,39,15.0,0.898,35.9,44.3,56.9,medium,102.26,3.28,84,29.27,7317,0,0.102,0.3625,0.7692,0.3842,0.569,0.1312,0.0608,30.7863,0,0,False
2026-09-18,SUP_002,QuickShip Ltd,South Asia,Packaging,39,15.0,0.898,36.5,55.7,72.2,high,102.51,3.29,85,29.27,7317,0,0.102,0.3625,0.7692,0.4226,0.722,0.1316,0.0588,33.5924,0,0,False
2026-09-19,SUP_002,QuickShip Ltd,South Asia,Packaging,39,15.0,0.898,31.1,58.8,72.0,high,102.92,3.29,86,29.27,7317,0,0.102,0.3625,0.7692,0.3941,0.72,0.1316,0.0569,33.0205,0,0,False
2026-09-20,SUP_002,QuickShip Ltd,South Asia,Packaging,39,15.0,0.898,28.9,57.3,66.5,high,102.01,3.29,87,29.27,7317,0,0.102,0.3625,0.7692,0.3742,0.665,0.1316,0.055,31.8625,0,0,False
2026-09-21,SUP_002,QuickShip Ltd,South Asia,Packaging,39,15.0,0.898,27.7,60.0,75.4,high,101.24,3.3,88,29.27,7317,0,0.102,0.3625,0.7692,0.3739,0.754,0.132,0.0532,33.079,0,0,False
2026-09-22,SUP_002,QuickShip Ltd,South Asia,Packaging,39,15.0,0.898,42.4,51.8,51.0,medium,101.33,3.31,89,29.27,7317,0,0.102,0.3625,0.7692,0.4522,0.51,0.1324,0.0515,31.0493,0,0,False
2026-09-23,SUP_002,QuickShip Ltd,South Asia,Packaging,39,15.0,0.898,51.8,58.5,34.1,low,101.0,3.15,90,29.27,7317,0,0.102,0.3625,0.7692,0.5381,0.341,0.126,0.0498,30.1257,0,0,False
2026-06-01,SUP_003,GlobalLogistics Inc,Southeast Asia,Machinery,68,14.6,0.949,49.8,48.4,64.0,medium,99.45,0.0,999,298.43,79772,1,0.051,0.725,0.4294,0.4938,0.64,0.0,0.0,30.4125,0,1,True
2026-06-02,SUP_003,GlobalLogistics Inc,Southeast Asia,Machinery,68,14.6,0.949,46.5,46.4,63.4,medium,99.8,0.0,999,298.43,79772,1,0.051,0.725,0.4294,0.4647,0.634,0.0,0.0,29.8047,1,1,True
2026-06-03,SUP_003,GlobalLogistics Inc,Southeast Asia,Machinery,68,14.6,0.949,36.1,53.5,65.7,high,101.09,0.0,1,298.43,79772,1,0.051,0.725,0.4294,0.4132,0.657,0.0,0.9672,44.6752,0,1,True
2026-06-04,SUP_003,GlobalLogistics Inc,Southeast Asia,Machinery,68,14.6,0.949,30.4,57.1,74.8,high,100.26,0.0,2,298.43,79772,1,0.051,0.725,0.4294,0.3841,0.748,0.0,0.9355,44.918,0,1,True
2026-06-05,SUP_003,GlobalLogistics Inc,Southeast Asia,Machinery,68,14.6,0.949,18.5,65.8,55.2,medium,99.34,1.75,3,298.43,79772,1,0.051,0.725,0.4294,0.3269,0.552,0.07,0.9048,41.4937,1,0,True
2026-06-06,SUP_003,GlobalLogistics Inc,Southeast Asia,Machinery,68,14.6,0.949,20.3,76.1,65.9,high,97.57,3.53,1,298.43,79772,1,0.051,0.725,0.4294,0.3704,0.659,0.1412,0.9672,45.6272,0,1,True
2026-06-07,SUP_003,GlobalLogistics Inc,Southeast Asia,Machinery,68,14.6,0.949,22.1,67.5,65.0,high,95.99,5.15,2,298.43,79772,1,0.051,0.725,0.4294,0.3572,0.65,0.206,0.9355,45.5338,0,1,True
2026-06-08,SUP_003,GlobalLogistics Inc,Southeast Asia,Machinery,68,14.6,0.949,22.4,66.0,62.4,medium,93.28,7.94,3,298.43,79772,1,0.051,0.725,0.4294,0.3548,0.624,0.3176,0.9048,45.9751,0,1,True
2026-06-09,SUP_003,GlobalLogistics Inc,Southeast Asia,Machinery,68,14.6,0.949,29.9,58.1,48.7,medium,94.36,7.98,4,298.43,79772,1,0.051,0.725,0.4294,0.3836,0.487,0.3192,0.8752,44.1201,0,1,True
2026-06-10,SUP_003,GlobalLogistics Inc,Southeast Asia,Machinery,68,14.6,0.949,36.8,53.6,56.7,medium,97.05,7.98,5,298.43,79772,1,0.051,0.725,0.4294,0.4184,0.567,0.3192,0.8465,45.4074,0,1,True
2026-06-11,SUP_003,GlobalLogistics Inc,Southeast Asia,Machinery,68,14.6,0.949,36.2,50.5,35.6,low,99.16,7.97,6,298.43,79772,1,0.051,0.725,0.4294,0.4049,0.356,0.3188,0.8187,41.7616,0,1,True
2026-06-12,SUP_003,GlobalLogistics Inc,Southeast Asia,Machinery,68,14.6,0.949,26.3,45.6,48.2,medium,96.75,7.98,7,298.43,79772,1,0.051,0.725,0.4294,0.3209,0.482,0.3192,0.7919,41.589,0,1,True
2026-06-13,SUP_003,GlobalLogistics Inc,Southeast Asia,Machinery,68,14.6,0.949,31.0,41.5,37.9,low,97.82,7.98,8,298.43,79772,1,0.051,0.725,0.4294,0.3415,0.379,0.3192,0.7659,40.1024,1,1,True
2026-06-14,SUP_003,GlobalLogistics Inc,Southeast Asia,Machinery,68,14.6,0.949,34.7,42.7,44.4,medium,99.94,7.97,1,298.43,79772,1,0.051,0.725,0.4294,0.371,0.444,0.3188,0.9672,44.7592,0,1,True
2026-06-15,SUP_003,GlobalLogistics Inc,Southeast Asia,Machinery,68,14.6,0.949,36.6,38.2,47.7,medium,99.26,7.96,2,298.43,79772,1,0.051,0.725,0.4294,0.3708,0.477,0.3184,0.9355,44.7054,0,1,True
2026-06-16,SUP_003,GlobalLogistics Inc,Southeast Asia,Machinery,68,14.6,0.949,41.5,45.1,62.1,medium,99.41,7.96,3,298.43,79772,1,0.051,0.725,0.4294,0.4258,0.621,0.3184,0.9048,47.2207,0,1,True
2026-06-17,SUP_003,GlobalLogistics Inc,Southeast Asia,Machinery,68,14.6,0.949,35.5,41.8,60.4,medium,96.43,7.96,4,298.43,79772,1,0.051,0.725,0.4294,0.3739,0.604,0.3184,0.8752,45.5739,0,1,True
2026-06-18,SUP_003,GlobalLogistics Inc,Southeast Asia,Machinery,68,14.6,0.949,45.4,58.6,54.4,medium,96.82,7.97,5,298.43,79772,1,0.051,0.725,0.4294,0.4936,0.544,0.3188,0.8465,46.4342,0,1,True
2026-06-19,SUP_003,GlobalLogistics Inc,Southeast Asia,Machinery,68,14.6,0.949,39.7,55.6,51.6,medium,95.24,7.98,6,298.43,79772,1,0.051,0.725,0.4294,0.4447,0.516,0.3192,0.8187,44.7228,0,1,True
2026-06-20,SUP_003,GlobalLogistics Inc,Southeast Asia,Machinery,68,14.6,0.949,43.0,55.9,66.0,high,95.54,7.99,7,298.43,79772,1,0.051,0.725,0.4294,0.4687,0.66,0.3196,0.7919,46.7462,1,0,True
2026-06-21,SUP_003,GlobalLogistics Inc,Southeast Asia,Machinery,68,14.6,0.949,34.3,49.0,70.0,high,93.22,8.07,1,298.43,79772,1,0.051,0.725,0.4294,0.3871,0.7,0.3228,0.9672,48.681,0,0,True
2026-06-22,SUP_003,GlobalLogistics Inc,Southeast Asia,Machinery,68,14.6,0.949,30.4,58.9,64.4,medium,94.03,8.08,2,298.43,79772,1,0.051,0.725,0.4294,0.3895,0.644,0.3232,0.9355,47.4376,0,1,True
2026-06-23,SUP_003,GlobalLogistics Inc,Southeast Asia,Machinery,68,14.6,0.949,38.7,64.2,61.6,medium,95.55,8.09,3,298.43,79772,1,0.051,0.725,0.4294,0.4635,0.616,0.3236,0.9048,47.8917,0,1,True
2026-06-24,SUP_003,GlobalLogistics Inc,Southeast Asia,Machinery,68,14.6,0.949,37.4,64.4,47.2,medium,94.39,8.1,4,298.43,79772,1,0.051,0.725,0.4294,0.455,0.472,0.324,0.8752,45.2529,0,1,True
2026-06-25,SUP_003,GlobalLogistics Inc,Southeast Asia,Machinery,68,14.6,0.949,41.5,55.9,54.5,medium,92.7,8.65,5,298.43,79772,1,0.051,0.725,0.4294,0.4582,0.545,0.346,0.8465,46.1374,0,1,True
2026-06-26,SUP_003,GlobalLogistics Inc,Southeast Asia,Machinery,68,14.6,0.949,42.1,56.8,40.1,medium,89.5,11.99,6,298.43,79772,1,0.051,0.725,0.4294,0.4651,0.401,0.4796,0.8187,45.4048,0,1,True
2026-06-27,SUP_003,GlobalLogistics Inc,Southeast Asia,Machinery,68,14.6,0.949,41.0,50.7,52.5,medium,89.1,12.44,7,298.43,79772,1,0.051,0.725,0.4294,0.4391,0.525,0.4976,0.7919,46.4594,0,1,True
2026-06-28,SUP_003,GlobalLogistics Inc,Southeast Asia,Machinery,68,14.6,0.949,47.0,59.0,56.1,medium,88.24,13.37,8,298.43,79772,1,0.051,0.725,0.4294,0.506,0.561,0.5348,0.7659,48.1986,0,1,True
2026-06-29,SUP_003,GlobalLogistics Inc,Southeast Asia,Machinery,68,14.6,0.949,44.5,62.7,79.7,high,85.94,15.82,9,298.43,79772,1,0.051,0.725,0.4294,0.4996,0.797,0.6328,0.7408,52.1616,1,0,True
2026-06-30,SUP_003,GlobalLogistics Inc,Southeast Asia,Machinery,68,14.6,0.949,35.1,62.0,65.1,high,86.61,15.87,1,298.43,79772,1,0.051,0.725,0.4294,0.4317,0.651,0.6348,0.9672,52.5418,0,1,True
2026-07-01,SUP_003,GlobalLogistics Inc,Southeast Asia,Machinery,68,14.6,0.949,31.7,48.1,63.3,medium,85.94,15.95,2,298.43,79772,1,0.051,0.725,0.4294,0.3662,0.633,0.638,0.9355,50.6418,0,1,True
2026-07-02,SUP_003,GlobalLogistics Inc,Southeast Asia,Machinery,68,14.6,0.949,35.3,44.0,79.7,high,84.34,17.73,3,298.43,79772,1,0.051,0.725,0.4294,0.3791,0.797,0.7092,0.9048,53.5337,0,1,True
2026-07-03,SUP_003,GlobalLogistics Inc,Southeast Asia,Machinery,68,14.6,0.949,37.6,49.3,86.3,high,83.52,17.83,4,298.43,79772,1,0.051,0.725,0.4294,0.4111,0.863,0.7132,0.8752,54.6071,0,1,True
2026-07-04,SUP_003,GlobalLogistics Inc,Southeast Asia,Machinery,68,14.6,0.949,30.2,56.5,73.8,high,85.11,17.58,5,298.43,79772,1,0.051,0.725,0.4294,0.3809,0.738,0.7032,0.8465,51.7344,0,1,True
2026-07-05,SUP_003,GlobalLogistics Inc,Southeast Asia,Machinery,68,14.6,0.949,27.9,62.1,72.9,high,86.01,17.66,6,298.43,79772,1,0.051,0.725,0.4294,0.3816,0.729,0.7064,0.8187,51.2154,0,1,True
2026-07-06,SUP_003,GlobalLogistics Inc,Southeast Asia,Machinery,68,14.6,0.949,26.7,52.7,70.2,high,85.81,17.74,7,298.43,79772,1,0.051,0.725,0.4294,0.345,0.702,0.7096,0.7919,49.7876,0,1,True
2026-07-07,SUP_003,GlobalLogistics Inc,Southeast Asia,Machinery,68,14.6,0.949,26.6,54.6,70.8,high,86.73,17.8,8,298.43,79772,1,0.051,0.725,0.4294,0.35,0.708,0.712,0.7659,49.575,1,1,True
2026-07-08,SUP_003,GlobalLogistics Inc,Southeast Asia,Machinery,68,14.6,0.949,21.8,60.0,62.1,medium,85.01,17.85,1,298.43,79772,1,0.051,0.725,0.4294,0.3326,0.621,0.714,0.9672,51.2884,0,1,True
2026-07-09,SUP_003,GlobalLogistics Inc,Southeast Asia,Machinery,68,14.6,0.949,21.3,50.5,61.2,medium,85.06,17.91,2,298.43,79772,1,0.051,0.725,0.4294,0.3006,0.612,0.7164,0.9355,50.1078,0,1,True
2026-07-10,SUP_003,GlobalLogistics Inc,Southeast Asia,Machinery,68,14.6,0.949,20.3,51.2,46.6,medium,85.27,17.99,3,298.43,79772,1,0.051,0.725,0.4294,0.2957,0.466,0.7196,0.9048,47.5233,0,1,True
2026-07-11,SUP_003,GlobalLogistics Inc,Southeast Asia,Machinery,68,14.6,0.949,26.6,53.2,51.7,medium,84.58,18.08,4,298.43,79772,1,0.051,0.725,0.4294,0.3458,0.517,0.7232,0.8752,48.7077,1,1,True
2026-07-12,SUP_003,GlobalLogistics Inc,Southeast Asia,Machinery,68,14.6,0.949,32.2,51.9,58.5,medium,85.22,18.16,1,298.43,79772,1,0.051,0.725,0.4294,0.3811,0.585,0.7264,0.9672,51.8062,1,1,True
2026-07-13,SUP_003,GlobalLogistics Inc,Southeast Asia,Machinery,68,14.6,0.949,32.4,42.6,57.2,medium,84.06,18.25,1,298.43,79772,1,0.051,0.725,0.4294,0.3546,0.572,0.73,0.9672,51.1904,0,1,True
2026-07-14,SUP_003,GlobalLogistics Inc,Southeast Asia,Machinery,68,14.6,0.949,31.3,42.7,43.5,medium,84.82,17.76,2,298.43,79772,1,0.051,0.725,0.4294,0.3472,0.435,0.7104,0.9355,48.3966,0,1,True
2026-07-15,SUP_003,GlobalLogistics Inc,Southeast Asia,Machinery,68,14.6,0.949,33.0,42.8,57.3,medium,85.64,17.86,3,298.43,79772,1,0.051,0.725,0.4294,0.3594,0.573,0.7144,0.9048,50.1055,0,1,True
2026-07-16,SUP_003,GlobalLogistics Inc,Southeast Asia,Machinery,68,14.6,0.949,29.9,43.9,61.8,medium,81.31,17.55,4,298.43,79772,1,0.051,0.725,0.4294,0.341,0.618,0.702,0.8752,49.7809,1,1,True
2026-07-17,SUP_003,GlobalLogistics Inc,Southeast Asia,Machinery,68,14.6,0.949,25.7,42.6,55.1,medium,83.08,17.64,1,298.43,79772,1,0.051,0.725,0.4294,0.3077,0.551,0.7056,0.9672,49.7594,0,1,True
2026-07-18,SUP_003,GlobalLogistics Inc,Southeast Asia,Machinery,68,14.6,0.949,23.1,42.1,54.3,medium,78.55,19.46,2,298.43,79772,1,0.051,0.725,0.4294,0.288,0.543,0.7784,0.9355,49.659,0,1,True
2026-07-19,SUP_003,GlobalLogistics Inc,Southeast Asia,Machinery,68,14.6,0.949,22.3,43.8,42.3,medium,77.64,20.65,3,298.43,79772,1,0.051,0.725,0.4294,0.2875,0.423,0.826,0.9048,48.0505,0,1,True
2026-07-20,SUP_003,GlobalLogistics Inc,Southeast Asia,Machinery,68,14.6,0.949,19.1,47.8,37.7,low,79.16,20.78,4,298.43,79772,1,0.051,0.725,0.4294,0.2771,0.377,0.8312,0.8752,46.8071,0,1,True
2026-07-21,SUP_003,GlobalLogistics Inc,Southeast Asia,Machinery,68,14.6,0.949,22.7,47.3,38.8,low,78.69,20.89,5,298.43,79772,1,0.051,0.725,0.4294,0.3008,0.388,0.8356,0.8465,46.9814,1,1,True
2026-07-22,SUP_003,GlobalLogistics Inc,Southeast Asia,Machinery,68,14.6,0.949,28.5,46.3,56.0,medium,76.51,22.36,1,298.43,79772,1,0.051,0.725,0.4294,0.3384,0.56,0.8944,0.9672,52.7036,1,1,True
2026-07-23,SUP_003,GlobalLogistics Inc,Southeast Asia,Machinery,68,14.6,0.949,22.4,48.1,51.6,medium,74.89,23.09,1,298.43,79772,1,0.051,0.725,0.4294,0.3011,0.516,0.9236,0.9672,51.7666,1,1,True
2026-07-24,SUP_003,GlobalLogistics Inc,Southeast Asia,Machinery,68,14.6,0.949,24.8,39.0,60.1,medium,76.41,21.24,1,298.43,79772,1,0.051,0.725,0.4294,0.2906,0.601,0.8496,0.9672,51.8796,0,1,True
2026-07-25,SUP_003,GlobalLogistics Inc,Southeast Asia,Machinery,68,14.6,0.949,25.8,43.9,55.6,medium,73.56,19.16,2,298.43,79772,1,0.051,0.725,0.4294,0.3123,0.556,0.7664,0.9355,50.1344,0,1,True
2026-07-26,SUP_003,GlobalLogistics Inc,Southeast Asia,Machinery,68,14.6,0.949,29.2,45.6,59.5,medium,75.24,18.78,3,298.43,79772,1,0.051,0.725,0.4294,0.3412,0.595,0.7512,0.9048,50.5275,0,1,True
2026-07-27,SUP_003,GlobalLogistics Inc,Southeast Asia,Machinery,68,14.6,0.949,30.5,47.2,58.8,medium,75.15,17.84,4,298.43,79772,1,0.051,0.725,0.4294,0.3551,0.588,0.7136,0.8752,49.7539,1,0,True
2026-07-28,SUP_003,GlobalLogistics Inc,Southeast Asia,Machinery,68,14.6,0.949,24.7,53.4,67.7,high,73.38,16.33,1,298.43,79772,1,0.051,0.725,0.4294,0.3331,0.677,0.6532,0.9672,51.3518,0,0,True
2026-07-29,SUP_003,GlobalLogistics Inc,Southeast Asia,Machinery,68,14.6,0.949,20.7,43.4,61.3,medium,72.52,17.47,2,298.43,79772,1,0.051,0.725,0.4294,0.2751,0.613,0.6988,0.9355,49.4516,0,0,True
2026-07-30,SUP_003,GlobalLogistics Inc,Southeast Asia,Machinery,68,14.6,0.949,23.5,34.7,46.9,medium,71.01,19.45,3,298.43,79772,1,0.051,0.725,0.4294,0.2686,0.469,0.778,0.9048,47.7783,0,0,True
2026-07-31,SUP_003,GlobalLogistics Inc,Southeast Asia,Machinery,68,14.6,0.949,30.5,39.2,37.9,low,72.29,19.56,4,298.43,79772,1,0.051,0.725,0.4294,0.3311,0.379,0.7824,0.8752,47.2215,0,0,True
2026-08-01,SUP_003,GlobalLogistics Inc,Southeast Asia,Machinery,68,14.6,0.949,21.1,41.5,39.0,low,73.38,19.65,5,298.43,79772,1,0.051,0.725,0.4294,0.2722,0.39,0.786,0.8465,45.8994,0,0,True
2026-08-02,SUP_003,GlobalLogistics Inc,Southeast Asia,Machinery,68,14.6,0.949,25.3,44.5,33.2,low,70.83,19.98,6,298.43,79772,1,0.051,0.725,0.4294,0.3106,0.332,0.7992,0.8187,45.493,0,0,True
2026-08-03,SUP_003,GlobalLogistics Inc,Southeast Asia,Machinery,68,14.6,0.949,32.9,43.6,44.2,medium,70.23,20.87,7,298.43,79772,1,0.051,0.725,0.4294,0.3611,0.442,0.8348,0.7919,47.9398,0,0,True
2026-08-04,SUP_003,GlobalLogistics Inc,Southeast Asia,Machinery,68,14.6,0.949,32.9,48.8,44.3,medium,70.0,21.3,8,298.43,79772,1,0.051,0.725,0.4294,0.3767,0.443,0.852,0.7659,48.0256,0,0,True
2026-08-05,SUP_003,GlobalLogistics Inc,Southeast Asia,Machinery,68,14.6,0.949,36.3,54.7,70.7,high,70.87,21.44,9,298.43,79772,1,0.051,0.725,0.4294,0.4182,0.707,0.8576,0.7408,52.134,0,0,True
2026-08-06,SUP_003,GlobalLogistics Inc,Southeast Asia,Machinery,68,14.6,0.949,33.2,57.3,52.5,medium,70.0,20.19,10,298.43,79772,1,0.051,0.725,0.4294,0.4043,0.525,0.8076,0.7165,48.3472,0,0,True
2026-08-07,SUP_003,GlobalLogistics Inc,Southeast Asia,Machinery,68,14.6,0.949,33.4,55.5,56.7,medium,71.25,20.31,11,298.43,79772,1,0.051,0.725,0.4294,0.4003,0.567,0.8124,0.693,48.545,0,0,True
2026-08-08,SUP_003,GlobalLogistics Inc,Southeast Asia,Machinery,68,14.6,0.949,26.4,44.4,47.6,medium,71.2,20.43,12,298.43,79772,1,0.051,0.725,0.4294,0.318,0.476,0.8172,0.6703,45.4836,0,0,True
2026-08-09,SUP_003,GlobalLogistics Inc,Southeast Asia,Machinery,68,14.6,0.949,17.0,50.0,46.6,medium,70.0,20.57,13,298.43,79772,1,0.051,0.725,0.4294,0.269,0.466,0.8228,0.6483,44.1772,0,0,True
2026-08-10,SUP_003,GlobalLogistics Inc,Southeast Asia,Machinery,68,14.6,0.949,24.6,57.2,51.8,medium,70.0,20.7,14,298.43,79772,1,0.051,0.725,0.4294,0.3438,0.518,0.828,0.6271,45.9739,0,0,True
2026-08-11,SUP_003,GlobalLogistics Inc,Southeast Asia,Machinery,68,14.6,0.949,22.0,60.3,32.8,low,70.0,20.84,15,298.43,79772,1,0.051,0.725,0.4294,0.3349,0.328,0.8336,0.6065,42.892,0,0,True
2026-08-12,SUP_003,GlobalLogistics Inc,Southeast Asia,Machinery,68,14.6,0.949,22.2,54.8,42.3,medium,70.0,20.97,16,298.43,79772,1,0.051,0.725,0.4294,0.3198,0.423,0.8388,0.5866,43.6945,0,0,True
2026-08-13,SUP_003,GlobalLogistics Inc,Southeast Asia,Machinery,68,14.6,0.949,18.0,58.4,64.8,medium,70.0,21.11,17,298.43,79772,1,0.051,0.725,0.4294,0.3012,0.648,0.8444,0.5674,46.2691,0,0,True
2026-08-14,SUP_003,GlobalLogistics Inc,Southeast Asia,Machinery,68,14.6,0.949,14.3,62.4,59.9,medium,70.0,17.78,18,298.43,79772,1,0.051,0.725,0.4294,0.2873,0.599,0.7112,0.5488,43.4369,0,0,True
2026-08-15,SUP_003,GlobalLogistics Inc,Southeast Asia,Machinery,68,14.6,0.949,17.0,69.5,62.9,medium,70.0,17.87,19,298.43,79772,1,0.051,0.725,0.4294,0.3275,0.629,0.7148,0.5308,44.3358,0,0,True
2026-08-16,SUP_003,GlobalLogistics Inc,Southeast Asia,Machinery,68,14.6,0.949,16.7,62.7,72.1,high,70.0,12.59,20,298.43,79772,1,0.051,0.725,0.4294,0.305,0.721,0.5036,0.5134,42.406,0,0,True
2026-08-17,SUP_003,GlobalLogistics Inc,Southeast Asia,Machinery,68,14.6,0.949,21.7,60.4,68.1,high,70.0,12.64,21,298.43,79772,1,0.051,0.725,0.4294,0.3331,0.681,0.5056,0.4966,42.1065,0,0,True
2026-08-18,SUP_003,GlobalLogistics Inc,Southeast Asia,Machinery,68,14.6,0.949,26.3,63.5,61.2,medium,70.0,12.68,22,298.43,79772,1,0.051,0.725,0.4294,0.3746,0.612,0.5072,0.4803,41.6462,0,0,True
2026-08-19,SUP_003,GlobalLogistics Inc,Southeast Asia,Machinery,68,14.6,0.949,29.6,62.5,40.3,medium,70.0,12.08,23,298.43,79772,1,0.051,0.725,0.4294,0.3947,0.403,0.4832,0.4646,38.5421,0,0,True
2026-08-20,SUP_003,GlobalLogistics Inc,Southeast Asia,Machinery,68,14.6,0.949,32.0,55.5,87.0,high,70.0,9.09,24,298.43,79772,1,0.051,0.725,0.4294,0.3905,0.87,0.3636,0.4493,43.3256,0,0,True
2026-08-21,SUP_003,GlobalLogistics Inc,Southeast Asia,Machinery,68,14.6,0.949,40.4,57.6,100.0,high,70.0,8.98,25,298.43,79772,1,0.051,0.725,0.4294,0.4556,1.0,0.3592,0.4346,46.0289,0,0,True
2026-08-22,SUP_003,GlobalLogistics Inc,Southeast Asia,Machinery,68,14.6,0.949,34.9,60.3,100.0,high,70.0,9.0,26,298.43,79772,1,0.051,0.725,0.4294,0.4252,1.0,0.36,0.4204,45.2633,0,0,True
2026-08-23,SUP_003,GlobalLogistics Inc,Southeast Asia,Machinery,68,14.6,0.949,35.1,60.0,100.0,high,70.0,7.38,27,298.43,79772,1,0.051,0.725,0.4294,0.4257,1.0,0.2952,0.4066,44.2742,0,0,True
2026-08-24,SUP_003,GlobalLogistics Inc,Southeast Asia,Machinery,68,14.6,0.949,40.9,60.4,100.0,high,70.0,7.39,28,298.43,79772,1,0.051,0.725,0.4294,0.4675,1.0,0.2956,0.3932,44.8182,0,0,True
2026-08-25,SUP_003,GlobalLogistics Inc,Southeast Asia,Machinery,68,14.6,0.949,46.5,58.2,100.0,high,70.0,7.28,29,298.43,79772,1,0.051,0.725,0.4294,0.5001,1.0,0.2912,0.3803,45.1459,0,0,True
2026-08-26,SUP_003,GlobalLogistics Inc,Southeast Asia,Machinery,68,14.6,0.949,38.5,65.5,100.0,high,70.0,4.79,30,298.43,79772,1,0.051,0.725,0.4294,0.466,1.0,0.1916,0.3679,43.1374,0,0,True
2026-08-27,SUP_003,GlobalLogistics Inc,Southeast Asia,Machinery,68,14.6,0.949,36.9,59.2,75.0,high,70.0,4.8,31,298.43,79772,1,0.051,0.725,0.4294,0.4359,0.75,0.192,0.3558,38.9074,0,0,True
2026-08-28,SUP_003,GlobalLogistics Inc,Southeast Asia,Machinery,68,14.6,0.949,43.5,55.5,59.2,medium,70.0,4.8,32,298.43,79772,1,0.051,0.725,0.4294,0.471,0.592,0.192,0.3442,37.1406,0,0,True
2026-08-29,SUP_003,GlobalLogistics Inc,Southeast Asia,Machinery,68,14.6,0.949,45.1,55.5,47.0,medium,70.0,4.81,33,298.43,79772,1,0.051,0.725,0.4294,0.4822,0.47,0.1924,0.3329,35.4585,0,0,True
2026-08-30,SUP_003,GlobalLogistics Inc,Southeast Asia,Machinery,68,14.6,0.949,45.0,60.0,44.6,medium,70.0,4.81,34,298.43,79772,1,0.051,0.725,0.4294,0.495,0.446,0.1924,0.322,35.1782,0,0,True
2026-08-31,SUP_003,GlobalLogistics Inc,Southeast Asia,Machinery,68,14.6,0.949,42.9,51.4,66.8,high,70.0,1.78,35,298.43,79772,1,0.051,0.725,0.4294,0.4545,0.668,0.0712,0.3114,35.934,0,0,True
2026-09-01,SUP_003,GlobalLogistics Inc,Southeast Asia,Machinery,68,14.6,0.949,40.3,45.0,76.0,high,70.0,1.78,36,298.43,79772,1,0.051,0.725,0.4294,0.4171,0.76,0.0712,0.3012,36.3854,0,0,True
2026-09-02,SUP_003,GlobalLogistics Inc,Southeast Asia,Machinery,68,14.6,0.949,41.4,35.8,73.4,high,70.0,1.78,37,298.43,79772,1,0.051,0.725,0.4294,0.3972,0.734,0.0712,0.2913,35.5052,0,0,True
2026-09-03,SUP_003,GlobalLogistics Inc,Southeast Asia,Machinery,68,14.6,0.949,39.7,38.8,61.8,medium,70.0,1.78,38,298.43,79772,1,0.051,0.725,0.4294,0.3943,0.618,0.0712,0.2818,33.6762,0,0,True
2026-09-04,SUP_003,GlobalLogistics Inc,Southeast Asia,Machinery,68,14.6,0.949,39.2,35.4,57.0,medium,70.0,1.78,39,298.43,79772,1,0.051,0.725,0.4294,0.3806,0.57,0.0712,0.2725,32.6098,0,0,True
2026-09-05,SUP_003,GlobalLogistics Inc,Southeast Asia,Machinery,68,14.6,0.949,39.4,36.3,58.9,medium,70.0,1.78,40,298.43,79772,1,0.051,0.725,0.4294,0.3847,0.589,0.0712,0.2636,32.8067,0,0,True
2026-09-06,SUP_003,GlobalLogistics Inc,Southeast Asia,Machinery,68,14.6,0.949,36.0,42.6,60.0,medium,70.0,1.71,41,298.43,79772,1,0.051,0.725,0.4294,0.3798,0.6,0.0684,0.255,32.7006,0,0,True
2026-09-07,SUP_003,GlobalLogistics Inc,Southeast Asia,Machinery,68,14.6,0.949,38.8,41.1,59.7,medium,70.0,0.0,42,298.43,79772,1,0.051,0.725,0.4294,0.3949,0.597,0.0,0.2466,31.9759,0,0,True
2026-09-08,SUP_003,GlobalLogistics Inc,Southeast Asia,Machinery,68,14.6,0.949,52.5,44.4,60.0,medium,70.0,0.0,43,298.43,79772,1,0.051,0.725,0.4294,0.5007,0.6,0.0,0.2385,33.7929,0,0,True
2026-09-09,SUP_003,GlobalLogistics Inc,Southeast Asia,Machinery,68,14.6,0.949,41.9,44.4,58.5,medium,70.0,0.0,44,298.43,79772,1,0.051,0.725,0.4294,0.4265,0.585,0.0,0.2307,32.1222,0,0,True
2026-09-10,SUP_003,GlobalLogistics Inc,Southeast Asia,Machinery,68,14.6,0.949,42.8,49.5,46.0,medium,70.0,0.0,45,298.43,79772,1,0.051,0.725,0.4294,0.4481,0.46,0.0,0.2231,30.64,0,0,True
2026-09-11,SUP_003,GlobalLogistics Inc,Southeast Asia,Machinery,68,14.6,0.949,38.5,52.8,45.2,medium,70.0,0.0,46,298.43,79772,1,0.051,0.725,0.4294,0.4279,0.452,0.0,0.2158,30.0474,0,0,True
2026-09-12,SUP_003,GlobalLogistics Inc,Southeast Asia,Machinery,68,14.6,0.949,41.2,49.5,57.9,medium,70.0,0.0,47,298.43,79772,1,0.051,0.725,0.4294,0.4369,0.579,0.0,0.2087,31.8742,0,0,True
2026-09-13,SUP_003,GlobalLogistics Inc,Southeast Asia,Machinery,68,14.6,0.949,40.9,49.5,46.2,medium,70.0,0.0,48,298.43,79772,1,0.051,0.725,0.4294,0.4348,0.462,0.0,0.2019,30.0889,0,0,True
2026-09-14,SUP_003,GlobalLogistics Inc,Southeast Asia,Machinery,68,14.6,0.949,44.1,55.8,48.4,medium,70.0,0.0,49,298.43,79772,1,0.051,0.725,0.4294,0.4761,0.484,0.0,0.1953,31.0344,0,0,True
2026-09-15,SUP_003,GlobalLogistics Inc,Southeast Asia,Machinery,68,14.6,0.949,48.8,57.7,44.2,medium,70.0,0.0,50,298.43,79772,1,0.051,0.725,0.4294,0.5147,0.442,0.0,0.1889,31.0387,0,0,True
2026-09-16,SUP_003,GlobalLogistics Inc,Southeast Asia,Machinery,68,14.6,0.949,48.1,50.0,49.7,medium,70.0,0.0,51,298.43,79772,1,0.051,0.725,0.4294,0.4867,0.497,0.0,0.1827,31.2057,0,0,True
2026-09-17,SUP_003,GlobalLogistics Inc,Southeast Asia,Machinery,68,14.6,0.949,51.9,54.2,49.2,medium,70.0,0.0,52,298.43,79772,1,0.051,0.725,0.4294,0.5259,0.492,0.0,0.1767,31.7454,0,0,False
2026-09-18,SUP_003,GlobalLogistics Inc,Southeast Asia,Machinery,68,14.6,0.949,38.7,48.6,66.1,high,70.0,0.0,53,298.43,79772,1,0.051,0.725,0.4294,0.4167,0.661,0.0,0.1709,32.0531,0,0,False
2026-09-19,SUP_003,GlobalLogistics Inc,Southeast Asia,Machinery,68,14.6,0.949,46.1,57.0,69.7,high,70.0,0.0,54,298.43,79772,1,0.051,0.725,0.4294,0.4937,0.697,0.0,0.1653,33.8535,0,0,False
2026-09-20,SUP_003,GlobalLogistics Inc,Southeast Asia,Machinery,68,14.6,0.949,46.7,62.1,55.7,medium,70.0,0.0,55,298.43,79772,1,0.051,0.725,0.4294,0.5132,0.557,0.0,0.1599,32.1578,0,0,False
2026-09-21,SUP_003,GlobalLogistics Inc,Southeast Asia,Machinery,68,14.6,0.949,50.5,62.6,63.5,medium,70.0,0.0,56,298.43,79772,1,0.051,0.725,0.4294,0.5413,0.635,0.0,0.1546,33.6717,0,0,False
2026-09-22,SUP_003,GlobalLogistics Inc,Southeast Asia,Machinery,68,14.6,0.949,42.8,62.2,55.9,medium,70.0,0.0,57,298.43,79772,1,0.051,0.725,0.4294,0.4862,0.559,0.0,0.1496,31.5348,0,0,False
2026-09-23,SUP_003,GlobalLogistics Inc,Southeast Asia,Machinery,68,14.6,0.949,38.2,60.1,52.1,medium,70.0,0.0,58,298.43,79772,1,0.051,0.725,0.4294,0.4477,0.521,0.0,0.1447,30.2314,0,0,False
2026-06-01,SUP_004,Meridian Chemicals,Middle East,Chemicals,26,2.0,0.843,59.7,34.0,4.7,low,99.98,0.0,999,45.27,70326,0,0.157,0.2,0.1538,0.5199,0.047,0.0,0.0,16.6947,0,0,True
2026-06-02,SUP_004,Meridian Chemicals,Middle East,Chemicals,26,2.0,0.843,56.3,30.7,25.3,low,99.7,0.0,999,45.27,70326,0,0.157,0.2,0.1538,0.4862,0.253,0.0,0.0,18.9721,0,0,True
2026-06-03,SUP_004,Meridian Chemicals,Middle East,Chemicals,26,2.0,0.843,55.8,23.6,62.3,medium,99.74,0.0,999,45.27,70326,0,0.157,0.2,0.1538,0.4614,0.623,0.0,0.0,23.7057,0,0,True
2026-06-04,SUP_004,Meridian Chemicals,Middle East,Chemicals,26,2.0,0.843,57.7,25.8,46.7,medium,101.35,0.0,999,45.27,70326,0,0.157,0.2,0.1538,0.4813,0.467,0.0,0.0,21.8799,0,0,True
2026-06-05,SUP_004,Meridian Chemicals,Middle East,Chemicals,26,2.0,0.843,54.7,23.1,44.3,medium,101.84,2.13,999,45.27,70326,0,0.157,0.2,0.1538,0.4522,0.443,0.0852,0.0,22.0425,0,0,True
2026-06-06,SUP_004,Meridian Chemicals,Middle East,Chemicals,26,2.0,0.843,52.0,25.3,56.2,medium,102.45,2.73,999,45.27,70326,0,0.157,0.2,0.1538,0.4399,0.562,0.1092,0.0,23.7751,0,0,True
2026-06-07,SUP_004,Meridian Chemicals,Middle East,Chemicals,26,2.0,0.843,47.0,22.6,55.4,medium,102.94,3.2,999,45.27,70326,0,0.157,0.2,0.1538,0.3968,0.554,0.128,0.0,23.1129,0,0,True
2026-06-08,SUP_004,Meridian Chemicals,Middle East,Chemicals,26,2.0,0.843,51.1,18.7,52.7,medium,103.79,4.03,999,45.27,70326,0,0.157,0.2,0.1538,0.4138,0.527,0.1612,0.0,23.4393,0,0,True
2026-06-09,SUP_004,Meridian Chemicals,Middle East,Chemicals,26,2.0,0.843,55.3,22.4,68.3,high,103.68,4.02,999,45.27,70326,0,0.157,0.2,0.1538,0.4543,0.683,0.1608,0.0,26.3475,0,0,True
2026-06-10,SUP_004,Meridian Chemicals,Middle East,Chemicals,26,2.0,0.843,83.7,25.0,24.0,low,102.49,4.02,999,45.27,70326,0,0.157,0.2,0.1538,0.6609,0.24,0.1608,0.0,23.8643,0,0,True
2026-06-11,SUP_004,Meridian Chemicals,Middle East,Chemicals,26,2.0,0.843,89.0,29.6,18.1,low,102.38,4.02,999,45.27,70326,0,0.157,0.2,0.1538,0.7118,0.181,0.1608,0.0,23.9545,0,0,True
2026-06-12,SUP_004,Meridian Chemicals,Middle East,Chemicals,26,2.0,0.843,89.3,41.9,23.0,low,102.85,4.01,999,45.27,70326,0,0.157,0.2,0.1538,0.7508,0.23,0.1604,0.0,25.3377,0,0,True
2026-06-13,SUP_004,Meridian Chemicals,Middle East,Chemicals,26,2.0,0.843,91.0,42.3,28.4,low,102.29,4.01,999,45.27,70326,0,0.157,0.2,0.1538,0.7639,0.284,0.1604,0.0,26.3295,0,0,True
2026-06-14,SUP_004,Meridian Chemicals,Middle East,Chemicals,26,2.0,0.843,92.0,43.8,33.4,low,102.19,4.01,999,45.27,70326,0,0.157,0.2,0.1538,0.7754,0.334,0.1604,0.0,27.2365,0,0,True
2026-06-15,SUP_004,Meridian Chemicals,Middle East,Chemicals,26,2.0,0.843,91.0,36.8,41.0,medium,101.79,4.01,999,45.27,70326,0,0.157,0.2,0.1538,0.7474,0.41,0.1604,0.0,27.7965,0,0,True
2026-06-16,SUP_004,Meridian Chemicals,Middle East,Chemicals,26,2.0,0.843,88.1,29.8,40.1,medium,102.66,4.01,999,45.27,70326,0,0.157,0.2,0.1538,0.7061,0.401,0.1604,0.0,26.9271,0,0,True
2026-06-17,SUP_004,Meridian Chemicals,Middle East,Chemicals,26,2.0,0.843,98.6,38.9,42.1,medium,103.09,4.01,999,45.27,70326,0,0.157,0.2,0.1538,0.8069,0.421,0.1604,0.0,29.0215,0,0,True
2026-06-18,SUP_004,Meridian Chemicals,Middle East,Chemicals,26,2.0,0.843,94.9,33.4,36.7,low,103.47,4.0,999,45.27,70326,0,0.157,0.2,0.1538,0.7645,0.367,0.16,0.0,27.4975,0,0,True
2026-06-19,SUP_004,Meridian Chemicals,Middle East,Chemicals,26,2.0,0.843,90.8,28.2,35.6,low,103.83,4.04,999,45.27,70326,0,0.157,0.2,0.1538,0.7202,0.356,0.1616,0.0,26.5653,0,0,True
2026-06-20,SUP_004,Meridian Chemicals,Middle East,Chemicals,26,2.0,0.843,92.5,29.0,35.2,low,103.81,4.04,999,45.27,70326,0,0.157,0.2,0.1538,0.7345,0.352,0.1616,0.0,26.7667,0,0,True
2026-06-21,SUP_004,Meridian Chemicals,Middle East,Chemicals,26,2.0,0.843,93.0,29.4,35.9,low,103.93,4.13,999,45.27,70326,0,0.157,0.2,0.1538,0.7392,0.359,0.1652,0.0,26.9925,0,0,True
2026-06-22,SUP_004,Meridian Chemicals,Middle East,Chemicals,26,2.0,0.843,85.6,25.5,41.6,medium,103.24,4.13,999,45.27,70326,0,0.157,0.2,0.1538,0.6757,0.416,0.1652,0.0,26.6475,0,0,True
2026-06-23,SUP_004,Meridian Chemicals,Middle East,Chemicals,26,2.0,0.843,91.4,25.3,43.8,medium,101.97,4.13,999,45.27,70326,0,0.157,0.2,0.1538,0.7157,0.438,0.1652,0.0,27.6755,0,0,True
2026-06-24,SUP_004,Meridian Chemicals,Middle East,Chemicals,26,2.0,0.843,64.2,33.2,40.8,medium,102.05,4.13,999,45.27,70326,0,0.157,0.2,0.1538,0.549,0.408,0.1652,0.0,24.2549,0,0,True
2026-06-25,SUP_004,Meridian Chemicals,Middle East,Chemicals,26,2.0,0.843,58.6,29.3,30.6,low,102.24,4.13,999,45.27,70326,0,0.157,0.2,0.1538,0.4981,0.306,0.1652,0.0,21.9107,0,0,True
2026-06-26,SUP_004,Meridian Chemicals,Middle East,Chemicals,26,2.0,0.843,64.7,22.8,31.1,low,102.95,4.13,999,45.27,70326,0,0.157,0.2,0.1538,0.5213,0.311,0.1652,0.0,22.3983,0,0,True
2026-06-27,SUP_004,Meridian Chemicals,Middle East,Chemicals,26,2.0,0.843,67.3,29.6,30.5,low,103.86,4.13,999,45.27,70326,0,0.157,0.2,0.1538,0.5599,0.305,0.1652,0.0,23.0091,0,0,True
2026-06-28,SUP_004,Meridian Chemicals,Middle East,Chemicals,26,2.0,0.843,60.5,33.0,32.2,low,104.77,4.94,999,45.27,70326,0,0.157,0.2,0.1538,0.5225,0.322,0.1976,0.0,22.9627,0,0,True
2026-06-29,SUP_004,Meridian Chemicals,Middle East,Chemicals,26,2.0,0.843,69.2,30.0,52.1,medium,104.19,4.94,999,45.27,70326,0,0.157,0.2,0.1538,0.5744,0.521,0.1976,0.0,26.6829,0,0,True
2026-06-30,SUP_004,Meridian Chemicals,Middle East,Chemicals,26,2.0,0.843,71.2,22.4,41.7,medium,103.99,4.94,999,45.27,70326,0,0.157,0.2,0.1538,0.5656,0.417,0.1976,0.0,25.0685,0,0,True
2026-07-01,SUP_004,Meridian Chemicals,Middle East,Chemicals,26,2.0,0.843,69.8,20.4,42.7,medium,104.26,4.93,999,45.27,70326,0,0.157,0.2,0.1538,0.5498,0.427,0.1972,0.0,24.9193,0,0,True
2026-07-02,SUP_004,Meridian Chemicals,Middle East,Chemicals,26,2.0,0.843,76.1,22.3,49.4,medium,105.73,5.82,999,45.27,70326,0,0.157,0.2,0.1538,0.5996,0.494,0.2328,0.0,27.1809,0,0,True
2026-07-03,SUP_004,Meridian Chemicals,Middle East,Chemicals,26,2.0,0.843,74.8,30.3,45.5,medium,106.59,5.08,999,45.27,70326,0,0.157,0.2,0.1538,0.6145,0.455,0.2032,0.0,26.5479,0,0,True
2026-07-04,SUP_004,Meridian Chemicals,Middle East,Chemicals,26,2.0,0.843,72.7,25.6,63.2,medium,107.24,5.27,999,45.27,70326,0,0.157,0.2,0.1538,0.5857,0.632,0.2108,0.0,28.5987,0,0,True
2026-07-05,SUP_004,Meridian Chemicals,Middle East,Chemicals,26,2.0,0.843,68.0,26.5,51.4,medium,107.02,5.26,999,45.27,70326,0,0.157,0.2,0.1538,0.5555,0.514,0.2104,0.0,26.3983,0,0,True
2026-07-06,SUP_004,Meridian Chemicals,Middle East,Chemicals,26,2.0,0.843,69.9,31.4,49.1,medium,106.51,5.25,999,45.27,70326,0,0.157,0.2,0.1538,0.5835,0.491,0.21,0.0,26.5755,0,0,True
2026-07-07,SUP_004,Meridian Chemicals,Middle East,Chemicals,26,2.0,0.843,70.9,19.4,36.9,low,106.96,5.25,999,45.27,70326,0,0.157,0.2,0.1538,0.5545,0.369,0.21,0.0,24.3455,0,0,True
2026-07-08,SUP_004,Meridian Chemicals,Middle East,Chemicals,26,2.0,0.843,69.7,27.2,31.9,low,106.32,5.24,999,45.27,70326,0,0.157,0.2,0.1538,0.5695,0.319,0.2096,0.0,23.9107,0,0,True
2026-07-09,SUP_004,Meridian Chemicals,Middle East,Chemicals,26,2.0,0.843,64.8,22.1,33.8,low,106.19,5.24,999,45.27,70326,0,0.157,0.2,0.1538,0.5199,0.338,0.2096,0.0,23.2839,0,0,True
2026-07-10,SUP_004,Meridian Chemicals,Middle East,Chemicals,26,2.0,0.843,65.0,25.8,40.7,medium,106.12,5.23,999,45.27,70326,0,0.157,0.2,0.1538,0.5324,0.407,0.2092,0.0,24.4701,0,0,True
2026-07-11,SUP_004,Meridian Chemicals,Middle East,Chemicals,26,2.0,0.843,64.2,28.5,40.9,medium,107.04,5.23,999,45.27,70326,0,0.157,0.2,0.1538,0.5349,0.409,0.2092,0.0,24.5431,0,0,True
2026-07-12,SUP_004,Meridian Chemicals,Middle East,Chemicals,26,2.0,0.843,57.5,35.2,49.9,medium,106.84,5.22,999,45.27,70326,0,0.157,0.2,0.1538,0.5081,0.499,0.2088,0.0,25.3159,0,0,True
2026-07-13,SUP_004,Meridian Chemicals,Middle East,Chemicals,26,2.0,0.843,51.2,38.0,44.0,medium,105.42,5.21,999,45.27,70326,0,0.157,0.2,0.1538,0.4724,0.44,0.2084,0.0,23.8425,0,0,True
2026-07-14,SUP_004,Meridian Chemicals,Middle East,Chemicals,26,2.0,0.843,55.5,25.1,37.4,low,105.72,5.21,999,45.27,70326,0,0.157,0.2,0.1538,0.4638,0.374,0.2084,0.0,22.7637,0,0,True
2026-07-15,SUP_004,Meridian Chemicals,Middle East,Chemicals,26,2.0,0.843,44.2,22.4,60.6,medium,105.31,5.03,999,45.27,70326,0,0.157,0.2,0.1538,0.3766,0.606,0.2012,0.0,24.3557,0,0,True
2026-07-16,SUP_004,Meridian Chemicals,Middle East,Chemicals,26,2.0,0.843,47.8,25.0,56.6,medium,105.33,5.03,999,45.27,70326,0,0.157,0.2,0.1538,0.4096,0.566,0.2012,0.0,24.3897,0,0,True
2026-07-17,SUP_004,Meridian Chemicals,Middle East,Chemicals,26,2.0,0.843,47.7,25.5,43.3,medium,105.28,5.02,999,45.27,70326,0,0.157,0.2,0.1538,0.4104,0.433,0.2008,0.0,22.5373,0,0,True
2026-07-18,SUP_004,Meridian Chemicals,Middle East,Chemicals,26,2.0,0.843,56.0,29.4,33.5,low,105.12,5.02,999,45.27,70326,0,0.157,0.2,0.1538,0.4802,0.335,0.2008,0.0,22.4217,0,0,True
2026-07-19,SUP_004,Meridian Chemicals,Middle East,Chemicals,26,2.0,0.843,54.6,34.4,23.9,low,105.58,5.02,999,45.27,70326,0,0.157,0.2,0.1538,0.4854,0.239,0.2008,0.0,21.1713,0,0,True
2026-07-20,SUP_004,Meridian Chemicals,Middle East,Chemicals,26,2.0,0.843,58.8,37.7,34.1,low,104.69,5.02,999,45.27,70326,0,0.157,0.2,0.1538,0.5247,0.341,0.2008,0.0,23.3067,0,0,True
2026-07-21,SUP_004,Meridian Chemicals,Middle East,Chemicals,26,2.0,0.843,57.4,36.2,29.7,low,104.39,5.01,999,45.27,70326,0,0.157,0.2,0.1538,0.5104,0.297,0.2004,0.0,22.4285,0,0,True
2026-07-22,SUP_004,Meridian Chemicals,Middle East,Chemicals,26,2.0,0.843,58.6,26.3,31.0,low,104.79,5.01,999,45.27,70326,0,0.157,0.2,0.1538,0.4891,0.31,0.2004,0.0,22.2271,0,0,True
2026-07-23,SUP_004,Meridian Chemicals,Middle East,Chemicals,26,2.0,0.843,62.6,25.2,30.1,low,104.43,4.93,999,45.27,70326,0,0.157,0.2,0.1538,0.5138,0.301,0.1972,0.0,22.5073,0,0,True
2026-07-24,SUP_004,Meridian Chemicals,Middle East,Chemicals,26,2.0,0.843,60.4,28.9,36.9,low,103.5,4.75,999,45.27,70326,0,0.157,0.2,0.1538,0.5095,0.369,0.19,0.0,23.2955,0,0,True
2026-07-25,SUP_004,Meridian Chemicals,Middle East,Chemicals,26,2.0,0.843,65.3,24.0,27.3,low,103.89,4.07,999,45.27,70326,0,0.157,0.2,0.1538,0.5291,0.273,0.1628,0.0,21.9779,0,0,True
2026-07-26,SUP_004,Meridian Chemicals,Middle East,Chemicals,26,2.0,0.843,60.1,29.0,18.0,low,104.54,3.55,999,45.27,70326,0,0.157,0.2,0.1538,0.5077,0.18,0.142,0.0,20.0411,0,0,True
2026-07-27,SUP_004,Meridian Chemicals,Middle East,Chemicals,26,2.0,0.843,61.8,34.7,23.1,low,104.51,3.55,999,45.27,70326,0,0.157,0.2,0.1538,0.5367,0.231,0.142,0.0,21.2771,0,0,True
2026-07-28,SUP_004,Meridian Chemicals,Middle East,Chemicals,26,2.0,0.843,66.2,35.4,30.4,low,103.38,3.66,999,45.27,70326,0,0.157,0.2,0.1538,0.5696,0.304,0.1464,0.0,22.9441,0,0,True
2026-07-29,SUP_004,Meridian Chemicals,Middle East,Chemicals,26,2.0,0.843,68.7,19.2,33.4,low,103.79,3.66,999,45.27,70326,0,0.157,0.2,0.1538,0.5385,0.334,0.1464,0.0,22.8043,0,0,True
2026-07-30,SUP_004,Meridian Chemicals,Middle East,Chemicals,26,2.0,0.843,76.8,14.8,25.0,low,102.82,4.2,999,45.27,70326,0,0.157,0.2,0.1538,0.582,0.25,0.168,0.0,22.6705,0,0,True
2026-07-31,SUP_004,Meridian Chemicals,Middle East,Chemicals,26,2.0,0.843,70.9,27.8,32.5,low,103.0,4.2,999,45.27,70326,0,0.157,0.2,0.1538,0.5797,0.325,0.168,0.0,23.6791,0,0,True
2026-08-01,SUP_004,Meridian Chemicals,Middle East,Chemicals,26,2.0,0.843,63.1,26.0,25.0,low,102.49,4.52,999,45.27,70326,0,0.157,0.2,0.1538,0.5197,0.25,0.1808,0.0,21.7027,0,0,True
2026-08-02,SUP_004,Meridian Chemicals,Middle East,Chemicals,26,2.0,0.843,58.2,16.9,21.4,low,101.81,5.17,999,45.27,70326,0,0.157,0.2,0.1538,0.4581,0.214,0.2068,0.0,20.4019,0,0,True
2026-08-03,SUP_004,Meridian Chemicals,Middle East,Chemicals,26,2.0,0.843,61.9,26.1,14.8,low,101.56,5.23,999,45.27,70326,0,0.157,0.2,0.1538,0.5116,0.148,0.2092,0.0,20.4697,0,0,True
2026-08-04,SUP_004,Meridian Chemicals,Middle East,Chemicals,26,2.0,0.843,64.3,27.5,30.7,low,101.45,5.34,999,45.27,70326,0,0.157,0.2,0.1538,0.5326,0.307,0.2136,0.0,23.1265,0,0,True
2026-08-05,SUP_004,Meridian Chemicals,Middle East,Chemicals,26,2.0,0.843,64.4,34.5,36.4,low,101.07,5.72,999,45.27,70326,0,0.157,0.2,0.1538,0.5543,0.364,0.2288,0.0,24.4975,0,0,True
2026-08-06,SUP_004,Meridian Chemicals,Middle East,Chemicals,26,2.0,0.843,58.7,36.0,40.4,medium,101.42,5.73,999,45.27,70326,0,0.157,0.2,0.1538,0.5189,0.404,0.2292,0.0,24.4251,0,0,True
2026-08-07,SUP_004,Meridian Chemicals,Middle East,Chemicals,26,2.0,0.843,62.9,38.3,49.3,medium,101.16,5.74,999,45.27,70326,0,0.157,0.2,0.1538,0.5552,0.493,0.2296,0.0,26.3293,0,0,True
2026-08-08,SUP_004,Meridian Chemicals,Middle East,Chemicals,26,2.0,0.843,56.9,39.7,70.5,high,101.73,5.74,999,45.27,70326,0,0.157,0.2,0.1538,0.5174,0.705,0.2296,0.0,28.6169,0,0,True
2026-08-09,SUP_004,Meridian Chemicals,Middle East,Chemicals,26,2.0,0.843,63.2,42.7,44.6,medium,101.89,5.75,999,45.27,70326,0,0.157,0.2,0.1538,0.5705,0.446,0.23,0.0,25.9515,0,0,True
2026-08-10,SUP_004,Meridian Chemicals,Middle East,Chemicals,26,2.0,0.843,76.5,53.5,34.1,low,101.48,5.57,999,45.27,70326,0,0.157,0.2,0.1538,0.696,0.341,0.2228,0.0,26.6541,0,0,True
2026-08-11,SUP_004,Meridian Chemicals,Middle East,Chemicals,26,2.0,0.843,76.1,55.8,27.4,low,100.98,4.58,999,45.27,70326,0,0.157,0.2,0.1538,0.7001,0.274,0.1832,0.0,25.3147,0,0,True
2026-08-12,SUP_004,Meridian Chemicals,Middle East,Chemicals,26,2.0,0.843,76.8,44.4,20.1,low,100.03,5.51,999,45.27,70326,0,0.157,0.2,0.1538,0.6708,0.201,0.2204,0.0,24.2117,0,0,True
2026-08-13,SUP_004,Meridian Chemicals,Middle East,Chemicals,26,2.0,0.843,72.2,45.3,12.6,low,100.19,5.39,999,45.27,70326,0,0.157,0.2,0.1538,0.6413,0.126,0.2156,0.0,22.5731,0,0,True
2026-08-14,SUP_004,Meridian Chemicals,Middle East,Chemicals,26,2.0,0.843,62.1,49.8,14.2,low,99.99,5.43,999,45.27,70326,0,0.157,0.2,0.1538,0.5841,0.142,0.2172,0.0,21.7867,0,0,True
2026-08-15,SUP_004,Meridian Chemicals,Middle East,Chemicals,26,2.0,0.843,59.2,53.9,6.9,low,98.61,6.79,999,45.27,70326,0,0.157,0.2,0.1538,0.5761,0.069,0.2716,0.0,21.2735,0,0,True
2026-08-16,SUP_004,Meridian Chemicals,Middle East,Chemicals,26,2.0,0.843,54.5,48.8,15.8,low,98.3,7.11,999,45.27,70326,0,0.157,0.2,0.1538,0.5279,0.158,0.2844,0.0,21.8055,0,0,True
2026-08-17,SUP_004,Meridian Chemicals,Middle East,Chemicals,26,2.0,0.843,48.7,52.9,19.8,low,97.78,7.63,999,45.27,70326,0,0.157,0.2,0.1538,0.4996,0.198,0.3052,0.0,22.1057,0,0,True
2026-08-18,SUP_004,Meridian Chemicals,Middle East,Chemicals,26,2.0,0.843,58.9,55.1,26.8,low,98.69,6.88,999,45.27,70326,0,0.157,0.2,0.1538,0.5776,0.268,0.2752,0.0,24.1297,0,0,True
2026-08-19,SUP_004,Meridian Chemicals,Middle East,Chemicals,26,2.0,0.843,60.6,65.6,32.3,low,97.7,6.97,999,45.27,70326,0,0.157,0.2,0.1538,0.621,0.323,0.2788,0.0,25.7241,0,0,True
2026-08-20,SUP_004,Meridian Chemicals,Middle East,Chemicals,26,2.0,0.843,62.6,57.1,37.3,low,96.87,7.81,999,45.27,70326,0,0.157,0.2,0.1538,0.6095,0.373,0.3124,0.0,26.6203,0,0,True
2026-08-21,SUP_004,Meridian Chemicals,Middle East,Chemicals,26,2.0,0.843,61.1,51.1,32.0,low,97.51,7.58,999,45.27,70326,0,0.157,0.2,0.1538,0.581,0.32,0.3032,0.0,25.2549,0,0,True
2026-08-22,SUP_004,Meridian Chemicals,Middle East,Chemicals,26,2.0,0.843,60.4,47.1,51.2,medium,98.3,7.59,999,45.27,70326,0,0.157,0.2,0.1538,0.5641,0.512,0.3036,0.0,27.6435,0,0,True
2026-08-23,SUP_004,Meridian Chemicals,Middle East,Chemicals,26,2.0,0.843,65.2,42.7,48.0,medium,97.87,7.61,999,45.27,70326,0,0.157,0.2,0.1538,0.5845,0.48,0.3044,0.0,27.5723,0,0,True
2026-08-24,SUP_004,Meridian Chemicals,Middle East,Chemicals,26,2.0,0.843,64.6,36.8,26.3,low,97.5,7.62,999,45.27,70326,0,0.157,0.2,0.1538,0.5626,0.263,0.3048,0.0,24.1449,0,0,True
2026-08-25,SUP_004,Meridian Chemicals,Middle East,Chemicals,26,2.0,0.843,66.7,22.0,17.9,low,97.86,7.61,999,45.27,70326,0,0.157,0.2,0.1538,0.5329,0.179,0.3044,0.0,22.4295,0,0,True
2026-08-26,SUP_004,Meridian Chemicals,Middle East,Chemicals,26,2.0,0.843,65.1,21.7,4.8,low,96.5,7.28,999,45.27,70326,0,0.157,0.2,0.1538,0.5208,0.048,0.2912,0.0,20.2193,0,0,True
2026-08-27,SUP_004,Meridian Chemicals,Middle East,Chemicals,26,2.0,0.843,63.0,25.6,11.3,low,95.42,8.38,999,45.27,70326,0,0.157,0.2,0.1538,0.5178,0.113,0.3352,0.0,21.6033,0,0,True
2026-08-28,SUP_004,Meridian Chemicals,Middle East,Chemicals,26,2.0,0.843,56.2,24.4,14.8,low,95.26,7.77,999,45.27,70326,0,0.157,0.2,0.1538,0.4666,0.148,0.3108,0.0,20.8789,0,0,True
2026-08-29,SUP_004,Meridian Chemicals,Middle East,Chemicals,26,2.0,0.843,47.7,36.2,14.3,low,96.16,7.79,999,45.27,70326,0,0.157,0.2,0.1538,0.4425,0.143,0.3116,0.0,20.3847,0,0,True
2026-08-30,SUP_004,Meridian Chemicals,Middle East,Chemicals,26,2.0,0.843,48.6,36.1,36.8,low,95.91,7.29,999,45.27,70326,0,0.157,0.2,0.1538,0.4485,0.368,0.2916,0.0,23.4027,0,0,True
2026-08-31,SUP_004,Meridian Chemicals,Middle East,Chemicals,26,2.0,0.843,50.9,42.7,40.2,medium,95.97,6.7,999,45.27,70326,0,0.157,0.2,0.1538,0.4844,0.402,0.268,0.0,24.2417,0,0,True
2026-09-01,SUP_004,Meridian Chemicals,Middle East,Chemicals,26,2.0,0.843,46.4,42.9,44.4,medium,96.62,6.72,999,45.27,70326,0,0.157,0.2,0.1538,0.4535,0.444,0.2688,0.0,24.2831,0,0,True
2026-09-02,SUP_004,Meridian Chemicals,Middle East,Chemicals,26,2.0,0.843,48.6,46.1,32.2,low,97.85,6.72,999,45.27,70326,0,0.157,0.2,0.1538,0.4785,0.322,0.2688,0.0,23.0251,0,0,True
2026-09-03,SUP_004,Meridian Chemicals,Middle East,Chemicals,26,2.0,0.843,50.9,45.9,22.4,low,97.51,6.73,999,45.27,70326,0,0.157,0.2,0.1538,0.494,0.224,0.2692,0.0,21.9369,0,0,True
2026-09-04,SUP_004,Meridian Chemicals,Middle East,Chemicals,26,2.0,0.843,42.3,51.5,24.6,low,97.5,6.74,999,45.27,70326,0,0.157,0.2,0.1538,0.4506,0.246,0.2696,0.0,21.4685,0,0,True
2026-09-05,SUP_004,Meridian Chemicals,Middle East,Chemicals,26,2.0,0.843,40.9,49.3,27.6,low,98.56,6.75,999,45.27,70326,0,0.157,0.2,0.1538,0.4342,0.276,0.27,0.0,21.5981,0,0,True
2026-09-06,SUP_004,Meridian Chemicals,Middle East,Chemicals,26,2.0,0.843,46.0,49.8,11.0,low,97.68,6.76,999,45.27,70326,0,0.157,0.2,0.1538,0.4714,0.11,0.2704,0.0,19.9485,0,0,True
2026-09-07,SUP_004,Meridian Chemicals,Middle East,Chemicals,26,2.0,0.843,50.3,49.5,14.1,low,98.27,6.76,999,45.27,70326,0,0.157,0.2,0.1538,0.5006,0.141,0.2704,0.0,20.9081,0,0,True
2026-09-08,SUP_004,Meridian Chemicals,Middle East,Chemicals,26,2.0,0.843,46.5,45.8,18.2,low,97.68,6.35,999,45.27,70326,0,0.157,0.2,0.1538,0.4629,0.182,0.254,0.0,20.6067,0,0,True
2026-09-09,SUP_004,Meridian Chemicals,Middle East,Chemicals,26,2.0,0.843,49.6,46.3,19.1,low,97.74,5.85,999,45.27,70326,0,0.157,0.2,0.1538,0.4861,0.191,0.234,0.0,20.9103,0,0,True
2026-09-10,SUP_004,Meridian Chemicals,Middle East,Chemicals,26,2.0,0.843,56.3,56.4,14.3,low,97.6,5.05,999,45.27,70326,0,0.157,0.2,0.1538,0.5633,0.143,0.202,0.0,21.2439,0,0,True
2026-09-11,SUP_004,Meridian Chemicals,Middle East,Chemicals,26,2.0,0.843,60.9,51.8,13.2,low,97.05,5.05,999,45.27,70326,0,0.157,0.2,0.1538,0.5817,0.132,0.202,0.0,21.4211,0,0,True
2026-09-12,SUP_004,Meridian Chemicals,Middle East,Chemicals,26,2.0,0.843,60.6,51.4,15.8,low,96.47,4.86,999,45.27,70326,0,0.157,0.2,0.1538,0.5784,0.158,0.1944,0.0,21.6345,0,0,True
2026-09-13,SUP_004,Meridian Chemicals,Middle East,Chemicals,26,2.0,0.843,58.6,55.6,20.2,low,96.63,3.52,999,45.27,70326,0,0.157,0.2,0.1538,0.577,0.202,0.1408,0.0,21.5821,0,0,True
2026-09-14,SUP_004,Meridian Chemicals,Middle East,Chemicals,26,2.0,0.843,56.1,58.5,28.2,low,97.21,3.53,999,45.27,70326,0,0.157,0.2,0.1538,0.5682,0.282,0.1412,0.0,22.5485,0,0,True
2026-09-15,SUP_004,Meridian Chemicals,Middle East,Chemicals,26,2.0,0.843,59.2,55.1,38.7,low,97.14,3.53,999,45.27,70326,0,0.157,0.2,0.1538,0.5797,0.387,0.1412,0.0,24.2255,0,0,True
2026-09-16,SUP_004,Meridian Chemicals,Middle East,Chemicals,26,2.0,0.843,60.5,39.5,33.8,low,97.18,3.53,999,45.27,70326,0,0.157,0.2,0.1538,0.542,0.338,0.1412,0.0,22.8609,0,0,True
2026-09-17,SUP_004,Meridian Chemicals,Middle East,Chemicals,26,2.0,0.843,63.8,41.5,28.6,low,97.51,3.4,999,45.27,70326,0,0.157,0.2,0.1538,0.5711,0.286,0.136,0.0,22.5943,0,0,False
2026-09-18,SUP_004,Meridian Chemicals,Middle East,Chemicals,26,2.0,0.843,64.1,28.9,33.0,low,96.95,3.4,999,45.27,70326,0,0.157,0.2,0.1538,0.5354,0.33,0.136,0.0,22.5677,0,0,False
2026-09-19,SUP_004,Meridian Chemicals,Middle East,Chemicals,26,2.0,0.843,67.7,37.5,37.9,low,97.38,3.4,999,45.27,70326,0,0.157,0.2,0.1538,0.5864,0.379,0.136,0.0,24.1717,0,0,False
2026-09-20,SUP_004,Meridian Chemicals,Middle East,Chemicals,26,2.0,0.843,67.3,38.0,31.9,low,97.85,3.4,999,45.27,70326,0,0.157,0.2,0.1538,0.5851,0.319,0.136,0.0,23.3083,0,0,False
2026-09-21,SUP_004,Meridian Chemicals,Middle East,Chemicals,26,2.0,0.843,70.2,42.9,38.8,low,99.36,4.22,999,45.27,70326,0,0.157,0.2,0.1538,0.6201,0.388,0.1688,0.0,25.2979,0,0,False
2026-09-22,SUP_004,Meridian Chemicals,Middle East,Chemicals,26,2.0,0.843,73.1,36.9,45.6,medium,99.14,4.22,999,45.27,70326,0,0.157,0.2,0.1538,0.6224,0.456,0.1688,0.0,26.2913,0,0,False
2026-09-23,SUP_004,Meridian Chemicals,Middle East,Chemicals,26,2.0,0.843,67.6,28.5,53.7,medium,98.88,4.21,999,45.27,70326,0,0.157,0.2,0.1538,0.5587,0.537,0.1684,0.0,26.2739,0,0,False
2026-06-01,SUP_005,Nordvik Components,Europe,Electronics,73,11.3,0.898,24.9,20.1,48.6,medium,99.86,0.0,999,92.68,44521,0,0.102,0.7875,0.3096,0.2346,0.486,0.0,0.0,24.0377,0,0,True
2026-06-02,SUP_005,Nordvik Components,Europe,Electronics,73,11.3,0.898,27.8,23.1,53.2,medium,100.37,0.0,999,92.68,44521,0,0.102,0.7875,0.3096,0.2639,0.532,0.0,0.0,25.2091,0,0,True
2026-06-03,SUP_005,Nordvik Components,Europe,Electronics,73,11.3,0.898,23.8,15.6,37.4,low,100.83,0.0,999,92.68,44521,0,0.102,0.7875,0.3096,0.2134,0.374,0.0,0.0,22.0881,0,0,True
2026-06-04,SUP_005,Nordvik Components,Europe,Electronics,73,11.3,0.898,21.0,17.3,36.2,low,100.32,0.0,999,92.68,44521,0,0.102,0.7875,0.3096,0.1989,0.362,0.0,0.0,21.6591,0,0,True
2026-06-05,SUP_005,Nordvik Components,Europe,Electronics,73,11.3,0.898,23.1,26.7,37.4,low,99.87,0.97,999,92.68,44521,0,0.102,0.7875,0.3096,0.2418,0.374,0.0388,0.0,23.0649,0,0,True
2026-06-06,SUP_005,Nordvik Components,Europe,Electronics,73,11.3,0.898,18.4,17.9,17.6,low,99.92,0.97,999,92.68,44521,0,0.102,0.7875,0.3096,0.1825,0.176,0.0388,0.0,19.2255,0,0,True
2026-06-07,SUP_005,Nordvik Components,Europe,Electronics,73,11.3,0.898,16.4,13.7,23.8,low,100.83,0.97,999,92.68,44521,0,0.102,0.7875,0.3096,0.1559,0.238,0.0388,0.0,19.6147,0,0,True
2026-06-08,SUP_005,Nordvik Components,Europe,Electronics,73,11.3,0.898,17.1,11.5,45.1,medium,99.82,1.01,999,92.68,44521,0,0.102,0.7875,0.3096,0.1542,0.451,0.0404,0.0,22.5853,0,0,True
2026-06-09,SUP_005,Nordvik Components,Europe,Electronics,73,11.3,0.898,21.9,14.7,46.0,medium,99.97,1.01,999,92.68,44521,0,0.102,0.7875,0.3096,0.1974,0.46,0.0404,0.0,23.4889,0,0,True
2026-06-10,SUP_005,Nordvik Components,Europe,Electronics,73,11.3,0.898,18.5,15.8,92.1,high,99.25,1.58,999,92.68,44521,0,0.102,0.7875,0.3096,0.1769,0.921,0.0632,0.0,29.8475,0,0,True
2026-06-11,SUP_005,Nordvik Components,Europe,Electronics,73,11.3,0.898,9.7,26.0,86.4,high,98.92,1.91,999,92.68,44521,0,0.102,0.7875,0.3096,0.1459,0.864,0.0764,0.0,28.6499,0,0,True
2026-06-12,SUP_005,Nordvik Components,Europe,Electronics,73,11.3,0.898,1.8,32.4,79.8,high,98.72,2.11,999,92.68,44521,0,0.102,0.7875,0.3096,0.1098,0.798,0.0844,0.0,27.1721,0,0,True
2026-06-13,SUP_005,Nordvik Components,Europe,Electronics,73,11.3,0.898,0.0,35.4,79.0,high,98.5,2.34,999,92.68,44521,0,0.102,0.7875,0.3096,0.1062,0.79,0.0936,0.0,27.1057,0,0,True
2026-06-14,SUP_005,Nordvik Components,Europe,Electronics,73,11.3,0.898,0.0,36.1,67.4,high,98.22,2.62,999,92.68,44521,0,0.102,0.7875,0.3096,0.1083,0.674,0.1048,0.0,25.6539,0,0,True
2026-06-15,SUP_005,Nordvik Components,Europe,Electronics,73,11.3,0.898,0.0,38.0,57.3,medium,98.23,2.62,999,92.68,44521,0,0.102,0.7875,0.3096,0.114,0.573,0.1048,0.0,24.3425,0,0,True
2026-06-16,SUP_005,Nordvik Components,Europe,Electronics,73,11.3,0.898,0.0,33.0,70.4,high,97.95,2.9,999,92.68,44521,0,0.102,0.7875,0.3096,0.099,0.704,0.116,0.0,26.0409,0,0,True
2026-06-17,SUP_005,Nordvik Components,Europe,Electronics,73,11.3,0.898,0.0,37.8,43.5,medium,97.18,3.67,999,92.68,44521,0,0.102,0.7875,0.3096,0.1134,0.435,0.1468,0.0,22.9037,0,0,True
2026-06-18,SUP_005,Nordvik Components,Europe,Electronics,73,11.3,0.898,26.7,31.6,29.7,low,97.59,3.68,999,92.68,44521,0,0.102,0.7875,0.3096,0.2817,0.297,0.1472,0.0,24.0059,0,0,True
2026-06-19,SUP_005,Nordvik Components,Europe,Electronics,73,11.3,0.898,26.7,36.5,37.5,low,97.98,3.68,999,92.68,44521,0,0.102,0.7875,0.3096,0.2964,0.375,0.1472,0.0,25.3625,0,0,True
2026-06-20,SUP_005,Nordvik Components,Europe,Electronics,73,11.3,0.898,32.6,42.5,33.6,low,98.43,3.68,999,92.68,44521,0,0.102,0.7875,0.3096,0.3557,0.336,0.1472,0.0,25.8839,0,0,True
2026-06-21,SUP_005,Nordvik Components,Europe,Electronics,73,11.3,0.898,37.6,42.5,34.6,low,97.62,3.68,999,92.68,44521,0,0.102,0.7875,0.3096,0.3907,0.346,0.1472,0.0,26.6539,0,0,True
2026-06-22,SUP_005,Nordvik Components,Europe,Electronics,73,11.3,0.898,38.7,40.4,36.4,low,97.77,3.69,999,92.68,44521,0,0.102,0.7875,0.3096,0.3921,0.364,0.1476,0.0,26.9359,0,0,True
2026-06-23,SUP_005,Nordvik Components,Europe,Electronics,73,11.3,0.898,37.4,41.7,42.8,medium,98.13,3.69,999,92.68,44521,0,0.102,0.7875,0.3096,0.3869,0.428,0.1476,0.0,27.7383,0,0,True
2026-06-24,SUP_005,Nordvik Components,Europe,Electronics,73,11.3,0.898,36.5,25.6,39.1,low,97.59,3.69,999,92.68,44521,0,0.102,0.7875,0.3096,0.3323,0.391,0.1476,0.0,26.2375,0,0,True
2026-06-25,SUP_005,Nordvik Components,Europe,Electronics,73,11.3,0.898,39.3,28.6,48.6,medium,97.59,3.69,999,92.68,44521,0,0.102,0.7875,0.3096,0.3609,0.486,0.1476,0.0,28.0823,0,0,True
2026-06-26,SUP_005,Nordvik Components,Europe,Electronics,73,11.3,0.898,42.9,29.0,45.6,medium,97.53,3.69,999,92.68,44521,0,0.102,0.7875,0.3096,0.3873,0.456,0.1476,0.0,28.1375,0,0,True
2026-06-27,SUP_005,Nordvik Components,Europe,Electronics,73,11.3,0.898,38.8,29.6,46.2,medium,98.5,3.69,999,92.68,44521,0,0.102,0.7875,0.3096,0.3604,0.462,0.1476,0.0,27.7373,0,0,True
2026-06-28,SUP_005,Nordvik Components,Europe,Electronics,73,11.3,0.898,39.9,34.2,33.2,low,99.51,3.69,999,92.68,44521,0,0.102,0.7875,0.3096,0.3819,0.332,0.1476,0.0,26.3043,0,0,True
2026-06-29,SUP_005,Nordvik Components,Europe,Electronics,73,11.3,0.898,31.0,33.9,51.1,medium,98.63,3.69,999,92.68,44521,0,0.102,0.7875,0.3096,0.3187,0.511,0.1476,0.0,27.6727,0,0,True
2026-06-30,SUP_005,Nordvik Components,Europe,Electronics,73,11.3,0.898,34.1,28.1,49.0,medium,99.94,3.69,999,92.68,44521,0,0.102,0.7875,0.3096,0.323,0.49,0.1476,0.0,27.4561,0,0,True
2026-07-01,SUP_005,Nordvik Components,Europe,Electronics,73,11.3,0.898,39.3,28.3,49.6,medium,99.46,3.69,999,92.68,44521,0,0.102,0.7875,0.3096,0.36,0.496,0.1476,0.0,28.2061,0,0,True
2026-07-02,SUP_005,Nordvik Components,Europe,Electronics,73,11.3,0.898,12.0,29.7,28.5,low,99.98,3.69,999,92.68,44521,0,0.102,0.7875,0.3096,0.1731,0.285,0.1476,0.0,21.8879,0,0,True
2026-07-03,SUP_005,Nordvik Components,Europe,Electronics,73,11.3,0.898,21.5,31.1,20.0,low,100.49,3.69,999,92.68,44521,0,0.102,0.7875,0.3096,0.2438,0.2,0.1476,0.0,21.9705,0,0,True
2026-07-04,SUP_005,Nordvik Components,Europe,Electronics,73,11.3,0.898,16.8,32.5,32.7,low,99.96,3.69,999,92.68,44521,0,0.102,0.7875,0.3096,0.2151,0.327,0.1476,0.0,23.2319,0,0,True
2026-07-05,SUP_005,Nordvik Components,Europe,Electronics,73,11.3,0.898,18.0,38.4,33.5,low,100.22,3.69,999,92.68,44521,0,0.102,0.7875,0.3096,0.2412,0.335,0.1476,0.0,23.8137,0,0,True
2026-07-06,SUP_005,Nordvik Components,Europe,Electronics,73,11.3,0.898,17.9,32.2,13.6,low,100.17,3.69,999,92.68,44521,0,0.102,0.7875,0.3096,0.2219,0.136,0.1476,0.0,20.6803,0,0,True
2026-07-07,SUP_005,Nordvik Components,Europe,Electronics,73,11.3,0.898,17.4,33.5,26.1,low,100.46,3.35,999,92.68,44521,0,0.102,0.7875,0.3096,0.2223,0.261,0.134,0.0,22.2743,0,0,True
2026-07-08,SUP_005,Nordvik Components,Europe,Electronics,73,11.3,0.898,17.0,40.5,20.8,low,100.58,3.44,999,92.68,44521,0,0.102,0.7875,0.3096,0.2405,0.208,0.1376,0.0,21.9031,0,0,True
2026-07-09,SUP_005,Nordvik Components,Europe,Electronics,73,11.3,0.898,17.6,30.6,34.9,low,101.21,4.08,999,92.68,44521,0,0.102,0.7875,0.3096,0.215,0.349,0.1632,0.0,23.7253,0,0,True
2026-07-10,SUP_005,Nordvik Components,Europe,Electronics,73,11.3,0.898,21.7,32.2,31.6,low,101.25,4.11,999,92.68,44521,0,0.102,0.7875,0.3096,0.2485,0.316,0.1644,0.0,23.8807,0,0,True
2026-07-11,SUP_005,Nordvik Components,Europe,Electronics,73,11.3,0.898,27.7,29.5,31.9,low,101.16,4.11,999,92.68,44521,0,0.102,0.7875,0.3096,0.2824,0.319,0.1644,0.0,24.5329,0,0,True
2026-07-12,SUP_005,Nordvik Components,Europe,Electronics,73,11.3,0.898,26.2,28.4,41.1,medium,101.73,4.59,999,92.68,44521,0,0.102,0.7875,0.3096,0.2686,0.411,0.1836,0.0,25.8029,0,0,True
2026-07-13,SUP_005,Nordvik Components,Europe,Electronics,73,11.3,0.898,28.8,24.6,28.7,low,102.04,4.9,999,92.68,44521,0,0.102,0.7875,0.3096,0.2754,0.287,0.196,0.0,24.3381,0,0,True
2026-07-14,SUP_005,Nordvik Components,Europe,Electronics,73,11.3,0.898,23.9,25.3,18.6,low,102.42,5.27,999,92.68,44521,0,0.102,0.7875,0.3096,0.2432,0.186,0.2108,0.0,22.5221,0,0,True
2026-07-15,SUP_005,Nordvik Components,Europe,Electronics,73,11.3,0.898,26.6,36.4,18.4,low,102.07,5.27,999,92.68,44521,0,0.102,0.7875,0.3096,0.2954,0.184,0.2108,0.0,23.4337,0,0,True
2026-07-16,SUP_005,Nordvik Components,Europe,Electronics,73,11.3,0.898,21.7,29.6,27.7,low,101.53,5.26,999,92.68,44521,0,0.102,0.7875,0.3096,0.2407,0.277,0.2104,0.0,23.7463,0,0,True
2026-07-17,SUP_005,Nordvik Components,Europe,Electronics,73,11.3,0.898,26.3,24.2,14.7,low,101.23,4.9,999,92.68,44521,0,0.102,0.7875,0.3096,0.2567,0.147,0.196,0.0,22.0415,0,0,True
2026-07-18,SUP_005,Nordvik Components,Europe,Electronics,73,11.3,0.898,35.6,19.0,1.8,low,100.9,4.9,999,92.68,44521,0,0.102,0.7875,0.3096,0.3062,0.018,0.196,0.0,21.1265,0,0,True
2026-07-19,SUP_005,Nordvik Components,Europe,Electronics,73,11.3,0.898,32.4,30.5,15.2,low,101.31,4.89,999,92.68,44521,0,0.102,0.7875,0.3096,0.3183,0.152,0.1956,0.0,23.2155,0,0,True
2026-07-20,SUP_005,Nordvik Components,Europe,Electronics,73,11.3,0.898,19.8,28.7,12.1,low,101.83,4.89,999,92.68,44521,0,0.102,0.7875,0.3096,0.2247,0.121,0.1956,0.0,21.0967,0,0,True
2026-07-21,SUP_005,Nordvik Components,Europe,Electronics,73,11.3,0.898,16.9,29.5,11.7,low,101.75,4.88,999,92.68,44521,0,0.102,0.7875,0.3096,0.2068,0.117,0.1952,0.0,20.7137,0,0,True
2026-07-22,SUP_005,Nordvik Components,Europe,Electronics,73,11.3,0.898,22.9,28.2,0.0,low,102.5,4.95,999,92.68,44521,0,0.102,0.7875,0.3096,0.2449,0.0,0.198,0.0,19.7951,0,0,True
2026-07-23,SUP_005,Nordvik Components,Europe,Electronics,73,11.3,0.898,24.8,24.3,0.0,low,103.22,5.66,999,92.68,44521,0,0.102,0.7875,0.3096,0.2465,0.0,0.2264,0.0,20.1647,0,0,True
2026-07-24,SUP_005,Nordvik Components,Europe,Electronics,73,11.3,0.898,25.0,24.6,4.9,low,103.34,5.77,999,92.68,44521,0,0.102,0.7875,0.3096,0.2488,0.049,0.2308,0.0,20.9449,0,0,True
2026-07-25,SUP_005,Nordvik Components,Europe,Electronics,73,11.3,0.898,28.7,39.1,18.6,low,102.91,5.76,999,92.68,44521,0,0.102,0.7875,0.3096,0.3182,0.186,0.2304,0.0,24.1073,0,0,True
2026-07-26,SUP_005,Nordvik Components,Europe,Electronics,73,11.3,0.898,29.4,45.9,13.0,low,103.74,5.18,999,92.68,44521,0,0.102,0.7875,0.3096,0.3435,0.13,0.2072,0.0,23.5003,0,0,True
2026-07-27,SUP_005,Nordvik Components,Europe,Electronics,73,11.3,0.898,33.5,39.7,31.4,low,103.71,5.04,999,92.68,44521,0,0.102,0.7875,0.3096,0.3536,0.314,0.2016,0.0,26.1909,0,0,True
2026-07-28,SUP_005,Nordvik Components,Europe,Electronics,73,11.3,0.898,35.5,42.4,59.9,medium,103.77,5.07,999,92.68,44521,0,0.102,0.7875,0.3096,0.3757,0.599,0.2028,0.0,30.5931,0,0,True
2026-07-29,SUP_005,Nordvik Components,Europe,Electronics,73,11.3,0.898,40.1,36.9,54.0,medium,103.6,4.24,999,92.68,44521,0,0.102,0.7875,0.3096,0.3914,0.54,0.1696,0.0,29.6513,0,0,True
2026-07-30,SUP_005,Nordvik Components,Europe,Electronics,73,11.3,0.898,38.5,27.3,70.1,high,103.13,4.24,999,92.68,44521,0,0.102,0.7875,0.3096,0.3514,0.701,0.1696,0.0,31.1853,0,0,True
2026-07-31,SUP_005,Nordvik Components,Europe,Electronics,73,11.3,0.898,39.7,33.8,69.9,high,102.36,3.74,999,92.68,44521,0,0.102,0.7875,0.3096,0.3793,0.699,0.1496,0.0,31.4195,0,0,True
2026-08-01,SUP_005,Nordvik Components,Europe,Electronics,73,11.3,0.898,35.0,40.1,62.7,medium,102.69,3.74,999,92.68,44521,0,0.102,0.7875,0.3096,0.3653,0.627,0.1496,0.0,30.1595,0,0,True
2026-08-02,SUP_005,Nordvik Components,Europe,Electronics,73,11.3,0.898,29.6,44.9,60.9,medium,102.28,3.74,999,92.68,44521,0,0.102,0.7875,0.3096,0.3419,0.609,0.1496,0.0,29.4863,0,0,True
2026-08-03,SUP_005,Nordvik Components,Europe,Electronics,73,11.3,0.898,35.9,40.9,73.6,high,103.88,3.63,999,92.68,44521,0,0.102,0.7875,0.3096,0.374,0.736,0.1452,0.0,31.7893,0,0,True
2026-08-04,SUP_005,Nordvik Components,Europe,Electronics,73,11.3,0.898,34.3,39.1,47.7,medium,103.31,3.63,999,92.68,44521,0,0.102,0.7875,0.3096,0.3574,0.477,0.1452,0.0,27.8645,0,0,True
2026-08-05,SUP_005,Nordvik Components,Europe,Electronics,73,11.3,0.898,35.7,42.5,34.4,low,102.65,3.34,999,92.68,44521,0,0.102,0.7875,0.3096,0.3774,0.344,0.1336,0.0,26.2233,0,0,True
2026-08-06,SUP_005,Nordvik Components,Europe,Electronics,73,11.3,0.898,33.6,43.4,31.7,low,102.92,3.22,999,92.68,44521,0,0.102,0.7875,0.3096,0.3654,0.317,0.1288,0.0,25.5717,0,0,True
2026-08-07,SUP_005,Nordvik Components,Europe,Electronics,73,11.3,0.898,28.5,40.1,30.9,low,103.72,2.91,999,92.68,44521,0,0.102,0.7875,0.3096,0.3198,0.309,0.1164,0.0,24.4901,0,0,True
2026-08-08,SUP_005,Nordvik Components,Europe,Electronics,73,11.3,0.898,27.0,30.8,20.3,low,103.76,2.91,999,92.68,44521,0,0.102,0.7875,0.3096,0.2814,0.203,0.1164,0.0,22.3149,0,0,True
2026-08-09,SUP_005,Nordvik Components,Europe,Electronics,73,11.3,0.898,32.4,32.0,20.9,low,104.06,3.08,999,92.68,44521,0,0.102,0.7875,0.3096,0.3228,0.209,0.1232,0.0,23.2257,0,0,True
2026-08-10,SUP_005,Nordvik Components,Europe,Electronics,73,11.3,0.898,32.9,38.1,22.0,low,103.09,3.08,999,92.68,44521,0,0.102,0.7875,0.3096,0.3446,0.22,0.1232,0.0,23.7721,0,0,True
2026-08-11,SUP_005,Nordvik Components,Europe,Electronics,73,11.3,0.898,22.5,31.4,33.3,low,102.74,3.08,999,92.68,44521,0,0.102,0.7875,0.3096,0.2517,0.333,0.1232,0.0,23.6819,0,0,True
2026-08-12,SUP_005,Nordvik Components,Europe,Electronics,73,11.3,0.898,20.8,35.3,42.4,medium,102.17,3.08,999,92.68,44521,0,0.102,0.7875,0.3096,0.2515,0.424,0.1232,0.0,24.9523,0,0,True
2026-08-13,SUP_005,Nordvik Components,Europe,Electronics,73,11.3,0.898,28.9,37.0,35.0,low,101.18,3.08,999,92.68,44521,0,0.102,0.7875,0.3096,0.3133,0.35,0.1232,0.0,25.0287,0,0,True
2026-08-14,SUP_005,Nordvik Components,Europe,Electronics,73,11.3,0.898,26.2,40.6,30.5,low,101.24,3.08,999,92.68,44521,0,0.102,0.7875,0.3096,0.3052,0.305,0.1232,0.0,24.2529,0,0,True
2026-08-15,SUP_005,Nordvik Components,Europe,Electronics,73,11.3,0.898,16.5,44.4,35.3,low,100.06,3.9,999,92.68,44521,0,0.102,0.7875,0.3096,0.2487,0.353,0.156,0.0,24.3015,0,0,True
2026-08-16,SUP_005,Nordvik Components,Europe,Electronics,73,11.3,0.898,25.7,39.3,27.3,low,99.37,4.57,999,92.68,44521,0,0.102,0.7875,0.3096,0.2978,0.273,0.1828,0.0,24.3869,0,0,True
2026-08-17,SUP_005,Nordvik Components,Europe,Electronics,73,11.3,0.898,27.7,30.2,32.2,low,99.08,4.86,999,92.68,44521,0,0.102,0.7875,0.3096,0.2845,0.322,0.1944,0.0,24.9727,0,0,True
2026-08-18,SUP_005,Nordvik Components,Europe,Electronics,73,11.3,0.898,26.0,28.1,29.6,low,98.65,5.28,999,92.68,44521,0,0.102,0.7875,0.3096,0.2663,0.296,0.2112,0.0,24.4827,0,0,True
2026-08-19,SUP_005,Nordvik Components,Europe,Electronics,73,11.3,0.898,23.0,33.8,19.5,low,98.86,5.29,999,92.68,44521,0,0.102,0.7875,0.3096,0.2624,0.195,0.2116,0.0,23.0033,0,0,True
2026-08-20,SUP_005,Nordvik Components,Europe,Electronics,73,11.3,0.898,27.4,31.1,12.0,low,99.02,5.29,999,92.68,44521,0,0.102,0.7875,0.3096,0.2851,0.12,0.2116,0.0,22.3619,0,0,True
2026-08-21,SUP_005,Nordvik Components,Europe,Electronics,73,11.3,0.898,23.4,28.0,28.6,low,99.49,5.3,999,92.68,44521,0,0.102,0.7875,0.3096,0.2478,0.286,0.212,0.0,24.0193,0,0,True
2026-08-22,SUP_005,Nordvik Components,Europe,Electronics,73,11.3,0.898,28.0,19.5,26.3,low,99.88,5.3,999,92.68,44521,0,0.102,0.7875,0.3096,0.2545,0.263,0.212,0.0,23.8179,0,0,True
2026-08-23,SUP_005,Nordvik Components,Europe,Electronics,73,11.3,0.898,29.1,31.1,41.1,medium,100.48,5.31,999,92.68,44521,0,0.102,0.7875,0.3096,0.297,0.411,0.2124,0.0,26.6597,0,0,True
2026-08-24,SUP_005,Nordvik Components,Europe,Electronics,73,11.3,0.898,28.6,36.0,32.4,low,100.48,5.31,999,92.68,44521,0,0.102,0.7875,0.3096,0.3082,0.324,0.2124,0.0,25.6433,0,0,True
2026-08-25,SUP_005,Nordvik Components,Europe,Electronics,73,11.3,0.898,27.7,39.9,33.2,low,100.64,5.32,999,92.68,44521,0,0.102,0.7875,0.3096,0.3136,0.332,0.2128,0.0,25.8573,0,0,True
2026-08-26,SUP_005,Nordvik Components,Europe,Electronics,73,11.3,0.898,25.4,44.3,53.3,medium,100.91,5.32,999,92.68,44521,0,0.102,0.7875,0.3096,0.3107,0.533,0.2128,0.0,28.6191,0,0,True
2026-08-27,SUP_005,Nordvik Components,Europe,Electronics,73,11.3,0.898,29.3,45.9,36.4,low,100.98,5.33,999,92.68,44521,0,0.102,0.7875,0.3096,0.3428,0.364,0.2132,0.0,26.8357,0,0,True
2026-08-28,SUP_005,Nordvik Components,Europe,Electronics,73,11.3,0.898,23.5,43.0,16.0,low,100.77,5.33,999,92.68,44521,0,0.102,0.7875,0.3096,0.2935,0.16,0.2132,0.0,23.0923,0,0,True
2026-08-29,SUP_005,Nordvik Components,Europe,Electronics,73,11.3,0.898,15.0,40.9,30.2,low,100.6,5.34,999,92.68,44521,0,0.102,0.7875,0.3096,0.2277,0.302,0.2136,0.0,23.9007,0,0,True
2026-08-30,SUP_005,Nordvik Components,Europe,Electronics,73,11.3,0.898,18.3,37.8,21.2,low,100.17,5.34,999,92.68,44521,0,0.102,0.7875,0.3096,0.2415,0.212,0.2136,0.0,22.8891,0,0,True
2026-08-31,SUP_005,Nordvik Components,Europe,Electronics,73,11.3,0.898,21.3,51.2,22.0,low,100.39,5.34,999,92.68,44521,0,0.102,0.7875,0.3096,0.3027,0.22,0.2136,0.0,24.1027,0,0,True
2026-09-01,SUP_005,Nordvik Components,Europe,Electronics,73,11.3,0.898,23.1,51.7,17.3,low,100.34,5.35,999,92.68,44521,0,0.102,0.7875,0.3096,0.3168,0.173,0.214,0.0,23.7033,0,0,True
2026-09-02,SUP_005,Nordvik Components,Europe,Electronics,73,11.3,0.898,24.2,46.8,21.7,low,99.99,5.35,999,92.68,44521,0,0.102,0.7875,0.3096,0.3098,0.217,0.214,0.0,24.1933,0,0,True
2026-09-03,SUP_005,Nordvik Components,Europe,Electronics,73,11.3,0.898,21.8,47.5,13.7,low,99.64,5.36,999,92.68,44521,0,0.102,0.7875,0.3096,0.2951,0.137,0.2144,0.0,22.8135,0,0,True
2026-09-04,SUP_005,Nordvik Components,Europe,Electronics,73,11.3,0.898,24.9,40.3,14.9,low,99.01,5.37,999,92.68,44521,0,0.102,0.7875,0.3096,0.2952,0.149,0.2148,0.0,22.9881,0,0,True
2026-09-05,SUP_005,Nordvik Components,Europe,Electronics,73,11.3,0.898,23.7,47.4,21.6,low,99.52,5.37,999,92.68,44521,0,0.102,0.7875,0.3096,0.3081,0.216,0.2148,0.0,24.1583,0,0,True
2026-09-06,SUP_005,Nordvik Components,Europe,Electronics,73,11.3,0.898,20.5,42.1,13.1,low,99.56,5.38,999,92.68,44521,0,0.102,0.7875,0.3096,0.2698,0.131,0.2152,0.0,22.2837,0,0,True
2026-09-07,SUP_005,Nordvik Components,Europe,Electronics,73,11.3,0.898,18.7,43.6,9.6,low,99.11,5.39,999,92.68,44521,0,0.102,0.7875,0.3096,0.2617,0.096,0.2156,0.0,21.6527,0,0,True
2026-09-08,SUP_005,Nordvik Components,Europe,Electronics,73,11.3,0.898,28.1,48.0,10.2,low,99.54,4.43,999,92.68,44521,0,0.102,0.7875,0.3096,0.3407,0.102,0.1772,0.0,22.6979,0,0,True
2026-09-09,SUP_005,Nordvik Components,Europe,Electronics,73,11.3,0.898,18.4,48.0,0.7,low,99.24,4.09,999,92.68,44521,0,0.102,0.7875,0.3096,0.2728,0.007,0.1636,0.0,19.9825,0,0,True
2026-09-10,SUP_005,Nordvik Components,Europe,Electronics,73,11.3,0.898,20.7,46.6,2.9,low,98.5,3.67,999,92.68,44521,0,0.102,0.7875,0.3096,0.2847,0.029,0.1468,0.0,20.3031,0,0,True
2026-09-11,SUP_005,Nordvik Components,Europe,Electronics,73,11.3,0.898,12.3,44.9,9.5,low,99.04,2.74,999,92.68,44521,0,0.102,0.7875,0.3096,0.2208,0.095,0.1096,0.0,19.6305,0,0,True
2026-09-12,SUP_005,Nordvik Components,Europe,Electronics,73,11.3,0.898,12.7,43.1,9.7,low,98.76,2.75,999,92.68,44521,0,0.102,0.7875,0.3096,0.2182,0.097,0.11,0.0,19.6165,0,0,True
2026-09-13,SUP_005,Nordvik Components,Europe,Electronics,73,11.3,0.898,11.4,38.9,11.0,low,98.54,2.49,999,92.68,44521,0,0.102,0.7875,0.3096,0.1965,0.11,0.0996,0.0,19.2831,0,0,True
2026-09-14,SUP_005,Nordvik Components,Europe,Electronics,73,11.3,0.898,2.5,35.9,14.3,low,98.56,2.49,999,92.68,44521,0,0.102,0.7875,0.3096,0.1252,0.143,0.0996,0.0,18.4617,0,0,True
2026-09-15,SUP_005,Nordvik Components,Europe,Electronics,73,11.3,0.898,6.7,43.6,10.9,low,99.16,2.49,999,92.68,44521,0,0.102,0.7875,0.3096,0.1777,0.109,0.0996,0.0,18.9307,0,0,True
2026-09-16,SUP_005,Nordvik Components,Europe,Electronics,73,11.3,0.898,6.6,41.7,20.8,low,99.17,2.49,999,92.68,44521,0,0.102,0.7875,0.3096,0.1713,0.208,0.0996,0.0,20.2015,0,0,True
2026-09-17,SUP_005,Nordvik Components,Europe,Electronics,73,11.3,0.898,0.0,36.6,35.2,low,98.54,2.49,999,92.68,44521,0,0.102,0.7875,0.3096,0.1098,0.352,0.0996,0.0,21.1105,0,0,False
2026-09-18,SUP_005,Nordvik Components,Europe,Electronics,73,11.3,0.898,5.3,33.6,28.3,low,98.83,2.49,999,92.68,44521,0,0.102,0.7875,0.3096,0.1379,0.283,0.0996,0.0,20.6503,0,0,False
2026-09-19,SUP_005,Nordvik Components,Europe,Electronics,73,11.3,0.898,14.0,39.6,32.0,low,98.58,2.49,999,92.68,44521,0,0.102,0.7875,0.3096,0.2168,0.32,0.0996,0.0,22.5885,0,0,False
2026-09-20,SUP_005,Nordvik Components,Europe,Electronics,73,11.3,0.898,21.7,42.5,28.0,low,99.57,2.49,999,92.68,44521,0,0.102,0.7875,0.3096,0.2794,0.28,0.0996,0.0,23.1553,0,0,False
2026-09-21,SUP_005,Nordvik Components,Europe,Electronics,73,11.3,0.898,22.8,44.3,30.7,low,99.57,2.49,999,92.68,44521,0,0.102,0.7875,0.3096,0.2925,0.307,0.0996,0.0,23.7691,0,0,False
2026-09-22,SUP_005,Nordvik Components,Europe,Electronics,73,11.3,0.898,22.3,41.6,43.7,medium,98.39,2.6,999,92.68,44521,0,0.102,0.7875,0.3096,0.2809,0.437,0.104,0.0,25.4331,0,0,False
2026-09-23,SUP_005,Nordvik Components,Europe,Electronics,73,11.3,0.898,28.0,43.6,43.8,medium,98.58,2.6,999,92.68,44521,0,0.102,0.7875,0.3096,0.3268,0.438,0.104,0.0,26.2733,0,0,False
2026-06-01,SUP_006,Sahara Minerals,Africa,Raw Materials,61,7.3,0.697,72.5,25.9,38.6,low,99.98,0.0,999,51.94,31091,1,0.303,0.6375,0.2393,0.5852,0.386,0.0,0.0,30.766,0,0,True
2026-06-02,SUP_006,Sahara Minerals,Africa,Raw Materials,61,7.3,0.697,77.3,29.5,44.2,medium,99.82,0.0,999,51.94,31091,1,0.303,0.6375,0.2393,0.6296,0.442,0.0,0.0,32.3492,0,0,True
2026-06-03,SUP_006,Sahara Minerals,Africa,Raw Materials,61,7.3,0.697,82.7,29.6,31.8,low,99.39,0.0,999,51.94,31091,1,0.303,0.6375,0.2393,0.6677,0.318,0.0,0.0,31.299,0,0,True
2026-06-04,SUP_006,Sahara Minerals,Africa,Raw Materials,61,7.3,0.697,73.7,27.2,72.6,high,99.95,0.0,999,51.94,31091,1,0.303,0.6375,0.2393,0.5975,0.726,0.0,0.0,35.7474,0,0,True
2026-06-05,SUP_006,Sahara Minerals,Africa,Raw Materials,61,7.3,0.697,75.2,24.3,83.4,high,99.78,0.59,999,51.94,31091,1,0.303,0.6375,0.2393,0.5993,0.834,0.0236,0.0,37.575,0,0,True
2026-06-06,SUP_006,Sahara Minerals,Africa,Raw Materials,61,7.3,0.697,68.8,40.0,85.9,high,99.69,0.59,999,51.94,31091,1,0.303,0.6375,0.2393,0.6016,0.859,0.0236,0.0,37.9664,0,0,True
2026-06-07,SUP_006,Sahara Minerals,Africa,Raw Materials,61,7.3,0.697,67.8,37.8,84.6,high,99.49,0.59,999,51.94,31091,1,0.303,0.6375,0.2393,0.588,0.846,0.0236,0.0,37.5396,0,0,True
2026-06-08,SUP_006,Sahara Minerals,Africa,Raw Materials,61,7.3,0.697,59.8,29.7,81.4,high,98.49,1.5,999,51.94,31091,1,0.303,0.6375,0.2393,0.5077,0.814,0.06,0.0,36.083,0,0,True
2026-06-09,SUP_006,Sahara Minerals,Africa,Raw Materials,61,7.3,0.697,56.0,26.8,72.2,high,97.89,2.1,999,51.94,31091,1,0.303,0.6375,0.2393,0.4724,0.722,0.084,0.0,34.4476,0,0,True
2026-06-10,SUP_006,Sahara Minerals,Africa,Raw Materials,61,7.3,0.697,52.7,27.8,72.3,high,98.4,2.1,999,51.94,31091,1,0.303,0.6375,0.2393,0.4523,0.723,0.084,0.0,34.0998,0,0,True
2026-06-11,SUP_006,Sahara Minerals,Africa,Raw Materials,61,7.3,0.697,57.3,31.8,49.3,medium,97.29,2.71,999,51.94,31091,1,0.303,0.6375,0.2393,0.4965,0.493,0.1084,0.0,31.9682,0,0,True
2026-06-12,SUP_006,Sahara Minerals,Africa,Raw Materials,61,7.3,0.697,60.7,35.2,45.9,medium,96.89,3.12,999,51.94,31091,1,0.303,0.6375,0.2393,0.5305,0.459,0.1248,0.0,32.301,0,0,True
2026-06-13,SUP_006,Sahara Minerals,Africa,Raw Materials,61,7.3,0.697,61.2,38.7,36.2,low,96.68,3.34,999,51.94,31091,1,0.303,0.6375,0.2393,0.5445,0.362,0.1336,0.0,31.3006,0,0,True
2026-06-14,SUP_006,Sahara Minerals,Africa,Raw Materials,61,7.3,0.697,53.9,34.8,32.6,low,97.59,3.34,999,51.94,31091,1,0.303,0.6375,0.2393,0.4817,0.326,0.1336,0.0,29.6662,0,0,True
2026-06-15,SUP_006,Sahara Minerals,Africa,Raw Materials,61,7.3,0.697,52.6,36.6,36.3,low,98.0,3.35,999,51.94,31091,1,0.303,0.6375,0.2393,0.478,0.363,0.134,0.0,30.1224,0,0,True
2026-06-16,SUP_006,Sahara Minerals,Africa,Raw Materials,61,7.3,0.697,49.4,31.7,33.8,low,97.7,3.35,999,51.94,31091,1,0.303,0.6375,0.2393,0.4409,0.338,0.134,0.0,29.1046,0,0,True
2026-06-17,SUP_006,Sahara Minerals,Africa,Raw Materials,61,7.3,0.697,54.3,29.0,39.8,low,98.39,3.35,999,51.94,31091,1,0.303,0.6375,0.2393,0.4671,0.398,0.134,0.0,30.4162,0,0,True
2026-06-18,SUP_006,Sahara Minerals,Africa,Raw Materials,61,7.3,0.697,60.0,25.0,44.7,medium,98.0,3.35,999,51.94,31091,1,0.303,0.6375,0.2393,0.495,0.447,0.134,0.0,31.6044,0,0,True
2026-06-19,SUP_006,Sahara Minerals,Africa,Raw Materials,61,7.3,0.697,64.3,20.3,51.8,medium,98.53,3.35,999,51.94,31091,1,0.303,0.6375,0.2393,0.511,0.518,0.134,0.0,32.8864,0,0,True
2026-06-20,SUP_006,Sahara Minerals,Africa,Raw Materials,61,7.3,0.697,59.3,28.1,62.0,medium,97.82,3.35,999,51.94,31091,1,0.303,0.6375,0.2393,0.4994,0.62,0.134,0.0,34.1056,0,0,True
2026-06-21,SUP_006,Sahara Minerals,Africa,Raw Materials,61,7.3,0.697,45.7,32.7,65.7,high,98.38,3.35,999,51.94,31091,1,0.303,0.6375,0.2393,0.418,0.657,0.134,0.0,33.1584,0,0,True
2026-06-22,SUP_006,Sahara Minerals,Africa,Raw Materials,61,7.3,0.697,38.7,38.2,50.6,medium,98.17,3.35,999,51.94,31091,1,0.303,0.6375,0.2393,0.3855,0.506,0.134,0.0,30.4594,0,0,True
2026-06-23,SUP_006,Sahara Minerals,Africa,Raw Materials,61,7.3,0.697,47.9,38.0,39.6,low,97.63,3.35,999,51.94,31091,1,0.303,0.6375,0.2393,0.4493,0.396,0.134,0.0,30.0678,0,0,True
2026-06-24,SUP_006,Sahara Minerals,Africa,Raw Materials,61,7.3,0.697,47.0,41.6,39.0,low,97.51,3.35,999,51.94,31091,1,0.303,0.6375,0.2393,0.4538,0.39,0.134,0.0,30.0648,0,0,True
2026-06-25,SUP_006,Sahara Minerals,Africa,Raw Materials,61,7.3,0.697,44.7,31.3,35.1,low,97.66,3.35,999,51.94,31091,1,0.303,0.6375,0.2393,0.4068,0.351,0.134,0.0,28.6728,0,0,True
2026-06-26,SUP_006,Sahara Minerals,Africa,Raw Materials,61,7.3,0.697,54.0,36.4,25.8,low,97.4,3.36,999,51.94,31091,1,0.303,0.6375,0.2393,0.4872,0.258,0.1344,0.0,28.8228,0,1,True
2026-06-27,SUP_006,Sahara Minerals,Africa,Raw Materials,61,7.3,0.697,60.2,37.1,25.2,low,97.69,3.36,999,51.94,31091,1,0.303,0.6375,0.2393,0.5327,0.252,0.1344,0.0,29.5578,0,1,True
2026-06-28,SUP_006,Sahara Minerals,Africa,Raw Materials,61,7.3,0.697,59.5,40.1,24.5,low,97.38,3.36,999,51.94,31091,1,0.303,0.6375,0.2393,0.5368,0.245,0.1344,0.0,29.5336,0,1,True
2026-06-29,SUP_006,Sahara Minerals,Africa,Raw Materials,61,7.3,0.697,57.4,41.4,22.2,low,97.71,3.36,999,51.94,31091,1,0.303,0.6375,0.2393,0.526,0.222,0.1344,0.0,29.0172,0,1,True
2026-06-30,SUP_006,Sahara Minerals,Africa,Raw Materials,61,7.3,0.697,56.4,35.2,60.9,medium,97.94,3.36,999,51.94,31091,1,0.303,0.6375,0.2393,0.5004,0.609,0.1344,0.0,33.9744,0,1,True
2026-07-01,SUP_006,Sahara Minerals,Africa,Raw Materials,61,7.3,0.697,57.3,27.3,75.9,high,97.91,3.33,999,51.94,31091,1,0.303,0.6375,0.2393,0.483,0.759,0.1332,0.0,35.7468,0,1,True
2026-07-02,SUP_006,Sahara Minerals,Africa,Raw Materials,61,7.3,0.697,64.5,24.7,78.0,high,97.68,3.33,999,51.94,31091,1,0.303,0.6375,0.2393,0.5256,0.78,0.1332,0.0,36.8076,0,1,True
2026-07-03,SUP_006,Sahara Minerals,Africa,Raw Materials,61,7.3,0.697,65.1,29.2,100.0,high,97.76,3.34,999,51.94,31091,1,0.303,0.6375,0.2393,0.5433,1.0,0.1336,0.0,40.211,1,1,True
2026-07-04,SUP_006,Sahara Minerals,Africa,Raw Materials,61,7.3,0.697,67.0,33.7,96.4,high,98.05,3.16,1,51.94,31091,1,0.303,0.6375,0.2393,0.5701,0.964,0.1264,0.9672,55.5785,0,1,True
2026-07-05,SUP_006,Sahara Minerals,Africa,Raw Materials,61,7.3,0.697,70.8,26.7,88.9,high,99.13,3.07,2,51.94,31091,1,0.303,0.6375,0.2393,0.5757,0.889,0.1228,0.9355,54.0788,0,1,True
2026-07-06,SUP_006,Sahara Minerals,Africa,Raw Materials,61,7.3,0.697,62.9,22.8,86.0,high,99.62,3.0,3,51.94,31091,1,0.303,0.6375,0.2393,0.5087,0.86,0.12,0.9048,51.9424,1,1,True
2026-07-07,SUP_006,Sahara Minerals,Africa,Raw Materials,61,7.3,0.697,65.3,20.8,49.0,medium,100.13,3.52,1,51.94,31091,1,0.303,0.6375,0.2393,0.5195,0.49,0.1408,0.9672,48.2045,0,1,True
2026-07-08,SUP_006,Sahara Minerals,Africa,Raw Materials,61,7.3,0.697,62.3,21.1,50.8,medium,101.75,5.17,2,51.94,31091,1,0.303,0.6375,0.2393,0.4994,0.508,0.2068,0.9355,48.3794,0,1,True
2026-07-09,SUP_006,Sahara Minerals,Africa,Raw Materials,61,7.3,0.697,49.3,16.0,67.3,high,102.02,5.44,3,51.94,31091,1,0.303,0.6375,0.2393,0.3931,0.673,0.2176,0.9048,48.4148,0,1,True
2026-07-10,SUP_006,Sahara Minerals,Africa,Raw Materials,61,7.3,0.697,40.1,11.3,52.7,medium,102.27,5.68,4,51.94,31091,1,0.303,0.6375,0.2393,0.3146,0.527,0.2272,0.8752,44.5984,0,1,True
2026-07-11,SUP_006,Sahara Minerals,Africa,Raw Materials,61,7.3,0.697,37.5,10.6,57.5,medium,102.64,6.05,5,51.94,31091,1,0.303,0.6375,0.2393,0.2943,0.575,0.242,0.8465,44.6236,0,1,True
2026-07-12,SUP_006,Sahara Minerals,Africa,Raw Materials,61,7.3,0.697,42.6,14.7,55.0,medium,102.11,6.04,6,51.94,31091,1,0.303,0.6375,0.2393,0.3423,0.55,0.2416,0.8187,44.6887,1,1,True
2026-07-13,SUP_006,Sahara Minerals,Africa,Raw Materials,61,7.3,0.697,45.0,11.5,36.7,low,101.88,5.32,1,51.94,31091,1,0.303,0.6375,0.2393,0.3495,0.367,0.2128,0.9672,44.2865,0,1,True
2026-07-14,SUP_006,Sahara Minerals,Africa,Raw Materials,61,7.3,0.697,47.4,14.4,44.7,medium,101.62,5.31,2,51.94,31091,1,0.303,0.6375,0.2393,0.375,0.447,0.2124,0.9355,45.3534,0,1,True
2026-07-15,SUP_006,Sahara Minerals,Africa,Raw Materials,61,7.3,0.697,57.8,23.1,55.2,medium,101.96,5.31,3,51.94,31091,1,0.303,0.6375,0.2393,0.4739,0.552,0.2124,0.9048,48.1128,1,0,True
2026-07-16,SUP_006,Sahara Minerals,Africa,Raw Materials,61,7.3,0.697,51.3,18.0,43.5,medium,101.86,5.3,1,51.94,31091,1,0.303,0.6375,0.2393,0.4131,0.435,0.212,0.9672,46.3737,0,0,True
2026-07-17,SUP_006,Sahara Minerals,Africa,Raw Materials,61,7.3,0.697,51.8,19.5,42.5,medium,101.94,5.29,2,51.94,31091,1,0.303,0.6375,0.2393,0.4211,0.425,0.2116,0.9355,45.8656,0,1,True
2026-07-18,SUP_006,Sahara Minerals,Africa,Raw Materials,61,7.3,0.697,53.7,27.2,25.9,low,102.51,5.28,3,51.94,31091,1,0.303,0.6375,0.2393,0.4575,0.259,0.2112,0.9048,43.7012,0,1,True
2026-07-19,SUP_006,Sahara Minerals,Africa,Raw Materials,61,7.3,0.697,50.4,26.2,17.8,low,102.96,5.6,4,51.94,31091,1,0.303,0.6375,0.2393,0.4314,0.178,0.224,0.8752,41.7764,0,1,True
2026-07-20,SUP_006,Sahara Minerals,Africa,Raw Materials,61,7.3,0.697,51.2,24.5,33.0,low,102.88,5.59,5,51.94,31091,1,0.303,0.6375,0.2393,0.4319,0.33,0.2236,0.8465,43.4496,0,1,True
2026-07-21,SUP_006,Sahara Minerals,Africa,Raw Materials,61,7.3,0.697,44.2,32.2,30.5,low,102.52,5.58,6,51.94,31091,1,0.303,0.6375,0.2393,0.406,0.305,0.2232,0.8187,42.1845,0,1,True
2026-07-22,SUP_006,Sahara Minerals,Africa,Raw Materials,61,7.3,0.697,52.5,31.0,22.6,low,103.12,5.73,7,51.94,31091,1,0.303,0.6375,0.2393,0.4605,0.226,0.2292,0.7919,41.7021,0,1,True
2026-07-23,SUP_006,Sahara Minerals,Africa,Raw Materials,61,7.3,0.697,49.7,37.4,29.1,low,103.52,6.12,8,51.94,31091,1,0.303,0.6375,0.2393,0.4601,0.291,0.2448,0.7659,42.3767,0,1,True
2026-07-24,SUP_006,Sahara Minerals,Africa,Raw Materials,61,7.3,0.697,60.1,39.3,27.0,low,102.68,6.11,9,51.94,31091,1,0.303,0.6375,0.2393,0.5386,0.27,0.2444,0.7408,43.0891,1,1,True
2026-07-25,SUP_006,Sahara Minerals,Africa,Raw Materials,61,7.3,0.697,59.2,36.9,25.9,low,102.52,6.1,1,51.94,31091,1,0.303,0.6375,0.2393,0.5251,0.259,0.244,0.9672,46.3097,1,1,True
2026-07-26,SUP_006,Sahara Minerals,Africa,Raw Materials,61,7.3,0.697,63.4,39.1,36.2,low,102.61,6.09,1,51.94,31091,1,0.303,0.6375,0.2393,0.5611,0.362,0.2436,0.9672,48.3949,0,1,True
2026-07-27,SUP_006,Sahara Minerals,Africa,Raw Materials,61,7.3,0.697,61.9,40.2,26.4,low,103.01,6.08,2,51.94,31091,1,0.303,0.6375,0.2393,0.5539,0.264,0.2432,0.9355,46.3812,0,1,True
2026-07-28,SUP_006,Sahara Minerals,Africa,Raw Materials,61,7.3,0.697,60.7,44.8,21.4,low,103.49,5.77,3,51.94,31091,1,0.303,0.6375,0.2393,0.5593,0.214,0.2308,0.9048,45.1388,0,1,True
2026-07-29,SUP_006,Sahara Minerals,Africa,Raw Materials,61,7.3,0.697,57.1,40.4,27.5,low,103.64,5.87,4,51.94,31091,1,0.303,0.6375,0.2393,0.5209,0.275,0.2348,0.8752,44.875,0,1,True
2026-07-30,SUP_006,Sahara Minerals,Africa,Raw Materials,61,7.3,0.697,57.3,39.8,39.6,low,103.95,6.17,5,51.94,31091,1,0.303,0.6375,0.2393,0.5205,0.396,0.2468,0.8465,46.2468,0,1,True
2026-07-31,SUP_006,Sahara Minerals,Africa,Raw Materials,61,7.3,0.697,58.5,38.8,51.2,medium,103.98,6.18,6,51.94,31091,1,0.303,0.6375,0.2393,0.5259,0.512,0.2472,0.8187,47.5287,0,1,True
2026-08-01,SUP_006,Sahara Minerals,Africa,Raw Materials,61,7.3,0.697,54.3,41.9,42.2,medium,103.63,6.09,7,51.94,31091,1,0.303,0.6375,0.2393,0.5058,0.422,0.2436,0.7919,45.4343,1,0,True
2026-08-02,SUP_006,Sahara Minerals,Africa,Raw Materials,61,7.3,0.697,53.8,35.5,50.3,medium,103.49,5.8,1,51.94,31091,1,0.303,0.6375,0.2393,0.4831,0.503,0.232,0.9672,48.8257,0,0,True
2026-08-03,SUP_006,Sahara Minerals,Africa,Raw Materials,61,7.3,0.697,51.1,40.8,40.5,medium,103.5,4.73,2,51.94,31091,1,0.303,0.6375,0.2393,0.4801,0.405,0.1892,0.9355,46.3788,0,0,True
2026-08-04,SUP_006,Sahara Minerals,Africa,Raw Materials,61,7.3,0.697,62.6,42.4,57.3,medium,103.48,4.25,3,51.94,31091,1,0.303,0.6375,0.2393,0.5654,0.573,0.17,0.9048,49.545,0,0,True
2026-08-05,SUP_006,Sahara Minerals,Africa,Raw Materials,61,7.3,0.697,61.0,34.3,42.5,medium,102.49,3.75,4,51.94,31091,1,0.303,0.6375,0.2393,0.5299,0.425,0.15,0.8752,46.1194,0,1,True
2026-08-06,SUP_006,Sahara Minerals,Africa,Raw Materials,61,7.3,0.697,67.4,40.8,54.1,medium,102.28,2.3,5,51.94,31091,1,0.303,0.6375,0.2393,0.5942,0.541,0.092,0.8465,47.7458,0,1,True
2026-08-07,SUP_006,Sahara Minerals,Africa,Raw Materials,61,7.3,0.697,64.6,51.7,44.5,medium,102.31,2.3,6,51.94,31091,1,0.303,0.6375,0.2393,0.6073,0.445,0.092,0.8187,46.1935,0,1,True
2026-08-08,SUP_006,Sahara Minerals,Africa,Raw Materials,61,7.3,0.697,64.4,54.5,62.0,medium,102.17,2.3,7,51.94,31091,1,0.303,0.6375,0.2393,0.6143,0.62,0.092,0.7919,48.3401,0,1,True
2026-08-09,SUP_006,Sahara Minerals,Africa,Raw Materials,61,7.3,0.697,56.7,59.1,62.0,medium,102.04,2.3,8,51.94,31091,1,0.303,0.6375,0.2393,0.5742,0.62,0.092,0.7659,47.2029,0,1,True
2026-08-10,SUP_006,Sahara Minerals,Africa,Raw Materials,61,7.3,0.697,54.4,55.9,47.1,medium,102.29,2.3,9,51.94,31091,1,0.303,0.6375,0.2393,0.5485,0.471,0.092,0.7408,44.2525,0,1,True
2026-08-11,SUP_006,Sahara Minerals,Africa,Raw Materials,61,7.3,0.697,55.5,44.0,40.5,medium,101.73,2.3,10,51.94,31091,1,0.303,0.6375,0.2393,0.5205,0.405,0.092,0.7165,42.4359,0,1,True
2026-08-12,SUP_006,Sahara Minerals,Africa,Raw Materials,61,7.3,0.697,62.9,32.9,47.6,medium,100.87,3.03,11,51.94,31091,1,0.303,0.6375,0.2393,0.539,0.476,0.1212,0.693,43.7375,1,0,True
2026-08-13,SUP_006,Sahara Minerals,Africa,Raw Materials,61,7.3,0.697,62.8,34.6,55.4,medium,100.69,3.2,1,51.94,31091,1,0.303,0.6375,0.2393,0.5434,0.554,0.128,0.9672,49.3771,0,0,True
2026-08-14,SUP_006,Sahara Minerals,Africa,Raw Materials,61,7.3,0.697,68.2,31.5,50.9,medium,101.09,3.21,2,51.94,31091,1,0.303,0.6375,0.2393,0.5719,0.509,0.1284,0.9355,48.7576,0,0,True
2026-08-15,SUP_006,Sahara Minerals,Africa,Raw Materials,61,7.3,0.697,96.3,27.2,48.6,medium,101.98,3.21,3,51.94,31091,1,0.303,0.6375,0.2393,0.7557,0.486,0.1284,0.9048,51.2532,0,0,True
2026-08-16,SUP_006,Sahara Minerals,Africa,Raw Materials,61,7.3,0.697,100.0,28.1,53.5,medium,102.39,3.2,4,51.94,31091,1,0.303,0.6375,0.2393,0.7843,0.535,0.128,0.8752,51.9746,0,0,True
2026-08-17,SUP_006,Sahara Minerals,Africa,Raw Materials,61,7.3,0.697,98.7,32.4,51.3,medium,101.62,3.21,5,51.94,31091,1,0.303,0.6375,0.2393,0.7881,0.513,0.1284,0.8465,51.2808,0,0,True
2026-08-18,SUP_006,Sahara Minerals,Africa,Raw Materials,61,7.3,0.697,100.0,25.1,36.5,low,101.5,3.21,6,51.94,31091,1,0.303,0.6375,0.2393,0.7753,0.365,0.1284,0.8187,48.5343,0,0,True
2026-08-19,SUP_006,Sahara Minerals,Africa,Raw Materials,61,7.3,0.697,100.0,24.2,29.9,low,101.63,3.21,7,51.94,31091,1,0.303,0.6375,0.2393,0.7726,0.299,0.1284,0.7919,47.1323,0,0,True
2026-08-20,SUP_006,Sahara Minerals,Africa,Raw Materials,61,7.3,0.697,94.9,33.8,34.6,low,101.72,3.21,8,51.94,31091,1,0.303,0.6375,0.2393,0.7657,0.346,0.1284,0.7659,47.2507,0,1,True
2026-08-21,SUP_006,Sahara Minerals,Africa,Raw Materials,61,7.3,0.697,87.2,28.3,47.2,medium,102.01,3.21,9,51.94,31091,1,0.303,0.6375,0.2393,0.6953,0.472,0.1284,0.7408,47.3457,0,1,True
2026-08-22,SUP_006,Sahara Minerals,Africa,Raw Materials,61,7.3,0.697,97.5,33.9,60.4,medium,101.52,3.21,10,51.94,31091,1,0.303,0.6375,0.2393,0.7842,0.604,0.1284,0.7165,50.4053,0,1,True
2026-08-23,SUP_006,Sahara Minerals,Africa,Raw Materials,61,7.3,0.697,99.1,31.5,62.5,medium,101.56,3.21,11,51.94,31091,1,0.303,0.6375,0.2393,0.7882,0.625,0.1284,0.693,50.3955,0,1,True
2026-08-24,SUP_006,Sahara Minerals,Africa,Raw Materials,61,7.3,0.697,95.0,34.9,59.5,medium,101.78,3.21,12,51.94,31091,1,0.303,0.6375,0.2393,0.7697,0.595,0.1284,0.6703,49.279,0,1,True
2026-08-25,SUP_006,Sahara Minerals,Africa,Raw Materials,61,7.3,0.697,99.0,40.7,61.6,medium,102.21,3.21,13,51.94,31091,1,0.303,0.6375,0.2393,0.8151,0.616,0.1284,0.6483,50.0386,0,1,True
2026-08-26,SUP_006,Sahara Minerals,Africa,Raw Materials,61,7.3,0.697,99.7,43.7,50.0,medium,101.79,3.22,14,51.94,31091,1,0.303,0.6375,0.2393,0.829,0.5,0.1288,0.6271,48.3295,0,1,True
2026-08-27,SUP_006,Sahara Minerals,Africa,Raw Materials,61,7.3,0.697,100.0,47.2,46.1,medium,101.61,3.22,15,51.94,31091,1,0.303,0.6375,0.2393,0.8416,0.461,0.1288,0.6065,47.6813,1,0,True
2026-08-28,SUP_006,Sahara Minerals,Africa,Raw Materials,61,7.3,0.697,95.4,39.3,36.9,low,100.19,3.71,1,51.94,31091,1,0.303,0.6375,0.2393,0.7857,0.369,0.1484,0.9672,51.3933,0,0,True
2026-08-29,SUP_006,Sahara Minerals,Africa,Raw Materials,61,7.3,0.697,65.0,44.5,26.1,low,99.87,4.03,2,51.94,31091,1,0.303,0.6375,0.2393,0.5885,0.261,0.1612,0.9355,45.978,0,0,True
2026-08-30,SUP_006,Sahara Minerals,Africa,Raw Materials,61,7.3,0.697,61.3,38.6,32.7,low,99.59,3.97,3,51.94,31091,1,0.303,0.6375,0.2393,0.5449,0.327,0.1588,0.9048,45.5976,0,0,True
2026-08-31,SUP_006,Sahara Minerals,Africa,Raw Materials,61,7.3,0.697,51.0,39.4,36.2,low,99.06,4.37,4,51.94,31091,1,0.303,0.6375,0.2393,0.4752,0.362,0.1748,0.8752,44.5504,0,0,True
2026-09-01,SUP_006,Sahara Minerals,Africa,Raw Materials,61,7.3,0.697,56.6,40.1,43.5,medium,99.14,4.37,5,51.94,31091,1,0.303,0.6375,0.2393,0.5165,0.435,0.1748,0.8465,45.8568,0,0,True
2026-09-02,SUP_006,Sahara Minerals,Africa,Raw Materials,61,7.3,0.697,55.1,41.9,47.7,medium,99.11,4.36,6,51.94,31091,1,0.303,0.6375,0.2393,0.5114,0.477,0.1744,0.8187,45.9041,0,0,True
2026-09-03,SUP_006,Sahara Minerals,Africa,Raw Materials,61,7.3,0.697,58.6,42.7,48.0,medium,97.93,4.51,7,51.94,31091,1,0.303,0.6375,0.2393,0.5383,0.48,0.1804,0.7919,46.0729,0,0,True
2026-09-04,SUP_006,Sahara Minerals,Africa,Raw Materials,61,7.3,0.697,69.3,37.1,51.2,medium,98.04,4.41,8,51.94,31091,1,0.303,0.6375,0.2393,0.5964,0.512,0.1764,0.7659,47.1033,0,0,True
2026-09-05,SUP_006,Sahara Minerals,Africa,Raw Materials,61,7.3,0.697,65.4,29.6,48.0,medium,97.56,4.79,9,51.94,31091,1,0.303,0.6375,0.2393,0.5466,0.48,0.1916,0.7408,45.5395,0,0,True
2026-09-06,SUP_006,Sahara Minerals,Africa,Raw Materials,61,7.3,0.697,61.9,35.0,49.8,medium,97.81,4.79,10,51.94,31091,1,0.303,0.6375,0.2393,0.5383,0.498,0.1916,0.7165,45.2535,0,0,True
2026-09-07,SUP_006,Sahara Minerals,Africa,Raw Materials,61,7.3,0.697,61.4,36.0,40.6,medium,97.14,5.22,11,51.94,31091,1,0.303,0.6375,0.2393,0.5378,0.406,0.2088,0.693,43.7871,0,0,True
2026-09-08,SUP_006,Sahara Minerals,Africa,Raw Materials,61,7.3,0.697,65.1,41.9,43.9,medium,97.15,5.23,12,51.94,31091,1,0.303,0.6375,0.2393,0.5814,0.439,0.2092,0.6703,44.6752,0,0,True
2026-09-09,SUP_006,Sahara Minerals,Africa,Raw Materials,61,7.3,0.697,60.9,40.6,49.1,medium,97.01,5.37,13,51.94,31091,1,0.303,0.6375,0.2393,0.5481,0.491,0.2148,0.6483,44.5194,0,0,True
2026-09-10,SUP_006,Sahara Minerals,Africa,Raw Materials,61,7.3,0.697,57.0,32.4,40.6,medium,97.16,5.38,14,51.94,31091,1,0.303,0.6375,0.2393,0.4962,0.406,0.2152,0.6271,42.0599,0,0,True
2026-09-11,SUP_006,Sahara Minerals,Africa,Raw Materials,61,7.3,0.697,61.7,37.9,41.0,medium,97.23,5.38,15,51.94,31091,1,0.303,0.6375,0.2393,0.5456,0.41,0.2152,0.6065,42.6761,0,0,True
2026-09-12,SUP_006,Sahara Minerals,Africa,Raw Materials,61,7.3,0.697,62.5,35.5,34.9,low,97.1,5.39,16,51.94,31091,1,0.303,0.6375,0.2393,0.544,0.349,0.2156,0.5866,41.48,0,0,True
2026-09-13,SUP_006,Sahara Minerals,Africa,Raw Materials,61,7.3,0.697,51.7,37.2,31.3,low,96.29,6.12,17,51.94,31091,1,0.303,0.6375,0.2393,0.4735,0.313,0.2448,0.5674,39.7497,0,0,True
2026-09-14,SUP_006,Sahara Minerals,Africa,Raw Materials,61,7.3,0.697,46.4,33.5,23.1,low,95.52,6.91,18,51.94,31091,1,0.303,0.6375,0.2393,0.4253,0.231,0.2764,0.5488,37.8156,0,0,True
2026-09-15,SUP_006,Sahara Minerals,Africa,Raw Materials,61,7.3,0.697,54.8,42.4,39.0,low,95.21,7.05,19,51.94,31091,1,0.303,0.6375,0.2393,0.5108,0.39,0.282,0.5308,41.36,0,0,True
2026-09-16,SUP_006,Sahara Minerals,Africa,Raw Materials,61,7.3,0.697,56.7,36.6,49.1,medium,95.21,7.07,20,51.94,31091,1,0.303,0.6375,0.2393,0.5067,0.491,0.2828,0.5134,42.4313,0,0,True
2026-09-17,SUP_006,Sahara Minerals,Africa,Raw Materials,61,7.3,0.697,52.9,34.6,51.8,medium,94.89,7.41,21,51.94,31091,1,0.303,0.6375,0.2393,0.4741,0.518,0.2964,0.4966,42.1164,0,0,False
2026-09-18,SUP_006,Sahara Minerals,Africa,Raw Materials,61,7.3,0.697,52.4,35.2,67.1,high,95.21,7.42,22,51.94,31091,1,0.303,0.6375,0.2393,0.4724,0.671,0.2968,0.4803,43.9721,0,0,False
2026-09-19,SUP_006,Sahara Minerals,Africa,Raw Materials,61,7.3,0.697,52.8,29.5,58.6,medium,95.07,7.44,23,51.94,31091,1,0.303,0.6375,0.2393,0.4581,0.586,0.2976,0.4646,42.2824,0,0,False
2026-09-20,SUP_006,Sahara Minerals,Africa,Raw Materials,61,7.3,0.697,56.6,32.0,82.0,high,94.56,7.8,24,51.94,31091,1,0.303,0.6375,0.2393,0.4922,0.82,0.312,0.4493,46.1013,0,0,False
2026-09-21,SUP_006,Sahara Minerals,Africa,Raw Materials,61,7.3,0.697,50.0,41.0,69.4,high,94.42,7.96,25,51.94,31091,1,0.303,0.6375,0.2393,0.473,0.694,0.3184,0.4346,43.8328,0,0,False
2026-09-22,SUP_006,Sahara Minerals,Africa,Raw Materials,61,7.3,0.697,46.7,37.5,64.4,medium,94.54,7.98,26,51.94,31091,1,0.303,0.6375,0.2393,0.4394,0.644,0.3192,0.4204,42.3096,0,0,False
2026-09-23,SUP_006,Sahara Minerals,Africa,Raw Materials,61,7.3,0.697,49.3,39.2,54.6,medium,94.71,8.0,27,51.94,31091,1,0.303,0.6375,0.2393,0.4627,0.546,0.32,0.4066,41.1462,0,0,False
2026-06-01,SUP_007,Pacific Semis,East Asia,Electronics,75,17.0,0.824,58.9,46.9,60.1,medium,103.48,0.0,999,50.45,11508,0,0.176,0.8125,0.4533,0.553,0.601,0.0,0.0,34.5463,0,0,True
2026-06-02,SUP_007,Pacific Semis,East Asia,Electronics,75,17.0,0.824,53.2,41.4,54.2,medium,103.02,0.0,999,50.45,11508,0,0.176,0.8125,0.4533,0.4966,0.542,0.0,0.0,32.7051,0,0,True
2026-06-03,SUP_007,Pacific Semis,East Asia,Electronics,75,17.0,0.824,51.2,42.3,57.4,medium,103.11,0.0,999,50.45,11508,0,0.176,0.8125,0.4533,0.4853,0.574,0.0,0.0,32.9497,0,0,True
2026-06-04,SUP_007,Pacific Semis,East Asia,Electronics,75,17.0,0.824,51.8,39.8,52.0,medium,102.56,0.0,999,50.45,11508,0,0.176,0.8125,0.4533,0.482,0.52,0.0,0.0,32.1343,0,0,True
2026-06-05,SUP_007,Pacific Semis,East Asia,Electronics,75,17.0,0.824,50.2,40.8,100.0,high,101.97,1.47,999,50.45,11508,0,0.176,0.8125,0.4533,0.4738,1.0,0.0588,0.0,39.4123,0,0,True
2026-06-06,SUP_007,Pacific Semis,East Asia,Electronics,75,17.0,0.824,46.6,36.6,100.0,high,103.85,1.83,999,50.45,11508,0,0.176,0.8125,0.4533,0.436,1.0,0.0732,0.0,38.9047,0,0,True
2026-06-07,SUP_007,Pacific Semis,East Asia,Electronics,75,17.0,0.824,38.6,31.7,100.0,high,103.03,1.83,999,50.45,11508,0,0.176,0.8125,0.4533,0.3653,1.0,0.0732,0.0,37.6321,0,0,True
2026-06-08,SUP_007,Pacific Semis,East Asia,Electronics,75,17.0,0.824,36.7,37.8,100.0,high,102.45,1.83,999,50.45,11508,0,0.176,0.8125,0.4533,0.3703,1.0,0.0732,0.0,37.7221,0,0,True
2026-06-09,SUP_007,Pacific Semis,East Asia,Electronics,75,17.0,0.824,32.4,37.0,100.0,high,100.51,3.25,999,50.45,11508,0,0.176,0.8125,0.4533,0.3378,1.0,0.13,0.0,37.8187,0,0,True
2026-06-10,SUP_007,Pacific Semis,East Asia,Electronics,75,17.0,0.824,25.6,47.4,100.0,high,99.58,4.17,999,50.45,11508,0,0.176,0.8125,0.4533,0.3214,1.0,0.1668,0.0,37.9651,0,0,True
2026-06-11,SUP_007,Pacific Semis,East Asia,Electronics,75,17.0,0.824,24.3,45.8,100.0,high,97.49,6.24,999,50.45,11508,0,0.176,0.8125,0.4533,0.3075,1.0,0.2496,0.0,38.7085,0,0,True
2026-06-12,SUP_007,Pacific Semis,East Asia,Electronics,75,17.0,0.824,22.0,39.3,85.3,high,98.27,6.26,999,50.45,11508,0,0.176,0.8125,0.4533,0.2719,0.853,0.2504,0.0,36.0193,0,0,True
2026-06-13,SUP_007,Pacific Semis,East Asia,Electronics,75,17.0,0.824,27.8,45.1,46.6,medium,101.69,6.26,999,50.45,11508,0,0.176,0.8125,0.4533,0.3299,0.466,0.2504,0.0,31.6453,0,0,True
2026-06-14,SUP_007,Pacific Semis,East Asia,Electronics,75,17.0,0.824,32.8,46.9,50.9,medium,101.24,6.26,999,50.45,11508,0,0.176,0.8125,0.4533,0.3703,0.509,0.2504,0.0,32.9745,0,0,True
2026-06-15,SUP_007,Pacific Semis,East Asia,Electronics,75,17.0,0.824,29.9,48.9,36.5,low,99.2,6.27,999,50.45,11508,0,0.176,0.8125,0.4533,0.356,0.365,0.2508,0.0,30.7059,0,0,True
2026-06-16,SUP_007,Pacific Semis,East Asia,Electronics,75,17.0,0.824,30.4,53.1,32.9,low,100.3,6.27,999,50.45,11508,0,0.176,0.8125,0.4533,0.3721,0.329,0.2508,0.0,30.4917,0,0,True
2026-06-17,SUP_007,Pacific Semis,East Asia,Electronics,75,17.0,0.824,23.4,47.0,45.9,medium,99.42,6.28,999,50.45,11508,0,0.176,0.8125,0.4533,0.3048,0.459,0.2512,0.0,31.1051,0,0,True
2026-06-18,SUP_007,Pacific Semis,East Asia,Electronics,75,17.0,0.824,23.8,44.5,48.9,medium,101.0,6.28,999,50.45,11508,0,0.176,0.8125,0.4533,0.3001,0.489,0.2512,0.0,31.4405,0,0,True
2026-06-19,SUP_007,Pacific Semis,East Asia,Electronics,75,17.0,0.824,28.4,42.2,45.1,medium,100.66,6.28,999,50.45,11508,0,0.176,0.8125,0.4533,0.3254,0.451,0.2512,0.0,31.3639,0,0,True
2026-06-20,SUP_007,Pacific Semis,East Asia,Electronics,75,17.0,0.824,34.4,34.3,49.2,medium,99.89,6.29,999,50.45,11508,0,0.176,0.8125,0.4533,0.3437,0.492,0.2516,0.0,32.2721,0,0,True
2026-06-21,SUP_007,Pacific Semis,East Asia,Electronics,75,17.0,0.824,32.1,33.0,47.6,medium,99.67,6.29,999,50.45,11508,0,0.176,0.8125,0.4533,0.3237,0.476,0.2516,0.0,31.6881,0,0,True
2026-06-22,SUP_007,Pacific Semis,East Asia,Electronics,75,17.0,0.824,38.6,40.4,47.1,medium,100.6,6.29,999,50.45,11508,0,0.176,0.8125,0.4533,0.3914,0.471,0.2516,0.0,32.8367,0,0,True
2026-06-23,SUP_007,Pacific Semis,East Asia,Electronics,75,17.0,0.824,31.9,40.8,52.6,medium,100.32,6.3,999,50.45,11508,0,0.176,0.8125,0.4533,0.3457,0.526,0.252,0.0,32.7889,0,0,True
2026-06-24,SUP_007,Pacific Semis,East Asia,Electronics,75,17.0,0.824,27.5,32.8,44.0,medium,99.71,6.3,999,50.45,11508,0,0.176,0.8125,0.4533,0.2909,0.44,0.252,0.0,30.5985,0,0,True
2026-06-25,SUP_007,Pacific Semis,East Asia,Electronics,75,17.0,0.824,33.1,25.0,44.6,medium,99.47,6.3,999,50.45,11508,0,0.176,0.8125,0.4533,0.3067,0.446,0.252,0.0,30.9669,0,0,True
2026-06-26,SUP_007,Pacific Semis,East Asia,Electronics,75,17.0,0.824,42.3,35.2,41.8,medium,97.91,6.31,999,50.45,11508,0,0.176,0.8125,0.4533,0.4017,0.418,0.2524,0.0,32.2897,0,0,True
2026-06-27,SUP_007,Pacific Semis,East Asia,Electronics,75,17.0,0.824,44.6,34.7,27.9,low,98.4,6.32,999,50.45,11508,0,0.176,0.8125,0.4533,0.4163,0.279,0.2528,0.0,30.6113,0,0,True
2026-06-28,SUP_007,Pacific Semis,East Asia,Electronics,75,17.0,0.824,44.0,31.4,23.7,low,96.21,7.6,999,50.45,11508,0,0.176,0.8125,0.4533,0.4022,0.237,0.304,0.0,30.3839,0,0,True
2026-06-29,SUP_007,Pacific Semis,East Asia,Electronics,75,17.0,0.824,33.3,30.5,43.5,medium,95.67,8.15,999,50.45,11508,0,0.176,0.8125,0.4533,0.3246,0.435,0.326,0.0,32.0231,0,0,True
2026-06-30,SUP_007,Pacific Semis,East Asia,Electronics,75,17.0,0.824,25.0,23.4,47.5,medium,96.6,8.16,999,50.45,11508,0,0.176,0.8125,0.4533,0.2452,0.475,0.3264,0.0,31.1587,0,0,True
2026-07-01,SUP_007,Pacific Semis,East Asia,Electronics,75,17.0,0.824,28.2,32.6,34.6,low,96.97,8.18,999,50.45,11508,0,0.176,0.8125,0.4533,0.2952,0.346,0.3272,0.0,30.2623,0,0,True
2026-07-02,SUP_007,Pacific Semis,East Asia,Electronics,75,17.0,0.824,28.6,30.9,22.9,low,97.69,8.19,999,50.45,11508,0,0.176,0.8125,0.4533,0.2929,0.229,0.3276,0.0,28.5877,0,0,True
2026-07-03,SUP_007,Pacific Semis,East Asia,Electronics,75,17.0,0.824,25.3,38.7,27.4,low,97.61,8.21,999,50.45,11508,0,0.176,0.8125,0.4533,0.2932,0.274,0.3284,0.0,29.2327,0,0,True
2026-07-04,SUP_007,Pacific Semis,East Asia,Electronics,75,17.0,0.824,28.1,38.4,46.3,medium,99.04,8.22,999,50.45,11508,0,0.176,0.8125,0.4533,0.3119,0.463,0.3288,0.0,32.2201,0,0,True
2026-07-05,SUP_007,Pacific Semis,East Asia,Electronics,75,17.0,0.824,30.8,45.4,44.2,medium,100.17,8.22,999,50.45,11508,0,0.176,0.8125,0.4533,0.3518,0.442,0.3288,0.0,32.6443,0,0,True
2026-07-06,SUP_007,Pacific Semis,East Asia,Electronics,75,17.0,0.824,36.9,45.2,56.5,medium,100.72,7.41,999,50.45,11508,0,0.176,0.8125,0.4533,0.3939,0.565,0.2964,0.0,34.7353,0,0,True
2026-07-07,SUP_007,Pacific Semis,East Asia,Electronics,75,17.0,0.824,38.3,48.2,56.9,medium,101.85,6.82,999,50.45,11508,0,0.176,0.8125,0.4533,0.4127,0.569,0.2728,0.0,34.8465,0,0,True
2026-07-08,SUP_007,Pacific Semis,East Asia,Electronics,75,17.0,0.824,44.7,50.0,58.3,medium,102.77,7.15,999,50.45,11508,0,0.176,0.8125,0.4533,0.4629,0.583,0.286,0.0,36.1045,0,0,True
2026-07-09,SUP_007,Pacific Semis,East Asia,Electronics,75,17.0,0.824,44.3,51.0,42.6,medium,102.23,7.14,999,50.45,11508,0,0.176,0.8125,0.4533,0.4631,0.426,0.2856,0.0,33.9053,0,0,True
2026-07-10,SUP_007,Pacific Semis,East Asia,Electronics,75,17.0,0.824,43.4,50.5,51.9,medium,100.59,7.14,999,50.45,11508,0,0.176,0.8125,0.4533,0.4553,0.519,0.2856,0.0,35.0669,0,0,True
2026-07-11,SUP_007,Pacific Semis,East Asia,Electronics,75,17.0,0.824,48.3,46.9,47.1,medium,101.1,7.13,999,50.45,11508,0,0.176,0.8125,0.4533,0.4788,0.471,0.2852,0.0,34.8131,0,0,True
2026-07-12,SUP_007,Pacific Semis,East Asia,Electronics,75,17.0,0.824,42.7,55.2,54.5,medium,101.77,7.12,999,50.45,11508,0,0.176,0.8125,0.4533,0.4645,0.545,0.2848,0.0,35.5869,0,0,True
2026-07-13,SUP_007,Pacific Semis,East Asia,Electronics,75,17.0,0.824,55.9,47.4,44.6,medium,103.1,7.45,999,50.45,11508,0,0.176,0.8125,0.4533,0.5335,0.446,0.298,0.0,35.6013,0,0,True
2026-07-14,SUP_007,Pacific Semis,East Asia,Electronics,75,17.0,0.824,79.2,45.6,46.3,medium,101.96,7.45,999,50.45,11508,0,0.176,0.8125,0.4533,0.6912,0.463,0.298,0.0,38.6779,0,0,True
2026-07-15,SUP_007,Pacific Semis,East Asia,Electronics,75,17.0,0.824,79.0,44.1,49.3,medium,100.85,7.44,999,50.45,11508,0,0.176,0.8125,0.4533,0.6853,0.493,0.2976,0.0,38.9869,0,0,True
2026-07-16,SUP_007,Pacific Semis,East Asia,Electronics,75,17.0,0.824,79.5,44.8,46.8,medium,101.41,7.44,999,50.45,11508,0,0.176,0.8125,0.4533,0.6909,0.468,0.2976,0.0,38.7377,0,0,True
2026-07-17,SUP_007,Pacific Semis,East Asia,Electronics,75,17.0,0.824,86.3,41.1,50.1,medium,101.33,7.44,999,50.45,11508,0,0.176,0.8125,0.4533,0.7274,0.501,0.2976,0.0,39.8567,0,0,True
2026-07-18,SUP_007,Pacific Semis,East Asia,Electronics,75,17.0,0.824,87.0,41.8,46.3,medium,99.02,7.44,999,50.45,11508,0,0.176,0.8125,0.4533,0.7344,0.463,0.2976,0.0,39.4507,0,0,True
2026-07-19,SUP_007,Pacific Semis,East Asia,Electronics,75,17.0,0.824,76.1,39.9,40.0,low,99.48,7.44,999,50.45,11508,0,0.176,0.8125,0.4533,0.6524,0.4,0.2976,0.0,37.0927,0,0,True
2026-07-20,SUP_007,Pacific Semis,East Asia,Electronics,75,17.0,0.824,81.2,30.8,56.1,medium,97.21,7.45,999,50.45,11508,0,0.176,0.8125,0.4533,0.6608,0.561,0.298,0.0,39.5027,0,0,True
2026-07-21,SUP_007,Pacific Semis,East Asia,Electronics,75,17.0,0.824,77.3,31.5,63.0,medium,96.06,7.46,999,50.45,11508,0,0.176,0.8125,0.4533,0.6356,0.63,0.2984,0.0,40.0199,0,0,True
2026-07-22,SUP_007,Pacific Semis,East Asia,Electronics,75,17.0,0.824,76.0,26.2,51.5,medium,97.71,7.47,999,50.45,11508,0,0.176,0.8125,0.4533,0.6106,0.515,0.2988,0.0,37.9647,0,0,True
2026-07-23,SUP_007,Pacific Semis,East Asia,Electronics,75,17.0,0.824,68.4,18.4,55.1,medium,99.94,7.47,999,50.45,11508,0,0.176,0.8125,0.4533,0.534,0.551,0.2988,0.0,37.0899,0,0,True
2026-07-24,SUP_007,Pacific Semis,East Asia,Electronics,75,17.0,0.824,70.5,21.6,45.7,medium,98.46,7.47,999,50.45,11508,0,0.176,0.8125,0.4533,0.5583,0.457,0.2988,0.0,36.2113,0,0,True
2026-07-25,SUP_007,Pacific Semis,East Asia,Electronics,75,17.0,0.824,66.7,26.2,34.6,low,98.05,7.48,999,50.45,11508,0,0.176,0.8125,0.4533,0.5455,0.346,0.2992,0.0,34.4317,0,0,True
2026-07-26,SUP_007,Pacific Semis,East Asia,Electronics,75,17.0,0.824,67.0,30.3,46.8,medium,98.11,7.47,999,50.45,11508,0,0.176,0.8125,0.4533,0.5599,0.468,0.2988,0.0,36.3941,0,0,True
2026-07-27,SUP_007,Pacific Semis,East Asia,Electronics,75,17.0,0.824,65.4,34.0,30.5,low,100.28,7.47,999,50.45,11508,0,0.176,0.8125,0.4533,0.5598,0.305,0.2988,0.0,34.1103,0,0,True
2026-07-28,SUP_007,Pacific Semis,East Asia,Electronics,75,17.0,0.824,51.0,24.0,42.7,medium,99.68,7.46,999,50.45,11508,0,0.176,0.8125,0.4533,0.429,0.427,0.2984,0.0,33.4591,0,0,True
2026-07-29,SUP_007,Pacific Semis,East Asia,Electronics,75,17.0,0.824,59.0,18.4,41.0,medium,99.1,7.06,999,50.45,11508,0,0.176,0.8125,0.4533,0.4682,0.41,0.2824,0.0,33.7347,0,0,True
2026-07-30,SUP_007,Pacific Semis,East Asia,Electronics,75,17.0,0.824,56.7,31.3,40.0,medium,100.99,7.05,999,50.45,11508,0,0.176,0.8125,0.4533,0.4908,0.4,0.282,0.0,33.9967,0,0,True
2026-07-31,SUP_007,Pacific Semis,East Asia,Electronics,75,17.0,0.824,54.8,26.4,45.1,medium,100.53,7.04,999,50.45,11508,0,0.176,0.8125,0.4533,0.4628,0.451,0.2816,0.0,34.2019,0,0,True
2026-08-01,SUP_007,Pacific Semis,East Asia,Electronics,75,17.0,0.824,51.1,30.9,50.4,medium,101.42,7.03,999,50.45,11508,0,0.176,0.8125,0.4533,0.4504,0.504,0.2812,0.0,34.7159,0,0,True
2026-08-02,SUP_007,Pacific Semis,East Asia,Electronics,75,17.0,0.824,55.0,27.9,41.4,medium,99.61,7.03,999,50.45,11508,0,0.176,0.8125,0.4533,0.4687,0.414,0.2812,0.0,33.7853,0,0,True
2026-08-03,SUP_007,Pacific Semis,East Asia,Electronics,75,17.0,0.824,51.5,29.4,49.0,medium,99.4,7.03,999,50.45,11508,0,0.176,0.8125,0.4533,0.4487,0.49,0.2812,0.0,34.4893,0,0,True
2026-08-04,SUP_007,Pacific Semis,East Asia,Electronics,75,17.0,0.824,48.1,26.9,49.0,medium,97.37,7.04,999,50.45,11508,0,0.176,0.8125,0.4533,0.4174,0.49,0.2816,0.0,33.9307,0,0,True
2026-08-05,SUP_007,Pacific Semis,East Asia,Electronics,75,17.0,0.824,51.8,31.1,36.4,low,96.08,7.05,999,50.45,11508,0,0.176,0.8125,0.4533,0.4559,0.364,0.282,0.0,32.8645,0,0,True
2026-08-06,SUP_007,Pacific Semis,East Asia,Electronics,75,17.0,0.824,47.8,32.4,37.0,low,97.11,7.06,999,50.45,11508,0,0.176,0.8125,0.4533,0.4318,0.37,0.2824,0.0,32.5195,0,0,True
2026-08-07,SUP_007,Pacific Semis,East Asia,Electronics,75,17.0,0.824,46.7,30.4,51.8,medium,97.05,7.07,999,50.45,11508,0,0.176,0.8125,0.4533,0.4181,0.518,0.2828,0.0,34.3497,0,1,True
2026-08-08,SUP_007,Pacific Semis,East Asia,Electronics,75,17.0,0.824,38.5,25.6,65.6,high,96.66,7.08,999,50.45,11508,0,0.176,0.8125,0.4533,0.3463,0.656,0.2832,0.0,34.9941,0,1,True
2026-08-09,SUP_007,Pacific Semis,East Asia,Electronics,75,17.0,0.824,42.4,28.4,67.1,high,95.74,7.42,999,50.45,11508,0,0.176,0.8125,0.4533,0.382,0.671,0.2968,0.0,36.0099,0,1,True
2026-08-10,SUP_007,Pacific Semis,East Asia,Electronics,75,17.0,0.824,51.5,23.0,50.5,medium,95.47,7.7,999,50.45,11508,0,0.176,0.8125,0.4533,0.4295,0.505,0.308,0.0,34.6753,0,1,True
2026-08-11,SUP_007,Pacific Semis,East Asia,Electronics,75,17.0,0.824,53.5,27.0,53.7,medium,95.84,7.72,999,50.45,11508,0,0.176,0.8125,0.4533,0.4555,0.537,0.3088,0.0,35.6009,0,1,True
2026-08-12,SUP_007,Pacific Semis,East Asia,Electronics,75,17.0,0.824,58.7,42.1,59.4,medium,97.04,6.58,999,50.45,11508,0,0.176,0.8125,0.4533,0.5372,0.594,0.2632,0.0,37.3223,0,1,True
2026-08-13,SUP_007,Pacific Semis,East Asia,Electronics,75,17.0,0.824,52.2,48.1,62.5,medium,93.83,7.72,999,50.45,11508,0,0.176,0.8125,0.4533,0.5097,0.625,0.3088,0.0,37.8085,0,1,True
2026-08-14,SUP_007,Pacific Semis,East Asia,Electronics,75,17.0,0.824,51.8,49.9,65.4,high,92.81,8.78,999,50.45,11508,0,0.176,0.8125,0.4533,0.5123,0.654,0.3512,0.0,38.7701,1,0,True
2026-08-15,SUP_007,Pacific Semis,East Asia,Electronics,75,17.0,0.824,45.8,47.2,63.7,medium,93.01,8.8,1,50.45,11508,0,0.176,0.8125,0.4533,0.4622,0.637,0.352,0.9672,53.1154,0,0,True
2026-08-16,SUP_007,Pacific Semis,East Asia,Electronics,75,17.0,0.824,44.2,35.2,58.3,medium,92.89,8.83,2,50.45,11508,0,0.176,0.8125,0.4533,0.415,0.583,0.3532,0.9355,51.0168,0,0,True
2026-08-17,SUP_007,Pacific Semis,East Asia,Electronics,75,17.0,0.824,47.5,28.2,49.4,medium,93.38,8.84,3,50.45,11508,0,0.176,0.8125,0.4533,0.4171,0.494,0.3536,0.9048,49.3227,0,0,True
2026-08-18,SUP_007,Pacific Semis,East Asia,Electronics,75,17.0,0.824,47.2,36.0,30.7,low,93.71,8.86,4,50.45,11508,0,0.176,0.8125,0.4533,0.4384,0.307,0.3544,0.8752,46.6231,0,0,True
2026-08-19,SUP_007,Pacific Semis,East Asia,Electronics,75,17.0,0.824,39.7,31.7,37.4,low,93.33,8.87,5,50.45,11508,0,0.176,0.8125,0.4533,0.373,0.374,0.3548,0.8465,45.9296,0,0,True
2026-08-20,SUP_007,Pacific Semis,East Asia,Electronics,75,17.0,0.824,33.8,28.5,41.0,medium,92.69,9.01,6,50.45,11508,0,0.176,0.8125,0.4533,0.3221,0.41,0.3604,0.8187,45.1406,0,0,True
2026-08-21,SUP_007,Pacific Semis,East Asia,Electronics,75,17.0,0.824,28.5,28.6,47.2,medium,92.39,9.34,7,50.45,11508,0,0.176,0.8125,0.4533,0.2853,0.472,0.3736,0.7919,45.0752,0,0,True
2026-08-22,SUP_007,Pacific Semis,East Asia,Electronics,75,17.0,0.824,32.8,24.0,34.3,low,93.79,9.35,8,50.45,11508,0,0.176,0.8125,0.4533,0.3016,0.343,0.374,0.7659,43.152,0,0,True
2026-08-23,SUP_007,Pacific Semis,East Asia,Electronics,75,17.0,0.824,44.0,19.2,42.9,medium,92.9,9.37,9,50.45,11508,0,0.176,0.8125,0.4533,0.3656,0.429,0.3748,0.7408,45.1158,0,0,True
2026-08-24,SUP_007,Pacific Semis,East Asia,Electronics,75,17.0,0.824,50.2,21.3,62.5,medium,92.82,9.39,10,50.45,11508,0,0.176,0.8125,0.4533,0.4153,0.625,0.3756,0.7165,48.3754,0,0,True
2026-08-25,SUP_007,Pacific Semis,East Asia,Electronics,75,17.0,0.824,40.0,18.6,58.8,medium,93.05,9.41,11,50.45,11508,0,0.176,0.8125,0.4533,0.3358,0.588,0.3764,0.693,46.0602,0,0,True
2026-08-26,SUP_007,Pacific Semis,East Asia,Electronics,75,17.0,0.824,47.0,17.2,54.8,medium,94.95,9.42,12,50.45,11508,0,0.176,0.8125,0.4533,0.3806,0.548,0.3768,0.6703,45.9479,0,0,True
2026-08-27,SUP_007,Pacific Semis,East Asia,Electronics,75,17.0,0.824,50.7,15.7,55.2,medium,94.59,9.44,13,50.45,11508,0,0.176,0.8125,0.4533,0.402,0.552,0.3776,0.6483,46.047,0,0,True
2026-08-28,SUP_007,Pacific Semis,East Asia,Electronics,75,17.0,0.824,42.1,21.4,71.5,high,95.76,9.45,14,50.45,11508,0,0.176,0.8125,0.4533,0.3589,0.715,0.378,0.6271,47.218,0,0,True
2026-08-29,SUP_007,Pacific Semis,East Asia,Electronics,75,17.0,0.824,40.6,22.2,55.4,medium,97.27,9.46,15,50.45,11508,0,0.176,0.8125,0.4533,0.3508,0.554,0.3784,0.6065,44.494,0,1,True
2026-08-30,SUP_007,Pacific Semis,East Asia,Electronics,75,17.0,0.824,46.0,23.2,54.7,medium,97.19,9.47,16,50.45,11508,0,0.176,0.8125,0.4533,0.3916,0.547,0.3788,0.5866,44.8171,0,1,True
2026-08-31,SUP_007,Pacific Semis,East Asia,Electronics,75,17.0,0.824,48.0,28.1,44.8,medium,96.93,7.59,17,50.45,11508,0,0.176,0.8125,0.4533,0.4203,0.448,0.3036,0.5674,42.7376,0,1,True
2026-09-01,SUP_007,Pacific Semis,East Asia,Electronics,75,17.0,0.824,40.9,28.4,39.8,low,96.53,7.37,18,50.45,11508,0,0.176,0.8125,0.4533,0.3715,0.398,0.2948,0.5488,40.7559,0,1,True
2026-09-02,SUP_007,Pacific Semis,East Asia,Electronics,75,17.0,0.824,44.0,27.9,40.7,medium,96.22,5.25,19,50.45,11508,0,0.176,0.8125,0.4533,0.3917,0.407,0.21,0.5308,39.94,0,1,True
2026-09-03,SUP_007,Pacific Semis,East Asia,Electronics,75,17.0,0.824,33.5,31.5,54.2,medium,97.26,5.14,20,50.45,11508,0,0.176,0.8125,0.4533,0.329,0.542,0.2056,0.5134,40.3702,0,1,True
2026-09-04,SUP_007,Pacific Semis,East Asia,Electronics,75,17.0,0.824,33.8,35.5,68.6,high,97.54,5.42,21,50.45,11508,0,0.176,0.8125,0.4533,0.3431,0.686,0.2168,0.4966,42.5051,0,1,True
2026-09-05,SUP_007,Pacific Semis,East Asia,Electronics,75,17.0,0.824,40.4,34.7,66.8,high,97.83,5.73,22,50.45,11508,0,0.176,0.8125,0.4533,0.3869,0.668,0.2292,0.4803,42.9298,1,1,True
2026-09-06,SUP_007,Pacific Semis,East Asia,Electronics,75,17.0,0.824,40.7,35.1,57.9,medium,96.45,5.73,1,50.45,11508,0,0.176,0.8125,0.4533,0.3902,0.579,0.2292,0.9672,49.5338,0,1,True
2026-09-07,SUP_007,Pacific Semis,East Asia,Electronics,75,17.0,0.824,38.5,31.0,77.8,high,95.27,5.73,2,50.45,11508,0,0.176,0.8125,0.4533,0.3625,0.778,0.2292,0.9355,51.3138,1,1,True
2026-09-08,SUP_007,Pacific Semis,East Asia,Electronics,75,17.0,0.824,43.3,27.1,65.6,high,97.89,5.79,1,50.45,11508,0,0.176,0.8125,0.4533,0.3844,0.656,0.2316,0.9672,50.5362,0,1,True
2026-09-09,SUP_007,Pacific Semis,East Asia,Electronics,75,17.0,0.824,47.7,32.3,55.2,medium,97.67,5.78,2,50.45,11508,0,0.176,0.8125,0.4533,0.4308,0.552,0.2312,0.9355,49.4032,1,1,True
2026-09-10,SUP_007,Pacific Semis,East Asia,Electronics,75,17.0,0.824,53.1,35.1,36.2,low,96.73,5.78,1,50.45,11508,0,0.176,0.8125,0.4533,0.477,0.362,0.2312,0.9672,48.0822,0,1,True
2026-09-11,SUP_007,Pacific Semis,East Asia,Electronics,75,17.0,0.824,55.5,37.4,51.3,medium,98.48,6.4,2,50.45,11508,0,0.176,0.8125,0.4533,0.5007,0.513,0.256,0.9355,50.413,1,1,True
2026-09-12,SUP_007,Pacific Semis,East Asia,Electronics,75,17.0,0.824,58.6,38.6,58.7,medium,98.82,6.74,1,50.45,11508,0,0.176,0.8125,0.4533,0.526,0.587,0.2696,0.9672,52.575,1,0,True
2026-09-13,SUP_007,Pacific Semis,East Asia,Electronics,75,17.0,0.824,59.6,38.3,77.7,high,99.53,7.47,1,50.45,11508,0,0.176,0.8125,0.4533,0.5321,0.777,0.2988,0.9672,55.6952,0,0,True
2026-09-14,SUP_007,Pacific Semis,East Asia,Electronics,75,17.0,0.824,58.2,41.4,56.6,medium,99.36,7.46,2,50.45,11508,0,0.176,0.8125,0.4533,0.5316,0.566,0.2984,0.9355,52.22,0,0,True
2026-09-15,SUP_007,Pacific Semis,East Asia,Electronics,75,17.0,0.824,56.2,45.4,67.2,high,98.97,7.44,3,50.45,11508,0,0.176,0.8125,0.4533,0.5296,0.672,0.2976,0.9048,53.1677,0,0,True
2026-09-16,SUP_007,Pacific Semis,East Asia,Electronics,75,17.0,0.824,53.0,48.6,62.3,medium,98.76,7.43,4,50.45,11508,0,0.176,0.8125,0.4533,0.5168,0.623,0.2972,0.8752,51.7719,0,0,True
2026-09-17,SUP_007,Pacific Semis,East Asia,Electronics,75,17.0,0.824,45.6,46.1,65.5,high,97.07,7.42,5,50.45,11508,0,0.176,0.8125,0.4533,0.4575,0.655,0.2968,0.8465,50.6886,0,0,False
2026-09-18,SUP_007,Pacific Semis,East Asia,Electronics,75,17.0,0.824,40.5,51.7,45.1,medium,96.96,7.41,6,50.45,11508,0,0.176,0.8125,0.4533,0.4386,0.451,0.2964,0.8187,47.0436,0,0,False
2026-09-19,SUP_007,Pacific Semis,East Asia,Electronics,75,17.0,0.824,39.4,50.4,58.7,medium,97.33,7.4,7,50.45,11508,0,0.176,0.8125,0.4533,0.427,0.587,0.296,0.7919,48.3046,0,0,False
2026-09-20,SUP_007,Pacific Semis,East Asia,Electronics,75,17.0,0.824,40.9,51.4,62.5,medium,99.59,6.99,8,50.45,11508,0,0.176,0.8125,0.4533,0.4405,0.625,0.2796,0.7659,48.4674,0,0,False
2026-09-21,SUP_007,Pacific Semis,East Asia,Electronics,75,17.0,0.824,47.9,50.5,57.8,medium,99.7,7.09,9,50.45,11508,0,0.176,0.8125,0.4533,0.4868,0.578,0.2836,0.7408,48.289,0,0,False
2026-09-22,SUP_007,Pacific Semis,East Asia,Electronics,75,17.0,0.824,46.8,49.4,60.6,medium,96.84,7.08,10,50.45,11508,0,0.176,0.8125,0.4533,0.4758,0.606,0.2832,0.7165,48.0896,0,0,False
2026-09-23,SUP_007,Pacific Semis,East Asia,Electronics,75,17.0,0.824,50.9,43.4,49.6,medium,96.73,6.84,11,50.45,11508,0,0.176,0.8125,0.4533,0.4865,0.496,0.2736,0.693,46.2512,0,0,False
2026-06-01,SUP_008,Ganges Textiles,South Asia,Raw Materials,18,2.0,0.843,72.7,66.1,65.2,high,100.39,0.0,999,9.82,45169,1,0.157,0.1,0.2222,0.7072,0.652,0.0,0.0,28.2198,0,0,True
2026-06-02,SUP_008,Ganges Textiles,South Asia,Raw Materials,18,2.0,0.843,73.1,68.9,59.2,medium,98.14,0.0,999,9.82,45169,1,0.157,0.1,0.2222,0.7184,0.592,0.0,0.0,27.5814,0,0,True
2026-06-03,SUP_008,Ganges Textiles,South Asia,Raw Materials,18,2.0,0.843,65.5,67.3,56.7,medium,95.34,0.0,999,9.82,45169,1,0.157,0.1,0.2222,0.6604,0.567,0.0,0.0,26.1874,0,0,True
2026-06-04,SUP_008,Ganges Textiles,South Asia,Raw Materials,18,2.0,0.843,65.6,63.5,49.6,medium,95.78,0.0,999,9.82,45169,1,0.157,0.1,0.2222,0.6497,0.496,0.0,0.0,25.0008,0,0,True
2026-06-05,SUP_008,Ganges Textiles,South Asia,Raw Materials,18,2.0,0.843,59.5,67.6,42.5,medium,94.67,5.91,999,9.82,45169,1,0.157,0.1,0.2222,0.6193,0.425,0.2364,0.0,26.2964,0,0,True
2026-06-06,SUP_008,Ganges Textiles,South Asia,Raw Materials,18,2.0,0.843,51.3,65.6,36.7,low,91.94,8.8,999,9.82,45169,1,0.157,0.1,0.2222,0.5559,0.367,0.352,0.0,25.7304,0,0,True
2026-06-07,SUP_008,Ganges Textiles,South Asia,Raw Materials,18,2.0,0.843,49.2,59.7,36.3,low,92.68,8.84,999,9.82,45169,1,0.157,0.1,0.2222,0.5235,0.363,0.3536,0.0,25.1104,0,0,True
2026-06-08,SUP_008,Ganges Textiles,South Asia,Raw Materials,18,2.0,0.843,49.4,50.0,32.1,low,95.59,8.84,999,9.82,45169,1,0.157,0.1,0.2222,0.4958,0.321,0.3536,0.0,24.0238,0,0,True
2026-06-09,SUP_008,Ganges Textiles,South Asia,Raw Materials,18,2.0,0.843,40.4,48.4,24.1,low,97.49,8.82,999,9.82,45169,1,0.157,0.1,0.2222,0.428,0.241,0.3528,0.0,21.6738,0,0,True
2026-06-10,SUP_008,Ganges Textiles,South Asia,Raw Materials,18,2.0,0.843,36.0,53.4,34.6,low,97.14,8.81,999,9.82,45169,1,0.157,0.1,0.2222,0.4122,0.346,0.3524,0.0,22.8546,0,0,True
2026-06-11,SUP_008,Ganges Textiles,South Asia,Raw Materials,18,2.0,0.843,37.9,65.6,42.6,medium,97.15,8.8,999,9.82,45169,1,0.157,0.1,0.2222,0.4621,0.426,0.352,0.0,24.868,0,0,True
2026-06-12,SUP_008,Ganges Textiles,South Asia,Raw Materials,18,2.0,0.843,37.5,64.3,62.2,medium,98.37,8.78,999,9.82,45169,1,0.157,0.1,0.2222,0.4554,0.622,0.3512,0.0,27.4818,0,0,True
2026-06-13,SUP_008,Ganges Textiles,South Asia,Raw Materials,18,2.0,0.843,40.9,58.9,55.0,medium,99.91,8.76,999,9.82,45169,1,0.157,0.1,0.2222,0.463,0.55,0.3504,0.0,26.601,0,0,True
2026-06-14,SUP_008,Ganges Textiles,South Asia,Raw Materials,18,2.0,0.843,36.2,52.1,58.5,medium,99.44,8.74,999,9.82,45169,1,0.157,0.1,0.2222,0.4097,0.585,0.3496,0.0,26.122,0,0,True
2026-06-15,SUP_008,Ganges Textiles,South Asia,Raw Materials,18,2.0,0.843,41.4,55.4,61.3,medium,99.49,8.72,999,9.82,45169,1,0.157,0.1,0.2222,0.456,0.613,0.3488,0.0,27.3378,0,0,True
2026-06-16,SUP_008,Ganges Textiles,South Asia,Raw Materials,18,2.0,0.843,36.8,46.1,58.1,medium,99.9,8.7,999,9.82,45169,1,0.157,0.1,0.2222,0.3959,0.581,0.348,0.0,25.7984,0,0,True
2026-06-17,SUP_008,Ganges Textiles,South Asia,Raw Materials,18,2.0,0.843,46.2,50.3,65.0,medium,100.66,8.96,999,9.82,45169,1,0.157,0.1,0.2222,0.4743,0.65,0.3584,0.0,28.3004,0,0,True
2026-06-18,SUP_008,Ganges Textiles,South Asia,Raw Materials,18,2.0,0.843,38.4,55.3,70.4,high,100.48,8.95,999,9.82,45169,1,0.157,0.1,0.2222,0.4347,0.704,0.358,0.0,28.3388,0,0,True
2026-06-19,SUP_008,Ganges Textiles,South Asia,Raw Materials,18,2.0,0.843,34.6,57.6,70.3,high,100.31,8.93,999,9.82,45169,1,0.157,0.1,0.2222,0.415,0.703,0.3572,0.0,27.9606,0,0,True
2026-06-20,SUP_008,Ganges Textiles,South Asia,Raw Materials,18,2.0,0.843,38.6,56.0,64.9,medium,102.2,10.49,999,9.82,45169,1,0.157,0.1,0.2222,0.4382,0.649,0.4196,0.0,28.371,0,0,True
2026-06-21,SUP_008,Ganges Textiles,South Asia,Raw Materials,18,2.0,0.843,47.9,58.8,59.9,medium,103.86,12.15,999,9.82,45169,1,0.157,0.1,0.2222,0.5117,0.599,0.486,0.0,29.7908,0,0,True
2026-06-22,SUP_008,Ganges Textiles,South Asia,Raw Materials,18,2.0,0.843,49.4,59.2,46.7,medium,104.52,12.78,999,9.82,45169,1,0.157,0.1,0.2222,0.5234,0.467,0.5112,0.0,28.4558,0,0,True
2026-06-23,SUP_008,Ganges Textiles,South Asia,Raw Materials,18,2.0,0.843,51.9,54.4,42.1,medium,106.87,15.11,999,9.82,45169,1,0.157,0.1,0.2222,0.5265,0.421,0.6044,0.0,28.986,0,0,True
2026-06-24,SUP_008,Ganges Textiles,South Asia,Raw Materials,18,2.0,0.843,51.4,64.3,40.3,medium,106.34,15.06,999,9.82,45169,1,0.157,0.1,0.2222,0.5527,0.403,0.6024,0.0,29.1816,0,0,True
2026-06-25,SUP_008,Ganges Textiles,South Asia,Raw Materials,18,2.0,0.843,46.0,61.0,34.3,low,108.57,16.72,999,9.82,45169,1,0.157,0.1,0.2222,0.505,0.343,0.6688,0.0,28.2798,0,0,True
2026-06-26,SUP_008,Ganges Textiles,South Asia,Raw Materials,18,2.0,0.843,44.0,64.2,44.3,medium,109.31,17.39,999,9.82,45169,1,0.157,0.1,0.2222,0.5006,0.443,0.6956,0.0,29.9222,0,0,True
2026-06-27,SUP_008,Ganges Textiles,South Asia,Raw Materials,18,2.0,0.843,38.8,50.1,58.8,medium,113.8,21.78,999,9.82,45169,1,0.157,0.1,0.2222,0.4219,0.588,0.8712,0.0,32.6428,0,0,True
2026-06-28,SUP_008,Ganges Textiles,South Asia,Raw Materials,18,2.0,0.843,34.1,57.6,50.2,medium,112.17,21.69,999,9.82,45169,1,0.157,0.1,0.2222,0.4115,0.502,0.8676,0.0,31.2084,0,0,True
2026-06-29,SUP_008,Ganges Textiles,South Asia,Raw Materials,18,2.0,0.843,38.1,64.9,54.8,medium,111.22,21.61,999,9.82,45169,1,0.157,0.1,0.2222,0.4614,0.548,0.8644,0.0,32.7122,0,0,True
2026-06-30,SUP_008,Ganges Textiles,South Asia,Raw Materials,18,2.0,0.843,34.3,63.6,46.0,medium,111.79,21.53,999,9.82,45169,1,0.157,0.1,0.2222,0.4309,0.46,0.8612,0.0,30.8928,0,0,True
2026-07-01,SUP_008,Ganges Textiles,South Asia,Raw Materials,18,2.0,0.843,37.9,65.2,46.2,medium,112.34,21.45,999,9.82,45169,1,0.157,0.1,0.2222,0.4609,0.462,0.858,0.0,31.4224,0,0,True
2026-07-02,SUP_008,Ganges Textiles,South Asia,Raw Materials,18,2.0,0.843,33.2,66.6,79.6,high,115.01,22.51,999,9.82,45169,1,0.157,0.1,0.2222,0.4322,0.796,0.9004,0.0,36.0906,0,0,True
2026-07-03,SUP_008,Ganges Textiles,South Asia,Raw Materials,18,2.0,0.843,36.8,61.5,89.0,high,114.1,22.38,999,9.82,45169,1,0.157,0.1,0.2222,0.4421,0.89,0.8952,0.0,37.5224,0,0,True
2026-07-04,SUP_008,Ganges Textiles,South Asia,Raw Materials,18,2.0,0.843,36.2,63.4,84.1,high,115.34,22.55,999,9.82,45169,1,0.157,0.1,0.2222,0.4436,0.841,0.902,0.0,36.945,0,0,True
2026-07-05,SUP_008,Ganges Textiles,South Asia,Raw Materials,18,2.0,0.843,44.6,57.9,96.2,high,116.93,23.91,999,9.82,45169,1,0.157,0.1,0.2222,0.4859,0.962,0.9564,0.0,40.0532,0,0,True
2026-07-06,SUP_008,Ganges Textiles,South Asia,Raw Materials,18,2.0,0.843,46.7,54.3,93.6,high,117.9,23.94,999,9.82,45169,1,0.157,0.1,0.2222,0.4898,0.936,0.9576,0.0,39.7738,0,1,True
2026-07-07,SUP_008,Ganges Textiles,South Asia,Raw Materials,18,2.0,0.843,52.7,60.3,87.9,high,116.58,21.02,999,9.82,45169,1,0.157,0.1,0.2222,0.5498,0.879,0.8408,0.0,38.6542,0,1,True
2026-07-08,SUP_008,Ganges Textiles,South Asia,Raw Materials,18,2.0,0.843,48.4,64.6,78.0,high,118.51,19.99,999,9.82,45169,1,0.157,0.1,0.2222,0.5326,0.78,0.7996,0.0,36.4642,0,1,True
2026-07-09,SUP_008,Ganges Textiles,South Asia,Raw Materials,18,2.0,0.843,48.6,59.5,47.7,medium,120.2,21.42,999,9.82,45169,1,0.157,0.1,0.2222,0.5187,0.477,0.8568,0.0,32.6584,0,1,True
2026-07-10,SUP_008,Ganges Textiles,South Asia,Raw Materials,18,2.0,0.843,43.9,54.9,58.6,medium,121.02,22.0,999,9.82,45169,1,0.157,0.1,0.2222,0.472,0.586,0.88,0.0,33.6222,0,1,True
2026-07-11,SUP_008,Ganges Textiles,South Asia,Raw Materials,18,2.0,0.843,42.5,51.5,61.0,medium,121.3,20.98,999,9.82,45169,1,0.157,0.1,0.2222,0.452,0.61,0.8392,0.0,33.1086,0,1,True
2026-07-12,SUP_008,Ganges Textiles,South Asia,Raw Materials,18,2.0,0.843,42.1,55.9,81.0,high,121.61,20.14,999,9.82,45169,1,0.157,0.1,0.2222,0.4624,0.81,0.8056,0.0,35.6926,0,1,True
2026-07-13,SUP_008,Ganges Textiles,South Asia,Raw Materials,18,2.0,0.843,39.6,50.5,88.5,high,121.5,20.01,999,9.82,45169,1,0.157,0.1,0.2222,0.4287,0.885,0.8004,0.0,36.0736,1,1,True
2026-07-14,SUP_008,Ganges Textiles,South Asia,Raw Materials,18,2.0,0.843,35.1,53.1,78.0,high,122.38,20.52,1,9.82,45169,1,0.157,0.1,0.2222,0.405,0.78,0.8208,0.9672,49.8973,0,1,True
2026-07-15,SUP_008,Ganges Textiles,South Asia,Raw Materials,18,2.0,0.843,30.3,57.3,70.1,high,122.42,20.05,2,9.82,45169,1,0.157,0.1,0.2222,0.384,0.701,0.802,0.9355,47.6803,1,0,True
2026-07-16,SUP_008,Ganges Textiles,South Asia,Raw Materials,18,2.0,0.843,21.9,56.5,71.4,high,121.26,19.56,1,9.82,45169,1,0.157,0.1,0.2222,0.3228,0.714,0.7824,0.9672,47.0329,0,0,True
2026-07-17,SUP_008,Ganges Textiles,South Asia,Raw Materials,18,2.0,0.843,20.8,61.6,60.3,medium,119.82,19.45,2,9.82,45169,1,0.157,0.1,0.2222,0.3304,0.603,0.778,0.9355,45.0555,0,0,True
2026-07-18,SUP_008,Ganges Textiles,South Asia,Raw Materials,18,2.0,0.843,27.8,59.0,70.5,high,118.79,19.35,3,9.82,45169,1,0.157,0.1,0.2222,0.3716,0.705,0.774,0.9048,46.6864,0,0,True
2026-07-19,SUP_008,Ganges Textiles,South Asia,Raw Materials,18,2.0,0.843,23.3,57.3,70.7,high,119.1,17.6,4,9.82,45169,1,0.157,0.1,0.2222,0.335,0.707,0.704,0.8752,44.741,0,0,True
2026-07-20,SUP_008,Ganges Textiles,South Asia,Raw Materials,18,2.0,0.843,20.5,51.8,69.9,high,119.06,16.08,5,9.82,45169,1,0.157,0.1,0.2222,0.2989,0.699,0.6432,0.8465,42.7905,0,0,True
2026-07-21,SUP_008,Ganges Textiles,South Asia,Raw Materials,18,2.0,0.843,33.1,57.6,73.3,high,119.35,15.43,6,9.82,45169,1,0.157,0.1,0.2222,0.4045,0.733,0.6172,0.8187,44.4113,0,0,True
2026-07-22,SUP_008,Ganges Textiles,South Asia,Raw Materials,18,2.0,0.843,32.3,53.2,85.4,high,120.04,13.8,7,9.82,45169,1,0.157,0.1,0.2222,0.3857,0.854,0.552,0.7919,44.5551,0,0,True
2026-07-23,SUP_008,Ganges Textiles,South Asia,Raw Materials,18,2.0,0.843,36.2,55.3,80.2,high,119.18,13.76,8,9.82,45169,1,0.157,0.1,0.2222,0.4193,0.802,0.5504,0.7659,43.9973,0,0,True
2026-07-24,SUP_008,Ganges Textiles,South Asia,Raw Materials,18,2.0,0.843,41.0,54.9,73.6,high,121.19,11.8,9,9.82,45169,1,0.157,0.1,0.2222,0.4517,0.736,0.472,0.7408,42.3139,0,0,True
2026-07-25,SUP_008,Ganges Textiles,South Asia,Raw Materials,18,2.0,0.843,45.2,49.4,83.6,high,120.82,11.13,10,9.82,45169,1,0.157,0.1,0.2222,0.4646,0.836,0.4452,0.7165,43.2359,0,0,True
2026-07-26,SUP_008,Ganges Textiles,South Asia,Raw Materials,18,2.0,0.843,38.4,47.0,86.2,high,120.23,9.48,11,9.82,45169,1,0.157,0.1,0.2222,0.4098,0.862,0.3792,0.693,41.4457,0,0,True
2026-07-27,SUP_008,Ganges Textiles,South Asia,Raw Materials,18,2.0,0.843,38.8,55.5,76.2,high,120.89,9.46,12,9.82,45169,1,0.157,0.1,0.2222,0.4381,0.762,0.3784,0.6703,40.1819,0,0,True
2026-07-28,SUP_008,Ganges Textiles,South Asia,Raw Materials,18,2.0,0.843,32.5,56.5,71.7,high,118.37,9.44,13,9.82,45169,1,0.157,0.1,0.2222,0.397,0.717,0.3776,0.6483,38.4509,0,0,True
2026-07-29,SUP_008,Ganges Textiles,South Asia,Raw Materials,18,2.0,0.843,46.4,50.9,70.1,high,117.29,8.95,14,9.82,45169,1,0.157,0.1,0.2222,0.4775,0.701,0.358,0.6271,39.1006,0,0,True
2026-07-30,SUP_008,Ganges Textiles,South Asia,Raw Materials,18,2.0,0.843,39.1,53.2,70.4,high,118.63,8.47,15,9.82,45169,1,0.157,0.1,0.2222,0.4333,0.704,0.3388,0.6065,37.7877,0,0,True
2026-07-31,SUP_008,Ganges Textiles,South Asia,Raw Materials,18,2.0,0.843,35.4,52.7,54.7,medium,116.25,6.98,16,9.82,45169,1,0.157,0.1,0.2222,0.4059,0.547,0.2792,0.5866,34.0632,0,0,True
2026-08-01,SUP_008,Ganges Textiles,South Asia,Raw Materials,18,2.0,0.843,32.4,71.2,41.3,medium,117.78,6.98,17,9.82,45169,1,0.157,0.1,0.2222,0.4404,0.413,0.2792,0.5674,32.5004,0,0,True
2026-08-02,SUP_008,Ganges Textiles,South Asia,Raw Materials,18,2.0,0.843,27.6,70.3,37.2,low,119.86,5.93,18,9.82,45169,1,0.157,0.1,0.2222,0.4041,0.372,0.2372,0.5488,30.4714,0,0,True
2026-08-03,SUP_008,Ganges Textiles,South Asia,Raw Materials,18,2.0,0.843,37.1,66.0,33.5,low,119.35,5.16,19,9.82,45169,1,0.157,0.1,0.2222,0.4577,0.335,0.2064,0.5308,30.2607,0,0,True
2026-08-04,SUP_008,Ganges Textiles,South Asia,Raw Materials,18,2.0,0.843,50.2,71.8,33.7,low,119.75,5.16,20,9.82,45169,1,0.157,0.1,0.2222,0.5668,0.337,0.2064,0.5134,31.9741,0,0,True
2026-08-05,SUP_008,Ganges Textiles,South Asia,Raw Materials,18,2.0,0.843,47.6,59.6,45.6,medium,121.28,5.15,21,9.82,45169,1,0.157,0.1,0.2222,0.512,0.456,0.206,0.4966,32.3796,0,0,True
2026-08-06,SUP_008,Ganges Textiles,South Asia,Raw Materials,18,2.0,0.843,41.4,59.4,47.2,medium,120.64,5.14,22,9.82,45169,1,0.157,0.1,0.2222,0.468,0.472,0.2056,0.4803,31.5463,0,0,True
2026-08-07,SUP_008,Ganges Textiles,South Asia,Raw Materials,18,2.0,0.843,31.8,69.2,51.7,medium,121.83,5.14,23,9.82,45169,1,0.157,0.1,0.2222,0.4302,0.517,0.2056,0.4646,31.244,0,0,True
2026-08-08,SUP_008,Ganges Textiles,South Asia,Raw Materials,18,2.0,0.843,33.1,66.5,41.9,medium,120.91,5.14,24,9.82,45169,1,0.157,0.1,0.2222,0.4312,0.419,0.2056,0.4493,29.6463,0,0,True
2026-08-09,SUP_008,Ganges Textiles,South Asia,Raw Materials,18,2.0,0.843,33.8,55.6,41.7,medium,120.26,5.14,25,9.82,45169,1,0.157,0.1,0.2222,0.4034,0.417,0.2056,0.4346,28.8822,0,0,True
2026-08-10,SUP_008,Ganges Textiles,South Asia,Raw Materials,18,2.0,0.843,32.9,53.5,51.2,medium,119.16,5.14,26,9.82,45169,1,0.157,0.1,0.2222,0.3908,0.512,0.2056,0.4204,29.7574,0,0,True
2026-08-11,SUP_008,Ganges Textiles,South Asia,Raw Materials,18,2.0,0.843,36.2,61.4,58.4,medium,119.63,5.15,27,9.82,45169,1,0.157,0.1,0.2222,0.4376,0.584,0.206,0.4066,31.3921,0,0,True
2026-08-12,SUP_008,Ganges Textiles,South Asia,Raw Materials,18,2.0,0.843,39.8,62.4,51.6,medium,121.22,5.15,28,9.82,45169,1,0.157,0.1,0.2222,0.4658,0.516,0.206,0.3932,30.7345,0,0,True
2026-08-13,SUP_008,Ganges Textiles,South Asia,Raw Materials,18,2.0,0.843,42.6,56.9,54.7,medium,120.97,5.15,29,9.82,45169,1,0.157,0.1,0.2222,0.4689,0.547,0.206,0.3803,31.018,0,0,True
2026-08-14,SUP_008,Ganges Textiles,South Asia,Raw Materials,18,2.0,0.843,41.9,53.0,75.9,high,119.22,4.66,30,9.82,45169,1,0.157,0.1,0.2222,0.4523,0.759,0.1864,0.3679,33.2525,0,0,True
2026-08-15,SUP_008,Ganges Textiles,South Asia,Raw Materials,18,2.0,0.843,37.6,50.3,71.2,high,117.74,4.66,31,9.82,45169,1,0.157,0.1,0.2222,0.4141,0.712,0.1864,0.3558,31.7139,0,0,True
2026-08-16,SUP_008,Ganges Textiles,South Asia,Raw Materials,18,2.0,0.843,42.3,52.9,61.5,medium,118.28,4.67,32,9.82,45169,1,0.157,0.1,0.2222,0.4548,0.615,0.1868,0.3442,30.9067,0,0,True
2026-08-17,SUP_008,Ganges Textiles,South Asia,Raw Materials,18,2.0,0.843,43.2,60.3,59.0,medium,120.81,4.66,33,9.82,45169,1,0.157,0.1,0.2222,0.4833,0.59,0.1864,0.3329,30.8844,0,0,True
2026-08-18,SUP_008,Ganges Textiles,South Asia,Raw Materials,18,2.0,0.843,48.1,65.0,59.6,medium,121.35,4.66,34,9.82,45169,1,0.157,0.1,0.2222,0.5317,0.596,0.1864,0.322,31.665,0,0,True
2026-08-19,SUP_008,Ganges Textiles,South Asia,Raw Materials,18,2.0,0.843,51.9,65.9,57.8,medium,120.82,4.66,35,9.82,45169,1,0.157,0.1,0.2222,0.561,0.578,0.1864,0.3114,31.7715,0,0,True
2026-08-20,SUP_008,Ganges Textiles,South Asia,Raw Materials,18,2.0,0.843,44.6,57.3,57.6,medium,121.87,4.69,36,9.82,45169,1,0.157,0.1,0.2222,0.4841,0.576,0.1876,0.3012,30.2103,0,0,True
2026-08-21,SUP_008,Ganges Textiles,South Asia,Raw Materials,18,2.0,0.843,38.3,49.9,44.3,medium,121.54,4.69,37,9.82,45169,1,0.157,0.1,0.2222,0.4178,0.443,0.1876,0.2913,26.9969,0,0,True
2026-08-22,SUP_008,Ganges Textiles,South Asia,Raw Materials,18,2.0,0.843,36.1,53.5,38.8,low,121.02,4.68,38,9.82,45169,1,0.157,0.1,0.2222,0.4132,0.388,0.1872,0.2818,25.9865,0,0,True
2026-08-23,SUP_008,Ganges Textiles,South Asia,Raw Materials,18,2.0,0.843,32.9,46.6,42.2,medium,119.71,4.69,39,9.82,45169,1,0.157,0.1,0.2222,0.3701,0.422,0.1876,0.2725,25.5437,0,0,True
2026-08-24,SUP_008,Ganges Textiles,South Asia,Raw Materials,18,2.0,0.843,38.8,46.7,44.6,medium,121.64,4.69,40,9.82,45169,1,0.157,0.1,0.2222,0.4117,0.446,0.1876,0.2636,26.4856,0,0,True
2026-08-25,SUP_008,Ganges Textiles,South Asia,Raw Materials,18,2.0,0.843,41.8,49.6,42.7,medium,118.16,4.69,41,9.82,45169,1,0.157,0.1,0.2222,0.4414,0.427,0.1876,0.255,26.6159,0,0,True
2026-08-26,SUP_008,Ganges Textiles,South Asia,Raw Materials,18,2.0,0.843,48.0,44.4,44.9,medium,119.25,4.69,42,9.82,45169,1,0.157,0.1,0.2222,0.4692,0.449,0.1876,0.2466,27.2906,0,0,True
2026-08-27,SUP_008,Ganges Textiles,South Asia,Raw Materials,18,2.0,0.843,49.8,40.6,48.8,medium,118.61,4.69,43,9.82,45169,1,0.157,0.1,0.2222,0.4704,0.488,0.1876,0.2385,27.7288,0,0,True
2026-08-28,SUP_008,Ganges Textiles,South Asia,Raw Materials,18,2.0,0.843,50.6,42.2,59.3,medium,118.05,4.69,44,9.82,45169,1,0.157,0.1,0.2222,0.4808,0.593,0.1876,0.2307,29.2609,0,0,True
2026-08-29,SUP_008,Ganges Textiles,South Asia,Raw Materials,18,2.0,0.843,55.9,46.8,58.1,medium,120.37,4.69,45,9.82,45169,1,0.157,0.1,0.2222,0.5317,0.581,0.1876,0.2231,29.8881,0,0,True
2026-08-30,SUP_008,Ganges Textiles,South Asia,Raw Materials,18,2.0,0.843,56.9,53.6,61.7,medium,119.39,3.44,46,9.82,45169,1,0.157,0.1,0.2222,0.5591,0.617,0.1376,0.2158,30.1683,0,0,True
2026-08-31,SUP_008,Ganges Textiles,South Asia,Raw Materials,18,2.0,0.843,55.9,57.0,55.8,medium,118.46,3.44,47,9.82,45169,1,0.157,0.1,0.2222,0.5623,0.558,0.1376,0.2087,29.2867,0,0,True
2026-09-01,SUP_008,Ganges Textiles,South Asia,Raw Materials,18,2.0,0.843,61.7,57.1,61.6,medium,118.28,3.44,48,9.82,45169,1,0.157,0.1,0.2222,0.6032,0.616,0.1376,0.2019,30.7254,0,0,True
2026-09-02,SUP_008,Ganges Textiles,South Asia,Raw Materials,18,2.0,0.843,60.2,52.9,64.2,medium,118.85,3.44,49,9.82,45169,1,0.157,0.1,0.2222,0.5801,0.642,0.1376,0.1953,30.5677,0,0,True
2026-09-03,SUP_008,Ganges Textiles,South Asia,Raw Materials,18,2.0,0.843,56.9,47.5,70.7,high,118.24,3.44,50,9.82,45169,1,0.157,0.1,0.2222,0.5408,0.707,0.1376,0.1889,30.6678,0,0,True
2026-09-04,SUP_008,Ganges Textiles,South Asia,Raw Materials,18,2.0,0.843,51.6,46.0,74.1,high,116.09,4.83,51,9.82,45169,1,0.157,0.1,0.2222,0.4992,0.741,0.1932,0.1827,30.9632,0,0,True
2026-09-05,SUP_008,Ganges Textiles,South Asia,Raw Materials,18,2.0,0.843,54.4,49.5,75.5,high,114.9,5.83,52,9.82,45169,1,0.157,0.1,0.2222,0.5293,0.755,0.2332,0.1767,32.0851,0,0,True
2026-09-06,SUP_008,Ganges Textiles,South Asia,Raw Materials,18,2.0,0.843,59.3,52.1,70.2,high,116.66,5.84,53,9.82,45169,1,0.157,0.1,0.2222,0.5714,0.702,0.2336,0.1709,32.013,0,0,True
2026-09-07,SUP_008,Ganges Textiles,South Asia,Raw Materials,18,2.0,0.843,57.4,41.5,69.4,high,116.76,5.85,54,9.82,45169,1,0.157,0.1,0.2222,0.5263,0.694,0.234,0.1653,31.0044,0,0,True
2026-09-08,SUP_008,Ganges Textiles,South Asia,Raw Materials,18,2.0,0.843,62.2,39.4,76.4,high,117.38,5.85,55,9.82,45169,1,0.157,0.1,0.2222,0.5536,0.764,0.234,0.1599,32.3891,0,0,True
2026-09-09,SUP_008,Ganges Textiles,South Asia,Raw Materials,18,2.0,0.843,50.7,48.0,65.8,high,117.02,5.85,56,9.82,45169,1,0.157,0.1,0.2222,0.4989,0.658,0.234,0.1546,29.8366,0,0,True
2026-09-10,SUP_008,Ganges Textiles,South Asia,Raw Materials,18,2.0,0.843,50.0,49.5,58.0,medium,116.11,5.86,57,9.82,45169,1,0.157,0.1,0.2222,0.4985,0.58,0.2344,0.1496,28.6611,0,0,True
2026-09-11,SUP_008,Ganges Textiles,South Asia,Raw Materials,18,2.0,0.843,49.5,42.9,59.7,medium,118.41,5.86,58,9.82,45169,1,0.157,0.1,0.2222,0.4752,0.597,0.2344,0.1447,28.4013,0,0,True
2026-09-12,SUP_008,Ganges Textiles,South Asia,Raw Materials,18,2.0,0.843,45.9,57.1,63.1,medium,118.16,5.87,59,9.82,45169,1,0.157,0.1,0.2222,0.4926,0.631,0.2348,0.1399,29.1194,0,0,True
2026-09-13,SUP_008,Ganges Textiles,South Asia,Raw Materials,18,2.0,0.843,57.5,56.6,54.2,medium,117.55,5.87,60,9.82,45169,1,0.157,0.1,0.2222,0.5723,0.542,0.2348,0.1353,29.2346,0,0,True
2026-09-14,SUP_008,Ganges Textiles,South Asia,Raw Materials,18,2.0,0.843,55.8,58.4,54.5,medium,119.05,5.87,61,9.82,45169,1,0.157,0.1,0.2222,0.5658,0.545,0.2348,0.1309,29.0886,0,0,True
2026-09-15,SUP_008,Ganges Textiles,South Asia,Raw Materials,18,2.0,0.843,52.7,60.0,54.5,medium,118.06,5.87,62,9.82,45169,1,0.157,0.1,0.2222,0.5489,0.545,0.2348,0.1266,28.7157,0,0,True
2026-09-16,SUP_008,Ganges Textiles,South Asia,Raw Materials,18,2.0,0.843,52.1,57.3,34.8,low,117.25,5.88,63,9.82,45169,1,0.157,0.1,0.2222,0.5366,0.348,0.2352,0.1225,25.6747,0,0,True
2026-09-17,SUP_008,Ganges Textiles,South Asia,Raw Materials,18,2.0,0.843,42.0,53.1,38.6,low,117.26,5.88,64,9.82,45169,1,0.157,0.1,0.2222,0.4533,0.386,0.2352,0.1184,24.6431,0,0,False
2026-09-18,SUP_008,Ganges Textiles,South Asia,Raw Materials,18,2.0,0.843,39.3,64.6,42.0,medium,117.26,5.89,65,9.82,45169,1,0.157,0.1,0.2222,0.4689,0.42,0.2356,0.1146,25.3426,0,0,False
2026-09-19,SUP_008,Ganges Textiles,South Asia,Raw Materials,18,2.0,0.843,45.2,68.4,44.5,medium,117.62,5.7,66,9.82,45169,1,0.157,0.1,0.2222,0.5216,0.445,0.228,0.1108,26.4899,0,0,False
2026-09-20,SUP_008,Ganges Textiles,South Asia,Raw Materials,18,2.0,0.843,42.7,70.8,61.0,medium,120.48,5.7,67,9.82,45169,1,0.157,0.1,0.2222,0.5113,0.61,0.228,0.1072,28.5564,0,0,False
2026-09-21,SUP_008,Ganges Textiles,South Asia,Raw Materials,18,2.0,0.843,39.5,71.4,49.0,medium,120.95,5.7,68,9.82,45169,1,0.157,0.1,0.2222,0.4907,0.49,0.228,0.1037,26.4493,0,0,False
2026-09-22,SUP_008,Ganges Textiles,South Asia,Raw Materials,18,2.0,0.843,47.0,63.7,43.6,medium,117.68,5.71,69,9.82,45169,1,0.157,0.1,0.2222,0.5201,0.436,0.2284,0.1003,26.173,0,0,False
2026-09-23,SUP_008,Ganges Textiles,South Asia,Raw Materials,18,2.0,0.843,53.5,69.1,23.0,low,118.13,5.13,70,9.82,45169,1,0.157,0.1,0.2222,0.5818,0.23,0.2052,0.097,24.0686,0,0,False
2026-06-01,SUP_009,Rhine Precision,Europe,Machinery,39,2.3,0.892,18.3,32.0,27.4,low,100.41,0.0,999,462.99,13630,1,0.108,0.3625,0.1179,0.2241,0.274,0.0,0.0,14.8343,0,0,True
2026-06-02,SUP_009,Rhine Precision,Europe,Machinery,39,2.3,0.892,18.5,39.0,13.9,low,99.91,0.0,999,462.99,13630,1,0.108,0.3625,0.1179,0.2465,0.139,0.0,0.0,13.3475,0,0,True
2026-06-03,SUP_009,Rhine Precision,Europe,Machinery,39,2.3,0.892,19.6,39.1,14.9,low,101.75,0.0,999,462.99,13630,1,0.108,0.3625,0.1179,0.2545,0.149,0.0,0.0,13.6315,0,0,True
2026-06-04,SUP_009,Rhine Precision,Europe,Machinery,39,2.3,0.892,19.2,34.2,3.6,low,102.4,0.0,999,462.99,13630,1,0.108,0.3625,0.1179,0.237,0.036,0.0,0.0,11.7345,0,0,True
2026-06-05,SUP_009,Rhine Precision,Europe,Machinery,39,2.3,0.892,18.8,39.5,8.5,low,103.35,3.39,999,462.99,13630,1,0.108,0.3625,0.1179,0.2501,0.085,0.1356,0.0,14.2835,0,0,True
2026-06-06,SUP_009,Rhine Precision,Europe,Machinery,39,2.3,0.892,21.6,35.3,0.0,low,103.93,3.94,999,462.99,13630,1,0.108,0.3625,0.1179,0.2571,0.0,0.1576,0.0,13.4835,0,0,True
2026-06-07,SUP_009,Rhine Precision,Europe,Machinery,39,2.3,0.892,18.5,31.6,9.1,low,105.28,5.24,999,462.99,13630,1,0.108,0.3625,0.1179,0.2243,0.091,0.2096,0.0,14.7911,0,0,True
2026-06-08,SUP_009,Rhine Precision,Europe,Machinery,39,2.3,0.892,13.9,34.0,16.6,low,104.71,5.23,999,462.99,13630,1,0.108,0.3625,0.1179,0.1993,0.166,0.2092,0.0,15.3863,0,0,True
2026-06-09,SUP_009,Rhine Precision,Europe,Machinery,39,2.3,0.892,28.9,43.5,36.4,low,102.84,5.23,999,462.99,13630,1,0.108,0.3625,0.1179,0.3328,0.364,0.2092,0.0,20.5613,0,0,True
2026-06-10,SUP_009,Rhine Precision,Europe,Machinery,39,2.3,0.892,23.8,50.8,41.4,medium,102.51,5.23,999,462.99,13630,1,0.108,0.3625,0.1179,0.319,0.414,0.2092,0.0,21.0129,0,0,True
2026-06-11,SUP_009,Rhine Precision,Europe,Machinery,39,2.3,0.892,23.4,50.3,33.4,low,102.92,5.23,999,462.99,13630,1,0.108,0.3625,0.1179,0.3147,0.334,0.2092,0.0,19.8155,0,0,True
2026-06-12,SUP_009,Rhine Precision,Europe,Machinery,39,2.3,0.892,15.5,50.5,38.8,low,103.03,5.23,999,462.99,13630,1,0.108,0.3625,0.1179,0.26,0.388,0.2092,0.0,19.5869,0,0,True
2026-06-13,SUP_009,Rhine Precision,Europe,Machinery,39,2.3,0.892,16.4,52.3,22.4,low,103.23,5.22,999,462.99,13630,1,0.108,0.3625,0.1179,0.2717,0.224,0.2088,0.0,17.4967,0,0,True
2026-06-14,SUP_009,Rhine Precision,Europe,Machinery,39,2.3,0.892,12.3,43.1,14.2,low,104.2,5.22,999,462.99,13630,1,0.108,0.3625,0.1179,0.2154,0.142,0.2088,0.0,15.3353,0,0,True
2026-06-15,SUP_009,Rhine Precision,Europe,Machinery,39,2.3,0.892,11.0,45.3,20.0,low,104.48,5.21,999,462.99,13630,1,0.108,0.3625,0.1179,0.2129,0.2,0.2084,0.0,16.0975,0,0,True
2026-06-16,SUP_009,Rhine Precision,Europe,Machinery,39,2.3,0.892,17.0,39.9,1.2,low,105.06,5.21,999,462.99,13630,1,0.108,0.3625,0.1179,0.2387,0.012,0.2084,0.0,13.9299,0,0,True
2026-06-17,SUP_009,Rhine Precision,Europe,Machinery,39,2.3,0.892,19.4,40.8,6.8,low,104.37,5.2,999,462.99,13630,1,0.108,0.3625,0.1179,0.2582,0.068,0.208,0.0,15.0601,0,0,True
2026-06-18,SUP_009,Rhine Precision,Europe,Machinery,39,2.3,0.892,21.9,38.7,1.9,low,103.57,5.2,999,462.99,13630,1,0.108,0.3625,0.1179,0.2694,0.019,0.208,0.0,14.5757,0,0,True
2026-06-19,SUP_009,Rhine Precision,Europe,Machinery,39,2.3,0.892,12.9,40.8,8.6,low,104.75,5.2,999,462.99,13630,1,0.108,0.3625,0.1179,0.2127,0.086,0.208,0.0,14.4931,0,0,True
2026-06-20,SUP_009,Rhine Precision,Europe,Machinery,39,2.3,0.892,22.4,40.6,2.7,low,104.83,5.19,999,462.99,13630,1,0.108,0.3625,0.1179,0.2786,0.027,0.2076,0.0,14.8485,0,0,True
2026-06-21,SUP_009,Rhine Precision,Europe,Machinery,39,2.3,0.892,16.1,23.5,12.2,low,104.37,5.19,999,462.99,13630,1,0.108,0.3625,0.1179,0.1832,0.122,0.2076,0.0,14.4613,0,0,True
2026-06-22,SUP_009,Rhine Precision,Europe,Machinery,39,2.3,0.892,23.6,26.2,52.6,medium,103.92,5.19,999,462.99,13630,1,0.108,0.3625,0.1179,0.2438,0.526,0.2076,0.0,21.2081,0,0,True
2026-06-23,SUP_009,Rhine Precision,Europe,Machinery,39,2.3,0.892,27.6,30.9,68.0,high,103.44,5.19,999,462.99,13630,1,0.108,0.3625,0.1179,0.2859,0.68,0.2076,0.0,24.1219,0,0,True
2026-06-24,SUP_009,Rhine Precision,Europe,Machinery,39,2.3,0.892,28.9,33.9,66.5,high,102.92,5.19,999,462.99,13630,1,0.108,0.3625,0.1179,0.304,0.665,0.2076,0.0,24.2377,0,0,True
2026-06-25,SUP_009,Rhine Precision,Europe,Machinery,39,2.3,0.892,23.2,33.5,58.3,medium,101.99,5.2,999,462.99,13630,1,0.108,0.3625,0.1179,0.2629,0.583,0.208,0.0,22.3547,0,0,True
2026-06-26,SUP_009,Rhine Precision,Europe,Machinery,39,2.3,0.892,23.2,42.4,56.9,medium,100.89,5.2,999,462.99,13630,1,0.108,0.3625,0.1179,0.2896,0.569,0.208,0.0,22.6393,0,0,True
2026-06-27,SUP_009,Rhine Precision,Europe,Machinery,39,2.3,0.892,20.1,42.9,45.8,medium,100.75,5.2,999,462.99,13630,1,0.108,0.3625,0.1179,0.2694,0.458,0.208,0.0,20.7217,0,0,True
2026-06-28,SUP_009,Rhine Precision,Europe,Machinery,39,2.3,0.892,20.0,44.0,53.6,medium,100.31,5.21,999,462.99,13630,1,0.108,0.3625,0.1179,0.272,0.536,0.2084,0.0,21.8653,0,0,True
2026-06-29,SUP_009,Rhine Precision,Europe,Machinery,39,2.3,0.892,18.5,48.2,24.1,low,101.12,5.21,999,462.99,13630,1,0.108,0.3625,0.1179,0.2741,0.241,0.2084,0.0,17.7731,0,0,True
2026-06-30,SUP_009,Rhine Precision,Europe,Machinery,39,2.3,0.892,8.7,48.1,47.2,medium,101.34,5.22,999,462.99,13630,1,0.108,0.3625,0.1179,0.2052,0.472,0.2088,0.0,19.7717,0,0,True
2026-07-01,SUP_009,Rhine Precision,Europe,Machinery,39,2.3,0.892,15.5,41.4,35.9,low,101.53,5.21,999,462.99,13630,1,0.108,0.3625,0.1179,0.2327,0.359,0.2084,0.0,18.6799,0,0,True
2026-07-02,SUP_009,Rhine Precision,Europe,Machinery,39,2.3,0.892,15.5,27.6,30.7,low,100.99,4.82,999,462.99,13630,1,0.108,0.3625,0.1179,0.1913,0.307,0.1928,0.0,17.0195,0,0,True
2026-07-03,SUP_009,Rhine Precision,Europe,Machinery,39,2.3,0.892,13.5,26.2,23.9,low,100.9,4.83,999,462.99,13630,1,0.108,0.3625,0.1179,0.1731,0.239,0.1932,0.0,15.7447,0,0,True
2026-07-04,SUP_009,Rhine Precision,Europe,Machinery,39,2.3,0.892,11.5,31.5,58.1,medium,101.16,4.83,999,462.99,13630,1,0.108,0.3625,0.1179,0.175,0.581,0.1932,0.0,20.5669,0,0,True
2026-07-05,SUP_009,Rhine Precision,Europe,Machinery,39,2.3,0.892,14.2,30.2,61.4,medium,101.69,4.83,999,462.99,13630,1,0.108,0.3625,0.1179,0.19,0.614,0.1932,0.0,21.2989,0,0,True
2026-07-06,SUP_009,Rhine Precision,Europe,Machinery,39,2.3,0.892,10.5,35.1,59.8,medium,101.62,4.83,999,462.99,13630,1,0.108,0.3625,0.1179,0.1788,0.598,0.1932,0.0,20.8733,0,0,True
2026-07-07,SUP_009,Rhine Precision,Europe,Machinery,39,2.3,0.892,1.0,35.9,69.1,high,102.41,4.62,999,462.99,13630,1,0.108,0.3625,0.1179,0.1147,0.691,0.1848,0.0,20.9207,0,0,True
2026-07-08,SUP_009,Rhine Precision,Europe,Machinery,39,2.3,0.892,5.5,42.5,60.4,medium,102.41,4.63,999,462.99,13630,1,0.108,0.3625,0.1179,0.166,0.604,0.1852,0.0,20.6309,0,0,True
2026-07-09,SUP_009,Rhine Precision,Europe,Machinery,39,2.3,0.892,9.8,39.9,68.6,high,102.99,4.63,999,462.99,13630,1,0.108,0.3625,0.1179,0.1883,0.686,0.1852,0.0,22.1803,0,0,True
2026-07-10,SUP_009,Rhine Precision,Europe,Machinery,39,2.3,0.892,10.1,41.6,70.7,high,102.63,4.63,999,462.99,13630,1,0.108,0.3625,0.1179,0.1955,0.707,0.1852,0.0,22.6039,0,0,True
2026-07-11,SUP_009,Rhine Precision,Europe,Machinery,39,2.3,0.892,5.8,43.3,35.2,low,101.31,4.63,999,462.99,13630,1,0.108,0.3625,0.1179,0.1705,0.352,0.1852,0.0,17.1839,0,0,True
2026-07-12,SUP_009,Rhine Precision,Europe,Machinery,39,2.3,0.892,8.1,49.9,29.7,low,101.51,4.63,999,462.99,13630,1,0.108,0.3625,0.1179,0.2064,0.297,0.1852,0.0,17.0601,0,0,True
2026-07-13,SUP_009,Rhine Precision,Europe,Machinery,39,2.3,0.892,2.6,38.7,51.0,medium,102.04,4.63,999,462.99,13630,1,0.108,0.3625,0.1179,0.1343,0.51,0.1852,0.0,18.7443,0,0,True
2026-07-14,SUP_009,Rhine Precision,Europe,Machinery,39,2.3,0.892,0.1,35.7,37.0,low,102.46,4.64,999,462.99,13630,1,0.108,0.3625,0.1179,0.1078,0.37,0.1856,0.0,16.3121,0,0,True
2026-07-15,SUP_009,Rhine Precision,Europe,Machinery,39,2.3,0.892,0.0,40.1,36.7,low,102.77,4.64,999,462.99,13630,1,0.108,0.3625,0.1179,0.1203,0.367,0.1856,0.0,16.4951,0,0,True
2026-07-16,SUP_009,Rhine Precision,Europe,Machinery,39,2.3,0.892,6.0,47.5,26.8,low,102.51,4.42,999,462.99,13630,1,0.108,0.3625,0.1179,0.1845,0.268,0.1768,0.0,16.1591,0,0,True
2026-07-17,SUP_009,Rhine Precision,Europe,Machinery,39,2.3,0.892,6.1,46.9,42.9,medium,101.92,4.42,999,462.99,13630,1,0.108,0.3625,0.1179,0.1834,0.429,0.1768,0.0,18.3933,0,0,True
2026-07-18,SUP_009,Rhine Precision,Europe,Machinery,39,2.3,0.892,5.8,43.5,46.7,medium,102.32,4.42,999,462.99,13630,1,0.108,0.3625,0.1179,0.1711,0.467,0.1768,0.0,18.7039,0,0,True
2026-07-19,SUP_009,Rhine Precision,Europe,Machinery,39,2.3,0.892,16.9,46.3,35.0,low,102.64,4.43,999,462.99,13630,1,0.108,0.3625,0.1179,0.2572,0.35,0.1772,0.0,18.6205,0,0,True
2026-07-20,SUP_009,Rhine Precision,Europe,Machinery,39,2.3,0.892,18.7,49.1,37.2,low,102.23,3.98,999,462.99,13630,1,0.108,0.3625,0.1179,0.2782,0.372,0.1592,0.0,19.0905,0,0,True
2026-07-21,SUP_009,Rhine Precision,Europe,Machinery,39,2.3,0.892,20.2,45.1,36.5,low,103.04,3.54,999,462.99,13630,1,0.108,0.3625,0.1179,0.2767,0.365,0.1416,0.0,18.7543,0,0,True
2026-07-22,SUP_009,Rhine Precision,Europe,Machinery,39,2.3,0.892,18.1,45.3,28.9,low,102.39,3.07,999,462.99,13630,1,0.108,0.3625,0.1179,0.2626,0.289,0.1228,0.0,17.2109,0,0,True
2026-07-23,SUP_009,Rhine Precision,Europe,Machinery,39,2.3,0.892,15.3,50.0,34.9,low,101.96,2.68,999,462.99,13630,1,0.108,0.3625,0.1179,0.2571,0.349,0.1072,0.0,17.7647,0,0,True
2026-07-24,SUP_009,Rhine Precision,Europe,Machinery,39,2.3,0.892,5.3,57.7,36.1,low,103.16,2.8,999,462.99,13630,1,0.108,0.3625,0.1179,0.2102,0.361,0.112,0.0,17.1461,0,0,True
2026-07-25,SUP_009,Rhine Precision,Europe,Machinery,39,2.3,0.892,11.8,58.2,35.3,low,103.8,3.42,999,462.99,13630,1,0.108,0.3625,0.1179,0.2572,0.353,0.1368,0.0,18.1777,0,0,True
2026-07-26,SUP_009,Rhine Precision,Europe,Machinery,39,2.3,0.892,14.9,55.0,32.3,low,103.53,3.42,999,462.99,13630,1,0.108,0.3625,0.1179,0.2693,0.323,0.1368,0.0,17.9755,0,0,True
2026-07-27,SUP_009,Rhine Precision,Europe,Machinery,39,2.3,0.892,14.5,51.7,34.5,low,103.74,3.42,999,462.99,13630,1,0.108,0.3625,0.1179,0.2566,0.345,0.1368,0.0,18.0549,0,0,True
2026-07-28,SUP_009,Rhine Precision,Europe,Machinery,39,2.3,0.892,14.4,52.1,34.2,low,103.86,2.89,999,462.99,13630,1,0.108,0.3625,0.1179,0.2571,0.342,0.1156,0.0,17.7675,0,0,True
2026-07-29,SUP_009,Rhine Precision,Europe,Machinery,39,2.3,0.892,18.4,48.9,32.5,low,101.85,2.89,999,462.99,13630,1,0.108,0.3625,0.1179,0.2755,0.325,0.1156,0.0,17.8607,0,0,True
2026-07-30,SUP_009,Rhine Precision,Europe,Machinery,39,2.3,0.892,11.0,47.9,24.7,low,101.19,2.89,999,462.99,13630,1,0.108,0.3625,0.1179,0.2207,0.247,0.1156,0.0,15.7823,0,0,True
2026-07-31,SUP_009,Rhine Precision,Europe,Machinery,39,2.3,0.892,9.2,40.4,40.4,medium,101.15,2.89,999,462.99,13630,1,0.108,0.3625,0.1179,0.1856,0.404,0.1156,0.0,17.3485,0,0,True
2026-08-01,SUP_009,Rhine Precision,Europe,Machinery,39,2.3,0.892,5.2,46.4,26.9,low,100.89,2.9,999,462.99,13630,1,0.108,0.3625,0.1179,0.1756,0.269,0.116,0.0,15.2833,0,0,True
2026-08-02,SUP_009,Rhine Precision,Europe,Machinery,39,2.3,0.892,15.5,38.7,30.3,low,101.07,2.9,999,462.99,13630,1,0.108,0.3625,0.1179,0.2246,0.303,0.116,0.0,16.6413,0,0,True
2026-08-03,SUP_009,Rhine Precision,Europe,Machinery,39,2.3,0.892,20.0,35.8,26.0,low,101.9,2.9,999,462.99,13630,1,0.108,0.3625,0.1179,0.2474,0.26,0.116,0.0,16.4497,0,0,True
2026-08-04,SUP_009,Rhine Precision,Europe,Machinery,39,2.3,0.892,9.3,36.2,42.1,medium,101.66,2.9,999,462.99,13630,1,0.108,0.3625,0.1179,0.1737,0.421,0.116,0.0,17.3771,0,0,True
2026-08-05,SUP_009,Rhine Precision,Europe,Machinery,39,2.3,0.892,3.4,46.5,29.4,low,100.89,2.9,999,462.99,13630,1,0.108,0.3625,0.1179,0.1633,0.294,0.116,0.0,15.4119,0,0,True
2026-08-06,SUP_009,Rhine Precision,Europe,Machinery,39,2.3,0.892,5.0,42.6,21.5,low,101.13,2.91,999,462.99,13630,1,0.108,0.3625,0.1179,0.1628,0.215,0.1164,0.0,14.3017,0,0,True
2026-08-07,SUP_009,Rhine Precision,Europe,Machinery,39,2.3,0.892,4.7,37.9,13.4,low,100.89,2.91,999,462.99,13630,1,0.108,0.3625,0.1179,0.1466,0.134,0.1164,0.0,12.8761,0,0,True
2026-08-08,SUP_009,Rhine Precision,Europe,Machinery,39,2.3,0.892,0.4,34.6,19.3,low,100.77,3.03,999,462.99,13630,1,0.108,0.3625,0.1179,0.1066,0.193,0.1212,0.0,13.0397,0,0,True
2026-08-09,SUP_009,Rhine Precision,Europe,Machinery,39,2.3,0.892,12.3,43.4,8.0,low,100.56,3.23,999,462.99,13630,1,0.108,0.3625,0.1179,0.2163,0.08,0.1292,0.0,13.5283,0,0,True
2026-08-10,SUP_009,Rhine Precision,Europe,Machinery,39,2.3,0.892,14.6,27.3,7.8,low,102.2,3.23,999,462.99,13630,1,0.108,0.3625,0.1179,0.1841,0.078,0.1292,0.0,12.9207,0,0,True
2026-08-11,SUP_009,Rhine Precision,Europe,Machinery,39,2.3,0.892,17.4,23.2,0.0,low,100.56,3.23,999,462.99,13630,1,0.108,0.3625,0.1179,0.1914,0.0,0.1292,0.0,11.9601,0,0,True
2026-08-12,SUP_009,Rhine Precision,Europe,Machinery,39,2.3,0.892,14.2,39.3,2.6,low,100.28,3.51,999,462.99,13630,1,0.108,0.3625,0.1179,0.2173,0.026,0.1404,0.0,12.9247,0,0,True
2026-08-13,SUP_009,Rhine Precision,Europe,Machinery,39,2.3,0.892,18.2,41.8,3.6,low,100.27,3.52,999,462.99,13630,1,0.108,0.3625,0.1179,0.2528,0.036,0.1408,0.0,13.7085,0,0,True
2026-08-14,SUP_009,Rhine Precision,Europe,Machinery,39,2.3,0.892,16.3,35.0,0.0,low,99.7,4.09,999,462.99,13630,1,0.108,0.3625,0.1179,0.2191,0.0,0.1636,0.0,12.8715,0,0,True
2026-08-15,SUP_009,Rhine Precision,Europe,Machinery,39,2.3,0.892,15.2,34.7,12.7,low,100.36,4.09,999,462.99,13630,1,0.108,0.3625,0.1179,0.2105,0.127,0.1636,0.0,14.4947,0,0,True
2026-08-16,SUP_009,Rhine Precision,Europe,Machinery,39,2.3,0.892,18.6,35.1,3.6,low,100.96,4.09,999,462.99,13630,1,0.108,0.3625,0.1179,0.2355,0.036,0.1636,0.0,13.6707,0,0,True
2026-08-17,SUP_009,Rhine Precision,Europe,Machinery,39,2.3,0.892,10.8,39.6,16.4,low,100.92,4.09,999,462.99,13630,1,0.108,0.3625,0.1179,0.1944,0.164,0.1636,0.0,14.7229,0,0,True
2026-08-18,SUP_009,Rhine Precision,Europe,Machinery,39,2.3,0.892,19.4,48.6,12.0,low,100.72,4.09,999,462.99,13630,1,0.108,0.3625,0.1179,0.2816,0.12,0.1636,0.0,15.6765,0,0,True
2026-08-19,SUP_009,Rhine Precision,Europe,Machinery,39,2.3,0.892,20.1,48.6,30.1,low,100.64,4.1,999,462.99,13630,1,0.108,0.3625,0.1179,0.2865,0.301,0.164,0.0,18.3035,0,0,True
2026-08-20,SUP_009,Rhine Precision,Europe,Machinery,39,2.3,0.892,25.8,43.7,35.8,low,100.56,4.1,999,462.99,13630,1,0.108,0.3625,0.1179,0.3117,0.358,0.164,0.0,19.5551,0,0,True
2026-08-21,SUP_009,Rhine Precision,Europe,Machinery,39,2.3,0.892,19.6,46.5,23.7,low,100.51,4.1,999,462.99,13630,1,0.108,0.3625,0.1179,0.2767,0.237,0.164,0.0,17.2311,0,0,True
2026-08-22,SUP_009,Rhine Precision,Europe,Machinery,39,2.3,0.892,14.9,41.1,15.6,low,100.37,4.11,999,462.99,13630,1,0.108,0.3625,0.1179,0.2276,0.156,0.1644,0.0,15.2181,0,0,True
2026-08-23,SUP_009,Rhine Precision,Europe,Machinery,39,2.3,0.892,9.9,34.8,23.5,low,100.55,4.11,999,462.99,13630,1,0.108,0.3625,0.1179,0.1737,0.235,0.1644,0.0,15.3539,0,0,True
2026-08-24,SUP_009,Rhine Precision,Europe,Machinery,39,2.3,0.892,29.2,25.5,21.5,low,101.1,4.11,999,462.99,13630,1,0.108,0.3625,0.1179,0.2809,0.215,0.1644,0.0,17.0035,0,0,True
2026-08-25,SUP_009,Rhine Precision,Europe,Machinery,39,2.3,0.892,30.3,18.7,20.8,low,100.21,4.12,999,462.99,13630,1,0.108,0.3625,0.1179,0.2682,0.208,0.1648,0.0,16.6817,0,0,True
2026-08-26,SUP_009,Rhine Precision,Europe,Machinery,39,2.3,0.892,28.8,16.4,33.6,low,99.44,4.38,999,462.99,13630,1,0.108,0.3625,0.1179,0.2508,0.336,0.1752,0.0,18.2853,0,0,True
2026-08-27,SUP_009,Rhine Precision,Europe,Machinery,39,2.3,0.892,24.9,13.0,24.5,low,98.16,4.01,999,462.99,13630,1,0.108,0.3625,0.1179,0.2133,0.245,0.1604,0.0,16.1587,0,0,True
2026-08-28,SUP_009,Rhine Precision,Europe,Machinery,39,2.3,0.892,20.4,18.0,25.5,low,98.79,4.02,999,462.99,13630,1,0.108,0.3625,0.1179,0.1968,0.255,0.1608,0.0,16.0065,0,0,True
2026-08-29,SUP_009,Rhine Precision,Europe,Machinery,39,2.3,0.892,22.3,14.2,34.2,low,98.98,4.02,999,462.99,13630,1,0.108,0.3625,0.1179,0.1987,0.342,0.1608,0.0,17.2587,0,0,True
2026-08-30,SUP_009,Rhine Precision,Europe,Machinery,39,2.3,0.892,22.0,0.8,39.4,low,99.35,4.02,999,462.99,13630,1,0.108,0.3625,0.1179,0.1564,0.394,0.1608,0.0,17.2253,0,0,True
2026-08-31,SUP_009,Rhine Precision,Europe,Machinery,39,2.3,0.892,20.7,0.4,34.3,low,98.3,4.02,999,462.99,13630,1,0.108,0.3625,0.1179,0.1461,0.343,0.1608,0.0,16.3259,0,0,True
2026-09-01,SUP_009,Rhine Precision,Europe,Machinery,39,2.3,0.892,30.2,3.1,29.3,low,99.6,4.03,999,462.99,13630,1,0.108,0.3625,0.1179,0.2207,0.293,0.1612,0.0,16.9735,0,0,True
2026-09-02,SUP_009,Rhine Precision,Europe,Machinery,39,2.3,0.892,30.5,4.7,12.1,low,99.16,4.03,999,462.99,13630,1,0.108,0.3625,0.1179,0.2276,0.121,0.1612,0.0,14.6897,0,0,True
2026-09-03,SUP_009,Rhine Precision,Europe,Machinery,39,2.3,0.892,37.1,17.2,5.6,low,99.28,4.03,999,462.99,13630,1,0.108,0.3625,0.1179,0.3113,0.056,0.1612,0.0,15.2863,0,0,True
2026-09-04,SUP_009,Rhine Precision,Europe,Machinery,39,2.3,0.892,34.3,16.7,13.4,low,99.91,4.03,999,462.99,13630,1,0.108,0.3625,0.1179,0.2902,0.134,0.1612,0.0,15.9985,0,0,True
2026-09-05,SUP_009,Rhine Precision,Europe,Machinery,39,2.3,0.892,35.5,24.1,15.0,low,99.19,4.04,999,462.99,13630,1,0.108,0.3625,0.1179,0.3208,0.15,0.1616,0.0,16.7781,0,0,True
2026-09-06,SUP_009,Rhine Precision,Europe,Machinery,39,2.3,0.892,35.2,25.6,18.2,low,98.79,4.04,999,462.99,13630,1,0.108,0.3625,0.1179,0.3232,0.182,0.1616,0.0,17.2693,0,0,True
2026-09-07,SUP_009,Rhine Precision,Europe,Machinery,39,2.3,0.892,10.2,26.8,29.5,low,98.92,4.04,999,462.99,13630,1,0.108,0.3625,0.1179,0.1518,0.295,0.1616,0.0,15.7661,0,0,True
2026-09-08,SUP_009,Rhine Precision,Europe,Machinery,39,2.3,0.892,18.1,23.6,17.4,low,101.01,4.04,999,462.99,13630,1,0.108,0.3625,0.1179,0.1975,0.174,0.1616,0.0,14.8947,0,0,True
2026-09-09,SUP_009,Rhine Precision,Europe,Machinery,39,2.3,0.892,17.5,25.0,17.1,low,101.23,3.07,999,462.99,13630,1,0.108,0.3625,0.1179,0.1975,0.171,0.1228,0.0,14.3871,0,0,True
2026-09-10,SUP_009,Rhine Precision,Europe,Machinery,39,2.3,0.892,21.1,22.5,20.8,low,102.4,4.24,999,462.99,13630,1,0.108,0.3625,0.1179,0.2152,0.208,0.1696,0.0,15.7853,0,0,True
2026-09-11,SUP_009,Rhine Precision,Europe,Machinery,39,2.3,0.892,17.1,25.3,15.4,low,103.28,5.12,999,462.99,13630,1,0.108,0.3625,0.1179,0.1956,0.154,0.2048,0.0,15.0989,0,0,True
2026-09-12,SUP_009,Rhine Precision,Europe,Machinery,39,2.3,0.892,16.4,25.5,31.0,low,103.55,5.38,999,462.99,13630,1,0.108,0.3625,0.1179,0.1913,0.31,0.2152,0.0,17.3303,0,0,True
2026-09-13,SUP_009,Rhine Precision,Europe,Machinery,39,2.3,0.892,12.6,21.9,37.9,low,102.83,5.37,999,462.99,13630,1,0.108,0.3625,0.1179,0.1539,0.379,0.2148,0.0,17.6183,0,0,True
2026-09-14,SUP_009,Rhine Precision,Europe,Machinery,39,2.3,0.892,19.2,29.1,37.4,low,103.6,5.42,999,462.99,13630,1,0.108,0.3625,0.1179,0.2217,0.374,0.2168,0.0,18.7927,0,0,True
2026-09-15,SUP_009,Rhine Precision,Europe,Machinery,39,2.3,0.892,20.5,32.2,50.9,medium,102.51,5.41,999,462.99,13630,1,0.108,0.3625,0.1179,0.2401,0.509,0.2164,0.0,21.0091,0,0,True
2026-09-16,SUP_009,Rhine Precision,Europe,Machinery,39,2.3,0.892,21.9,30.3,30.5,low,103.68,5.49,999,462.99,13630,1,0.108,0.3625,0.1179,0.2442,0.305,0.2196,0.0,18.2653,0,0,True
2026-09-17,SUP_009,Rhine Precision,Europe,Machinery,39,2.3,0.892,27.7,31.8,29.1,low,103.82,5.62,999,462.99,13630,1,0.108,0.3625,0.1179,0.2893,0.291,0.2248,0.0,18.9435,0,0,False
2026-09-18,SUP_009,Rhine Precision,Europe,Machinery,39,2.3,0.892,31.8,31.8,31.5,low,101.89,5.62,999,462.99,13630,1,0.108,0.3625,0.1179,0.318,0.315,0.2248,0.0,19.7961,0,0,False
2026-09-19,SUP_009,Rhine Precision,Europe,Machinery,39,2.3,0.892,33.3,27.7,21.4,low,101.64,5.62,999,462.99,13630,1,0.108,0.3625,0.1179,0.3162,0.214,0.2248,0.0,18.3497,0,0,False
2026-09-20,SUP_009,Rhine Precision,Europe,Machinery,39,2.3,0.892,24.3,29.2,25.1,low,102.11,5.62,999,462.99,13630,1,0.108,0.3625,0.1179,0.2577,0.251,0.2248,0.0,17.8147,0,0,False
2026-09-21,SUP_009,Rhine Precision,Europe,Machinery,39,2.3,0.892,20.0,26.8,14.8,low,101.94,5.61,999,462.99,13630,1,0.108,0.3625,0.1179,0.2204,0.148,0.2244,0.0,15.6965,0,0,False
2026-09-22,SUP_009,Rhine Precision,Europe,Machinery,39,2.3,0.892,15.0,23.0,23.7,low,102.46,5.61,999,462.99,13630,1,0.108,0.3625,0.1179,0.174,0.237,0.2244,0.0,16.1073,0,0,False
2026-09-23,SUP_009,Rhine Precision,Europe,Machinery,39,2.3,0.892,18.9,16.3,33.9,low,101.84,5.61,999,462.99,13630,1,0.108,0.3625,0.1179,0.1812,0.339,0.2244,0.0,17.6649,0,0,False
2026-06-01,SUP_010,Gulf Polymers,Middle East,Chemicals,45,14.7,0.64,50.2,51.7,14.6,low,100.04,0.0,999,23.87,72226,0,0.36,0.4375,0.6533,0.5065,0.146,0.0,0.0,29.2693,0,0,True
2026-06-02,SUP_010,Gulf Polymers,Middle East,Chemicals,45,14.7,0.64,51.7,51.1,10.7,low,99.59,0.0,999,23.87,72226,0,0.36,0.4375,0.6533,0.5152,0.107,0.0,0.0,28.8799,0,0,True
2026-06-03,SUP_010,Gulf Polymers,Middle East,Chemicals,45,14.7,0.64,53.4,46.5,7.6,low,99.6,0.0,999,23.87,72226,0,0.36,0.4375,0.6533,0.5133,0.076,0.0,0.0,28.4117,0,0,True
2026-06-04,SUP_010,Gulf Polymers,Middle East,Chemicals,45,14.7,0.64,53.0,39.8,12.4,low,99.61,0.0,999,23.87,72226,0,0.36,0.4375,0.6533,0.4904,0.124,0.0,0.0,28.6715,0,0,True
2026-06-05,SUP_010,Gulf Polymers,Middle East,Chemicals,45,14.7,0.64,60.2,36.4,22.5,low,98.96,1.08,999,23.87,72226,0,0.36,0.4375,0.6533,0.5306,0.225,0.0432,0.0,31.3275,0,0,True
2026-06-06,SUP_010,Gulf Polymers,Middle East,Chemicals,45,14.7,0.64,56.4,29.9,36.0,low,98.7,1.35,999,23.87,72226,0,0.36,0.4375,0.6533,0.4845,0.36,0.054,0.0,32.5173,0,0,True
2026-06-07,SUP_010,Gulf Polymers,Middle East,Chemicals,45,14.7,0.64,58.7,35.3,37.3,low,98.55,1.5,999,23.87,72226,0,0.36,0.4375,0.6533,0.5168,0.373,0.06,0.0,33.3527,0,0,True
2026-06-08,SUP_010,Gulf Polymers,Middle East,Chemicals,45,14.7,0.64,59.6,31.2,31.4,low,98.74,1.5,999,23.87,72226,0,0.36,0.4375,0.6533,0.5108,0.314,0.06,0.0,32.4187,0,0,True
2026-06-09,SUP_010,Gulf Polymers,Middle East,Chemicals,45,14.7,0.64,52.5,37.5,11.8,low,98.96,1.5,999,23.87,72226,0,0.36,0.4375,0.6533,0.48,0.118,0.06,0.0,29.1203,0,0,True
2026-06-10,SUP_010,Gulf Polymers,Middle East,Chemicals,45,14.7,0.64,47.7,35.0,17.0,low,98.69,1.5,999,23.87,72226,0,0.36,0.4375,0.6533,0.4389,0.17,0.06,0.0,29.1085,0,0,True
2026-06-11,SUP_010,Gulf Polymers,Middle East,Chemicals,45,14.7,0.64,49.9,29.5,20.5,low,98.91,1.5,999,23.87,72226,0,0.36,0.4375,0.6533,0.4378,0.205,0.06,0.0,29.5787,0,0,True
2026-06-12,SUP_010,Gulf Polymers,Middle East,Chemicals,45,14.7,0.64,61.1,28.1,24.5,low,98.82,1.5,999,23.87,72226,0,0.36,0.4375,0.6533,0.512,0.245,0.06,0.0,31.4743,0,0,True
2026-06-13,SUP_010,Gulf Polymers,Middle East,Chemicals,45,14.7,0.64,64.0,15.3,45.4,medium,97.46,2.61,999,23.87,72226,0,0.36,0.4375,0.6533,0.4939,0.454,0.1044,0.0,34.6073,0,0,True
2026-06-14,SUP_010,Gulf Polymers,Middle East,Chemicals,45,14.7,0.64,55.5,17.6,53.0,medium,97.23,2.84,999,23.87,72226,0,0.36,0.4375,0.6533,0.4413,0.53,0.1136,0.0,34.8349,0,0,True
2026-06-15,SUP_010,Gulf Polymers,Middle East,Chemicals,45,14.7,0.64,41.7,19.3,54.6,medium,97.74,2.84,999,23.87,72226,0,0.36,0.4375,0.6533,0.3498,0.546,0.1136,0.0,33.4119,0,0,True
2026-06-16,SUP_010,Gulf Polymers,Middle East,Chemicals,45,14.7,0.64,48.3,26.0,39.5,low,96.95,3.13,999,23.87,72226,0,0.36,0.4375,0.6533,0.4161,0.395,0.1252,0.0,32.6305,0,0,True
2026-06-17,SUP_010,Gulf Polymers,Middle East,Chemicals,45,14.7,0.64,49.9,17.4,32.4,low,97.0,3.14,999,23.87,72226,0,0.36,0.4375,0.6533,0.4015,0.324,0.1256,0.0,31.3785,0,0,True
2026-06-18,SUP_010,Gulf Polymers,Middle East,Chemicals,45,14.7,0.64,57.1,26.2,30.9,low,97.75,3.14,999,23.87,72226,0,0.36,0.4375,0.6533,0.4783,0.309,0.1256,0.0,32.5509,0,0,True
2026-06-19,SUP_010,Gulf Polymers,Middle East,Chemicals,45,14.7,0.64,53.7,31.8,23.5,low,97.39,3.14,999,23.87,72226,0,0.36,0.4375,0.6533,0.4713,0.235,0.1256,0.0,31.3889,0,0,True
2026-06-20,SUP_010,Gulf Polymers,Middle East,Chemicals,45,14.7,0.64,56.6,38.9,57.4,medium,97.39,3.14,999,23.87,72226,0,0.36,0.4375,0.6533,0.5129,0.574,0.1256,0.0,36.8837,0,0,True
2026-06-21,SUP_010,Gulf Polymers,Middle East,Chemicals,45,14.7,0.64,61.4,38.0,60.8,medium,96.77,3.33,999,23.87,72226,0,0.36,0.4375,0.6533,0.5438,0.608,0.1332,0.0,38.0071,0,0,True
2026-06-22,SUP_010,Gulf Polymers,Middle East,Chemicals,45,14.7,0.64,59.4,42.9,49.9,medium,97.54,3.33,999,23.87,72226,0,0.36,0.4375,0.6533,0.5445,0.499,0.1332,0.0,36.4937,0,0,True
2026-06-23,SUP_010,Gulf Polymers,Middle East,Chemicals,45,14.7,0.64,57.7,34.0,62.9,medium,97.5,3.33,999,23.87,72226,0,0.36,0.4375,0.6533,0.5059,0.629,0.1332,0.0,37.6189,0,0,True
2026-06-24,SUP_010,Gulf Polymers,Middle East,Chemicals,45,14.7,0.64,58.5,37.9,62.5,medium,97.53,3.33,999,23.87,72226,0,0.36,0.4375,0.6533,0.5232,0.625,0.1332,0.0,37.8743,0,0,True
2026-06-25,SUP_010,Gulf Polymers,Middle East,Chemicals,45,14.7,0.64,61.6,33.4,45.3,medium,98.17,3.33,999,23.87,72226,0,0.36,0.4375,0.6533,0.5314,0.453,0.1332,0.0,35.6139,0,0,True
2026-06-26,SUP_010,Gulf Polymers,Middle East,Chemicals,45,14.7,0.64,61.6,24.9,47.9,medium,98.48,3.33,999,23.87,72226,0,0.36,0.4375,0.6533,0.5059,0.479,0.1332,0.0,35.5189,0,0,True
2026-06-27,SUP_010,Gulf Polymers,Middle East,Chemicals,45,14.7,0.64,66.3,20.5,25.3,low,98.07,3.33,999,23.87,72226,0,0.36,0.4375,0.6533,0.5256,0.253,0.1332,0.0,32.7095,0,0,True
2026-06-28,SUP_010,Gulf Polymers,Middle East,Chemicals,45,14.7,0.64,63.4,22.7,35.5,low,97.76,3.33,999,23.87,72226,0,0.36,0.4375,0.6533,0.5119,0.355,0.1332,0.0,33.8909,0,0,True
2026-06-29,SUP_010,Gulf Polymers,Middle East,Chemicals,45,14.7,0.64,56.9,20.2,31.0,low,98.0,3.33,999,23.87,72226,0,0.36,0.4375,0.6533,0.4589,0.31,0.1332,0.0,32.3069,0,0,True
2026-06-30,SUP_010,Gulf Polymers,Middle East,Chemicals,45,14.7,0.64,89.2,24.4,38.4,low,97.7,3.33,999,23.87,72226,0,0.36,0.4375,0.6533,0.6976,0.384,0.1332,0.0,37.6395,0,0,True
2026-07-01,SUP_010,Gulf Polymers,Middle East,Chemicals,45,14.7,0.64,85.6,16.5,38.0,low,96.69,2.98,999,23.87,72226,0,0.36,0.4375,0.6533,0.6487,0.38,0.1192,0.0,36.5353,0,0,True
2026-07-02,SUP_010,Gulf Polymers,Middle East,Chemicals,45,14.7,0.64,82.7,8.1,23.9,low,96.67,3.0,999,23.87,72226,0,0.36,0.4375,0.6533,0.6032,0.239,0.12,0.0,33.7519,0,0,True
2026-07-03,SUP_010,Gulf Polymers,Middle East,Chemicals,45,14.7,0.64,82.6,19.3,12.3,low,95.97,3.72,999,23.87,72226,0,0.36,0.4375,0.6533,0.6361,0.123,0.1488,0.0,33.0657,0,0,True
2026-07-04,SUP_010,Gulf Polymers,Middle East,Chemicals,45,14.7,0.64,83.2,26.4,27.1,low,96.73,3.06,999,23.87,72226,0,0.36,0.4375,0.6533,0.6616,0.271,0.1224,0.0,35.2799,0,0,True
2026-07-05,SUP_010,Gulf Polymers,Middle East,Chemicals,45,14.7,0.64,81.5,22.2,38.9,low,96.82,3.06,999,23.87,72226,0,0.36,0.4375,0.6533,0.6371,0.389,0.1224,0.0,36.4909,0,0,True
2026-07-06,SUP_010,Gulf Polymers,Middle East,Chemicals,45,14.7,0.64,81.8,24.1,39.7,low,96.39,3.06,999,23.87,72226,0,0.36,0.4375,0.6533,0.6449,0.397,0.1224,0.0,36.7433,0,0,True
2026-07-07,SUP_010,Gulf Polymers,Middle East,Chemicals,45,14.7,0.64,82.0,31.1,51.1,medium,96.06,3.07,999,23.87,72226,0,0.36,0.4375,0.6533,0.6673,0.511,0.1228,0.0,38.7473,0,0,True
2026-07-08,SUP_010,Gulf Polymers,Middle East,Chemicals,45,14.7,0.64,83.1,33.9,55.6,medium,95.16,3.9,999,23.87,72226,0,0.36,0.4375,0.6533,0.6834,0.556,0.156,0.0,40.0655,0,0,True
2026-07-09,SUP_010,Gulf Polymers,Middle East,Chemicals,45,14.7,0.64,72.1,34.8,55.5,medium,94.64,4.39,999,23.87,72226,0,0.36,0.4375,0.6533,0.6091,0.555,0.1756,0.0,38.9493,0,0,True
2026-07-10,SUP_010,Gulf Polymers,Middle East,Chemicals,45,14.7,0.64,82.8,40.6,40.7,medium,95.12,4.4,999,23.87,72226,0,0.36,0.4375,0.6533,0.7014,0.407,0.176,0.0,38.5435,0,0,True
2026-07-11,SUP_010,Gulf Polymers,Middle East,Chemicals,45,14.7,0.64,82.3,35.9,54.1,medium,96.18,4.31,999,23.87,72226,0,0.36,0.4375,0.6533,0.6838,0.541,0.1724,0.0,40.0595,0,0,True
2026-07-12,SUP_010,Gulf Polymers,Middle East,Chemicals,45,14.7,0.64,85.4,36.0,53.0,medium,96.52,3.96,999,23.87,72226,0,0.36,0.4375,0.6533,0.7058,0.53,0.1584,0.0,40.1335,0,0,True
2026-07-13,SUP_010,Gulf Polymers,Middle East,Chemicals,45,14.7,0.64,78.6,35.7,43.7,medium,96.48,3.96,999,23.87,72226,0,0.36,0.4375,0.6533,0.6573,0.437,0.1584,0.0,37.9585,0,0,True
2026-07-14,SUP_010,Gulf Polymers,Middle East,Chemicals,45,14.7,0.64,55.1,34.2,34.1,low,96.28,3.96,999,23.87,72226,0,0.36,0.4375,0.6533,0.4883,0.341,0.1584,0.0,33.5725,0,0,True
2026-07-15,SUP_010,Gulf Polymers,Middle East,Chemicals,45,14.7,0.64,52.9,32.3,35.4,low,95.82,3.96,999,23.87,72226,0,0.36,0.4375,0.6533,0.4672,0.354,0.1584,0.0,33.3747,0,0,True
2026-07-16,SUP_010,Gulf Polymers,Middle East,Chemicals,45,14.7,0.64,61.3,33.0,18.6,low,96.8,3.97,999,23.87,72226,0,0.36,0.4375,0.6533,0.5281,0.186,0.1588,0.0,32.1237,0,0,True
2026-07-17,SUP_010,Gulf Polymers,Middle East,Chemicals,45,14.7,0.64,58.6,33.5,27.9,low,96.71,3.97,999,23.87,72226,0,0.36,0.4375,0.6533,0.5107,0.279,0.1588,0.0,33.1125,0,0,True
2026-07-18,SUP_010,Gulf Polymers,Middle East,Chemicals,45,14.7,0.64,62.7,28.2,19.6,low,97.71,3.97,999,23.87,72226,0,0.36,0.4375,0.6533,0.5235,0.196,0.1588,0.0,32.1809,0,0,True
2026-07-19,SUP_010,Gulf Polymers,Middle East,Chemicals,45,14.7,0.64,59.5,33.5,25.6,low,98.38,3.96,999,23.87,72226,0,0.36,0.4375,0.6533,0.517,0.256,0.1584,0.0,32.8991,0,0,True
2026-07-20,SUP_010,Gulf Polymers,Middle East,Chemicals,45,14.7,0.64,57.7,28.5,21.9,low,97.55,3.96,999,23.87,72226,0,0.36,0.4375,0.6533,0.4894,0.219,0.1584,0.0,31.8843,0,0,True
2026-07-21,SUP_010,Gulf Polymers,Middle East,Chemicals,45,14.7,0.64,57.2,28.4,21.5,low,97.23,3.96,999,23.87,72226,0,0.36,0.4375,0.6533,0.4856,0.215,0.1584,0.0,31.7599,0,0,True
2026-07-22,SUP_010,Gulf Polymers,Middle East,Chemicals,45,14.7,0.64,64.0,27.8,16.6,low,96.92,3.96,999,23.87,72226,0,0.36,0.4375,0.6533,0.5314,0.166,0.1584,0.0,31.8983,0,0,True
2026-07-23,SUP_010,Gulf Polymers,Middle East,Chemicals,45,14.7,0.64,54.8,30.8,18.5,low,96.88,3.97,999,23.87,72226,0,0.36,0.4375,0.6533,0.476,0.185,0.1588,0.0,31.1719,0,0,True
2026-07-24,SUP_010,Gulf Polymers,Middle East,Chemicals,45,14.7,0.64,49.6,20.2,38.8,low,96.85,3.97,999,23.87,72226,0,0.36,0.4375,0.6533,0.4078,0.388,0.1588,0.0,32.7863,0,0,True
2026-07-25,SUP_010,Gulf Polymers,Middle East,Chemicals,45,14.7,0.64,42.2,27.1,49.5,medium,98.27,3.97,999,23.87,72226,0,0.36,0.4375,0.6533,0.3767,0.495,0.1588,0.0,33.7245,0,0,True
2026-07-26,SUP_010,Gulf Polymers,Middle East,Chemicals,45,14.7,0.64,40.0,24.8,47.9,medium,97.76,3.86,999,23.87,72226,0,0.36,0.4375,0.6533,0.3544,0.479,0.1544,0.0,33.0463,0,0,True
2026-07-27,SUP_010,Gulf Polymers,Middle East,Chemicals,45,14.7,0.64,39.5,32.7,43.2,medium,97.87,3.86,999,23.87,72226,0,0.36,0.4375,0.6533,0.3746,0.432,0.1544,0.0,32.7519,0,0,True
2026-07-28,SUP_010,Gulf Polymers,Middle East,Chemicals,45,14.7,0.64,35.2,30.5,47.7,medium,98.16,3.86,999,23.87,72226,0,0.36,0.4375,0.6533,0.3379,0.477,0.1544,0.0,32.7213,0,0,True
2026-07-29,SUP_010,Gulf Polymers,Middle East,Chemicals,45,14.7,0.64,35.7,31.0,53.7,medium,98.16,3.86,999,23.87,72226,0,0.36,0.4375,0.6533,0.3429,0.537,0.1544,0.0,33.6513,0,0,True
2026-07-30,SUP_010,Gulf Polymers,Middle East,Chemicals,45,14.7,0.64,30.1,41.6,40.1,medium,98.21,3.86,999,23.87,72226,0,0.36,0.4375,0.6533,0.3355,0.401,0.1544,0.0,31.6141,0,0,True
2026-07-31,SUP_010,Gulf Polymers,Middle East,Chemicals,45,14.7,0.64,30.1,39.2,36.9,low,97.72,3.86,999,23.87,72226,0,0.36,0.4375,0.6533,0.3283,0.369,0.1544,0.0,31.0365,0,0,True
2026-08-01,SUP_010,Gulf Polymers,Middle East,Chemicals,45,14.7,0.64,40.6,45.1,18.3,low,97.77,3.86,999,23.87,72226,0,0.36,0.4375,0.6533,0.4195,0.183,0.1544,0.0,30.0741,0,0,True
2026-08-02,SUP_010,Gulf Polymers,Middle East,Chemicals,45,14.7,0.64,45.7,43.8,31.6,low,98.01,3.86,999,23.87,72226,0,0.36,0.4375,0.6533,0.4513,0.316,0.1544,0.0,32.5085,0,0,True
2026-08-03,SUP_010,Gulf Polymers,Middle East,Chemicals,45,14.7,0.64,49.0,44.6,50.3,medium,98.17,3.85,999,23.87,72226,0,0.36,0.4375,0.6533,0.4768,0.503,0.154,0.0,35.5807,0,0,True
2026-08-04,SUP_010,Gulf Polymers,Middle East,Chemicals,45,14.7,0.64,46.2,43.6,46.0,medium,98.44,3.91,999,23.87,72226,0,0.36,0.4375,0.6533,0.4542,0.46,0.1564,0.0,34.6007,0,0,True
2026-08-05,SUP_010,Gulf Polymers,Middle East,Chemicals,45,14.7,0.64,41.3,46.8,22.3,low,99.11,4.6,999,23.87,72226,0,0.36,0.4375,0.6533,0.4295,0.223,0.184,0.0,31.1693,0,0,True
2026-08-06,SUP_010,Gulf Polymers,Middle East,Chemicals,45,14.7,0.64,39.0,41.4,29.9,low,99.55,5.05,999,23.87,72226,0,0.36,0.4375,0.6533,0.3972,0.299,0.202,0.0,31.8679,0,0,True
2026-08-07,SUP_010,Gulf Polymers,Middle East,Chemicals,45,14.7,0.64,42.3,35.2,21.5,low,99.58,5.07,999,23.87,72226,0,0.36,0.4375,0.6533,0.4017,0.215,0.2028,0.0,30.7825,0,0,True
2026-08-08,SUP_010,Gulf Polymers,Middle East,Chemicals,45,14.7,0.64,49.3,31.8,17.5,low,99.03,4.57,999,23.87,72226,0,0.36,0.4375,0.6533,0.4405,0.175,0.1828,0.0,30.6809,0,0,True
2026-08-09,SUP_010,Gulf Polymers,Middle East,Chemicals,45,14.7,0.64,55.5,32.8,26.4,low,98.74,3.85,999,23.87,72226,0,0.36,0.4375,0.6533,0.4869,0.264,0.154,0.0,32.4165,0,0,True
2026-08-10,SUP_010,Gulf Polymers,Middle East,Chemicals,45,14.7,0.64,59.5,32.0,29.7,low,98.64,3.85,999,23.87,72226,0,0.36,0.4375,0.6533,0.5125,0.297,0.154,0.0,33.3393,0,0,True
2026-08-11,SUP_010,Gulf Polymers,Middle East,Chemicals,45,14.7,0.64,56.4,36.2,25.2,low,98.76,3.84,999,23.87,72226,0,0.36,0.4375,0.6533,0.5034,0.252,0.1536,0.0,32.5407,0,0,True
2026-08-12,SUP_010,Gulf Polymers,Middle East,Chemicals,45,14.7,0.64,57.3,42.9,20.4,low,98.53,3.84,999,23.87,72226,0,0.36,0.4375,0.6533,0.5298,0.204,0.1536,0.0,32.3439,0,0,True
2026-08-13,SUP_010,Gulf Polymers,Middle East,Chemicals,45,14.7,0.64,56.5,36.6,24.0,low,98.09,3.84,999,23.87,72226,0,0.36,0.4375,0.6533,0.5053,0.24,0.1536,0.0,32.4069,0,0,True
2026-08-14,SUP_010,Gulf Polymers,Middle East,Chemicals,45,14.7,0.64,56.4,32.5,21.7,low,97.52,2.93,999,23.87,72226,0,0.36,0.4375,0.6533,0.4923,0.217,0.1172,0.0,31.4141,0,0,True
2026-08-15,SUP_010,Gulf Polymers,Middle East,Chemicals,45,14.7,0.64,66.9,25.3,13.5,low,96.74,2.93,999,23.87,72226,0,0.36,0.4375,0.6533,0.5442,0.135,0.1172,0.0,31.2003,0,0,True
2026-08-16,SUP_010,Gulf Polymers,Middle East,Chemicals,45,14.7,0.64,57.8,37.4,14.5,low,96.63,3.01,999,23.87,72226,0,0.36,0.4375,0.6533,0.5168,0.145,0.1204,0.0,30.8855,0,0,True
2026-08-17,SUP_010,Gulf Polymers,Middle East,Chemicals,45,14.7,0.64,57.3,38.7,21.6,low,95.93,3.73,999,23.87,72226,0,0.36,0.4375,0.6533,0.5172,0.216,0.1492,0.0,32.2323,0,0,True
2026-08-18,SUP_010,Gulf Polymers,Middle East,Chemicals,45,14.7,0.64,63.8,40.6,22.0,low,95.46,4.21,999,23.87,72226,0,0.36,0.4375,0.6533,0.5684,0.22,0.1684,0.0,33.4403,0,0,True
2026-08-19,SUP_010,Gulf Polymers,Middle East,Chemicals,45,14.7,0.64,56.5,32.7,10.9,low,95.27,4.41,999,23.87,72226,0,0.36,0.4375,0.6533,0.4936,0.109,0.1764,0.0,30.6359,0,0,True
2026-08-20,SUP_010,Gulf Polymers,Middle East,Chemicals,45,14.7,0.64,54.3,33.1,24.9,low,94.64,5.06,999,23.87,72226,0,0.36,0.4375,0.6533,0.4794,0.249,0.2024,0.0,32.6523,0,0,True
2026-08-21,SUP_010,Gulf Polymers,Middle East,Chemicals,45,14.7,0.64,53.0,36.0,0.8,low,94.82,5.06,999,23.87,72226,0,0.36,0.4375,0.6533,0.479,0.008,0.2024,0.0,29.2711,0,0,True
2026-08-22,SUP_010,Gulf Polymers,Middle East,Chemicals,45,14.7,0.64,53.3,34.6,3.9,low,95.17,5.06,999,23.87,72226,0,0.36,0.4375,0.6533,0.4769,0.039,0.2024,0.0,29.6673,0,0,True
2026-08-23,SUP_010,Gulf Polymers,Middle East,Chemicals,45,14.7,0.64,47.0,40.3,4.7,low,94.91,5.07,999,23.87,72226,0,0.36,0.4375,0.6533,0.4499,0.047,0.2028,0.0,29.2981,0,0,True
2026-08-24,SUP_010,Gulf Polymers,Middle East,Chemicals,45,14.7,0.64,52.1,51.7,12.4,low,94.7,5.07,999,23.87,72226,0,0.36,0.4375,0.6533,0.5198,0.124,0.2028,0.0,31.6343,0,0,True
2026-08-25,SUP_010,Gulf Polymers,Middle East,Chemicals,45,14.7,0.64,56.7,44.2,22.0,low,94.95,5.08,999,23.87,72226,0,0.36,0.4375,0.6533,0.5295,0.22,0.2032,0.0,33.1577,0,0,True
2026-08-26,SUP_010,Gulf Polymers,Middle East,Chemicals,45,14.7,0.64,59.9,37.4,34.4,low,94.62,5.1,999,23.87,72226,0,0.36,0.4375,0.6533,0.5315,0.344,0.204,0.0,34.9393,0,0,True
2026-08-27,SUP_010,Gulf Polymers,Middle East,Chemicals,45,14.7,0.64,56.1,32.4,26.7,low,94.24,5.5,999,23.87,72226,0,0.36,0.4375,0.6533,0.4899,0.267,0.22,0.0,33.3045,0,0,True
2026-08-28,SUP_010,Gulf Polymers,Middle East,Chemicals,45,14.7,0.64,57.4,41.3,33.0,low,94.81,5.51,999,23.87,72226,0,0.36,0.4375,0.6533,0.5257,0.33,0.2204,0.0,34.8357,0,0,True
2026-08-29,SUP_010,Gulf Polymers,Middle East,Chemicals,45,14.7,0.64,53.8,45.8,34.0,low,95.23,5.51,999,23.87,72226,0,0.36,0.4375,0.6533,0.514,0.34,0.2204,0.0,34.7651,0,0,True
2026-08-30,SUP_010,Gulf Polymers,Middle East,Chemicals,45,14.7,0.64,53.5,43.5,17.2,low,95.52,5.52,999,23.87,72226,0,0.36,0.4375,0.6533,0.505,0.172,0.2208,0.0,32.2559,0,0,True
2026-08-31,SUP_010,Gulf Polymers,Middle East,Chemicals,45,14.7,0.64,65.0,42.4,38.0,low,95.96,5.52,999,23.87,72226,0,0.36,0.4375,0.6533,0.5822,0.38,0.2208,0.0,36.5575,0,0,True
2026-09-01,SUP_010,Gulf Polymers,Middle East,Chemicals,45,14.7,0.64,65.0,37.0,22.7,low,95.02,5.53,999,23.87,72226,0,0.36,0.4375,0.6533,0.566,0.227,0.2212,0.0,34.1287,0,0,True
2026-09-02,SUP_010,Gulf Polymers,Middle East,Chemicals,45,14.7,0.64,58.9,41.4,28.4,low,95.66,5.53,999,23.87,72226,0,0.36,0.4375,0.6533,0.5365,0.284,0.2212,0.0,34.3957,0,0,True
2026-09-03,SUP_010,Gulf Polymers,Middle East,Chemicals,45,14.7,0.64,60.2,38.4,32.4,low,95.85,5.54,999,23.87,72226,0,0.36,0.4375,0.6533,0.5366,0.324,0.2216,0.0,34.9623,0,0,True
2026-09-04,SUP_010,Gulf Polymers,Middle East,Chemicals,45,14.7,0.64,54.1,36.5,34.4,low,96.33,5.54,999,23.87,72226,0,0.36,0.4375,0.6533,0.4882,0.344,0.2216,0.0,34.3711,0,0,True
2026-09-05,SUP_010,Gulf Polymers,Middle East,Chemicals,45,14.7,0.64,49.6,39.5,28.7,low,96.51,5.55,999,23.87,72226,0,0.36,0.4375,0.6533,0.4657,0.287,0.222,0.0,33.1729,0,0,True
2026-09-06,SUP_010,Gulf Polymers,Middle East,Chemicals,45,14.7,0.64,46.5,37.9,36.7,low,96.53,4.98,999,23.87,72226,0,0.36,0.4375,0.6533,0.4392,0.367,0.1992,0.0,33.5423,0,0,True
2026-09-07,SUP_010,Gulf Polymers,Middle East,Chemicals,45,14.7,0.64,46.7,36.2,60.2,medium,96.4,4.7,999,23.87,72226,0,0.36,0.4375,0.6533,0.4355,0.602,0.188,0.0,36.6313,0,0,True
2026-09-08,SUP_010,Gulf Polymers,Middle East,Chemicals,45,14.7,0.64,53.5,36.1,62.0,medium,96.58,4.71,999,23.87,72226,0,0.36,0.4375,0.6533,0.4828,0.62,0.1884,0.0,37.7395,0,0,True
2026-09-09,SUP_010,Gulf Polymers,Middle East,Chemicals,45,14.7,0.64,57.5,40.1,58.7,medium,96.43,4.71,999,23.87,72226,0,0.36,0.4375,0.6533,0.5228,0.587,0.1884,0.0,37.9975,0,0,True
2026-09-10,SUP_010,Gulf Polymers,Middle East,Chemicals,45,14.7,0.64,60.6,48.0,55.1,medium,96.84,4.48,999,23.87,72226,0,0.36,0.4375,0.6533,0.5682,0.551,0.1792,0.0,38.2003,0,0,True
2026-09-11,SUP_010,Gulf Polymers,Middle East,Chemicals,45,14.7,0.64,55.6,49.1,62.7,medium,96.09,4.02,999,23.87,72226,0,0.36,0.4375,0.6533,0.5365,0.627,0.1608,0.0,38.4729,0,0,True
2026-09-12,SUP_010,Gulf Polymers,Middle East,Chemicals,45,14.7,0.64,54.0,51.2,74.4,high,95.83,3.43,999,23.87,72226,0,0.36,0.4375,0.6533,0.5316,0.744,0.1372,0.0,39.7395,0,0,True
2026-09-13,SUP_010,Gulf Polymers,Middle East,Chemicals,45,14.7,0.64,56.5,47.8,70.1,high,96.8,2.72,999,23.87,72226,0,0.36,0.4375,0.6533,0.5389,0.701,0.1088,0.0,38.9281,0,0,True
2026-09-14,SUP_010,Gulf Polymers,Middle East,Chemicals,45,14.7,0.64,54.4,42.1,37.5,low,96.5,2.72,999,23.87,72226,0,0.36,0.4375,0.6533,0.5071,0.375,0.1088,0.0,33.7917,0,0,True
2026-09-15,SUP_010,Gulf Polymers,Middle East,Chemicals,45,14.7,0.64,54.2,44.5,36.1,low,96.39,2.72,999,23.87,72226,0,0.36,0.4375,0.6533,0.5129,0.361,0.1088,0.0,33.7001,0,0,True
2026-09-16,SUP_010,Gulf Polymers,Middle East,Chemicals,45,14.7,0.64,57.4,44.0,26.3,low,95.97,2.72,999,23.87,72226,0,0.36,0.4375,0.6533,0.5338,0.263,0.1088,0.0,32.7043,0,0,True
2026-09-17,SUP_010,Gulf Polymers,Middle East,Chemicals,45,14.7,0.64,56.5,35.1,24.9,low,96.13,2.72,999,23.87,72226,0,0.36,0.4375,0.6533,0.5008,0.249,0.1088,0.0,31.9143,0,0,False
2026-09-18,SUP_010,Gulf Polymers,Middle East,Chemicals,45,14.7,0.64,58.4,33.4,23.4,low,95.78,2.72,999,23.87,72226,0,0.36,0.4375,0.6533,0.509,0.234,0.1088,0.0,31.8519,0,0,False
2026-09-19,SUP_010,Gulf Polymers,Middle East,Chemicals,45,14.7,0.64,66.5,33.2,18.6,low,95.69,2.72,999,23.87,72226,0,0.36,0.4375,0.6533,0.5651,0.186,0.1088,0.0,32.1897,0,0,False
2026-09-20,SUP_010,Gulf Polymers,Middle East,Chemicals,45,14.7,0.64,65.0,30.8,25.4,low,96.1,2.71,999,23.87,72226,0,0.36,0.4375,0.6533,0.5474,0.254,0.1084,0.0,32.8183,0,0,False
2026-09-21,SUP_010,Gulf Polymers,Middle East,Chemicals,45,14.7,0.64,70.1,39.2,28.7,low,95.77,2.71,999,23.87,72226,0,0.36,0.4375,0.6533,0.6083,0.287,0.1084,0.0,34.3765,0,0,False
2026-09-22,SUP_010,Gulf Polymers,Middle East,Chemicals,45,14.7,0.64,71.6,41.1,14.3,low,96.14,2.71,999,23.87,72226,0,0.36,0.4375,0.6533,0.6245,0.143,0.1084,0.0,32.6521,0,0,False
2026-09-23,SUP_010,Gulf Polymers,Middle East,Chemicals,45,14.7,0.64,63.2,47.4,2.9,low,96.53,2.71,999,23.87,72226,0,0.36,0.4375,0.6533,0.5846,0.029,0.1084,0.0,30.3379,0,0,False
2026-06-01,SUP_011,Mekong Packaging,Southeast Asia,Packaging,25,4.6,0.854,47.5,45.1,60.1,medium,100.24,0.0,999,19.77,30180,0,0.146,0.1875,0.368,0.4678,0.601,0.0,0.0,25.3094,0,0,True
2026-06-02,SUP_011,Mekong Packaging,Southeast Asia,Packaging,25,4.6,0.854,46.7,50.2,55.9,medium,100.1,0.0,999,19.77,30180,0,0.146,0.1875,0.368,0.4775,0.559,0.0,0.0,24.896,0,0,True
2026-06-03,SUP_011,Mekong Packaging,Southeast Asia,Packaging,25,4.6,0.854,60.8,48.1,58.7,medium,99.56,0.0,999,19.77,30180,0,0.146,0.1875,0.368,0.5699,0.587,0.0,0.0,26.9512,0,0,True
2026-06-04,SUP_011,Mekong Packaging,Southeast Asia,Packaging,25,4.6,0.854,62.4,49.2,77.4,high,99.78,0.0,999,19.77,30180,0,0.146,0.1875,0.368,0.5844,0.774,0.0,0.0,29.8302,0,0,True
2026-06-05,SUP_011,Mekong Packaging,Southeast Asia,Packaging,25,4.6,0.854,60.3,57.5,70.5,high,99.52,0.72,999,19.77,30180,0,0.146,0.1875,0.368,0.5946,0.705,0.0288,0.0,29.3934,0,0,True
2026-06-06,SUP_011,Mekong Packaging,Southeast Asia,Packaging,25,4.6,0.854,52.8,61.4,71.1,high,100.81,1.29,999,19.77,30180,0,0.146,0.1875,0.368,0.5538,0.711,0.0516,0.0,29.0166,0,0,True
2026-06-07,SUP_011,Mekong Packaging,Southeast Asia,Packaging,25,4.6,0.854,50.1,64.6,100.0,high,101.82,2.29,999,19.77,30180,0,0.146,0.1875,0.368,0.5445,1.0,0.0916,0.0,33.3752,0,0,True
2026-06-08,SUP_011,Mekong Packaging,Southeast Asia,Packaging,25,4.6,0.854,55.0,73.2,100.0,high,102.3,2.77,999,19.77,30180,0,0.146,0.1875,0.368,0.6046,1.0,0.1108,0.0,34.6874,0,0,True
2026-06-09,SUP_011,Mekong Packaging,Southeast Asia,Packaging,25,4.6,0.854,60.6,66.8,100.0,high,102.59,3.05,999,19.77,30180,0,0.146,0.1875,0.368,0.6246,1.0,0.122,0.0,35.1818,0,0,True
2026-06-10,SUP_011,Mekong Packaging,Southeast Asia,Packaging,25,4.6,0.854,64.2,59.8,100.0,high,102.52,3.04,999,19.77,30180,0,0.146,0.1875,0.368,0.6288,1.0,0.1216,0.0,35.2526,0,0,True
2026-06-11,SUP_011,Mekong Packaging,Southeast Asia,Packaging,25,4.6,0.854,64.0,55.3,100.0,high,101.57,3.04,999,19.77,30180,0,0.146,0.1875,0.368,0.6139,1.0,0.1216,0.0,34.9844,0,0,True
2026-06-12,SUP_011,Mekong Packaging,Southeast Asia,Packaging,25,4.6,0.854,54.1,53.9,100.0,high,101.4,3.04,999,19.77,30180,0,0.146,0.1875,0.368,0.5404,1.0,0.1216,0.0,33.6614,0,0,True
2026-06-13,SUP_011,Mekong Packaging,Southeast Asia,Packaging,25,4.6,0.854,54.0,41.7,100.0,high,101.48,3.04,999,19.77,30180,0,0.146,0.1875,0.368,0.5031,1.0,0.1216,0.0,32.99,0,0,True
2026-06-14,SUP_011,Mekong Packaging,Southeast Asia,Packaging,25,4.6,0.854,45.7,42.6,80.9,high,101.65,3.04,999,19.77,30180,0,0.146,0.1875,0.368,0.4477,0.809,0.1216,0.0,29.3188,0,0,True
2026-06-15,SUP_011,Mekong Packaging,Southeast Asia,Packaging,25,4.6,0.854,37.5,41.6,70.4,high,102.01,3.03,999,19.77,30180,0,0.146,0.1875,0.368,0.3873,0.704,0.1212,0.0,26.7568,0,0,True
2026-06-16,SUP_011,Mekong Packaging,Southeast Asia,Packaging,25,4.6,0.854,38.7,47.7,69.0,high,102.71,3.15,999,19.77,30180,0,0.146,0.1875,0.368,0.414,0.69,0.126,0.0,27.099,0,0,True
2026-06-17,SUP_011,Mekong Packaging,Southeast Asia,Packaging,25,4.6,0.854,41.1,50.7,75.5,high,102.18,3.15,999,19.77,30180,0,0.146,0.1875,0.368,0.4398,0.755,0.126,0.0,28.4734,0,0,True
2026-06-18,SUP_011,Mekong Packaging,Southeast Asia,Packaging,25,4.6,0.854,44.9,48.2,72.0,high,101.67,3.15,999,19.77,30180,0,0.146,0.1875,0.368,0.4589,0.72,0.126,0.0,28.3272,0,0,True
2026-06-19,SUP_011,Mekong Packaging,Southeast Asia,Packaging,25,4.6,0.854,46.2,52.3,66.6,high,102.77,3.2,999,19.77,30180,0,0.146,0.1875,0.368,0.4803,0.666,0.128,0.0,27.9804,0,0,True
2026-06-20,SUP_011,Mekong Packaging,Southeast Asia,Packaging,25,4.6,0.854,47.5,56.5,63.1,medium,103.35,3.77,999,19.77,30180,0,0.146,0.1875,0.368,0.502,0.631,0.1508,0.0,28.1546,0,0,True
2026-06-21,SUP_011,Mekong Packaging,Southeast Asia,Packaging,25,4.6,0.854,41.4,52.2,72.0,high,103.05,3.77,999,19.77,30180,0,0.146,0.1875,0.368,0.4464,0.72,0.1508,0.0,28.3998,0,0,True
2026-06-22,SUP_011,Mekong Packaging,Southeast Asia,Packaging,25,4.6,0.854,40.4,50.0,80.9,high,102.97,3.77,999,19.77,30180,0,0.146,0.1875,0.368,0.4328,0.809,0.1508,0.0,29.401,0,0,True
2026-06-23,SUP_011,Mekong Packaging,Southeast Asia,Packaging,25,4.6,0.854,32.9,39.1,70.0,high,102.9,3.77,999,19.77,30180,0,0.146,0.1875,0.368,0.3476,0.7,0.1508,0.0,26.3414,0,0,True
2026-06-24,SUP_011,Mekong Packaging,Southeast Asia,Packaging,25,4.6,0.854,24.2,35.7,61.8,medium,102.92,3.76,999,19.77,30180,0,0.146,0.1875,0.368,0.2765,0.618,0.1504,0.0,23.9088,0,0,True
2026-06-25,SUP_011,Mekong Packaging,Southeast Asia,Packaging,25,4.6,0.854,29.8,34.7,65.4,high,103.28,3.76,999,19.77,30180,0,0.146,0.1875,0.368,0.3127,0.654,0.1504,0.0,25.0644,0,0,True
2026-06-26,SUP_011,Mekong Packaging,Southeast Asia,Packaging,25,4.6,0.854,27.4,38.1,78.7,high,105.2,5.57,999,19.77,30180,0,0.146,0.1875,0.368,0.3061,0.787,0.2228,0.0,27.6764,0,0,True
2026-06-27,SUP_011,Mekong Packaging,Southeast Asia,Packaging,25,4.6,0.854,33.1,35.7,85.1,high,105.34,5.7,999,19.77,30180,0,0.146,0.1875,0.368,0.3388,0.851,0.228,0.0,29.2234,0,0,True
2026-06-28,SUP_011,Mekong Packaging,Southeast Asia,Packaging,25,4.6,0.854,39.1,35.9,67.7,high,105.85,6.19,999,19.77,30180,0,0.146,0.1875,0.368,0.3814,0.677,0.2476,0.0,27.7894,0,0,True
2026-06-29,SUP_011,Mekong Packaging,Southeast Asia,Packaging,25,4.6,0.854,36.0,32.3,63.9,medium,104.57,6.19,999,19.77,30180,0,0.146,0.1875,0.368,0.3489,0.639,0.2476,0.0,26.6724,0,1,True
2026-06-30,SUP_011,Mekong Packaging,Southeast Asia,Packaging,25,4.6,0.854,54.8,36.6,54.8,medium,104.2,6.19,999,19.77,30180,0,0.146,0.1875,0.368,0.4934,0.548,0.2476,0.0,27.9994,0,1,True
2026-07-01,SUP_011,Mekong Packaging,Southeast Asia,Packaging,25,4.6,0.854,51.5,41.6,54.1,medium,105.13,6.18,999,19.77,30180,0,0.146,0.1875,0.368,0.4853,0.541,0.2472,0.0,27.7508,0,1,True
2026-07-02,SUP_011,Mekong Packaging,Southeast Asia,Packaging,25,4.6,0.854,43.1,45.7,70.9,high,105.44,6.16,999,19.77,30180,0,0.146,0.1875,0.368,0.4388,0.709,0.2464,0.0,29.2562,0,1,True
2026-07-03,SUP_011,Mekong Packaging,Southeast Asia,Packaging,25,4.6,0.854,45.3,47.2,55.5,medium,102.11,6.16,999,19.77,30180,0,0.146,0.1875,0.368,0.4587,0.555,0.2464,0.0,27.4584,0,1,True
2026-07-04,SUP_011,Mekong Packaging,Southeast Asia,Packaging,25,4.6,0.854,44.3,40.2,42.2,medium,102.62,6.15,999,19.77,30180,0,0.146,0.1875,0.368,0.4307,0.422,0.246,0.0,25.0876,0,1,True
2026-07-05,SUP_011,Mekong Packaging,Southeast Asia,Packaging,25,4.6,0.854,43.6,39.2,39.4,low,104.07,4.89,999,19.77,30180,0,0.146,0.1875,0.368,0.4228,0.394,0.1956,0.0,23.9486,0,1,True
2026-07-06,SUP_011,Mekong Packaging,Southeast Asia,Packaging,25,4.6,0.854,54.5,39.4,47.7,medium,102.56,4.32,999,19.77,30180,0,0.146,0.1875,0.368,0.4997,0.477,0.1728,0.0,26.2212,1,0,True
2026-07-07,SUP_011,Mekong Packaging,Southeast Asia,Packaging,25,4.6,0.854,47.2,39.6,57.1,medium,103.71,4.31,1,19.77,30180,0,0.146,0.1875,0.368,0.4492,0.571,0.1724,0.9672,42.0989,0,1,True
2026-07-08,SUP_011,Mekong Packaging,Southeast Asia,Packaging,25,4.6,0.854,50.0,42.3,62.3,medium,101.61,4.32,2,19.77,30180,0,0.146,0.1875,0.368,0.4769,0.623,0.1728,0.9355,42.8229,0,1,True
2026-07-09,SUP_011,Mekong Packaging,Southeast Asia,Packaging,25,4.6,0.854,45.8,51.7,73.1,high,102.32,4.32,3,19.77,30180,0,0.146,0.1875,0.368,0.4757,0.731,0.1728,0.9048,43.8226,0,1,True
2026-07-10,SUP_011,Mekong Packaging,Southeast Asia,Packaging,25,4.6,0.854,51.3,56.5,54.0,medium,102.32,4.32,4,19.77,30180,0,0.146,0.1875,0.368,0.5286,0.54,0.1728,0.8752,41.6262,0,1,True
2026-07-11,SUP_011,Mekong Packaging,Southeast Asia,Packaging,25,4.6,0.854,53.1,51.1,67.0,high,100.53,5.16,5,19.77,30180,0,0.146,0.1875,0.368,0.525,0.67,0.2064,0.8465,43.3255,0,1,True
2026-07-12,SUP_011,Mekong Packaging,Southeast Asia,Packaging,25,4.6,0.854,55.0,55.2,62.9,medium,100.87,5.16,6,19.77,30180,0,0.146,0.1875,0.368,0.5506,0.629,0.2064,0.8187,42.7683,0,1,True
2026-07-13,SUP_011,Mekong Packaging,Southeast Asia,Packaging,25,4.6,0.854,50.3,58.6,69.4,high,101.74,5.16,7,19.77,30180,0,0.146,0.1875,0.368,0.5279,0.694,0.2064,0.7919,42.8402,0,1,True
2026-07-14,SUP_011,Mekong Packaging,Southeast Asia,Packaging,25,4.6,0.854,31.5,53.8,55.3,medium,102.02,5.16,8,19.77,30180,0,0.146,0.1875,0.368,0.3819,0.553,0.2064,0.7659,37.8229,1,0,True
2026-07-15,SUP_011,Mekong Packaging,Southeast Asia,Packaging,25,4.6,0.854,36.8,58.4,57.0,medium,102.46,5.16,1,19.77,30180,0,0.146,0.1875,0.368,0.4328,0.57,0.2064,0.9672,42.1977,0,0,True
2026-07-16,SUP_011,Mekong Packaging,Southeast Asia,Packaging,25,4.6,0.854,45.4,57.1,60.5,medium,102.15,5.16,2,19.77,30180,0,0.146,0.1875,0.368,0.4891,0.605,0.2064,0.9355,43.1937,0,0,True
2026-07-17,SUP_011,Mekong Packaging,Southeast Asia,Packaging,25,4.6,0.854,46.6,49.3,71.6,high,100.74,5.16,3,19.77,30180,0,0.146,0.1875,0.368,0.4741,0.716,0.2064,0.9048,43.987,0,0,True
2026-07-18,SUP_011,Mekong Packaging,Southeast Asia,Packaging,25,4.6,0.854,41.0,52.6,54.5,medium,101.26,5.16,4,19.77,30180,0,0.146,0.1875,0.368,0.4448,0.545,0.2064,0.8752,40.591,0,0,True
2026-07-19,SUP_011,Mekong Packaging,Southeast Asia,Packaging,25,4.6,0.854,42.2,54.1,56.6,medium,102.59,5.17,5,19.77,30180,0,0.146,0.1875,0.368,0.4577,0.566,0.2068,0.8465,40.6629,0,0,True
2026-07-20,SUP_011,Mekong Packaging,Southeast Asia,Packaging,25,4.6,0.854,53.1,53.0,47.9,medium,103.45,5.17,6,19.77,30180,0,0.146,0.1875,0.368,0.5307,0.479,0.2068,0.8187,40.3149,0,0,True
2026-07-21,SUP_011,Mekong Packaging,Southeast Asia,Packaging,25,4.6,0.854,51.3,53.1,56.1,medium,101.94,5.17,7,19.77,30180,0,0.146,0.1875,0.368,0.5184,0.561,0.2068,0.7919,40.812,0,0,True
2026-07-22,SUP_011,Mekong Packaging,Southeast Asia,Packaging,25,4.6,0.854,56.2,49.6,64.8,medium,100.79,5.17,8,19.77,30180,0,0.146,0.1875,0.368,0.5422,0.648,0.2068,0.7659,42.0431,0,0,True
2026-07-23,SUP_011,Mekong Packaging,Southeast Asia,Packaging,25,4.6,0.854,50.0,53.6,76.0,high,100.15,5.54,9,19.77,30180,0,0.146,0.1875,0.368,0.5108,0.76,0.2216,0.7408,42.8217,0,0,True
2026-07-24,SUP_011,Mekong Packaging,Southeast Asia,Packaging,25,4.6,0.854,48.0,53.6,67.6,high,98.94,6.73,10,19.77,30180,0,0.146,0.1875,0.368,0.4968,0.676,0.2692,0.7165,41.5763,0,0,True
2026-07-25,SUP_011,Mekong Packaging,Southeast Asia,Packaging,25,4.6,0.854,49.4,54.7,74.8,high,98.98,6.74,11,19.77,30180,0,0.146,0.1875,0.368,0.5099,0.748,0.2696,0.693,42.449,0,0,True
2026-07-26,SUP_011,Mekong Packaging,Southeast Asia,Packaging,25,4.6,0.854,49.6,56.6,84.2,high,99.27,6.75,12,19.77,30180,0,0.146,0.1875,0.368,0.517,0.842,0.27,0.6703,43.5341,0,1,True
2026-07-27,SUP_011,Mekong Packaging,Southeast Asia,Packaging,25,4.6,0.854,44.2,50.3,63.4,medium,98.19,7.5,13,19.77,30180,0,0.146,0.1875,0.368,0.4603,0.634,0.3,0.6483,39.6099,0,1,True
2026-07-28,SUP_011,Mekong Packaging,Southeast Asia,Packaging,25,4.6,0.854,39.5,46.3,68.7,high,98.78,7.12,14,19.77,30180,0,0.146,0.1875,0.368,0.4154,0.687,0.2848,0.6271,39.0212,0,1,True
2026-07-29,SUP_011,Mekong Packaging,Southeast Asia,Packaging,25,4.6,0.854,43.9,36.0,75.9,high,99.23,7.13,15,19.77,30180,0,0.146,0.1875,0.368,0.4153,0.759,0.2852,0.6065,39.7033,0,1,True
2026-07-30,SUP_011,Mekong Packaging,Southeast Asia,Packaging,25,4.6,0.854,48.7,41.8,70.0,high,98.82,7.14,16,19.77,30180,0,0.146,0.1875,0.368,0.4663,0.7,0.2856,0.5866,39.4819,0,1,True
2026-07-31,SUP_011,Mekong Packaging,Southeast Asia,Packaging,25,4.6,0.854,54.2,37.4,56.8,medium,98.69,7.16,17,19.77,30180,0,0.146,0.1875,0.368,0.4916,0.568,0.2864,0.5674,37.7912,0,1,True
2026-08-01,SUP_011,Mekong Packaging,Southeast Asia,Packaging,25,4.6,0.854,60.4,40.7,66.8,high,97.21,6.79,18,19.77,30180,0,0.146,0.1875,0.368,0.5449,0.668,0.2716,0.5488,39.6754,0,1,True
2026-08-02,SUP_011,Mekong Packaging,Southeast Asia,Packaging,25,4.6,0.854,57.6,44.8,54.5,medium,96.96,7.05,19,19.77,30180,0,0.146,0.1875,0.368,0.5376,0.545,0.282,0.5308,37.6589,1,0,True
2026-08-03,SUP_011,Mekong Packaging,Southeast Asia,Packaging,25,4.6,0.854,53.2,49.5,54.7,medium,96.96,7.06,1,19.77,30180,0,0.146,0.1875,0.368,0.5209,0.547,0.2824,0.9672,44.3735,0,1,True
2026-08-04,SUP_011,Mekong Packaging,Southeast Asia,Packaging,25,4.6,0.854,57.3,44.0,56.2,medium,97.09,6.72,2,19.77,30180,0,0.146,0.1875,0.368,0.5331,0.562,0.2688,0.9355,44.1325,0,1,True
2026-08-05,SUP_011,Mekong Packaging,Southeast Asia,Packaging,25,4.6,0.854,57.8,45.3,64.3,medium,97.38,6.73,3,19.77,30180,0,0.146,0.1875,0.368,0.5405,0.643,0.2692,0.9048,44.9138,0,1,True
2026-08-06,SUP_011,Mekong Packaging,Southeast Asia,Packaging,25,4.6,0.854,50.2,55.6,57.9,medium,97.56,6.49,4,19.77,30180,0,0.146,0.1875,0.368,0.5182,0.579,0.2596,0.8752,43.0266,0,1,True
2026-08-07,SUP_011,Mekong Packaging,Southeast Asia,Packaging,25,4.6,0.854,43.5,64.5,52.6,medium,97.36,6.5,5,19.77,30180,0,0.146,0.1875,0.368,0.498,0.526,0.26,0.8465,41.4667,0,1,True
2026-08-08,SUP_011,Mekong Packaging,Southeast Asia,Packaging,25,4.6,0.854,45.0,68.3,55.9,medium,97.58,6.51,6,19.77,30180,0,0.146,0.1875,0.368,0.5199,0.559,0.2604,0.8187,41.8837,0,1,True
2026-08-09,SUP_011,Mekong Packaging,Southeast Asia,Packaging,25,4.6,0.854,43.1,68.1,66.7,high,98.34,6.52,7,19.77,30180,0,0.146,0.1875,0.368,0.506,0.667,0.2608,0.7919,42.7208,0,1,True
2026-08-10,SUP_011,Mekong Packaging,Southeast Asia,Packaging,25,4.6,0.854,42.2,60.8,86.7,high,98.27,6.52,8,19.77,30180,0,0.146,0.1875,0.368,0.4778,0.867,0.2608,0.7659,44.5979,1,0,True
2026-08-11,SUP_011,Mekong Packaging,Southeast Asia,Packaging,25,4.6,0.854,46.7,63.7,66.6,high,98.51,6.53,1,19.77,30180,0,0.146,0.1875,0.368,0.518,0.666,0.2612,0.9672,45.7329,0,0,True
2026-08-12,SUP_011,Mekong Packaging,Southeast Asia,Packaging,25,4.6,0.854,49.0,61.6,68.4,high,98.37,6.53,2,19.77,30180,0,0.146,0.1875,0.368,0.5278,0.684,0.2612,0.9355,45.6539,0,0,True
2026-08-13,SUP_011,Mekong Packaging,Southeast Asia,Packaging,25,4.6,0.854,53.6,63.5,56.7,medium,97.88,6.54,3,19.77,30180,0,0.146,0.1875,0.368,0.5657,0.567,0.2616,0.9048,44.2122,0,0,True
2026-08-14,SUP_011,Mekong Packaging,Southeast Asia,Packaging,25,4.6,0.854,42.1,58.9,67.5,high,98.27,6.55,4,19.77,30180,0,0.146,0.1875,0.368,0.4714,0.675,0.262,0.8752,43.557,0,0,True
2026-08-15,SUP_011,Mekong Packaging,Southeast Asia,Packaging,25,4.6,0.854,42.7,57.4,57.4,medium,97.85,6.56,5,19.77,30180,0,0.146,0.1875,0.368,0.4711,0.574,0.2624,0.8465,41.6833,0,0,True
2026-08-16,SUP_011,Mekong Packaging,Southeast Asia,Packaging,25,4.6,0.854,45.3,57.9,52.3,medium,98.14,6.57,6,19.77,30180,0,0.146,0.1875,0.368,0.4908,0.523,0.2628,0.8187,40.8847,0,0,True
2026-08-17,SUP_011,Mekong Packaging,Southeast Asia,Packaging,25,4.6,0.854,37.0,58.8,49.3,medium,98.17,6.57,7,19.77,30180,0,0.146,0.1875,0.368,0.4354,0.493,0.2628,0.7919,39.038,0,0,True
2026-08-18,SUP_011,Mekong Packaging,Southeast Asia,Packaging,25,4.6,0.854,34.0,60.8,51.7,medium,97.94,6.58,8,19.77,30180,0,0.146,0.1875,0.368,0.4204,0.517,0.2632,0.7659,38.6935,0,0,True
2026-08-19,SUP_011,Mekong Packaging,Southeast Asia,Packaging,25,4.6,0.854,30.6,56.9,57.3,medium,97.69,5.06,9,19.77,30180,0,0.146,0.1875,0.368,0.3849,0.573,0.2024,0.7408,37.7071,0,0,True
2026-08-20,SUP_011,Mekong Packaging,Southeast Asia,Packaging,25,4.6,0.854,31.8,49.5,63.0,medium,97.3,3.9,10,19.77,30180,0,0.146,0.1875,0.368,0.3711,0.63,0.156,0.7165,37.3113,0,0,True
2026-08-21,SUP_011,Mekong Packaging,Southeast Asia,Packaging,25,4.6,0.854,40.5,58.9,62.7,medium,96.05,4.18,11,19.77,30180,0,0.146,0.1875,0.368,0.4602,0.627,0.1672,0.693,38.6316,0,0,True
2026-08-22,SUP_011,Mekong Packaging,Southeast Asia,Packaging,25,4.6,0.854,49.7,71.4,50.2,medium,96.34,3.29,12,19.77,30180,0,0.146,0.1875,0.368,0.5621,0.502,0.1316,0.6703,37.9251,0,0,True
2026-08-23,SUP_011,Mekong Packaging,Southeast Asia,Packaging,25,4.6,0.854,44.1,71.3,59.9,medium,96.52,3.29,13,19.77,30180,0,0.146,0.1875,0.368,0.5226,0.599,0.1316,0.6483,38.2205,0,0,True
2026-08-24,SUP_011,Mekong Packaging,Southeast Asia,Packaging,25,4.6,0.854,45.7,61.9,59.9,medium,97.16,3.29,14,19.77,30180,0,0.146,0.1875,0.368,0.5056,0.599,0.1316,0.6271,37.5744,0,0,True
2026-08-25,SUP_011,Mekong Packaging,Southeast Asia,Packaging,25,4.6,0.854,47.2,56.8,71.2,high,96.76,3.25,15,19.77,30180,0,0.146,0.1875,0.368,0.5008,0.712,0.13,0.6065,38.7219,0,0,True
2026-08-26,SUP_011,Mekong Packaging,Southeast Asia,Packaging,25,4.6,0.854,47.6,59.2,62.3,medium,98.2,3.25,16,19.77,30180,0,0.146,0.1875,0.368,0.5108,0.623,0.13,0.5866,37.3377,0,0,True
2026-08-27,SUP_011,Mekong Packaging,Southeast Asia,Packaging,25,4.6,0.854,48.1,65.6,47.4,medium,97.91,3.26,17,19.77,30180,0,0.146,0.1875,0.368,0.5335,0.474,0.1304,0.5674,35.3574,0,0,True
2026-08-28,SUP_011,Mekong Packaging,Southeast Asia,Packaging,25,4.6,0.854,48.0,57.7,50.8,medium,97.25,2.84,18,19.77,30180,0,0.146,0.1875,0.368,0.5091,0.508,0.1136,0.5488,34.895,0,0,True
2026-08-29,SUP_011,Mekong Packaging,Southeast Asia,Packaging,25,4.6,0.854,54.5,56.6,65.6,high,96.49,2.71,19,19.77,30180,0,0.146,0.1875,0.368,0.5513,0.656,0.1084,0.5308,37.3763,0,0,True
2026-08-30,SUP_011,Mekong Packaging,Southeast Asia,Packaging,25,4.6,0.854,57.3,57.4,66.2,high,95.18,3.42,20,19.77,30180,0,0.146,0.1875,0.368,0.5733,0.662,0.1368,0.5134,37.9187,0,0,True
2026-08-31,SUP_011,Mekong Packaging,Southeast Asia,Packaging,25,4.6,0.854,49.3,61.6,63.3,medium,96.34,3.42,21,19.77,30180,0,0.146,0.1875,0.368,0.5299,0.633,0.1368,0.4966,36.4622,0,0,True
2026-09-01,SUP_011,Mekong Packaging,Southeast Asia,Packaging,25,4.6,0.854,51.4,58.8,54.9,medium,97.38,3.42,22,19.77,30180,0,0.146,0.1875,0.368,0.5362,0.549,0.1368,0.4803,35.1391,0,0,True
2026-09-02,SUP_011,Mekong Packaging,Southeast Asia,Packaging,25,4.6,0.854,53.6,50.0,72.9,high,97.84,3.42,23,19.77,30180,0,0.146,0.1875,0.368,0.5252,0.729,0.1368,0.4646,37.2091,0,0,True
2026-09-03,SUP_011,Mekong Packaging,Southeast Asia,Packaging,25,4.6,0.854,52.8,54.0,60.7,medium,97.16,3.42,24,19.77,30180,0,0.146,0.1875,0.368,0.5316,0.607,0.1368,0.4493,35.3727,0,0,True
2026-09-04,SUP_011,Mekong Packaging,Southeast Asia,Packaging,25,4.6,0.854,55.9,60.1,54.3,medium,98.53,3.44,25,19.77,30180,0,0.146,0.1875,0.368,0.5716,0.543,0.1376,0.4346,34.9706,0,0,True
2026-09-05,SUP_011,Mekong Packaging,Southeast Asia,Packaging,25,4.6,0.854,54.1,58.9,61.5,medium,98.26,3.44,26,19.77,30180,0,0.146,0.1875,0.368,0.5554,0.615,0.1376,0.4204,35.459,0,0,True
2026-09-06,SUP_011,Mekong Packaging,Southeast Asia,Packaging,25,4.6,0.854,52.7,60.4,44.4,medium,98.06,3.44,27,19.77,30180,0,0.146,0.1875,0.368,0.5501,0.444,0.1376,0.4066,32.7491,0,0,True
2026-09-07,SUP_011,Mekong Packaging,Southeast Asia,Packaging,25,4.6,0.854,51.0,57.1,60.6,medium,99.15,4.07,28,19.77,30180,0,0.146,0.1875,0.368,0.5283,0.606,0.1628,0.3932,34.7139,0,0,True
2026-09-08,SUP_011,Mekong Packaging,Southeast Asia,Packaging,25,4.6,0.854,39.5,52.3,66.8,high,99.65,4.58,29,19.77,30180,0,0.146,0.1875,0.368,0.4334,0.668,0.1832,0.3803,33.9122,0,0,True
2026-09-09,SUP_011,Mekong Packaging,Southeast Asia,Packaging,25,4.6,0.854,38.9,58.2,73.9,high,101.32,6.28,30,19.77,30180,0,0.146,0.1875,0.368,0.4469,0.739,0.2512,0.3679,35.7657,0,0,True
2026-09-10,SUP_011,Mekong Packaging,Southeast Asia,Packaging,25,4.6,0.854,35.6,59.7,76.1,high,101.51,6.47,31,19.77,30180,0,0.146,0.1875,0.368,0.4283,0.761,0.2588,0.3558,35.6371,0,0,True
2026-09-11,SUP_011,Mekong Packaging,Southeast Asia,Packaging,25,4.6,0.854,30.3,61.6,71.1,high,101.21,6.46,32,19.77,30180,0,0.146,0.1875,0.368,0.3969,0.711,0.2584,0.3442,34.1805,0,0,True
2026-09-12,SUP_011,Mekong Packaging,Southeast Asia,Packaging,25,4.6,0.854,38.3,68.5,59.0,medium,100.74,6.46,33,19.77,30180,0,0.146,0.1875,0.368,0.4736,0.59,0.2584,0.3329,33.6865,0,0,True
2026-09-13,SUP_011,Mekong Packaging,Southeast Asia,Packaging,25,4.6,0.854,40.6,60.9,58.4,medium,99.34,6.46,34,19.77,30180,0,0.146,0.1875,0.368,0.4669,0.584,0.2584,0.322,33.3073,0,0,True
2026-09-14,SUP_011,Mekong Packaging,Southeast Asia,Packaging,25,4.6,0.854,40.1,57.1,50.3,medium,99.13,6.45,35,19.77,30180,0,0.146,0.1875,0.368,0.452,0.503,0.258,0.3114,31.7315,0,0,True
2026-09-15,SUP_011,Mekong Packaging,Southeast Asia,Packaging,25,4.6,0.854,37.1,57.6,57.7,medium,100.0,6.45,36,19.77,30180,0,0.146,0.1875,0.368,0.4325,0.577,0.258,0.3012,32.2531,0,0,True
2026-09-16,SUP_011,Mekong Packaging,Southeast Asia,Packaging,25,4.6,0.854,38.6,54.3,66.3,high,100.45,6.44,37,19.77,30180,0,0.146,0.1875,0.368,0.4331,0.663,0.2576,0.2913,33.3051,0,0,True
2026-09-17,SUP_011,Mekong Packaging,Southeast Asia,Packaging,25,4.6,0.854,43.2,58.5,78.9,high,100.47,6.44,38,19.77,30180,0,0.146,0.1875,0.368,0.4779,0.789,0.2576,0.2818,35.7227,0,0,False
2026-09-18,SUP_011,Mekong Packaging,Southeast Asia,Packaging,25,4.6,0.854,38.5,57.0,78.1,high,99.71,6.43,39,19.77,30180,0,0.146,0.1875,0.368,0.4405,0.781,0.2572,0.2725,34.7849,0,0,False
2026-09-19,SUP_011,Mekong Packaging,Southeast Asia,Packaging,25,4.6,0.854,38.4,51.5,82.6,high,99.88,6.43,40,19.77,30180,0,0.146,0.1875,0.368,0.4233,0.826,0.2572,0.2636,34.9624,0,0,False
2026-09-20,SUP_011,Mekong Packaging,Southeast Asia,Packaging,25,4.6,0.854,42.5,52.3,74.7,high,100.65,6.42,41,19.77,30180,0,0.146,0.1875,0.368,0.4544,0.747,0.2568,0.255,34.2731,0,0,False
2026-09-21,SUP_011,Mekong Packaging,Southeast Asia,Packaging,25,4.6,0.854,32.6,53.6,67.1,high,100.98,6.41,42,19.77,30180,0,0.146,0.1875,0.368,0.389,0.671,0.2564,0.2466,31.8934,0,0,False
2026-09-22,SUP_011,Mekong Packaging,Southeast Asia,Packaging,25,4.6,0.854,33.2,58.8,70.2,high,101.11,6.4,43,19.77,30180,0,0.146,0.1875,0.368,0.4088,0.702,0.256,0.2385,32.5496,0,0,False
2026-09-23,SUP_011,Mekong Packaging,Southeast Asia,Packaging,25,4.6,0.854,31.9,60.3,64.6,medium,100.5,6.39,44,19.77,30180,0,0.146,0.1875,0.368,0.4042,0.646,0.2556,0.2307,31.5529,0,0,False
2026-06-01,SUP_012,Andes Copper,Latin America,Raw Materials,13,1.6,0.738,47.8,43.4,49.1,medium,100.22,0.0,999,33.64,93844,0,0.262,0.0375,0.2462,0.4648,0.491,0.0,0.0,23.3169,0,0,True
2026-06-02,SUP_012,Andes Copper,Latin America,Raw Materials,13,1.6,0.738,31.8,37.5,56.3,medium,100.93,0.0,999,33.64,93844,0,0.262,0.0375,0.2462,0.3351,0.563,0.0,0.0,21.9903,0,0,True
2026-06-03,SUP_012,Andes Copper,Latin America,Raw Materials,13,1.6,0.738,34.8,42.6,76.1,high,103.25,0.0,999,33.64,93844,0,0.262,0.0375,0.2462,0.3714,0.761,0.0,0.0,25.4157,0,0,True
2026-06-04,SUP_012,Andes Copper,Latin America,Raw Materials,13,1.6,0.738,47.8,58.4,64.0,medium,103.75,0.0,999,33.64,93844,0,0.262,0.0375,0.2462,0.5098,0.64,0.0,0.0,26.2129,0,0,True
2026-06-05,SUP_012,Andes Copper,Latin America,Raw Materials,13,1.6,0.738,39.5,42.9,53.5,medium,104.66,4.33,999,33.64,93844,0,0.262,0.0375,0.2462,0.4052,0.535,0.1732,0.0,24.9385,0,0,True
2026-06-06,SUP_012,Andes Copper,Latin America,Raw Materials,13,1.6,0.738,38.4,45.4,40.3,medium,105.68,5.3,999,33.64,93844,0,0.262,0.0375,0.2462,0.405,0.403,0.212,0.0,23.5525,0,0,True
2026-06-07,SUP_012,Andes Copper,Latin America,Raw Materials,13,1.6,0.738,38.6,34.3,42.7,medium,104.05,5.29,999,33.64,93844,0,0.262,0.0375,0.2462,0.3731,0.427,0.2116,0.0,23.3095,0,0,True
2026-06-08,SUP_012,Andes Copper,Latin America,Raw Materials,13,1.6,0.738,36.6,36.7,44.4,medium,102.69,5.29,999,33.64,93844,0,0.262,0.0375,0.2462,0.3663,0.444,0.2116,0.0,23.4251,0,0,True
2026-06-09,SUP_012,Andes Copper,Latin America,Raw Materials,13,1.6,0.738,42.0,35.3,73.3,high,101.15,5.3,999,33.64,93844,0,0.262,0.0375,0.2462,0.3999,0.733,0.212,0.0,28.0807,0,0,True
2026-06-10,SUP_012,Andes Copper,Latin America,Raw Materials,13,1.6,0.738,44.0,36.0,73.1,high,99.27,6.25,999,33.64,93844,0,0.262,0.0375,0.2462,0.416,0.731,0.25,0.0,28.7985,0,0,True
2026-06-11,SUP_012,Andes Copper,Latin America,Raw Materials,13,1.6,0.738,64.3,31.0,56.2,medium,100.39,6.26,999,33.64,93844,0,0.262,0.0375,0.2462,0.5431,0.562,0.2504,0.0,28.7251,0,0,True
2026-06-12,SUP_012,Andes Copper,Latin America,Raw Materials,13,1.6,0.738,67.5,35.7,70.5,high,100.8,6.27,999,33.64,93844,0,0.262,0.0375,0.2462,0.5796,0.705,0.2508,0.0,31.3889,0,0,True
2026-06-13,SUP_012,Andes Copper,Latin America,Raw Materials,13,1.6,0.738,66.5,28.0,65.5,high,100.92,6.28,999,33.64,93844,0,0.262,0.0375,0.2462,0.5495,0.655,0.2512,0.0,30.1519,0,0,True
2026-06-14,SUP_012,Andes Copper,Latin America,Raw Materials,13,1.6,0.738,80.6,35.6,68.6,high,97.25,8.28,999,33.64,93844,0,0.262,0.0375,0.2462,0.671,0.686,0.3312,0.0,33.7329,0,0,True
2026-06-15,SUP_012,Andes Copper,Latin America,Raw Materials,13,1.6,0.738,78.3,33.3,58.0,medium,100.16,8.29,999,33.64,93844,0,0.262,0.0375,0.2462,0.648,0.58,0.3316,0.0,31.8397,0,0,True
2026-06-16,SUP_012,Andes Copper,Latin America,Raw Materials,13,1.6,0.738,76.5,26.2,20.8,low,98.89,8.31,999,33.64,93844,0,0.262,0.0375,0.2462,0.6141,0.208,0.3324,0.0,26.0311,0,0,True
2026-06-17,SUP_012,Andes Copper,Latin America,Raw Materials,13,1.6,0.738,66.0,35.9,23.5,low,101.79,8.3,999,33.64,93844,0,0.262,0.0375,0.2462,0.5697,0.235,0.332,0.0,25.6051,0,0,True
2026-06-18,SUP_012,Andes Copper,Latin America,Raw Materials,13,1.6,0.738,62.5,35.4,28.0,low,99.74,8.31,999,33.64,93844,0,0.262,0.0375,0.2462,0.5437,0.28,0.3324,0.0,25.7719,0,0,True
2026-06-19,SUP_012,Andes Copper,Latin America,Raw Materials,13,1.6,0.738,67.6,45.4,36.0,low,98.59,8.32,999,33.64,93844,0,0.262,0.0375,0.2462,0.6094,0.36,0.3328,0.0,28.0793,0,0,True
2026-06-20,SUP_012,Andes Copper,Latin America,Raw Materials,13,1.6,0.738,60.2,50.3,50.8,medium,95.48,10.1,999,33.64,93844,0,0.262,0.0375,0.2462,0.5723,0.508,0.404,0.0,30.3379,0,1,True
2026-06-21,SUP_012,Andes Copper,Latin America,Raw Materials,13,1.6,0.738,50.0,43.8,55.4,medium,95.99,10.12,999,33.64,93844,0,0.262,0.0375,0.2462,0.4814,0.554,0.4048,0.0,29.3553,0,1,True
2026-06-22,SUP_012,Andes Copper,Latin America,Raw Materials,13,1.6,0.738,51.6,42.0,61.0,medium,94.43,11.2,999,33.64,93844,0,0.262,0.0375,0.2462,0.4872,0.61,0.448,0.0,30.7621,0,1,True
2026-06-23,SUP_012,Andes Copper,Latin America,Raw Materials,13,1.6,0.738,59.4,41.6,69.6,high,92.91,12.75,999,33.64,93844,0,0.262,0.0375,0.2462,0.5406,0.696,0.51,0.0,33.6713,0,1,True
2026-06-24,SUP_012,Andes Copper,Latin America,Raw Materials,13,1.6,0.738,59.8,48.7,68.0,high,90.97,14.75,999,33.64,93844,0,0.262,0.0375,0.2462,0.5647,0.68,0.59,0.0,34.8411,0,1,True
2026-06-25,SUP_012,Andes Copper,Latin America,Raw Materials,13,1.6,0.738,38.0,48.9,61.1,medium,92.07,14.79,999,33.64,93844,0,0.262,0.0375,0.2462,0.4127,0.611,0.5916,0.0,31.1583,0,1,True
2026-06-26,SUP_012,Andes Copper,Latin America,Raw Materials,13,1.6,0.738,29.5,47.8,65.7,high,93.08,14.83,999,33.64,93844,0,0.262,0.0375,0.2462,0.3499,0.657,0.5932,0.0,30.6911,0,1,True
2026-06-27,SUP_012,Andes Copper,Latin America,Raw Materials,13,1.6,0.738,33.2,44.8,69.7,high,95.64,14.85,999,33.64,93844,0,0.262,0.0375,0.2462,0.3668,0.697,0.594,0.0,31.5649,1,1,True
2026-06-28,SUP_012,Andes Copper,Latin America,Raw Materials,13,1.6,0.738,37.4,43.1,68.8,high,94.67,14.87,1,33.64,93844,0,0.262,0.0375,0.2462,0.3911,0.688,0.5948,0.9672,47.3614,0,1,True
2026-06-29,SUP_012,Andes Copper,Latin America,Raw Materials,13,1.6,0.738,29.3,48.7,48.6,medium,94.98,14.89,2,33.64,93844,0,0.262,0.0375,0.2462,0.3512,0.486,0.5956,0.9355,43.3175,0,1,True
2026-06-30,SUP_012,Andes Copper,Latin America,Raw Materials,13,1.6,0.738,36.3,46.7,39.2,low,93.15,14.92,3,33.64,93844,0,0.262,0.0375,0.2462,0.3942,0.392,0.5968,0.9048,42.2991,1,1,True
2026-07-01,SUP_012,Andes Copper,Latin America,Raw Materials,13,1.6,0.738,40.5,42.8,37.3,low,92.68,14.96,1,33.64,93844,0,0.262,0.0375,0.2462,0.4119,0.373,0.5984,0.9672,43.369,0,1,True
2026-07-02,SUP_012,Andes Copper,Latin America,Raw Materials,13,1.6,0.738,45.8,38.7,45.7,medium,91.95,15.0,2,33.64,93844,0,0.262,0.0375,0.2462,0.4367,0.457,0.6,0.9355,44.5033,0,1,True
2026-07-03,SUP_012,Andes Copper,Latin America,Raw Materials,13,1.6,0.738,47.7,35.2,44.6,medium,92.6,15.06,3,33.64,93844,0,0.262,0.0375,0.2462,0.4395,0.446,0.6024,0.9048,43.9377,0,1,True
2026-07-04,SUP_012,Andes Copper,Latin America,Raw Materials,13,1.6,0.738,49.6,27.8,54.5,medium,94.04,15.11,4,33.64,93844,0,0.262,0.0375,0.2462,0.4306,0.545,0.6044,0.8752,44.7129,1,0,True
2026-07-05,SUP_012,Andes Copper,Latin America,Raw Materials,13,1.6,0.738,50.6,24.9,63.5,medium,95.44,15.16,1,33.64,93844,0,0.262,0.0375,0.2462,0.4289,0.635,0.6064,0.9672,47.439,0,1,True
2026-07-06,SUP_012,Andes Copper,Latin America,Raw Materials,13,1.6,0.738,53.2,34.3,69.3,high,94.25,13.53,2,33.64,93844,0,0.262,0.0375,0.2462,0.4753,0.693,0.5412,0.9355,47.7965,0,1,True
2026-07-07,SUP_012,Andes Copper,Latin America,Raw Materials,13,1.6,0.738,42.6,33.3,73.6,high,95.67,12.16,3,33.64,93844,0,0.262,0.0375,0.2462,0.3981,0.736,0.4864,0.9048,45.8605,0,1,True
2026-07-08,SUP_012,Andes Copper,Latin America,Raw Materials,13,1.6,0.738,35.1,37.3,56.1,medium,95.6,11.25,4,33.64,93844,0,0.262,0.0375,0.2462,0.3576,0.561,0.45,0.8752,41.7701,0,1,True
2026-07-09,SUP_012,Andes Copper,Latin America,Raw Materials,13,1.6,0.738,32.3,23.9,57.0,medium,95.14,11.28,5,33.64,93844,0,0.262,0.0375,0.2462,0.2978,0.57,0.4512,0.8465,40.375,0,1,True
2026-07-10,SUP_012,Andes Copper,Latin America,Raw Materials,13,1.6,0.738,32.9,28.6,47.7,medium,94.14,11.3,6,33.64,93844,0,0.262,0.0375,0.2462,0.3161,0.477,0.452,0.8187,38.968,0,1,True
2026-07-11,SUP_012,Andes Copper,Latin America,Raw Materials,13,1.6,0.738,35.8,28.7,31.0,low,93.35,11.32,7,33.64,93844,0,0.262,0.0375,0.2462,0.3367,0.31,0.4528,0.7919,36.581,0,1,True
2026-07-12,SUP_012,Andes Copper,Latin America,Raw Materials,13,1.6,0.738,37.9,27.1,31.1,low,95.81,11.34,8,33.64,93844,0,0.262,0.0375,0.2462,0.3466,0.311,0.4536,0.7659,36.3674,1,0,True
2026-07-13,SUP_012,Andes Copper,Latin America,Raw Materials,13,1.6,0.738,43.5,29.2,46.1,medium,96.25,11.36,1,33.64,93844,0,0.262,0.0375,0.2462,0.3921,0.461,0.4544,0.9672,42.5166,0,0,True
2026-07-14,SUP_012,Andes Copper,Latin America,Raw Materials,13,1.6,0.738,48.5,27.5,49.3,medium,96.5,11.37,2,33.64,93844,0,0.262,0.0375,0.2462,0.422,0.493,0.4548,0.9355,43.0003,0,0,True
2026-07-15,SUP_012,Andes Copper,Latin America,Raw Materials,13,1.6,0.738,43.1,17.4,66.2,high,96.13,11.38,3,33.64,93844,0,0.262,0.0375,0.2462,0.3539,0.662,0.4552,0.9048,43.6545,0,0,True
2026-07-16,SUP_012,Andes Copper,Latin America,Raw Materials,13,1.6,0.738,43.7,24.9,61.8,medium,99.59,11.38,4,33.64,93844,0,0.262,0.0375,0.2462,0.3806,0.618,0.4552,0.8752,43.0445,0,0,True
2026-07-17,SUP_012,Andes Copper,Latin America,Raw Materials,13,1.6,0.738,39.1,27.7,79.5,high,101.43,11.0,5,33.64,93844,0,0.262,0.0375,0.2462,0.3568,0.795,0.44,0.8465,44.4526,0,0,True
2026-07-18,SUP_012,Andes Copper,Latin America,Raw Materials,13,1.6,0.738,38.4,27.1,71.8,high,100.41,11.0,6,33.64,93844,0,0.262,0.0375,0.2462,0.3501,0.718,0.44,0.8187,42.81,0,0,True
2026-07-19,SUP_012,Andes Copper,Latin America,Raw Materials,13,1.6,0.738,40.2,23.2,64.5,medium,100.03,10.99,7,33.64,93844,0,0.262,0.0375,0.2462,0.351,0.645,0.4396,0.7919,41.37,0,1,True
2026-07-20,SUP_012,Andes Copper,Latin America,Raw Materials,13,1.6,0.738,24.0,17.3,47.1,medium,99.72,10.98,8,33.64,93844,0,0.262,0.0375,0.2462,0.2199,0.471,0.4392,0.7659,36.154,0,1,True
2026-07-21,SUP_012,Andes Copper,Latin America,Raw Materials,13,1.6,0.738,37.8,21.1,56.1,medium,99.93,10.96,9,33.64,93844,0,0.262,0.0375,0.2462,0.3279,0.561,0.4384,0.7408,38.9466,0,1,True
2026-07-22,SUP_012,Andes Copper,Latin America,Raw Materials,13,1.6,0.738,40.8,31.7,47.9,medium,98.94,10.94,10,33.64,93844,0,0.262,0.0375,0.2462,0.3807,0.479,0.4376,0.7165,38.3508,0,1,True
2026-07-23,SUP_012,Andes Copper,Latin America,Raw Materials,13,1.6,0.738,37.9,33.3,40.4,medium,99.56,10.92,11,33.64,93844,0,0.262,0.0375,0.2462,0.3652,0.404,0.4368,0.693,36.6364,0,1,True
2026-07-24,SUP_012,Andes Copper,Latin America,Raw Materials,13,1.6,0.738,47.3,26.2,52.7,medium,101.61,10.05,12,33.64,93844,0,0.262,0.0375,0.2462,0.4097,0.527,0.402,0.6703,38.3783,0,1,True
2026-07-25,SUP_012,Andes Copper,Latin America,Raw Materials,13,1.6,0.738,44.6,28.7,60.7,medium,99.75,10.02,13,33.64,93844,0,0.262,0.0375,0.2462,0.3983,0.607,0.4008,0.6483,38.927,0,1,True
2026-07-26,SUP_012,Andes Copper,Latin America,Raw Materials,13,1.6,0.738,44.5,29.4,66.5,high,98.16,10.0,14,33.64,93844,0,0.262,0.0375,0.2462,0.3997,0.665,0.4,0.6271,39.4146,1,1,True
2026-07-27,SUP_012,Andes Copper,Latin America,Raw Materials,13,1.6,0.738,41.5,34.8,57.1,medium,97.47,10.0,1,33.64,93844,0,0.262,0.0375,0.2462,0.3949,0.571,0.4,0.9672,43.4542,0,1,True
2026-07-28,SUP_012,Andes Copper,Latin America,Raw Materials,13,1.6,0.738,49.1,38.0,52.8,medium,96.86,9.99,2,33.64,93844,0,0.262,0.0375,0.2462,0.4577,0.528,0.3996,0.9355,43.4705,0,1,True
2026-07-29,SUP_012,Andes Copper,Latin America,Raw Materials,13,1.6,0.738,47.3,21.8,49.6,medium,99.68,9.97,3,33.64,93844,0,0.262,0.0375,0.2462,0.3965,0.496,0.3988,0.9048,41.4205,0,1,True
2026-07-30,SUP_012,Andes Copper,Latin America,Raw Materials,13,1.6,0.738,46.9,26.7,54.9,medium,101.1,9.95,4,33.64,93844,0,0.262,0.0375,0.2462,0.4084,0.549,0.398,0.8752,41.8925,1,0,True
2026-07-31,SUP_012,Andes Copper,Latin America,Raw Materials,13,1.6,0.738,51.6,22.6,66.1,high,102.44,10.76,1,33.64,93844,0,0.262,0.0375,0.2462,0.429,0.661,0.4304,0.9672,45.6928,0,0,True
2026-08-01,SUP_012,Andes Copper,Latin America,Raw Materials,13,1.6,0.738,52.6,17.0,63.5,medium,102.06,10.06,2,33.64,93844,0,0.262,0.0375,0.2462,0.4192,0.635,0.4024,0.9355,44.3091,0,0,True
2026-08-02,SUP_012,Andes Copper,Latin America,Raw Materials,13,1.6,0.738,50.5,18.7,76.4,high,101.66,9.27,3,33.64,93844,0,0.262,0.0375,0.2462,0.4096,0.764,0.3708,0.9048,45.0723,0,0,True
2026-08-03,SUP_012,Andes Copper,Latin America,Raw Materials,13,1.6,0.738,54.1,23.3,76.1,high,99.6,9.25,4,33.64,93844,0,0.262,0.0375,0.2462,0.4486,0.761,0.37,0.8752,45.2481,0,0,True
2026-08-04,SUP_012,Andes Copper,Latin America,Raw Materials,13,1.6,0.738,64.1,16.4,65.4,high,100.71,9.23,5,33.64,93844,0,0.262,0.0375,0.2462,0.4979,0.654,0.3692,0.8465,44.1688,0,0,True
2026-08-05,SUP_012,Andes Copper,Latin America,Raw Materials,13,1.6,0.738,62.0,22.9,67.2,high,101.41,9.21,6,33.64,93844,0,0.262,0.0375,0.2462,0.5027,0.672,0.3684,0.8187,44.0536,0,0,True
2026-08-06,SUP_012,Andes Copper,Latin America,Raw Materials,13,1.6,0.738,59.2,28.8,76.7,high,103.23,9.99,7,33.64,93844,0,0.262,0.0375,0.2462,0.5008,0.767,0.3996,0.7919,45.2944,0,0,True
2026-08-07,SUP_012,Andes Copper,Latin America,Raw Materials,13,1.6,0.738,57.1,29.9,86.5,high,102.93,9.96,8,33.64,93844,0,0.262,0.0375,0.2462,0.4894,0.865,0.3984,0.7659,46.0314,0,0,True
2026-08-08,SUP_012,Andes Copper,Latin America,Raw Materials,13,1.6,0.738,60.8,26.1,86.4,high,102.73,9.94,9,33.64,93844,0,0.262,0.0375,0.2462,0.5039,0.864,0.3976,0.7408,45.867,0,0,True
2026-08-09,SUP_012,Andes Copper,Latin America,Raw Materials,13,1.6,0.738,54.8,22.3,75.5,high,102.97,9.91,10,33.64,93844,0,0.262,0.0375,0.2462,0.4505,0.755,0.3964,0.7165,42.9768,0,0,True
2026-08-10,SUP_012,Andes Copper,Latin America,Raw Materials,13,1.6,0.738,51.3,29.6,91.6,high,104.23,8.41,11,33.64,93844,0,0.262,0.0375,0.2462,0.4479,0.916,0.3364,0.693,44.0882,0,0,True
2026-08-11,SUP_012,Andes Copper,Latin America,Raw Materials,13,1.6,0.738,42.3,22.5,91.1,high,102.15,8.08,12,33.64,93844,0,0.262,0.0375,0.2462,0.3636,0.911,0.3232,0.6703,41.9789,0,0,True
2026-08-12,SUP_012,Andes Copper,Latin America,Raw Materials,13,1.6,0.738,36.3,29.9,100.0,high,103.19,8.06,13,33.64,93844,0,0.262,0.0375,0.2462,0.3438,1.0,0.3224,0.6483,42.5072,0,0,True
2026-08-13,SUP_012,Andes Copper,Latin America,Raw Materials,13,1.6,0.738,34.4,29.8,96.8,high,103.16,8.04,14,33.64,93844,0,0.262,0.0375,0.2462,0.3302,0.968,0.3216,0.6271,41.4648,0,0,True
2026-08-14,SUP_012,Andes Copper,Latin America,Raw Materials,13,1.6,0.738,35.0,30.1,94.0,high,101.66,7.3,15,33.64,93844,0,0.262,0.0375,0.2462,0.3353,0.94,0.292,0.6065,40.4804,0,0,True
2026-08-15,SUP_012,Andes Copper,Latin America,Raw Materials,13,1.6,0.738,44.1,21.8,88.0,high,98.71,7.3,16,33.64,93844,0,0.262,0.0375,0.2462,0.3741,0.88,0.292,0.5866,40.0207,0,0,True
2026-08-16,SUP_012,Andes Copper,Latin America,Raw Materials,13,1.6,0.738,46.1,23.0,80.1,high,98.52,7.31,17,33.64,93844,0,0.262,0.0375,0.2462,0.3917,0.801,0.2924,0.5674,38.9286,0,0,True
2026-08-17,SUP_012,Andes Copper,Latin America,Raw Materials,13,1.6,0.738,40.8,28.1,49.3,medium,100.57,7.31,18,33.64,93844,0,0.262,0.0375,0.2462,0.3699,0.493,0.2924,0.5488,33.9265,0,1,True
2026-08-18,SUP_012,Andes Copper,Latin America,Raw Materials,13,1.6,0.738,37.3,22.1,48.7,medium,102.94,7.3,19,33.64,93844,0,0.262,0.0375,0.2462,0.3274,0.487,0.292,0.5308,32.7848,0,1,True
2026-08-19,SUP_012,Andes Copper,Latin America,Raw Materials,13,1.6,0.738,44.2,26.6,62.9,medium,103.44,7.29,20,33.64,93844,0,0.262,0.0375,0.2462,0.3892,0.629,0.2916,0.5134,35.602,0,1,True
2026-08-20,SUP_012,Andes Copper,Latin America,Raw Materials,13,1.6,0.738,48.9,28.4,55.5,medium,106.22,9.24,21,33.64,93844,0,0.262,0.0375,0.2462,0.4275,0.555,0.3696,0.4966,35.9221,0,1,True
2026-08-21,SUP_012,Andes Copper,Latin America,Raw Materials,13,1.6,0.738,47.7,26.0,52.6,medium,106.16,9.22,22,33.64,93844,0,0.262,0.0375,0.2462,0.4119,0.526,0.3688,0.4803,34.9652,0,1,True
2026-08-22,SUP_012,Andes Copper,Latin America,Raw Materials,13,1.6,0.738,44.4,31.8,41.9,medium,107.51,10.47,23,33.64,93844,0,0.262,0.0375,0.2462,0.4062,0.419,0.4188,0.4646,33.7127,0,1,True
2026-08-23,SUP_012,Andes Copper,Latin America,Raw Materials,13,1.6,0.738,49.1,20.7,48.6,medium,106.87,10.45,24,33.64,93844,0,0.262,0.0375,0.2462,0.4058,0.486,0.418,0.4493,34.3902,0,1,True
2026-08-24,SUP_012,Andes Copper,Latin America,Raw Materials,13,1.6,0.738,43.0,24.7,59.6,medium,106.14,10.43,25,33.64,93844,0,0.262,0.0375,0.2462,0.3751,0.596,0.4172,0.4346,35.1323,1,0,True
2026-08-25,SUP_012,Andes Copper,Latin America,Raw Materials,13,1.6,0.738,44.4,34.7,70.2,high,105.18,10.4,1,33.64,93844,0,0.262,0.0375,0.2462,0.4149,0.702,0.416,0.9672,45.8402,0,0,True
2026-08-26,SUP_012,Andes Copper,Latin America,Raw Materials,13,1.6,0.738,54.5,42.4,65.1,high,102.26,10.39,2,33.64,93844,0,0.262,0.0375,0.2462,0.5087,0.651,0.4156,0.9355,46.3025,0,0,True
2026-08-27,SUP_012,Andes Copper,Latin America,Raw Materials,13,1.6,0.738,53.3,43.3,64.6,medium,104.09,8.75,3,33.64,93844,0,0.262,0.0375,0.2462,0.503,0.646,0.35,0.9048,44.8519,0,0,True
2026-08-28,SUP_012,Andes Copper,Latin America,Raw Materials,13,1.6,0.738,47.7,40.5,57.5,medium,103.18,8.74,4,33.64,93844,0,0.262,0.0375,0.2462,0.4554,0.575,0.3496,0.8752,42.5217,0,0,True
2026-08-29,SUP_012,Andes Copper,Latin America,Raw Materials,13,1.6,0.738,48.5,36.3,58.5,medium,102.04,8.73,5,33.64,93844,0,0.262,0.0375,0.2462,0.4484,0.585,0.3492,0.8465,42.0718,0,0,True
2026-08-30,SUP_012,Andes Copper,Latin America,Raw Materials,13,1.6,0.738,45.0,34.5,57.3,medium,100.37,8.74,6,33.64,93844,0,0.262,0.0375,0.2462,0.4185,0.573,0.3496,0.8187,40.9264,0,0,True
2026-08-31,SUP_012,Andes Copper,Latin America,Raw Materials,13,1.6,0.738,37.6,37.5,54.0,medium,100.08,8.75,7,33.64,93844,0,0.262,0.0375,0.2462,0.3757,0.54,0.35,0.7919,39.2694,0,0,True
2026-09-01,SUP_012,Andes Copper,Latin America,Raw Materials,13,1.6,0.738,41.3,32.8,52.3,medium,102.58,8.74,8,33.64,93844,0,0.262,0.0375,0.2462,0.3875,0.523,0.3496,0.7659,38.8236,0,0,True
2026-09-02,SUP_012,Andes Copper,Latin America,Raw Materials,13,1.6,0.738,46.4,37.1,53.9,medium,105.54,8.73,9,33.64,93844,0,0.262,0.0375,0.2462,0.4361,0.539,0.3492,0.7408,39.5158,0,0,True
2026-09-03,SUP_012,Andes Copper,Latin America,Raw Materials,13,1.6,0.738,44.0,48.1,48.2,medium,103.19,8.72,10,33.64,93844,0,0.262,0.0375,0.2462,0.4523,0.482,0.3488,0.7165,38.616,0,0,True
2026-09-04,SUP_012,Andes Copper,Latin America,Raw Materials,13,1.6,0.738,41.6,45.8,44.4,medium,102.69,8.72,11,33.64,93844,0,0.262,0.0375,0.2462,0.4286,0.444,0.3488,0.693,37.2816,0,0,True
2026-09-05,SUP_012,Andes Copper,Latin America,Raw Materials,13,1.6,0.738,36.8,37.1,59.6,medium,101.23,8.72,12,33.64,93844,0,0.262,0.0375,0.2462,0.3689,0.596,0.3488,0.6703,37.9715,0,0,True
2026-09-06,SUP_012,Andes Copper,Latin America,Raw Materials,13,1.6,0.738,36.6,29.7,80.3,high,102.63,8.72,13,33.64,93844,0,0.262,0.0375,0.2462,0.3453,0.803,0.3488,0.6483,40.093,0,0,True
2026-09-07,SUP_012,Andes Copper,Latin America,Raw Materials,13,1.6,0.738,34.4,34.6,59.6,medium,103.03,8.72,14,33.64,93844,0,0.262,0.0375,0.2462,0.3446,0.596,0.3488,0.6271,36.8424,0,0,True
2026-09-08,SUP_012,Andes Copper,Latin America,Raw Materials,13,1.6,0.738,30.5,34.3,43.5,medium,102.13,8.72,15,33.64,93844,0,0.262,0.0375,0.2462,0.3164,0.435,0.3488,0.6065,33.7518,0,0,True
2026-09-09,SUP_012,Andes Copper,Latin America,Raw Materials,13,1.6,0.738,40.9,39.0,34.3,low,102.23,8.73,16,33.64,93844,0,0.262,0.0375,0.2462,0.4033,0.343,0.3492,0.5866,33.7147,0,0,True
2026-09-10,SUP_012,Andes Copper,Latin America,Raw Materials,13,1.6,0.738,42.9,35.6,35.3,low,101.56,8.73,17,33.64,93844,0,0.262,0.0375,0.2462,0.4071,0.353,0.3492,0.5674,33.6154,0,0,True
2026-09-11,SUP_012,Andes Copper,Latin America,Raw Materials,13,1.6,0.738,45.2,39.9,45.2,medium,103.84,8.73,18,33.64,93844,0,0.262,0.0375,0.2462,0.4361,0.452,0.3492,0.5488,35.2257,0,0,True
2026-09-12,SUP_012,Andes Copper,Latin America,Raw Materials,13,1.6,0.738,48.6,38.3,49.9,medium,104.62,8.72,19,33.64,93844,0,0.262,0.0375,0.2462,0.4551,0.499,0.3488,0.5308,35.933,0,0,True
2026-09-13,SUP_012,Andes Copper,Latin America,Raw Materials,13,1.6,0.738,51.0,34.0,49.5,medium,105.56,8.71,20,33.64,93844,0,0.262,0.0375,0.2462,0.459,0.495,0.3484,0.5134,35.664,0,0,True
2026-09-14,SUP_012,Andes Copper,Latin America,Raw Materials,13,1.6,0.738,47.4,32.0,52.5,medium,101.79,8.71,21,33.64,93844,0,0.262,0.0375,0.2462,0.4278,0.525,0.3484,0.4966,35.2531,0,0,True
2026-09-15,SUP_012,Andes Copper,Latin America,Raw Materials,13,1.6,0.738,47.6,26.2,43.5,medium,101.7,7.19,22,33.64,93844,0,0.262,0.0375,0.2462,0.4118,0.435,0.2876,0.4803,32.715,0,0,True
2026-09-16,SUP_012,Andes Copper,Latin America,Raw Materials,13,1.6,0.738,45.2,38.0,40.9,medium,104.64,7.18,23,33.64,93844,0,0.262,0.0375,0.2462,0.4304,0.409,0.2872,0.4646,32.4291,0,0,True
2026-09-17,SUP_012,Andes Copper,Latin America,Raw Materials,13,1.6,0.738,46.5,37.0,41.0,medium,106.52,7.17,24,33.64,93844,0,0.262,0.0375,0.2462,0.4365,0.41,0.2868,0.4493,32.3044,0,0,False
2026-09-18,SUP_012,Andes Copper,Latin America,Raw Materials,13,1.6,0.738,47.1,40.1,26.5,low,103.91,7.17,25,33.64,93844,0,0.262,0.0375,0.2462,0.45,0.265,0.2868,0.4346,30.2817,0,0,False
2026-09-19,SUP_012,Andes Copper,Latin America,Raw Materials,13,1.6,0.738,44.2,36.5,19.7,low,103.46,7.17,26,33.64,93844,0,0.262,0.0375,0.2462,0.4189,0.197,0.2868,0.4204,28.5419,0,0,False
2026-09-20,SUP_012,Andes Copper,Latin America,Raw Materials,13,1.6,0.738,37.3,30.7,14.9,low,101.76,7.18,27,33.64,93844,0,0.262,0.0375,0.2462,0.3532,0.149,0.2872,0.4066,26.4717,0,0,False
2026-09-21,SUP_012,Andes Copper,Latin America,Raw Materials,13,1.6,0.738,38.4,30.2,28.7,low,104.18,6.57,28,33.64,93844,0,0.262,0.0375,0.2462,0.3594,0.287,0.2628,0.3932,28.0092,0,0,False
2026-09-22,SUP_012,Andes Copper,Latin America,Raw Materials,13,1.6,0.738,37.7,36.7,34.3,low,104.53,6.24,29,33.64,93844,0,0.262,0.0375,0.2462,0.374,0.343,0.2496,0.3803,28.6913,0,0,False
2026-09-23,SUP_012,Andes Copper,Latin America,Raw Materials,13,1.6,0.738,29.1,33.7,41.9,medium,103.44,6.24,30,33.64,93844,0,0.262,0.0375,0.2462,0.3048,0.419,0.2496,0.3679,28.3102,0,0,False
2026-06-01,SUP_013,Great Lakes Steel,North America,Raw Materials,38,10.5,0.77,12.3,44.0,36.4,low,101.27,0.0,999,47.28,32747,0,0.23,0.35,0.5526,0.2181,0.364,0.0,0.0,22.6481,0,0,True
2026-06-02,SUP_013,Great Lakes Steel,North America,Raw Materials,38,10.5,0.77,0.0,43.1,30.9,low,101.79,0.0,999,47.28,32747,0,0.23,0.35,0.5526,0.1293,0.309,0.0,0.0,20.2797,0,0,True
2026-06-03,SUP_013,Great Lakes Steel,North America,Raw Materials,38,10.5,0.77,0.0,36.6,21.3,low,103.55,0.0,999,47.28,32747,0,0.23,0.35,0.5526,0.1098,0.213,0.0,0.0,18.5847,0,0,True
2026-06-04,SUP_013,Great Lakes Steel,North America,Raw Materials,38,10.5,0.77,0.0,34.7,7.4,low,100.31,0.0,999,47.28,32747,0,0.23,0.35,0.5526,0.1041,0.074,0.0,0.0,16.5361,0,0,True
2026-06-05,SUP_013,Great Lakes Steel,North America,Raw Materials,38,10.5,0.77,5.0,26.3,2.7,low,99.9,3.6,999,47.28,32747,0,0.23,0.35,0.5526,0.1139,0.027,0.144,0.0,17.7825,0,0,True
2026-06-06,SUP_013,Great Lakes Steel,North America,Raw Materials,38,10.5,0.77,0.0,22.3,11.8,low,99.48,4.03,999,47.28,32747,0,0.23,0.35,0.5526,0.0669,0.118,0.1612,0.0,18.4169,0,1,True
2026-06-07,SUP_013,Great Lakes Steel,North America,Raw Materials,38,10.5,0.77,0.0,31.3,26.7,low,101.07,4.03,999,47.28,32747,0,0.23,0.35,0.5526,0.0939,0.267,0.1612,0.0,20.9889,0,1,True
2026-06-08,SUP_013,Great Lakes Steel,North America,Raw Materials,38,10.5,0.77,4.3,31.1,23.6,low,103.25,4.02,999,47.28,32747,0,0.23,0.35,0.5526,0.1234,0.236,0.1608,0.0,21.0811,0,1,True
2026-06-09,SUP_013,Great Lakes Steel,North America,Raw Materials,38,10.5,0.77,0.0,41.7,41.0,medium,101.24,4.02,999,47.28,32747,0,0.23,0.35,0.5526,0.1251,0.41,0.1608,0.0,23.5477,0,1,True
2026-06-10,SUP_013,Great Lakes Steel,North America,Raw Materials,38,10.5,0.77,1.7,40.2,32.8,low,103.19,4.01,999,47.28,32747,0,0.23,0.35,0.5526,0.1325,0.328,0.1604,0.0,22.5281,0,1,True
2026-06-11,SUP_013,Great Lakes Steel,North America,Raw Materials,38,10.5,0.77,3.5,39.2,31.2,low,101.57,4.01,999,47.28,32747,0,0.23,0.35,0.5526,0.1421,0.312,0.1604,0.0,22.4769,0,1,True
2026-06-12,SUP_013,Great Lakes Steel,North America,Raw Materials,38,10.5,0.77,12.9,42.0,22.1,low,100.0,4.01,999,47.28,32747,0,0.23,0.35,0.5526,0.2163,0.221,0.1604,0.0,22.5385,0,1,True
2026-06-13,SUP_013,Great Lakes Steel,North America,Raw Materials,38,10.5,0.77,11.7,26.8,34.5,low,99.67,4.02,999,47.28,32747,0,0.23,0.35,0.5526,0.1623,0.345,0.1608,0.0,23.3073,1,0,True
2026-06-14,SUP_013,Great Lakes Steel,North America,Raw Materials,38,10.5,0.77,10.9,29.1,54.1,medium,99.23,4.27,1,47.28,32747,0,0.23,0.35,0.5526,0.1636,0.541,0.1708,0.9672,41.6702,0,0,True
2026-06-15,SUP_013,Great Lakes Steel,North America,Raw Materials,38,10.5,0.77,15.1,29.8,33.0,low,97.08,6.42,2,47.28,32747,0,0.23,0.35,0.5526,0.1951,0.33,0.2568,0.9355,39.8078,0,0,True
2026-06-16,SUP_013,Great Lakes Steel,North America,Raw Materials,38,10.5,0.77,8.4,38.4,30.3,low,97.98,6.43,3,47.28,32747,0,0.23,0.35,0.5526,0.174,0.303,0.2572,0.9048,38.5641,0,0,True
2026-06-17,SUP_013,Great Lakes Steel,North America,Raw Materials,38,10.5,0.77,7.9,42.9,43.2,medium,98.92,6.43,4,47.28,32747,0,0.23,0.35,0.5526,0.184,0.432,0.2572,0.8752,40.0755,0,0,True
2026-06-18,SUP_013,Great Lakes Steel,North America,Raw Materials,38,10.5,0.77,6.3,35.8,27.7,low,100.37,6.43,5,47.28,32747,0,0.23,0.35,0.5526,0.1515,0.277,0.2572,0.8465,36.8614,0,1,True
2026-06-19,SUP_013,Great Lakes Steel,North America,Raw Materials,38,10.5,0.77,6.5,42.2,34.8,low,99.77,6.44,6,47.28,32747,0,0.23,0.35,0.5526,0.1721,0.348,0.2576,0.8187,37.787,0,1,True
2026-06-20,SUP_013,Great Lakes Steel,North America,Raw Materials,38,10.5,0.77,11.4,39.7,46.2,medium,99.72,6.44,7,47.28,32747,0,0.23,0.35,0.5526,0.1989,0.462,0.2576,0.7919,39.4359,0,1,True
2026-06-21,SUP_013,Great Lakes Steel,North America,Raw Materials,38,10.5,0.77,14.1,34.3,44.1,medium,99.68,6.44,8,47.28,32747,0,0.23,0.35,0.5526,0.2016,0.441,0.2576,0.7659,38.7752,0,1,True
2026-06-22,SUP_013,Great Lakes Steel,North America,Raw Materials,38,10.5,0.77,10.2,35.4,46.9,medium,102.01,6.44,9,47.28,32747,0,0.23,0.35,0.5526,0.1776,0.469,0.2576,0.7408,38.3334,0,1,True
2026-06-23,SUP_013,Great Lakes Steel,North America,Raw Materials,38,10.5,0.77,11.1,34.3,60.2,medium,98.09,6.44,10,47.28,32747,0,0.23,0.35,0.5526,0.1806,0.602,0.2576,0.7165,39.8608,0,1,True
2026-06-24,SUP_013,Great Lakes Steel,North America,Raw Materials,38,10.5,0.77,18.3,42.5,72.0,high,96.77,6.76,11,47.28,32747,0,0.23,0.35,0.5526,0.2556,0.72,0.2704,0.693,42.6406,0,1,True
2026-06-25,SUP_013,Great Lakes Steel,North America,Raw Materials,38,10.5,0.77,13.4,43.2,62.2,medium,96.78,6.77,12,47.28,32747,0,0.23,0.35,0.5526,0.2234,0.622,0.2708,0.6703,40.3302,1,0,True
2026-06-26,SUP_013,Great Lakes Steel,North America,Raw Materials,38,10.5,0.77,13.9,43.0,50.4,medium,95.28,8.28,1,47.28,32747,0,0.23,0.35,0.5526,0.2263,0.504,0.3312,0.9672,44.2056,0,0,True
2026-06-27,SUP_013,Great Lakes Steel,North America,Raw Materials,38,10.5,0.77,12.7,46.6,38.1,low,94.92,8.65,2,47.28,32747,0,0.23,0.35,0.5526,0.2287,0.381,0.346,0.9355,42.197,0,0,True
2026-06-28,SUP_013,Great Lakes Steel,North America,Raw Materials,38,10.5,0.77,12.3,50.6,46.3,medium,94.75,8.84,3,47.28,32747,0,0.23,0.35,0.5526,0.2379,0.463,0.3536,0.9048,43.1111,0,0,True
2026-06-29,SUP_013,Great Lakes Steel,North America,Raw Materials,38,10.5,0.77,4.5,52.4,30.8,low,93.84,9.77,4,47.28,32747,0,0.23,0.35,0.5526,0.1887,0.308,0.3908,0.8752,40.0273,0,0,True
2026-06-30,SUP_013,Great Lakes Steel,North America,Raw Materials,38,10.5,0.77,12.3,57.2,29.5,low,93.93,9.79,5,47.28,32747,0,0.23,0.35,0.5526,0.2577,0.295,0.3916,0.8465,40.6378,0,0,True
2026-07-01,SUP_013,Great Lakes Steel,North America,Raw Materials,38,10.5,0.77,8.6,57.1,31.8,low,94.8,9.81,6,47.28,32747,0,0.23,0.35,0.5526,0.2315,0.318,0.3924,0.8187,40.0538,0,0,True
2026-07-02,SUP_013,Great Lakes Steel,North America,Raw Materials,38,10.5,0.77,14.0,54.7,28.0,low,94.47,9.84,7,47.28,32747,0,0.23,0.35,0.5526,0.2621,0.28,0.3936,0.7919,39.6575,0,0,True
2026-07-03,SUP_013,Great Lakes Steel,North America,Raw Materials,38,10.5,0.77,10.7,58.3,32.3,low,93.84,9.56,8,47.28,32747,0,0.23,0.35,0.5526,0.2498,0.323,0.3824,0.7659,39.4884,0,0,True
2026-07-04,SUP_013,Great Lakes Steel,North America,Raw Materials,38,10.5,0.77,8.0,54.3,56.7,medium,93.61,9.82,9,47.28,32747,0,0.23,0.35,0.5526,0.2189,0.567,0.3928,0.7408,42.0712,0,0,True
2026-07-05,SUP_013,Great Lakes Steel,North America,Raw Materials,38,10.5,0.77,14.3,51.6,50.2,medium,93.6,9.85,10,47.28,32747,0,0.23,0.35,0.5526,0.2549,0.502,0.394,0.7165,41.435,0,0,True
2026-07-06,SUP_013,Great Lakes Steel,North America,Raw Materials,38,10.5,0.77,18.7,58.2,42.4,medium,91.2,12.34,11,47.28,32747,0,0.23,0.35,0.5526,0.3055,0.424,0.4936,0.693,42.0732,0,0,True
2026-07-07,SUP_013,Great Lakes Steel,North America,Raw Materials,38,10.5,0.77,18.7,63.2,49.9,medium,91.84,12.37,12,47.28,32747,0,0.23,0.35,0.5526,0.3205,0.499,0.4948,0.6703,43.044,0,0,True
2026-07-08,SUP_013,Great Lakes Steel,North America,Raw Materials,38,10.5,0.77,21.3,58.9,48.4,medium,91.21,12.36,13,47.28,32747,0,0.23,0.35,0.5526,0.3258,0.484,0.4944,0.6483,42.573,0,0,True
2026-07-09,SUP_013,Great Lakes Steel,North America,Raw Materials,38,10.5,0.77,18.5,53.0,58.4,medium,92.96,12.4,14,47.28,32747,0,0.23,0.35,0.5526,0.2885,0.584,0.496,0.6271,42.9807,0,0,True
2026-07-10,SUP_013,Great Lakes Steel,North America,Raw Materials,38,10.5,0.77,17.5,58.0,54.1,medium,93.77,11.22,15,47.28,32747,0,0.23,0.35,0.5526,0.2965,0.541,0.4488,0.6065,41.6274,0,0,True
2026-07-11,SUP_013,Great Lakes Steel,North America,Raw Materials,38,10.5,0.77,13.5,58.7,47.0,medium,95.39,11.24,16,47.28,32747,0,0.23,0.35,0.5526,0.2706,0.47,0.4496,0.5866,39.8587,0,0,True
2026-07-12,SUP_013,Great Lakes Steel,North America,Raw Materials,38,10.5,0.77,17.6,56.8,27.5,low,93.99,11.26,17,47.28,32747,0,0.23,0.35,0.5526,0.2936,0.275,0.4504,0.5674,37.2445,0,0,True
2026-07-13,SUP_013,Great Lakes Steel,North America,Raw Materials,38,10.5,0.77,13.5,51.9,14.4,low,93.48,11.29,18,47.28,32747,0,0.23,0.35,0.5526,0.2502,0.144,0.4516,0.5488,34.3461,0,0,True
2026-07-14,SUP_013,Great Lakes Steel,North America,Raw Materials,38,10.5,0.77,20.3,51.1,2.5,low,91.76,11.32,19,47.28,32747,0,0.23,0.35,0.5526,0.2954,0.025,0.4528,0.5308,33.2202,0,0,True
2026-07-15,SUP_013,Great Lakes Steel,North America,Raw Materials,38,10.5,0.77,17.5,48.6,14.2,low,90.79,11.77,20,47.28,32747,0,0.23,0.35,0.5526,0.2683,0.142,0.4708,0.5134,34.308,0,0,True
2026-07-16,SUP_013,Great Lakes Steel,North America,Raw Materials,38,10.5,0.77,16.8,43.0,6.8,low,92.52,11.79,21,47.28,32747,0,0.23,0.35,0.5526,0.2466,0.068,0.4716,0.4966,32.6217,0,0,True
2026-07-17,SUP_013,Great Lakes Steel,North America,Raw Materials,38,10.5,0.77,19.7,42.5,25.4,low,94.57,11.81,22,47.28,32747,0,0.23,0.35,0.5526,0.2654,0.254,0.4724,0.4803,35.3132,0,0,True
2026-07-18,SUP_013,Great Lakes Steel,North America,Raw Materials,38,10.5,0.77,18.6,42.8,28.1,low,92.99,11.84,23,47.28,32747,0,0.23,0.35,0.5526,0.2586,0.281,0.4736,0.4646,35.3313,0,0,True
2026-07-19,SUP_013,Great Lakes Steel,North America,Raw Materials,38,10.5,0.77,16.2,39.6,27.6,low,92.35,11.87,24,47.28,32747,0,0.23,0.35,0.5526,0.2322,0.276,0.4748,0.4493,34.5568,0,0,True
2026-07-20,SUP_013,Great Lakes Steel,North America,Raw Materials,38,10.5,0.77,15.5,43.7,21.6,low,92.25,11.9,25,47.28,32747,0,0.23,0.35,0.5526,0.2396,0.216,0.476,0.4346,33.6287,0,0,True
2026-07-21,SUP_013,Great Lakes Steel,North America,Raw Materials,38,10.5,0.77,19.2,49.2,30.7,low,93.06,11.93,26,47.28,32747,0,0.23,0.35,0.5526,0.282,0.307,0.4772,0.4204,35.4523,0,0,True
2026-07-22,SUP_013,Great Lakes Steel,North America,Raw Materials,38,10.5,0.77,15.0,52.2,24.3,low,90.63,7.97,27,47.28,32747,0,0.23,0.35,0.5526,0.2616,0.243,0.3188,0.4066,32.0678,0,0,True
2026-07-23,SUP_013,Great Lakes Steel,North America,Raw Materials,38,10.5,0.77,13.9,48.1,17.9,low,88.41,8.97,28,47.28,32747,0,0.23,0.35,0.5526,0.2416,0.179,0.3588,0.3932,31.0786,0,1,True
2026-07-24,SUP_013,Great Lakes Steel,North America,Raw Materials,38,10.5,0.77,13.7,50.1,33.2,low,89.09,8.99,29,47.28,32747,0,0.23,0.35,0.5526,0.2462,0.332,0.3596,0.3803,33.1067,0,1,True
2026-07-25,SUP_013,Great Lakes Steel,North America,Raw Materials,38,10.5,0.77,17.5,48.3,36.9,low,86.39,9.71,30,47.28,32747,0,0.23,0.35,0.5526,0.2674,0.369,0.3884,0.3679,34.1524,0,1,True
2026-07-26,SUP_013,Great Lakes Steel,North America,Raw Materials,38,10.5,0.77,16.2,39.8,34.3,low,85.78,10.4,31,47.28,32747,0,0.23,0.35,0.5526,0.2328,0.343,0.416,0.3558,33.3038,0,1,True
2026-07-27,SUP_013,Great Lakes Steel,North America,Raw Materials,38,10.5,0.77,24.2,42.6,40.4,medium,86.0,10.43,32,47.28,32747,0,0.23,0.35,0.5526,0.2972,0.404,0.4172,0.3442,35.1448,0,1,True
2026-07-28,SUP_013,Great Lakes Steel,North America,Raw Materials,38,10.5,0.77,21.6,42.2,39.1,low,86.58,10.46,33,47.28,32747,0,0.23,0.35,0.5526,0.2778,0.391,0.4184,0.3329,34.4475,0,1,True
2026-07-29,SUP_013,Great Lakes Steel,North America,Raw Materials,38,10.5,0.77,19.0,54.8,41.6,medium,86.38,10.49,34,47.28,32747,0,0.23,0.35,0.5526,0.2974,0.416,0.4196,0.322,34.99,0,1,True
2026-07-30,SUP_013,Great Lakes Steel,North America,Raw Materials,38,10.5,0.77,17.2,59.5,32.4,low,85.87,10.52,35,47.28,32747,0,0.23,0.35,0.5526,0.2989,0.324,0.4208,0.3114,33.5746,1,0,True
2026-07-31,SUP_013,Great Lakes Steel,North America,Raw Materials,38,10.5,0.77,10.1,59.6,52.2,medium,87.04,10.55,1,47.28,32747,0,0.23,0.35,0.5526,0.2495,0.522,0.422,0.9672,45.9648,0,0,True
2026-08-01,SUP_013,Great Lakes Steel,North America,Raw Materials,38,10.5,0.77,5.5,57.2,42.6,medium,87.44,10.58,2,47.28,32747,0,0.23,0.35,0.5526,0.2101,0.426,0.4232,0.9355,43.4186,0,0,True
2026-08-02,SUP_013,Great Lakes Steel,North America,Raw Materials,38,10.5,0.77,4.0,54.7,55.1,medium,86.54,10.61,3,47.28,32747,0,0.23,0.35,0.5526,0.1921,0.551,0.4244,0.9048,44.3683,0,0,True
2026-08-03,SUP_013,Great Lakes Steel,North America,Raw Materials,38,10.5,0.77,10.6,46.5,48.3,medium,86.59,10.64,4,47.28,32747,0,0.23,0.35,0.5526,0.2137,0.483,0.4256,0.8752,43.3449,0,0,True
2026-08-04,SUP_013,Great Lakes Steel,North America,Raw Materials,38,10.5,0.77,35.0,35.6,52.5,medium,87.12,10.66,5,47.28,32747,0,0.23,0.35,0.5526,0.3518,0.525,0.4264,0.8465,45.9692,0,0,True
2026-08-05,SUP_013,Great Lakes Steel,North America,Raw Materials,38,10.5,0.77,32.9,30.9,54.9,medium,89.5,10.67,6,47.28,32747,0,0.23,0.35,0.5526,0.323,0.549,0.4268,0.8187,45.3476,0,0,True
2026-08-06,SUP_013,Great Lakes Steel,North America,Raw Materials,38,10.5,0.77,39.2,31.3,60.5,medium,90.58,10.67,7,47.28,32747,0,0.23,0.35,0.5526,0.3683,0.605,0.4268,0.7919,46.5175,0,0,True
2026-08-07,SUP_013,Great Lakes Steel,North America,Raw Materials,38,10.5,0.77,46.2,20.7,46.4,medium,92.26,10.67,8,47.28,32747,0,0.23,0.35,0.5526,0.3855,0.464,0.4268,0.7659,44.4378,0,0,True
2026-08-08,SUP_013,Great Lakes Steel,North America,Raw Materials,38,10.5,0.77,50.6,20.0,53.5,medium,91.42,10.68,9,47.28,32747,0,0.23,0.35,0.5526,0.4142,0.535,0.4272,0.7408,45.5514,0,0,True
2026-08-09,SUP_013,Great Lakes Steel,North America,Raw Materials,38,10.5,0.77,44.5,21.0,66.0,high,90.69,10.69,10,47.28,32747,0,0.23,0.35,0.5526,0.3745,0.66,0.4276,0.7165,46.203,0,0,True
2026-08-10,SUP_013,Great Lakes Steel,North America,Raw Materials,38,10.5,0.77,40.9,21.9,55.8,medium,90.37,9.79,11,47.28,32747,0,0.23,0.35,0.5526,0.352,0.558,0.3916,0.693,43.5622,0,0,True
2026-08-11,SUP_013,Great Lakes Steel,North America,Raw Materials,38,10.5,0.77,48.8,20.4,50.9,medium,90.17,9.81,12,47.28,32747,0,0.23,0.35,0.5526,0.4028,0.509,0.3924,0.6703,43.4366,0,0,True
2026-08-12,SUP_013,Great Lakes Steel,North America,Raw Materials,38,10.5,0.77,48.1,20.8,42.1,medium,88.78,9.83,13,47.28,32747,0,0.23,0.35,0.5526,0.3991,0.421,0.3932,0.6483,41.796,0,0,True
2026-08-13,SUP_013,Great Lakes Steel,North America,Raw Materials,38,10.5,0.77,45.1,32.0,37.1,low,90.53,9.83,14,47.28,32747,0,0.23,0.35,0.5526,0.4117,0.371,0.3932,0.6271,40.9827,0,0,True
2026-08-14,SUP_013,Great Lakes Steel,North America,Raw Materials,38,10.5,0.77,47.2,35.9,52.4,medium,91.75,9.83,15,47.28,32747,0,0.23,0.35,0.5526,0.4381,0.524,0.3932,0.6065,43.271,0,0,True
2026-08-15,SUP_013,Great Lakes Steel,North America,Raw Materials,38,10.5,0.77,50.3,32.9,38.8,low,91.32,9.83,16,47.28,32747,0,0.23,0.35,0.5526,0.4508,0.388,0.3932,0.5866,41.2775,0,0,True
2026-08-16,SUP_013,Great Lakes Steel,North America,Raw Materials,38,10.5,0.77,45.5,32.8,29.1,low,92.21,8.15,17,47.28,32747,0,0.23,0.35,0.5526,0.4169,0.291,0.326,0.5674,38.1951,0,0,True
2026-08-17,SUP_013,Great Lakes Steel,North America,Raw Materials,38,10.5,0.77,45.2,33.0,45.5,medium,92.52,8.15,18,47.28,32747,0,0.23,0.35,0.5526,0.4154,0.455,0.326,0.5488,40.1665,0,0,True
2026-08-18,SUP_013,Great Lakes Steel,North America,Raw Materials,38,10.5,0.77,23.9,29.2,48.7,medium,93.51,8.65,19,47.28,32747,0,0.23,0.35,0.5526,0.2549,0.487,0.346,0.5308,37.6776,0,0,True
2026-08-19,SUP_013,Great Lakes Steel,North America,Raw Materials,38,10.5,0.77,16.6,26.1,64.9,medium,91.66,8.65,20,47.28,32747,0,0.23,0.35,0.5526,0.1945,0.649,0.346,0.5134,38.58,0,0,True
2026-08-20,SUP_013,Great Lakes Steel,North America,Raw Materials,38,10.5,0.77,16.0,32.7,53.2,medium,91.46,8.66,21,47.28,32747,0,0.23,0.35,0.5526,0.2101,0.532,0.3464,0.4966,36.9583,0,0,True
2026-08-21,SUP_013,Great Lakes Steel,North America,Raw Materials,38,10.5,0.77,10.1,30.9,49.8,medium,91.38,8.66,22,47.28,32747,0,0.23,0.35,0.5526,0.1634,0.498,0.3464,0.4803,35.3812,0,0,True
2026-08-22,SUP_013,Great Lakes Steel,North America,Raw Materials,38,10.5,0.77,5.7,25.7,40.0,medium,92.24,8.64,23,47.28,32747,0,0.23,0.35,0.5526,0.117,0.4,0.3456,0.4646,32.9125,0,0,True
2026-08-23,SUP_013,Great Lakes Steel,North America,Raw Materials,38,10.5,0.77,4.0,26.9,40.1,medium,91.37,8.64,24,47.28,32747,0,0.23,0.35,0.5526,0.1087,0.401,0.3456,0.4493,32.5334,0,0,True
2026-08-24,SUP_013,Great Lakes Steel,North America,Raw Materials,38,10.5,0.77,7.5,28.7,22.4,low,87.91,8.63,25,47.28,32747,0,0.23,0.35,0.5526,0.1386,0.224,0.3452,0.4346,30.3531,0,0,True
2026-08-25,SUP_013,Great Lakes Steel,North America,Raw Materials,38,10.5,0.77,6.6,19.3,31.9,low,86.42,8.53,26,47.28,32747,0,0.23,0.35,0.5526,0.1041,0.319,0.3412,0.4204,30.7861,0,0,True
2026-08-26,SUP_013,Great Lakes Steel,North America,Raw Materials,38,10.5,0.77,4.3,21.4,35.7,low,86.34,8.53,27,47.28,32747,0,0.23,0.35,0.5526,0.0943,0.357,0.3412,0.4066,30.9212,0,0,True
2026-08-27,SUP_013,Great Lakes Steel,North America,Raw Materials,38,10.5,0.77,5.7,28.0,35.0,low,86.42,8.53,28,47.28,32747,0,0.23,0.35,0.5526,0.1239,0.35,0.3412,0.3932,31.1428,0,0,True
2026-08-28,SUP_013,Great Lakes Steel,North America,Raw Materials,38,10.5,0.77,1.2,31.4,31.4,low,88.75,8.52,29,47.28,32747,0,0.23,0.35,0.5526,0.1026,0.314,0.3408,0.3803,30.0443,0,0,True
2026-08-29,SUP_013,Great Lakes Steel,North America,Raw Materials,38,10.5,0.77,4.9,43.7,24.0,low,89.56,7.98,30,47.28,32747,0,0.23,0.35,0.5526,0.1654,0.24,0.3192,0.3679,29.68,0,0,True
2026-08-30,SUP_013,Great Lakes Steel,North America,Raw Materials,38,10.5,0.77,11.3,49.0,33.5,low,89.67,7.98,31,47.28,32747,0,0.23,0.35,0.5526,0.2261,0.335,0.3192,0.3558,31.9096,0,0,True
2026-08-31,SUP_013,Great Lakes Steel,North America,Raw Materials,38,10.5,0.77,11.0,54.5,23.0,low,89.62,7.97,32,47.28,32747,0,0.23,0.35,0.5526,0.2405,0.23,0.3188,0.3442,30.5074,0,0,True
2026-09-01,SUP_013,Great Lakes Steel,North America,Raw Materials,38,10.5,0.77,10.2,66.4,30.7,low,91.15,7.96,33,47.28,32747,0,0.23,0.35,0.5526,0.2706,0.307,0.3184,0.3329,31.9419,0,0,True
2026-09-02,SUP_013,Great Lakes Steel,North America,Raw Materials,38,10.5,0.77,12.3,65.6,51.0,medium,90.33,7.95,34,47.28,32747,0,0.23,0.35,0.5526,0.2829,0.51,0.318,0.322,34.8258,0,0,True
2026-09-03,SUP_013,Great Lakes Steel,North America,Raw Materials,38,10.5,0.77,2.6,61.9,60.8,medium,90.14,7.94,35,47.28,32747,0,0.23,0.35,0.5526,0.2039,0.608,0.3176,0.3114,34.6022,0,0,True
2026-09-04,SUP_013,Great Lakes Steel,North America,Raw Materials,38,10.5,0.77,6.6,63.0,40.4,medium,88.63,7.94,36,47.28,32747,0,0.23,0.35,0.5526,0.2352,0.404,0.3176,0.3012,32.1462,0,0,True
2026-09-05,SUP_013,Great Lakes Steel,North America,Raw Materials,38,10.5,0.77,22.1,55.9,68.2,high,90.6,7.94,37,47.28,32747,0,0.23,0.35,0.5526,0.3224,0.682,0.3176,0.2913,37.4498,0,0,True
2026-09-06,SUP_013,Great Lakes Steel,North America,Raw Materials,38,10.5,0.77,20.0,53.3,72.3,high,91.14,7.94,38,47.28,32747,0,0.23,0.35,0.5526,0.2999,0.723,0.3176,0.2818,37.466,0,0,True
2026-09-07,SUP_013,Great Lakes Steel,North America,Raw Materials,38,10.5,0.77,18.2,47.1,70.9,high,90.16,7.95,39,47.28,32747,0,0.23,0.35,0.5526,0.2687,0.709,0.318,0.2725,36.5654,0,0,True
2026-09-08,SUP_013,Great Lakes Steel,North America,Raw Materials,38,10.5,0.77,20.8,47.4,57.5,medium,90.0,7.95,40,47.28,32747,0,0.23,0.35,0.5526,0.2878,0.575,0.318,0.2636,34.8903,0,0,True
2026-09-09,SUP_013,Great Lakes Steel,North America,Raw Materials,38,10.5,0.77,27.3,42.1,63.9,medium,90.71,7.95,41,47.28,32747,0,0.23,0.35,0.5526,0.3174,0.639,0.318,0.255,36.1808,0,0,True
2026-09-10,SUP_013,Great Lakes Steel,North America,Raw Materials,38,10.5,0.77,29.6,37.4,65.1,high,90.36,7.95,42,47.28,32747,0,0.23,0.35,0.5526,0.3194,0.651,0.318,0.2466,36.2511,0,0,True
2026-09-11,SUP_013,Great Lakes Steel,North America,Raw Materials,38,10.5,0.77,16.8,39.2,83.8,high,89.62,7.94,43,47.28,32747,0,0.23,0.35,0.5526,0.2352,0.838,0.3176,0.2385,37.2193,0,0,True
2026-09-12,SUP_013,Great Lakes Steel,North America,Raw Materials,38,10.5,0.77,18.7,37.9,43.7,medium,88.72,7.95,44,47.28,32747,0,0.23,0.35,0.5526,0.2446,0.437,0.318,0.2307,31.6542,0,0,True
2026-09-13,SUP_013,Great Lakes Steel,North America,Raw Materials,38,10.5,0.77,29.9,27.3,52.4,medium,89.19,7.96,45,47.28,32747,0,0.23,0.35,0.5526,0.2912,0.524,0.3184,0.2231,33.5948,0,0,True
2026-09-14,SUP_013,Great Lakes Steel,North America,Raw Materials,38,10.5,0.77,30.2,20.8,36.3,low,88.69,7.97,46,47.28,32747,0,0.23,0.35,0.5526,0.2738,0.363,0.3188,0.2158,30.9154,0,0,True
2026-09-15,SUP_013,Great Lakes Steel,North America,Raw Materials,38,10.5,0.77,22.0,16.9,26.4,low,88.06,7.98,47,47.28,32747,0,0.23,0.35,0.5526,0.2047,0.264,0.3192,0.2087,28.1772,0,0,True
2026-09-16,SUP_013,Great Lakes Steel,North America,Raw Materials,38,10.5,0.77,21.8,14.9,35.3,low,86.22,8.13,48,47.28,32747,0,0.23,0.35,0.5526,0.1973,0.353,0.3252,0.2019,29.2525,0,0,True
2026-09-17,SUP_013,Great Lakes Steel,North America,Raw Materials,38,10.5,0.77,14.3,20.1,45.2,medium,86.32,6.73,49,47.28,32747,0,0.23,0.35,0.5526,0.1604,0.452,0.2692,0.1953,29.1964,0,0,False
2026-09-18,SUP_013,Great Lakes Steel,North America,Raw Materials,38,10.5,0.77,19.8,23.5,33.8,low,86.07,6.91,50,47.28,32747,0,0.23,0.35,0.5526,0.2091,0.338,0.2764,0.1889,28.4609,0,0,False
2026-09-19,SUP_013,Great Lakes Steel,North America,Raw Materials,38,10.5,0.77,14.1,30.9,34.3,low,85.63,7.42,51,47.28,32747,0,0.23,0.35,0.5526,0.1914,0.343,0.2968,0.1827,28.3581,0,0,False
2026-09-20,SUP_013,Great Lakes Steel,North America,Raw Materials,38,10.5,0.77,14.1,35.4,21.7,low,85.9,7.44,52,47.28,32747,0,0.23,0.35,0.5526,0.2049,0.217,0.2976,0.1767,26.7508,0,0,False
2026-09-21,SUP_013,Great Lakes Steel,North America,Raw Materials,38,10.5,0.77,9.7,41.0,23.4,low,86.94,6.47,53,47.28,32747,0,0.23,0.35,0.5526,0.1909,0.234,0.2588,0.1709,26.1785,0,0,False
2026-09-22,SUP_013,Great Lakes Steel,North America,Raw Materials,38,10.5,0.77,7.5,43.3,34.0,low,87.91,6.23,54,47.28,32747,0,0.23,0.35,0.5526,0.1824,0.34,0.2492,0.1653,27.3047,0,0,False
2026-09-23,SUP_013,Great Lakes Steel,North America,Raw Materials,38,10.5,0.77,15.2,43.2,30.2,low,88.67,6.23,55,47.28,32747,0,0.23,0.35,0.5526,0.236,0.302,0.2492,0.1599,27.6508,0,0,False
2026-06-01,SUP_014,Lagos Agro Inputs,Africa,Chemicals,19,0.8,0.721,52.8,26.2,33.6,low,99.71,0.0,999,41.88,81016,0,0.279,0.1125,0.0842,0.4482,0.336,0.0,0.0,20.3187,0,0,True
2026-06-02,SUP_014,Lagos Agro Inputs,Africa,Chemicals,19,0.8,0.721,50.5,25.0,24.0,low,99.75,0.0,999,41.88,81016,0,0.279,0.1125,0.0842,0.4285,0.24,0.0,0.0,18.6201,0,0,True
2026-06-03,SUP_014,Lagos Agro Inputs,Africa,Chemicals,19,0.8,0.721,46.2,26.5,44.1,medium,100.47,0.0,999,41.88,81016,0,0.279,0.1125,0.0842,0.4029,0.441,0.0,0.0,20.9733,0,0,True
2026-06-04,SUP_014,Lagos Agro Inputs,Africa,Chemicals,19,0.8,0.721,44.7,28.4,57.4,medium,101.6,0.0,999,41.88,81016,0,0.279,0.1125,0.0842,0.3981,0.574,0.0,0.0,22.7489,0,0,True
2026-06-05,SUP_014,Lagos Agro Inputs,Africa,Chemicals,19,0.8,0.721,46.3,20.4,61.2,medium,101.28,1.88,999,41.88,81016,0,0.279,0.1125,0.0842,0.3853,0.612,0.0752,0.0,23.9529,0,0,True
2026-06-06,SUP_014,Lagos Agro Inputs,Africa,Chemicals,19,0.8,0.721,43.9,21.4,52.3,medium,100.19,1.88,999,41.88,81016,0,0.279,0.1125,0.0842,0.3715,0.523,0.0752,0.0,22.4585,0,0,True
2026-06-07,SUP_014,Lagos Agro Inputs,Africa,Chemicals,19,0.8,0.721,46.0,27.6,46.5,medium,100.27,1.88,999,41.88,81016,0,0.279,0.1125,0.0842,0.4048,0.465,0.0752,0.0,22.2459,0,0,True
2026-06-08,SUP_014,Lagos Agro Inputs,Africa,Chemicals,19,0.8,0.721,42.8,26.7,57.7,medium,100.76,1.88,999,41.88,81016,0,0.279,0.1125,0.0842,0.3797,0.577,0.0752,0.0,23.3621,0,0,True
2026-06-09,SUP_014,Lagos Agro Inputs,Africa,Chemicals,19,0.8,0.721,36.8,26.8,50.0,medium,99.24,2.35,999,41.88,81016,0,0.279,0.1125,0.0842,0.338,0.5,0.094,0.0,21.7591,0,0,True
2026-06-10,SUP_014,Lagos Agro Inputs,Africa,Chemicals,19,0.8,0.721,43.4,28.9,41.6,medium,98.31,3.28,999,41.88,81016,0,0.279,0.1125,0.0842,0.3905,0.416,0.1312,0.0,21.9745,0,0,True
2026-06-11,SUP_014,Lagos Agro Inputs,Africa,Chemicals,19,0.8,0.721,42.9,29.1,58.5,medium,97.56,4.04,999,41.88,81016,0,0.279,0.1125,0.0842,0.3876,0.585,0.1616,0.0,24.6531,0,0,True
2026-06-12,SUP_014,Lagos Agro Inputs,Africa,Chemicals,19,0.8,0.721,40.7,24.6,53.5,medium,97.34,4.27,999,41.88,81016,0,0.279,0.1125,0.0842,0.3587,0.535,0.1708,0.0,23.5433,0,0,True
2026-06-13,SUP_014,Lagos Agro Inputs,Africa,Chemicals,19,0.8,0.721,37.7,26.0,66.5,high,96.55,5.08,999,41.88,81016,0,0.279,0.1125,0.0842,0.3419,0.665,0.2032,0.0,25.4497,0,0,True
2026-06-14,SUP_014,Lagos Agro Inputs,Africa,Chemicals,19,0.8,0.721,42.3,32.5,46.9,medium,97.29,5.09,999,41.88,81016,0,0.279,0.1125,0.0842,0.3936,0.469,0.2036,0.0,23.6411,0,0,True
2026-06-15,SUP_014,Lagos Agro Inputs,Africa,Chemicals,19,0.8,0.721,50.7,27.4,50.0,medium,95.62,6.04,999,41.88,81016,0,0.279,0.1125,0.0842,0.4371,0.5,0.2416,0.0,25.3141,0,0,True
2026-06-16,SUP_014,Lagos Agro Inputs,Africa,Chemicals,19,0.8,0.721,49.4,26.5,66.7,high,93.97,7.73,999,41.88,81016,0,0.279,0.1125,0.0842,0.4253,0.667,0.3092,0.0,28.2509,0,0,True
2026-06-17,SUP_014,Lagos Agro Inputs,Africa,Chemicals,19,0.8,0.721,49.3,20.5,60.3,medium,93.62,8.11,999,41.88,81016,0,0.279,0.1125,0.0842,0.4066,0.603,0.3244,0.0,27.2007,0,0,True
2026-06-18,SUP_014,Lagos Agro Inputs,Africa,Chemicals,19,0.8,0.721,55.2,27.7,52.8,medium,93.44,8.31,999,41.88,81016,0,0.279,0.1125,0.0842,0.4695,0.528,0.3324,0.0,27.3789,0,0,True
2026-06-19,SUP_014,Lagos Agro Inputs,Africa,Chemicals,19,0.8,0.721,46.6,28.3,38.8,low,91.93,9.88,999,41.88,81016,0,0.279,0.1125,0.0842,0.4111,0.388,0.3952,0.0,25.1213,0,0,True
2026-06-20,SUP_014,Lagos Agro Inputs,Africa,Chemicals,19,0.8,0.721,57.2,24.8,49.1,medium,91.29,10.57,999,41.88,81016,0,0.279,0.1125,0.0842,0.4748,0.491,0.4228,0.0,28.0411,0,0,True
2026-06-21,SUP_014,Lagos Agro Inputs,Africa,Chemicals,19,0.8,0.721,68.4,26.8,39.7,low,90.88,11.03,999,41.88,81016,0,0.279,0.1125,0.0842,0.5592,0.397,0.4412,0.0,28.4651,0,0,True
2026-06-22,SUP_014,Lagos Agro Inputs,Africa,Chemicals,19,0.8,0.721,53.6,21.7,38.9,low,90.47,11.49,999,41.88,81016,0,0.279,0.1125,0.0842,0.4403,0.389,0.4596,0.0,26.4337,0,0,True
2026-06-23,SUP_014,Lagos Agro Inputs,Africa,Chemicals,19,0.8,0.721,53.3,18.3,27.7,low,90.62,11.52,999,41.88,81016,0,0.279,0.1125,0.0842,0.428,0.277,0.4608,0.0,24.6587,0,0,True
2026-06-24,SUP_014,Lagos Agro Inputs,Africa,Chemicals,19,0.8,0.721,50.2,13.1,45.2,medium,89.94,12.1,999,41.88,81016,0,0.279,0.1125,0.0842,0.3907,0.452,0.484,0.0,26.7157,0,0,True
2026-06-25,SUP_014,Lagos Agro Inputs,Africa,Chemicals,19,0.8,0.721,49.6,10.7,54.6,medium,91.47,12.13,999,41.88,81016,0,0.279,0.1125,0.0842,0.3793,0.546,0.4852,0.0,27.8409,0,0,True
2026-06-26,SUP_014,Lagos Agro Inputs,Africa,Chemicals,19,0.8,0.721,48.5,21.5,50.7,medium,91.98,12.15,999,41.88,81016,0,0.279,0.1125,0.0842,0.404,0.507,0.486,0.0,27.7491,0,0,True
2026-06-27,SUP_014,Lagos Agro Inputs,Africa,Chemicals,19,0.8,0.721,53.3,19.7,37.3,low,91.14,12.17,999,41.88,81016,0,0.279,0.1125,0.0842,0.4322,0.373,0.4868,0.0,26.3903,0,0,True
2026-06-28,SUP_014,Lagos Agro Inputs,Africa,Chemicals,19,0.8,0.721,53.0,24.4,52.2,medium,91.24,12.19,999,41.88,81016,0,0.279,0.1125,0.0842,0.4442,0.522,0.4876,0.0,28.7019,0,0,True
2026-06-29,SUP_014,Lagos Agro Inputs,Africa,Chemicals,19,0.8,0.721,49.0,21.6,45.8,medium,91.37,12.21,999,41.88,81016,0,0.279,0.1125,0.0842,0.4078,0.458,0.4884,0.0,27.1603,0,0,True
2026-06-30,SUP_014,Lagos Agro Inputs,Africa,Chemicals,19,0.8,0.721,49.1,27.6,34.1,low,92.63,12.22,999,41.88,81016,0,0.279,0.1125,0.0842,0.4265,0.341,0.4888,0.0,25.8637,0,0,True
2026-07-01,SUP_014,Lagos Agro Inputs,Africa,Chemicals,19,0.8,0.721,52.4,23.3,19.2,low,92.01,12.26,999,41.88,81016,0,0.279,0.1125,0.0842,0.4367,0.192,0.4904,0.0,23.9805,0,0,True
2026-07-02,SUP_014,Lagos Agro Inputs,Africa,Chemicals,19,0.8,0.721,47.2,25.3,18.5,low,92.81,12.29,999,41.88,81016,0,0.279,0.1125,0.0842,0.4063,0.185,0.4916,0.0,23.3497,0,0,True
2026-07-03,SUP_014,Lagos Agro Inputs,Africa,Chemicals,19,0.8,0.721,40.6,27.0,10.4,low,92.85,12.32,999,41.88,81016,0,0.279,0.1125,0.0842,0.3652,0.104,0.4928,0.0,21.4903,0,0,True
2026-07-04,SUP_014,Lagos Agro Inputs,Africa,Chemicals,19,0.8,0.721,52.2,40.5,12.0,low,94.41,12.01,999,41.88,81016,0,0.279,0.1125,0.0842,0.4869,0.12,0.4804,0.0,23.7561,0,0,True
2026-07-05,SUP_014,Lagos Agro Inputs,Africa,Chemicals,19,0.8,0.721,49.5,43.0,58.6,medium,95.75,11.48,999,41.88,81016,0,0.279,0.1125,0.0842,0.4755,0.586,0.4592,0.0,29.8205,0,0,True
2026-07-06,SUP_014,Lagos Agro Inputs,Africa,Chemicals,19,0.8,0.721,49.7,38.7,58.6,medium,95.96,11.5,999,41.88,81016,0,0.279,0.1125,0.0842,0.464,0.586,0.46,0.0,29.6231,0,0,True
2026-07-07,SUP_014,Lagos Agro Inputs,Africa,Chemicals,19,0.8,0.721,48.6,41.7,65.4,high,95.68,11.52,999,41.88,81016,0,0.279,0.1125,0.0842,0.4653,0.654,0.4608,0.0,30.6081,0,0,True
2026-07-08,SUP_014,Lagos Agro Inputs,Africa,Chemicals,19,0.8,0.721,52.2,52.0,60.5,medium,96.21,9.92,999,41.88,81016,0,0.279,0.1125,0.0842,0.5214,0.605,0.3968,0.0,30.1639,0,0,True
2026-07-09,SUP_014,Lagos Agro Inputs,Africa,Chemicals,19,0.8,0.721,61.0,40.8,64.2,medium,96.02,8.93,999,41.88,81016,0,0.279,0.1125,0.0842,0.5494,0.642,0.3572,0.0,30.7107,0,0,True
2026-07-10,SUP_014,Lagos Agro Inputs,Africa,Chemicals,19,0.8,0.721,62.9,35.5,84.1,high,97.77,8.36,999,41.88,81016,0,0.279,0.1125,0.0842,0.5468,0.841,0.3344,0.0,33.1763,0,0,True
2026-07-11,SUP_014,Lagos Agro Inputs,Africa,Chemicals,19,0.8,0.721,54.5,34.2,78.0,high,97.85,8.44,999,41.88,81016,0,0.279,0.1125,0.0842,0.4841,0.78,0.3376,0.0,31.2321,0,0,True
2026-07-12,SUP_014,Lagos Agro Inputs,Africa,Chemicals,19,0.8,0.721,48.0,32.1,47.6,medium,97.43,8.44,999,41.88,81016,0,0.279,0.1125,0.0842,0.4323,0.476,0.3376,0.0,26.0437,0,0,True
2026-07-13,SUP_014,Lagos Agro Inputs,Africa,Chemicals,19,0.8,0.721,47.2,30.8,31.2,low,96.95,8.44,999,41.88,81016,0,0.279,0.1125,0.0842,0.4228,0.312,0.3376,0.0,23.5767,0,0,True
2026-07-14,SUP_014,Lagos Agro Inputs,Africa,Chemicals,19,0.8,0.721,47.1,24.6,47.5,medium,95.69,8.45,999,41.88,81016,0,0.279,0.1125,0.0842,0.4035,0.475,0.338,0.0,25.5161,0,0,True
2026-07-15,SUP_014,Lagos Agro Inputs,Africa,Chemicals,19,0.8,0.721,40.1,33.5,41.2,medium,96.27,8.45,999,41.88,81016,0,0.279,0.1125,0.0842,0.3812,0.412,0.338,0.0,24.2327,0,0,True
2026-07-16,SUP_014,Lagos Agro Inputs,Africa,Chemicals,19,0.8,0.721,46.2,26.3,50.6,medium,95.41,8.44,999,41.88,81016,0,0.279,0.1125,0.0842,0.4023,0.506,0.3376,0.0,25.9237,0,0,True
2026-07-17,SUP_014,Lagos Agro Inputs,Africa,Chemicals,19,0.8,0.721,42.4,26.5,46.8,medium,96.56,8.43,999,41.88,81016,0,0.279,0.1125,0.0842,0.3763,0.468,0.3372,0.0,24.9189,0,0,True
2026-07-18,SUP_014,Lagos Agro Inputs,Africa,Chemicals,19,0.8,0.721,51.3,33.3,50.8,medium,95.21,8.43,999,41.88,81016,0,0.279,0.1125,0.0842,0.459,0.508,0.3372,0.0,26.9675,0,0,True
2026-07-19,SUP_014,Lagos Agro Inputs,Africa,Chemicals,19,0.8,0.721,60.5,33.4,54.3,medium,95.34,8.42,999,41.88,81016,0,0.279,0.1125,0.0842,0.5237,0.543,0.3368,0.0,28.6173,0,0,True
2026-07-20,SUP_014,Lagos Agro Inputs,Africa,Chemicals,19,0.8,0.721,58.5,28.5,46.5,medium,96.54,8.4,999,41.88,81016,0,0.279,0.1125,0.0842,0.495,0.465,0.336,0.0,26.9991,0,0,True
2026-07-21,SUP_014,Lagos Agro Inputs,Africa,Chemicals,19,0.8,0.721,60.1,22.3,55.0,medium,94.3,8.39,999,41.88,81016,0,0.279,0.1125,0.0842,0.4876,0.55,0.3356,0.0,28.0511,0,0,True
2026-07-22,SUP_014,Lagos Agro Inputs,Africa,Chemicals,19,0.8,0.721,53.5,23.0,44.2,medium,96.4,8.37,999,41.88,81016,0,0.279,0.1125,0.0842,0.4435,0.442,0.3348,0.0,25.7357,0,0,True
2026-07-23,SUP_014,Lagos Agro Inputs,Africa,Chemicals,19,0.8,0.721,56.7,20.8,50.4,medium,95.96,8.36,999,41.88,81016,0,0.279,0.1125,0.0842,0.4593,0.504,0.3344,0.0,26.8833,0,0,True
2026-07-24,SUP_014,Lagos Agro Inputs,Africa,Chemicals,19,0.8,0.721,54.0,24.0,44.2,medium,96.11,7.07,999,41.88,81016,0,0.279,0.1125,0.0842,0.45,0.442,0.2828,0.0,25.2287,0,0,True
2026-07-25,SUP_014,Lagos Agro Inputs,Africa,Chemicals,19,0.8,0.721,49.0,18.3,46.4,medium,96.7,7.06,999,41.88,81016,0,0.279,0.1125,0.0842,0.3979,0.464,0.2824,0.0,24.5941,0,0,True
2026-07-26,SUP_014,Lagos Agro Inputs,Africa,Chemicals,19,0.8,0.721,48.6,25.1,40.5,medium,97.46,7.05,999,41.88,81016,0,0.279,0.1125,0.0842,0.4155,0.405,0.282,0.0,24.0801,0,0,True
2026-07-27,SUP_014,Lagos Agro Inputs,Africa,Chemicals,19,0.8,0.721,47.3,27.2,40.8,medium,97.74,6.93,999,41.88,81016,0,0.279,0.1125,0.0842,0.4127,0.408,0.2772,0.0,24.0141,0,0,True
2026-07-28,SUP_014,Lagos Agro Inputs,Africa,Chemicals,19,0.8,0.721,46.9,29.4,30.7,low,98.78,7.75,999,41.88,81016,0,0.279,0.1125,0.0842,0.4165,0.307,0.31,0.0,23.0621,0,0,True
2026-07-29,SUP_014,Lagos Agro Inputs,Africa,Chemicals,19,0.8,0.721,52.6,37.8,35.3,low,99.32,7.62,999,41.88,81016,0,0.279,0.1125,0.0842,0.4816,0.353,0.3048,0.0,24.8155,0,0,True
2026-07-30,SUP_014,Lagos Agro Inputs,Africa,Chemicals,19,0.8,0.721,49.3,35.1,36.9,low,101.16,9.51,999,41.88,81016,0,0.279,0.1125,0.0842,0.4504,0.369,0.3804,0.0,25.3851,0,1,True
2026-07-31,SUP_014,Lagos Agro Inputs,Africa,Chemicals,19,0.8,0.721,58.4,31.2,32.7,low,101.7,9.21,999,41.88,81016,0,0.279,0.1125,0.0842,0.5024,0.327,0.3684,0.0,25.5891,0,1,True
2026-08-01,SUP_014,Lagos Agro Inputs,Africa,Chemicals,19,0.8,0.721,51.6,28.9,34.0,low,103.75,11.25,999,41.88,81016,0,0.279,0.1125,0.0842,0.4479,0.34,0.45,0.0,25.7693,0,1,True
2026-08-02,SUP_014,Lagos Agro Inputs,Africa,Chemicals,19,0.8,0.721,59.7,28.8,36.7,low,104.68,10.67,999,41.88,81016,0,0.279,0.1125,0.0842,0.5043,0.367,0.4268,0.0,26.8841,0,1,True
2026-08-03,SUP_014,Lagos Agro Inputs,Africa,Chemicals,19,0.8,0.721,54.2,29.3,31.8,low,102.8,10.64,999,41.88,81016,0,0.279,0.1125,0.0842,0.4673,0.318,0.4256,0.0,25.5177,0,1,True
2026-08-04,SUP_014,Lagos Agro Inputs,Africa,Chemicals,19,0.8,0.721,54.3,25.7,32.7,low,105.52,11.46,999,41.88,81016,0,0.279,0.1125,0.0842,0.4572,0.327,0.4584,0.0,25.8555,0,1,True
2026-08-05,SUP_014,Lagos Agro Inputs,Africa,Chemicals,19,0.8,0.721,52.1,16.5,25.2,low,104.93,11.42,999,41.88,81016,0,0.279,0.1125,0.0842,0.4142,0.252,0.4568,0.0,24.0123,0,1,True
2026-08-06,SUP_014,Lagos Agro Inputs,Africa,Chemicals,19,0.8,0.721,50.9,16.3,50.6,medium,106.48,12.36,999,41.88,81016,0,0.279,0.1125,0.0842,0.4052,0.506,0.4944,0.0,27.8575,1,0,True
2026-08-07,SUP_014,Lagos Agro Inputs,Africa,Chemicals,19,0.8,0.721,55.3,21.0,57.8,medium,106.51,12.34,1,41.88,81016,0,0.279,0.1125,0.0842,0.4501,0.578,0.4936,0.9672,45.1396,0,0,True
2026-08-08,SUP_014,Lagos Agro Inputs,Africa,Chemicals,19,0.8,0.721,62.4,23.8,55.9,medium,107.62,13.41,2,41.88,81016,0,0.279,0.1125,0.0842,0.5082,0.559,0.5364,0.9355,45.9256,0,0,True
2026-08-09,SUP_014,Lagos Agro Inputs,Africa,Chemicals,19,0.8,0.721,66.9,31.8,62.7,medium,106.9,13.37,3,41.88,81016,0,0.279,0.1125,0.0842,0.5637,0.627,0.5348,0.9048,47.3667,0,0,True
2026-08-10,SUP_014,Lagos Agro Inputs,Africa,Chemicals,19,0.8,0.721,63.2,42.6,38.7,low,107.55,13.33,4,41.88,81016,0,0.279,0.1125,0.0842,0.5702,0.387,0.5332,0.8752,43.6299,0,0,True
2026-08-11,SUP_014,Lagos Agro Inputs,Africa,Chemicals,19,0.8,0.721,62.9,45.5,15.4,low,107.29,13.29,5,41.88,81016,0,0.279,0.1125,0.0842,0.5768,0.154,0.5316,0.8465,40.0084,0,0,True
2026-08-12,SUP_014,Lagos Agro Inputs,Africa,Chemicals,19,0.8,0.721,58.0,51.2,17.8,low,108.93,14.53,6,41.88,81016,0,0.279,0.1125,0.0842,0.5596,0.178,0.5812,0.8187,40.186,0,0,True
2026-08-13,SUP_014,Lagos Agro Inputs,Africa,Chemicals,19,0.8,0.721,52.8,52.8,10.6,low,109.39,14.92,7,41.88,81016,0,0.279,0.1125,0.0842,0.528,0.106,0.5968,0.7919,38.3669,0,0,True
2026-08-14,SUP_014,Lagos Agro Inputs,Africa,Chemicals,19,0.8,0.721,47.7,59.1,15.8,low,110.36,15.81,8,41.88,81016,0,0.279,0.1125,0.0842,0.5112,0.158,0.6324,0.7659,38.8044,0,0,True
2026-08-15,SUP_014,Lagos Agro Inputs,Africa,Chemicals,19,0.8,0.721,46.7,65.3,23.7,low,108.11,15.74,9,41.88,81016,0,0.279,0.1125,0.0842,0.5228,0.237,0.6296,0.7408,39.6838,0,0,True
2026-08-16,SUP_014,Lagos Agro Inputs,Africa,Chemicals,19,0.8,0.721,49.2,65.7,36.3,low,108.02,15.69,10,41.88,81016,0,0.279,0.1125,0.0842,0.5415,0.363,0.6276,0.7165,41.3718,0,0,True
2026-08-17,SUP_014,Lagos Agro Inputs,Africa,Chemicals,19,0.8,0.721,41.0,64.8,26.7,low,108.45,15.62,11,41.88,81016,0,0.279,0.1125,0.0842,0.4814,0.267,0.6248,0.693,38.5366,0,0,True
2026-08-18,SUP_014,Lagos Agro Inputs,Africa,Chemicals,19,0.8,0.721,42.9,59.3,33.7,low,108.68,15.55,12,41.88,81016,0,0.279,0.1125,0.0842,0.4782,0.337,0.622,0.6703,39.0618,0,0,True
2026-08-19,SUP_014,Lagos Agro Inputs,Africa,Chemicals,19,0.8,0.721,51.9,55.4,35.4,low,109.68,15.49,13,41.88,81016,0,0.279,0.1125,0.0842,0.5295,0.354,0.6196,0.6483,39.8428,0,0,True
2026-08-20,SUP_014,Lagos Agro Inputs,Africa,Chemicals,19,0.8,0.721,57.7,50.6,39.8,low,109.3,13.82,14,41.88,81016,0,0.279,0.1125,0.0842,0.5557,0.398,0.5528,0.6271,39.7887,0,0,True
2026-08-21,SUP_014,Lagos Agro Inputs,Africa,Chemicals,19,0.8,0.721,54.5,51.5,35.0,low,109.35,13.76,15,41.88,81016,0,0.279,0.1125,0.0842,0.536,0.35,0.5504,0.6065,38.4044,0,0,True
2026-08-22,SUP_014,Lagos Agro Inputs,Africa,Chemicals,19,0.8,0.721,47.9,45.2,49.1,medium,110.58,13.76,16,41.88,81016,0,0.279,0.1125,0.0842,0.4709,0.491,0.5504,0.5866,38.8884,0,0,True
2026-08-23,SUP_014,Lagos Agro Inputs,Africa,Chemicals,19,0.8,0.721,51.2,42.7,45.9,medium,108.21,13.15,17,41.88,81016,0,0.279,0.1125,0.0842,0.4865,0.459,0.526,0.5674,38.1207,0,0,True
2026-08-24,SUP_014,Lagos Agro Inputs,Africa,Chemicals,19,0.8,0.721,40.8,29.1,60.8,medium,108.82,12.38,18,41.88,81016,0,0.279,0.1125,0.0842,0.3729,0.608,0.4952,0.5488,37.4947,0,0,True
2026-08-25,SUP_014,Lagos Agro Inputs,Africa,Chemicals,19,0.8,0.721,48.2,39.1,48.3,medium,108.47,12.08,19,41.88,81016,0,0.279,0.1125,0.0842,0.4547,0.483,0.4832,0.5308,36.7852,0,0,True
2026-08-26,SUP_014,Lagos Agro Inputs,Africa,Chemicals,19,0.8,0.721,48.2,37.3,53.1,medium,107.52,11.07,20,41.88,81016,0,0.279,0.1125,0.0842,0.4493,0.531,0.4428,0.5134,36.5968,0,0,True
2026-08-27,SUP_014,Lagos Agro Inputs,Africa,Chemicals,19,0.8,0.721,57.9,39.4,49.3,medium,107.87,10.53,21,41.88,81016,0,0.279,0.1125,0.0842,0.5235,0.493,0.4212,0.4966,36.8719,0,0,True
2026-08-28,SUP_014,Lagos Agro Inputs,Africa,Chemicals,19,0.8,0.721,49.3,46.4,43.9,medium,109.15,8.78,22,41.88,81016,0,0.279,0.1125,0.0842,0.4843,0.439,0.3512,0.4803,34.3098,0,0,True
2026-08-29,SUP_014,Lagos Agro Inputs,Africa,Chemicals,19,0.8,0.721,54.5,46.3,48.8,medium,110.24,8.26,23,41.88,81016,0,0.279,0.1125,0.0842,0.5204,0.488,0.3304,0.4646,35.144,0,0,True
2026-08-30,SUP_014,Lagos Agro Inputs,Africa,Chemicals,19,0.8,0.721,54.1,52.2,43.8,medium,110.09,7.21,24,41.88,81016,0,0.279,0.1125,0.0842,0.5353,0.438,0.2884,0.4493,33.9646,0,0,True
2026-08-31,SUP_014,Lagos Agro Inputs,Africa,Chemicals,19,0.8,0.721,52.6,43.1,18.2,low,111.01,7.6,25,41.88,81016,0,0.279,0.1125,0.0842,0.4975,0.182,0.304,0.4346,29.6517,0,0,True
2026-09-01,SUP_014,Lagos Agro Inputs,Africa,Chemicals,19,0.8,0.721,46.5,54.5,0.0,low,111.91,8.41,26,41.88,81016,0,0.279,0.1125,0.0842,0.489,0.0,0.3364,0.4204,27.1115,0,0,True
2026-09-02,SUP_014,Lagos Agro Inputs,Africa,Chemicals,19,0.8,0.721,50.6,57.3,18.3,low,111.82,6.43,27,41.88,81016,0,0.279,0.1125,0.0842,0.5261,0.183,0.2572,0.4066,29.1704,0,0,True
2026-09-03,SUP_014,Lagos Agro Inputs,Africa,Chemicals,19,0.8,0.721,54.5,55.0,35.1,low,111.1,6.41,28,41.88,81016,0,0.279,0.1125,0.0842,0.5465,0.351,0.2564,0.3932,31.6668,0,0,True
2026-09-04,SUP_014,Lagos Agro Inputs,Africa,Chemicals,19,0.8,0.721,63.0,59.5,53.8,medium,110.44,4.98,29,41.88,81016,0,0.279,0.1125,0.0842,0.6195,0.538,0.1992,0.3803,34.7061,0,0,True
2026-09-05,SUP_014,Lagos Agro Inputs,Africa,Chemicals,19,0.8,0.721,66.6,49.7,50.2,medium,111.31,4.95,30,41.88,81016,0,0.279,0.1125,0.0842,0.6153,0.502,0.198,0.3679,33.9126,0,0,True
2026-09-06,SUP_014,Lagos Agro Inputs,Africa,Chemicals,19,0.8,0.721,80.4,46.0,35.7,low,111.27,4.58,31,41.88,81016,0,0.279,0.1125,0.0842,0.7008,0.357,0.1832,0.3558,33.051,0,0,True
2026-09-07,SUP_014,Lagos Agro Inputs,Africa,Chemicals,19,0.8,0.721,74.5,51.9,32.9,low,110.18,4.58,32,41.88,81016,0,0.279,0.1125,0.0842,0.6772,0.329,0.1832,0.3442,32.0476,0,0,True
2026-09-08,SUP_014,Lagos Agro Inputs,Africa,Chemicals,19,0.8,0.721,67.9,39.6,34.8,low,108.42,4.22,33,41.88,81016,0,0.279,0.1125,0.0842,0.5941,0.348,0.1688,0.3329,30.4644,0,0,True
2026-09-09,SUP_014,Lagos Agro Inputs,Africa,Chemicals,19,0.8,0.721,75.7,41.8,26.7,low,109.29,4.22,34,41.88,81016,0,0.279,0.1125,0.0842,0.6553,0.267,0.1688,0.322,30.2574,0,0,True
2026-09-10,SUP_014,Lagos Agro Inputs,Africa,Chemicals,19,0.8,0.721,71.6,43.6,45.3,medium,108.72,4.01,35,41.88,81016,0,0.279,0.1125,0.0842,0.632,0.453,0.1604,0.3114,32.1724,0,0,True
2026-09-11,SUP_014,Lagos Agro Inputs,Africa,Chemicals,19,0.8,0.721,78.9,52.7,64.7,medium,109.06,4.01,36,41.88,81016,0,0.279,0.1125,0.0842,0.7104,0.647,0.1604,0.3012,36.1362,0,0,True
2026-09-12,SUP_014,Lagos Agro Inputs,Africa,Chemicals,19,0.8,0.721,80.6,41.7,63.0,medium,110.35,4.01,37,41.88,81016,0,0.279,0.1125,0.0842,0.6893,0.63,0.1604,0.2913,35.3604,0,0,True
2026-09-13,SUP_014,Lagos Agro Inputs,Africa,Chemicals,19,0.8,0.721,81.0,49.2,57.1,medium,108.99,4.01,38,41.88,81016,0,0.279,0.1125,0.0842,0.7146,0.571,0.1604,0.2818,34.837,0,0,True
2026-09-14,SUP_014,Lagos Agro Inputs,Africa,Chemicals,19,0.8,0.721,78.4,44.1,40.9,medium,108.94,4.01,39,41.88,81016,0,0.279,0.1125,0.0842,0.6811,0.409,0.1604,0.2725,31.8182,0,0,True
2026-09-15,SUP_014,Lagos Agro Inputs,Africa,Chemicals,19,0.8,0.721,80.8,40.4,55.0,medium,108.76,4.01,40,41.88,81016,0,0.279,0.1125,0.0842,0.6868,0.55,0.1604,0.2636,33.7519,0,0,True
2026-09-16,SUP_014,Lagos Agro Inputs,Africa,Chemicals,19,0.8,0.721,79.6,33.1,51.9,medium,109.16,4.0,41,41.88,81016,0,0.279,0.1125,0.0842,0.6565,0.519,0.16,0.255,32.6294,0,0,True
2026-09-17,SUP_014,Lagos Agro Inputs,Africa,Chemicals,19,0.8,0.721,76.9,27.7,46.3,medium,110.45,4.0,42,41.88,81016,0,0.279,0.1125,0.0842,0.6214,0.463,0.16,0.2466,31.0799,0,0,False
2026-09-18,SUP_014,Lagos Agro Inputs,Africa,Chemicals,19,0.8,0.721,79.7,30.9,49.2,medium,109.07,4.0,43,41.88,81016,0,0.279,0.1125,0.0842,0.6506,0.492,0.16,0.2385,31.8821,0,0,False
2026-09-19,SUP_014,Lagos Agro Inputs,Africa,Chemicals,19,0.8,0.721,78.0,25.7,41.4,medium,109.66,4.0,44,41.88,81016,0,0.279,0.1125,0.0842,0.6231,0.414,0.16,0.2307,30.17,0,0,False
2026-09-20,SUP_014,Lagos Agro Inputs,Africa,Chemicals,19,0.8,0.721,55.2,31.0,42.4,medium,110.73,4.0,45,41.88,81016,0,0.279,0.1125,0.0842,0.4794,0.424,0.16,0.2231,27.6024,0,0,False
2026-09-21,SUP_014,Lagos Agro Inputs,Africa,Chemicals,19,0.8,0.721,58.0,28.1,28.5,low,110.54,4.0,46,41.88,81016,0,0.279,0.1125,0.0842,0.4903,0.285,0.16,0.2158,25.7355,0,0,False
2026-09-22,SUP_014,Lagos Agro Inputs,Africa,Chemicals,19,0.8,0.721,57.3,22.7,41.4,medium,110.4,4.0,47,41.88,81016,0,0.279,0.1125,0.0842,0.4692,0.414,0.16,0.2087,27.0485,0,0,False
2026-09-23,SUP_014,Lagos Agro Inputs,Africa,Chemicals,19,0.8,0.721,59.2,21.8,40.1,medium,110.83,4.0,48,41.88,81016,0,0.279,0.1125,0.0842,0.4798,0.401,0.16,0.2019,26.9478,0,0,False
2026-06-01,SUP_015,Kansai Robotics,East Asia,Machinery,51,9.7,0.818,45.1,35.5,53.1,medium,99.94,0.0,999,261.99,88743,0,0.182,0.5125,0.3804,0.4222,0.531,0.0,0.0,27.6025,0,0,True
2026-06-02,SUP_015,Kansai Robotics,East Asia,Machinery,51,9.7,0.818,47.4,38.4,49.4,medium,100.37,0.0,999,261.99,88743,0,0.182,0.5125,0.3804,0.447,0.494,0.0,0.0,27.5309,0,0,True
2026-06-03,SUP_015,Kansai Robotics,East Asia,Machinery,51,9.7,0.818,49.3,28.1,41.0,medium,100.18,0.0,999,261.99,88743,0,0.182,0.5125,0.3804,0.4294,0.41,0.0,0.0,26.0381,0,0,True
2026-06-04,SUP_015,Kansai Robotics,East Asia,Machinery,51,9.7,0.818,43.5,35.9,70.5,high,101.47,0.0,999,261.99,88743,0,0.182,0.5125,0.3804,0.4122,0.705,0.0,0.0,29.8585,0,0,True
2026-06-05,SUP_015,Kansai Robotics,East Asia,Machinery,51,9.7,0.818,48.0,33.9,59.3,medium,100.49,1.52,999,261.99,88743,0,0.182,0.5125,0.3804,0.4377,0.593,0.0608,0.0,29.4791,0,0,True
2026-06-06,SUP_015,Kansai Robotics,East Asia,Machinery,51,9.7,0.818,52.6,36.9,67.6,high,100.63,1.52,999,261.99,88743,0,0.182,0.5125,0.3804,0.4789,0.676,0.0608,0.0,31.3827,0,0,True
2026-06-07,SUP_015,Kansai Robotics,East Asia,Machinery,51,9.7,0.818,51.9,39.9,60.2,medium,101.18,1.52,999,261.99,88743,0,0.182,0.5125,0.3804,0.483,0.602,0.0608,0.0,30.4205,0,0,True
2026-06-08,SUP_015,Kansai Robotics,East Asia,Machinery,51,9.7,0.818,43.3,46.4,71.8,high,100.69,1.52,999,261.99,88743,0,0.182,0.5125,0.3804,0.4423,0.718,0.0608,0.0,31.3119,0,0,True
2026-06-09,SUP_015,Kansai Robotics,East Asia,Machinery,51,9.7,0.818,42.6,44.1,68.8,high,101.73,1.78,999,261.99,88743,0,0.182,0.5125,0.3804,0.4305,0.688,0.0712,0.0,30.8043,0,0,True
2026-06-10,SUP_015,Kansai Robotics,East Asia,Machinery,51,9.7,0.818,43.4,31.6,79.6,high,101.91,1.95,999,261.99,88743,0,0.182,0.5125,0.3804,0.3986,0.796,0.078,0.0,31.8237,0,0,True
2026-06-11,SUP_015,Kansai Robotics,East Asia,Machinery,51,9.7,0.818,37.8,32.4,39.9,low,102.88,2.91,999,261.99,88743,0,0.182,0.5125,0.3804,0.3618,0.399,0.1164,0.0,26.0641,0,0,True
2026-06-12,SUP_015,Kansai Robotics,East Asia,Machinery,51,9.7,0.818,36.7,33.8,34.9,low,103.12,3.14,999,261.99,88743,0,0.182,0.5125,0.3804,0.3583,0.349,0.1256,0.0,25.4115,0,0,True
2026-06-13,SUP_015,Kansai Robotics,East Asia,Machinery,51,9.7,0.818,30.8,28.6,41.0,medium,103.59,3.6,999,261.99,88743,0,0.182,0.5125,0.3804,0.3014,0.41,0.144,0.0,25.4621,0,0,True
2026-06-14,SUP_015,Kansai Robotics,East Asia,Machinery,51,9.7,0.818,35.4,30.3,52.8,medium,102.81,3.6,999,261.99,88743,0,0.182,0.5125,0.3804,0.3387,0.528,0.144,0.0,27.7855,0,0,True
2026-06-15,SUP_015,Kansai Robotics,East Asia,Machinery,51,9.7,0.818,37.2,29.1,66.3,high,102.03,3.59,999,261.99,88743,0,0.182,0.5125,0.3804,0.3477,0.663,0.1436,0.0,29.8327,0,0,True
2026-06-16,SUP_015,Kansai Robotics,East Asia,Machinery,51,9.7,0.818,30.1,22.9,61.3,medium,103.54,3.59,999,261.99,88743,0,0.182,0.5125,0.3804,0.2794,0.613,0.1436,0.0,27.9033,0,0,True
2026-06-17,SUP_015,Kansai Robotics,East Asia,Machinery,51,9.7,0.818,33.5,28.3,74.3,high,104.32,4.3,999,261.99,88743,0,0.182,0.5125,0.3804,0.3194,0.743,0.172,0.0,30.7841,0,0,True
2026-06-18,SUP_015,Kansai Robotics,East Asia,Machinery,51,9.7,0.818,34.5,26.3,64.3,medium,103.06,4.3,999,261.99,88743,0,0.182,0.5125,0.3804,0.3204,0.643,0.172,0.0,29.4021,0,0,True
2026-06-19,SUP_015,Kansai Robotics,East Asia,Machinery,51,9.7,0.818,38.1,25.5,69.6,high,103.28,4.3,999,261.99,88743,0,0.182,0.5125,0.3804,0.3432,0.696,0.172,0.0,30.5545,0,0,True
2026-06-20,SUP_015,Kansai Robotics,East Asia,Machinery,51,9.7,0.818,36.8,24.5,54.7,medium,100.36,4.3,999,261.99,88743,0,0.182,0.5125,0.3804,0.3311,0.547,0.172,0.0,28.2507,0,0,True
2026-06-21,SUP_015,Kansai Robotics,East Asia,Machinery,51,9.7,0.818,33.8,32.5,56.2,medium,99.65,4.59,999,261.99,88743,0,0.182,0.5125,0.3804,0.3341,0.562,0.1836,0.0,28.6539,0,0,True
2026-06-22,SUP_015,Kansai Robotics,East Asia,Machinery,51,9.7,0.818,31.4,32.7,31.7,low,100.83,4.59,999,261.99,88743,0,0.182,0.5125,0.3804,0.3179,0.317,0.1836,0.0,24.9323,0,0,True
2026-06-23,SUP_015,Kansai Robotics,East Asia,Machinery,51,9.7,0.818,30.4,33.5,24.7,low,100.68,4.59,999,261.99,88743,0,0.182,0.5125,0.3804,0.3133,0.247,0.1836,0.0,23.8695,0,0,True
2026-06-24,SUP_015,Kansai Robotics,East Asia,Machinery,51,9.7,0.818,32.2,31.4,34.1,low,100.82,4.59,999,261.99,88743,0,0.182,0.5125,0.3804,0.3196,0.341,0.1836,0.0,25.2989,0,0,True
2026-06-25,SUP_015,Kansai Robotics,East Asia,Machinery,51,9.7,0.818,34.4,34.4,24.6,low,97.1,7.12,999,261.99,88743,0,0.182,0.5125,0.3804,0.344,0.246,0.2848,0.0,25.6225,0,0,True
2026-06-26,SUP_015,Kansai Robotics,East Asia,Machinery,51,9.7,0.818,34.6,41.6,33.7,low,96.62,7.6,999,261.99,88743,0,0.182,0.5125,0.3804,0.367,0.337,0.304,0.0,27.5409,0,0,True
2026-06-27,SUP_015,Kansai Robotics,East Asia,Machinery,51,9.7,0.818,33.7,44.0,44.9,medium,97.04,7.61,999,261.99,88743,0,0.182,0.5125,0.3804,0.3679,0.449,0.3044,0.0,29.1299,0,0,True
2026-06-28,SUP_015,Kansai Robotics,East Asia,Machinery,51,9.7,0.818,33.3,46.3,40.3,medium,97.61,7.62,999,261.99,88743,0,0.182,0.5125,0.3804,0.372,0.403,0.3048,0.0,28.5645,0,0,True
2026-06-29,SUP_015,Kansai Robotics,East Asia,Machinery,51,9.7,0.818,46.5,47.8,32.5,low,98.8,7.63,999,261.99,88743,0,0.182,0.5125,0.3804,0.4689,0.325,0.3052,0.0,29.2215,0,0,True
2026-06-30,SUP_015,Kansai Robotics,East Asia,Machinery,51,9.7,0.818,42.2,38.6,31.2,low,98.54,7.64,999,261.99,88743,0,0.182,0.5125,0.3804,0.4112,0.312,0.3056,0.0,28.0057,0,0,True
2026-07-01,SUP_015,Kansai Robotics,East Asia,Machinery,51,9.7,0.818,39.5,33.4,25.7,low,98.33,7.64,999,261.99,88743,0,0.182,0.5125,0.3804,0.3767,0.257,0.3056,0.0,26.6147,0,0,True
2026-07-02,SUP_015,Kansai Robotics,East Asia,Machinery,51,9.7,0.818,55.5,32.6,29.6,low,96.69,7.65,999,261.99,88743,0,0.182,0.5125,0.3804,0.4863,0.296,0.306,0.0,29.1383,0,0,True
2026-07-03,SUP_015,Kansai Robotics,East Asia,Machinery,51,9.7,0.818,55.5,29.1,34.4,low,96.44,7.84,999,261.99,88743,0,0.182,0.5125,0.3804,0.4758,0.344,0.3136,0.0,29.7125,0,0,True
2026-07-04,SUP_015,Kansai Robotics,East Asia,Machinery,51,9.7,0.818,46.9,24.4,34.2,low,94.88,9.41,999,261.99,88743,0,0.182,0.5125,0.3804,0.4015,0.342,0.3764,0.0,29.1007,0,0,True
2026-07-05,SUP_015,Kansai Robotics,East Asia,Machinery,51,9.7,0.818,50.2,16.1,52.4,medium,92.61,11.7,999,261.99,88743,0,0.182,0.5125,0.3804,0.3997,0.524,0.468,0.0,32.7155,0,0,True
2026-07-06,SUP_015,Kansai Robotics,East Asia,Machinery,51,9.7,0.818,44.6,11.9,43.9,medium,91.27,13.08,999,261.99,88743,0,0.182,0.5125,0.3804,0.3479,0.439,0.5232,0.0,31.2555,0,0,True
2026-07-07,SUP_015,Kansai Robotics,East Asia,Machinery,51,9.7,0.818,48.5,14.0,57.1,medium,93.13,13.12,999,261.99,88743,0,0.182,0.5125,0.3804,0.3815,0.571,0.5248,0.0,33.7275,0,0,True
2026-07-08,SUP_015,Kansai Robotics,East Asia,Machinery,51,9.7,0.818,46.6,16.8,44.4,medium,92.79,13.15,999,261.99,88743,0,0.182,0.5125,0.3804,0.3766,0.444,0.526,0.0,31.8757,0,0,True
2026-07-09,SUP_015,Kansai Robotics,East Asia,Machinery,51,9.7,0.818,43.8,15.3,45.2,medium,93.07,13.19,999,261.99,88743,0,0.182,0.5125,0.3804,0.3525,0.452,0.5276,0.0,31.5731,0,0,True
2026-07-10,SUP_015,Kansai Robotics,East Asia,Machinery,51,9.7,0.818,51.2,18.7,56.1,medium,92.43,13.23,999,261.99,88743,0,0.182,0.5125,0.3804,0.4145,0.561,0.5292,0.0,34.2343,0,1,True
2026-07-11,SUP_015,Kansai Robotics,East Asia,Machinery,51,9.7,0.818,52.5,18.9,63.8,medium,90.22,14.36,999,261.99,88743,0,0.182,0.5125,0.3804,0.4242,0.638,0.5744,0.0,36.0293,0,1,True
2026-07-12,SUP_015,Kansai Robotics,East Asia,Machinery,51,9.7,0.818,55.5,27.0,55.2,medium,91.38,14.42,999,261.99,88743,0,0.182,0.5125,0.3804,0.4695,0.552,0.5768,0.0,35.6695,0,1,True
2026-07-13,SUP_015,Kansai Robotics,East Asia,Machinery,51,9.7,0.818,55.5,27.4,57.8,medium,88.7,16.05,999,261.99,88743,0,0.182,0.5125,0.3804,0.4707,0.578,0.642,0.0,36.8375,0,1,True
2026-07-14,SUP_015,Kansai Robotics,East Asia,Machinery,51,9.7,0.818,51.4,32.2,58.5,medium,88.02,16.84,999,261.99,88743,0,0.182,0.5125,0.3804,0.4564,0.585,0.6736,0.0,37.0573,0,1,True
2026-07-15,SUP_015,Kansai Robotics,East Asia,Machinery,51,9.7,0.818,52.9,33.7,50.1,medium,87.95,16.99,999,261.99,88743,0,0.182,0.5125,0.3804,0.4714,0.501,0.6796,0.0,36.2233,0,1,True
2026-07-16,SUP_015,Kansai Robotics,East Asia,Machinery,51,9.7,0.818,57.0,26.5,54.6,medium,88.23,17.08,999,261.99,88743,0,0.182,0.5125,0.3804,0.4785,0.546,0.6832,0.0,37.0243,0,1,True
2026-07-17,SUP_015,Kansai Robotics,East Asia,Machinery,51,9.7,0.818,55.4,27.3,69.4,high,87.34,16.73,999,261.99,88743,0,0.182,0.5125,0.3804,0.4697,0.694,0.6692,0.0,38.7699,1,1,True
2026-07-18,SUP_015,Kansai Robotics,East Asia,Machinery,51,9.7,0.818,61.9,21.9,67.7,high,85.07,19.24,1,261.99,88743,0,0.182,0.5125,0.3804,0.499,0.677,0.7696,0.9672,55.7396,0,1,True
2026-07-19,SUP_015,Kansai Robotics,East Asia,Machinery,51,9.7,0.818,63.0,23.3,67.3,high,84.08,17.81,2,261.99,88743,0,0.182,0.5125,0.3804,0.5109,0.673,0.7124,0.9355,54.704,0,1,True
2026-07-20,SUP_015,Kansai Robotics,East Asia,Machinery,51,9.7,0.818,60.8,21.2,95.8,high,83.16,18.91,3,261.99,88743,0,0.182,0.5125,0.3804,0.4892,0.958,0.7564,0.9048,58.3407,0,1,True
2026-07-21,SUP_015,Kansai Robotics,East Asia,Machinery,51,9.7,0.818,59.2,25.2,76.5,high,82.21,20.05,4,261.99,88743,0,0.182,0.5125,0.3804,0.49,0.765,0.802,0.8752,55.7257,1,1,True
2026-07-22,SUP_015,Kansai Robotics,East Asia,Machinery,51,9.7,0.818,57.3,19.6,79.8,high,83.4,20.17,1,261.99,88743,0,0.182,0.5125,0.3804,0.4599,0.798,0.8068,0.9672,57.1762,1,1,True
2026-07-23,SUP_015,Kansai Robotics,East Asia,Machinery,51,9.7,0.818,49.0,22.0,68.7,high,81.91,20.63,1,261.99,88743,0,0.182,0.5125,0.3804,0.409,0.687,0.8252,0.9672,54.9268,0,1,True
2026-07-24,SUP_015,Kansai Robotics,East Asia,Machinery,51,9.7,0.818,47.6,27.0,64.3,medium,82.28,18.55,2,261.99,88743,0,0.182,0.5125,0.3804,0.4142,0.643,0.742,0.9355,52.8986,0,1,True
2026-07-25,SUP_015,Kansai Robotics,East Asia,Machinery,51,9.7,0.818,47.8,33.0,86.4,high,82.47,18.65,3,261.99,88743,0,0.182,0.5125,0.3804,0.4336,0.864,0.746,0.9048,55.8991,1,0,True
2026-07-26,SUP_015,Kansai Robotics,East Asia,Machinery,51,9.7,0.818,44.9,29.2,80.7,high,83.66,18.74,1,261.99,88743,0,0.182,0.5125,0.3804,0.4019,0.807,0.7496,0.9672,55.5718,0,0,True
2026-07-27,SUP_015,Kansai Robotics,East Asia,Machinery,51,9.7,0.818,46.1,30.2,44.0,medium,83.49,18.84,2,261.99,88743,0,0.182,0.5125,0.3804,0.4133,0.44,0.7536,0.9355,50.1796,0,0,True
2026-07-28,SUP_015,Kansai Robotics,East Asia,Machinery,51,9.7,0.818,72.2,31.9,54.9,medium,84.47,18.93,3,261.99,88743,0,0.182,0.5125,0.3804,0.6011,0.549,0.7572,0.9048,54.6385,0,0,True
2026-07-29,SUP_015,Kansai Robotics,East Asia,Machinery,51,9.7,0.818,75.3,40.5,43.7,medium,84.26,18.74,4,261.99,88743,0,0.182,0.5125,0.3804,0.6486,0.437,0.7496,0.8752,53.3597,0,1,True
2026-07-30,SUP_015,Kansai Robotics,East Asia,Machinery,51,9.7,0.818,77.4,31.9,39.9,low,84.79,18.6,5,261.99,88743,0,0.182,0.5125,0.3804,0.6375,0.399,0.744,0.8465,52.1016,0,1,True
2026-07-31,SUP_015,Kansai Robotics,East Asia,Machinery,51,9.7,0.818,76.9,27.5,52.7,medium,82.94,16.84,6,261.99,88743,0,0.182,0.5125,0.3804,0.6208,0.527,0.6736,0.8187,52.3042,0,1,True
2026-08-01,SUP_015,Kansai Robotics,East Asia,Machinery,51,9.7,0.818,69.2,43.4,51.2,medium,79.68,19.22,7,261.99,88743,0,0.182,0.5125,0.3804,0.6146,0.512,0.7688,0.7919,52.6956,0,1,True
2026-08-02,SUP_015,Kansai Robotics,East Asia,Machinery,51,9.7,0.818,77.6,40.7,35.2,low,80.15,17.54,8,261.99,88743,0,0.182,0.5125,0.3804,0.6653,0.352,0.7016,0.7659,50.1464,0,1,True
2026-08-03,SUP_015,Kansai Robotics,East Asia,Machinery,51,9.7,0.818,75.5,29.9,42.7,medium,80.68,15.6,9,261.99,88743,0,0.182,0.5125,0.3804,0.6182,0.427,0.624,0.7408,49.0156,0,1,True
2026-08-04,SUP_015,Kansai Robotics,East Asia,Machinery,51,9.7,0.818,74.1,27.6,39.6,low,81.27,15.67,10,261.99,88743,0,0.182,0.5125,0.3804,0.6015,0.396,0.6268,0.7165,47.926,0,1,True
2026-08-05,SUP_015,Kansai Robotics,East Asia,Machinery,51,9.7,0.818,71.7,14.1,55.2,medium,80.62,15.74,11,261.99,88743,0,0.182,0.5125,0.3804,0.5442,0.552,0.6296,0.693,48.7364,1,1,True
2026-08-06,SUP_015,Kansai Robotics,East Asia,Machinery,51,9.7,0.818,68.9,18.5,47.0,medium,82.46,15.73,1,261.99,88743,0,0.182,0.5125,0.3804,0.5378,0.47,0.6292,0.9672,51.8552,1,1,True
2026-08-07,SUP_015,Kansai Robotics,East Asia,Machinery,51,9.7,0.818,76.1,25.3,56.3,medium,81.89,15.8,1,261.99,88743,0,0.182,0.5125,0.3804,0.6086,0.563,0.632,0.9672,54.4652,0,1,True
2026-08-08,SUP_015,Kansai Robotics,East Asia,Machinery,51,9.7,0.818,81.6,21.9,69.9,high,82.41,15.11,2,261.99,88743,0,0.182,0.5125,0.3804,0.6369,0.699,0.6044,0.9355,56.04,0,1,True
2026-08-09,SUP_015,Kansai Robotics,East Asia,Machinery,51,9.7,0.818,81.7,21.4,55.8,medium,83.14,13.92,3,261.99,88743,0,0.182,0.5125,0.3804,0.6361,0.558,0.5568,0.9048,52.9897,1,0,True
2026-08-10,SUP_015,Kansai Robotics,East Asia,Machinery,51,9.7,0.818,79.3,28.3,51.3,medium,85.26,13.94,1,261.99,88743,0,0.182,0.5125,0.3804,0.64,0.513,0.5576,0.9672,53.4376,0,0,True
2026-08-11,SUP_015,Kansai Robotics,East Asia,Machinery,51,9.7,0.818,54.0,20.1,53.3,medium,84.87,10.78,2,261.99,88743,0,0.182,0.5125,0.3804,0.4383,0.533,0.4312,0.9355,48.0628,0,0,True
2026-08-12,SUP_015,Kansai Robotics,East Asia,Machinery,51,9.7,0.818,52.6,15.4,43.3,medium,84.07,10.23,3,261.99,88743,0,0.182,0.5125,0.3804,0.4144,0.433,0.4092,0.9048,45.4779,0,0,True
2026-08-13,SUP_015,Kansai Robotics,East Asia,Machinery,51,9.7,0.818,50.1,17.1,46.2,medium,82.22,10.26,4,261.99,88743,0,0.182,0.5125,0.3804,0.402,0.462,0.4104,0.8752,45.2005,0,0,True
2026-08-14,SUP_015,Kansai Robotics,East Asia,Machinery,51,9.7,0.818,50.5,15.8,43.8,medium,84.13,10.27,5,261.99,88743,0,0.182,0.5125,0.3804,0.4009,0.438,0.4108,0.8465,44.3904,0,0,True
2026-08-15,SUP_015,Kansai Robotics,East Asia,Machinery,51,9.7,0.818,47.1,17.2,41.9,medium,84.65,9.22,6,261.99,88743,0,0.182,0.5125,0.3804,0.3813,0.419,0.3688,0.8187,42.8236,0,0,True
2026-08-16,SUP_015,Kansai Robotics,East Asia,Machinery,51,9.7,0.818,47.5,13.2,43.1,medium,85.21,6.72,7,261.99,88743,0,0.182,0.5125,0.3804,0.3721,0.431,0.2688,0.7919,41.1966,0,0,True
2026-08-17,SUP_015,Kansai Robotics,East Asia,Machinery,51,9.7,0.818,47.7,17.6,44.2,medium,89.05,11.27,8,261.99,88743,0,0.182,0.5125,0.3804,0.3867,0.442,0.4508,0.7659,43.382,0,0,True
2026-08-18,SUP_015,Kansai Robotics,East Asia,Machinery,51,9.7,0.818,49.7,19.4,45.9,medium,89.46,11.73,9,261.99,88743,0,0.182,0.5125,0.3804,0.4061,0.459,0.4692,0.7408,43.7882,0,0,True
2026-08-19,SUP_015,Kansai Robotics,East Asia,Machinery,51,9.7,0.818,45.6,24.6,40.2,medium,87.85,11.71,10,261.99,88743,0,0.182,0.5125,0.3804,0.393,0.402,0.4684,0.7165,42.3562,0,0,True
2026-08-20,SUP_015,Kansai Robotics,East Asia,Machinery,51,9.7,0.818,48.4,27.2,36.2,low,87.61,11.69,11,261.99,88743,0,0.182,0.5125,0.3804,0.4204,0.362,0.4676,0.693,41.904,0,0,True
2026-08-21,SUP_015,Kansai Robotics,East Asia,Machinery,51,9.7,0.818,43.2,29.5,37.3,low,86.41,11.67,12,261.99,88743,0,0.182,0.5125,0.3804,0.3909,0.373,0.4668,0.6703,41.1538,0,0,True
2026-08-22,SUP_015,Kansai Robotics,East Asia,Machinery,51,9.7,0.818,40.3,22.7,38.8,low,85.92,11.66,13,261.99,88743,0,0.182,0.5125,0.3804,0.3502,0.388,0.4664,0.6483,40.2748,0,0,True
2026-08-23,SUP_015,Kansai Robotics,East Asia,Machinery,51,9.7,0.818,38.0,27.1,36.3,low,85.42,11.64,14,261.99,88743,0,0.182,0.5125,0.3804,0.3473,0.363,0.4656,0.6271,39.5229,0,0,True
2026-08-24,SUP_015,Kansai Robotics,East Asia,Machinery,51,9.7,0.818,33.5,26.6,41.5,medium,84.7,11.63,15,261.99,88743,0,0.182,0.5125,0.3804,0.3143,0.415,0.4652,0.6065,39.3232,0,0,True
2026-08-25,SUP_015,Kansai Robotics,East Asia,Machinery,51,9.7,0.818,39.6,27.0,25.6,low,82.98,11.63,16,261.99,88743,0,0.182,0.5125,0.3804,0.3582,0.256,0.4652,0.5866,37.5693,0,0,True
2026-08-26,SUP_015,Kansai Robotics,East Asia,Machinery,51,9.7,0.818,35.4,33.7,23.7,low,84.94,11.63,17,261.99,88743,0,0.182,0.5125,0.3804,0.3489,0.237,0.4652,0.5674,36.8281,0,0,True
2026-08-27,SUP_015,Kansai Robotics,East Asia,Machinery,51,9.7,0.818,33.1,30.1,26.4,low,85.31,11.62,18,261.99,88743,0,0.182,0.5125,0.3804,0.322,0.264,0.4648,0.5488,36.4195,0,0,True
2026-08-28,SUP_015,Kansai Robotics,East Asia,Machinery,51,9.7,0.818,40.4,38.0,23.1,low,85.03,11.62,19,261.99,88743,0,0.182,0.5125,0.3804,0.3968,0.231,0.4648,0.5308,37.016,0,0,True
2026-08-29,SUP_015,Kansai Robotics,East Asia,Machinery,51,9.7,0.818,37.9,45.1,43.7,medium,85.97,11.61,20,261.99,88743,0,0.182,0.5125,0.3804,0.4006,0.437,0.4644,0.5134,39.6852,0,0,True
2026-08-30,SUP_015,Kansai Robotics,East Asia,Machinery,51,9.7,0.818,37.6,47.6,44.2,medium,86.55,11.6,21,261.99,88743,0,0.182,0.5125,0.3804,0.406,0.442,0.464,0.4966,39.5783,0,0,True
2026-08-31,SUP_015,Kansai Robotics,East Asia,Machinery,51,9.7,0.818,33.5,40.5,46.0,medium,86.89,11.01,22,261.99,88743,0,0.182,0.5125,0.3804,0.356,0.46,0.4404,0.4803,38.3866,0,0,True
2026-09-01,SUP_015,Kansai Robotics,East Asia,Machinery,51,9.7,0.818,38.7,28.2,41.3,medium,87.73,10.42,23,261.99,88743,0,0.182,0.5125,0.3804,0.3555,0.413,0.4168,0.4646,37.1845,0,0,True
2026-09-02,SUP_015,Kansai Robotics,East Asia,Machinery,51,9.7,0.818,43.2,34.9,42.1,medium,87.9,10.39,24,261.99,88743,0,0.182,0.5125,0.3804,0.4071,0.421,0.4156,0.4493,37.9672,0,0,True
2026-09-03,SUP_015,Kansai Robotics,East Asia,Machinery,51,9.7,0.818,46.5,35.5,31.6,low,88.73,10.36,25,261.99,88743,0,0.182,0.5125,0.3804,0.432,0.316,0.4144,0.4346,36.6953,0,0,True
2026-09-04,SUP_015,Kansai Robotics,East Asia,Machinery,51,9.7,0.818,48.4,31.5,33.3,low,89.65,9.06,26,261.99,88743,0,0.182,0.5125,0.3804,0.4333,0.333,0.3624,0.4204,36.1047,0,0,True
2026-09-05,SUP_015,Kansai Robotics,East Asia,Machinery,51,9.7,0.818,47.8,38.2,27.6,low,89.85,9.27,27,261.99,88743,0,0.182,0.5125,0.3804,0.4492,0.276,0.3708,0.4066,35.4732,0,0,True
2026-09-06,SUP_015,Kansai Robotics,East Asia,Machinery,51,9.7,0.818,44.4,33.2,29.4,low,89.58,8.86,28,261.99,88743,0,0.182,0.5125,0.3804,0.4104,0.294,0.3544,0.3932,34.6168,0,0,True
2026-09-07,SUP_015,Kansai Robotics,East Asia,Machinery,51,9.7,0.818,40.2,31.2,9.6,low,91.47,10.7,29,261.99,88743,0,0.182,0.5125,0.3804,0.375,0.096,0.428,0.3803,31.8845,0,0,True
2026-09-08,SUP_015,Kansai Robotics,East Asia,Machinery,51,9.7,0.818,46.6,34.5,8.0,low,90.88,10.67,30,261.99,88743,0,0.182,0.5125,0.3804,0.4297,0.08,0.4268,0.3679,32.4312,0,0,True
2026-09-09,SUP_015,Kansai Robotics,East Asia,Machinery,51,9.7,0.818,49.5,28.8,30.8,low,91.36,10.65,31,261.99,88743,0,0.182,0.5125,0.3804,0.4329,0.308,0.426,0.3558,35.4782,0,0,True
2026-09-10,SUP_015,Kansai Robotics,East Asia,Machinery,51,9.7,0.818,45.1,29.1,42.0,medium,91.87,11.08,32,261.99,88743,0,0.182,0.5125,0.3804,0.403,0.42,0.4432,0.3442,36.5278,0,0,True
2026-09-11,SUP_015,Kansai Robotics,East Asia,Machinery,51,9.7,0.818,44.8,35.7,55.0,medium,91.12,11.05,33,261.99,88743,0,0.182,0.5125,0.3804,0.4207,0.55,0.442,0.3329,38.4715,0,0,True
2026-09-12,SUP_015,Kansai Robotics,East Asia,Machinery,51,9.7,0.818,43.0,36.7,65.3,high,90.13,10.15,34,261.99,88743,0,0.182,0.5125,0.3804,0.4111,0.653,0.406,0.322,39.1341,0,0,True
2026-09-13,SUP_015,Kansai Robotics,East Asia,Machinery,51,9.7,0.818,37.5,43.0,66.5,high,89.69,10.13,35,261.99,88743,0,0.182,0.5125,0.3804,0.3915,0.665,0.4052,0.3114,38.7708,0,0,True
2026-09-14,SUP_015,Kansai Robotics,East Asia,Machinery,51,9.7,0.818,39.0,47.8,56.9,medium,89.08,10.11,36,261.99,88743,0,0.182,0.5125,0.3804,0.4164,0.569,0.4044,0.3012,37.702,0,0,True
2026-09-15,SUP_015,Kansai Robotics,East Asia,Machinery,51,9.7,0.818,37.5,45.9,44.3,medium,87.28,10.1,37,261.99,88743,0,0.182,0.5125,0.3804,0.4002,0.443,0.404,0.2913,35.4836,0,0,True
2026-09-16,SUP_015,Kansai Robotics,East Asia,Machinery,51,9.7,0.818,33.6,32.0,55.1,medium,86.48,10.11,38,261.99,88743,0,0.182,0.5125,0.3804,0.3312,0.551,0.4044,0.2818,35.6056,0,0,True
2026-09-17,SUP_015,Kansai Robotics,East Asia,Machinery,51,9.7,0.818,27.9,26.6,53.2,medium,86.81,10.12,39,261.99,88743,0,0.182,0.5125,0.3804,0.2751,0.532,0.4048,0.2725,34.1868,0,0,False
2026-09-18,SUP_015,Kansai Robotics,East Asia,Machinery,51,9.7,0.818,22.6,31.9,74.2,high,88.37,10.12,40,261.99,88743,0,0.182,0.5125,0.3804,0.2539,0.742,0.4048,0.2636,36.6023,0,0,False
2026-09-19,SUP_015,Kansai Robotics,East Asia,Machinery,51,9.7,0.818,23.7,24.2,63.5,medium,89.05,10.11,41,261.99,88743,0,0.182,0.5125,0.3804,0.2385,0.635,0.4044,0.255,34.684,0,0,False
2026-09-20,SUP_015,Kansai Robotics,East Asia,Machinery,51,9.7,0.818,26.1,24.1,77.2,high,85.85,10.12,42,261.99,88743,0,0.182,0.5125,0.3804,0.255,0.772,0.4048,0.2466,36.7701,0,0,False
2026-09-21,SUP_015,Kansai Robotics,East Asia,Machinery,51,9.7,0.818,24.3,27.5,67.7,high,86.64,10.11,43,261.99,88743,0,0.182,0.5125,0.3804,0.2526,0.677,0.4044,0.2385,35.2627,0,0,False
2026-09-22,SUP_015,Kansai Robotics,East Asia,Machinery,51,9.7,0.818,30.1,36.4,74.4,high,85.95,10.11,44,261.99,88743,0,0.182,0.5125,0.3804,0.3199,0.744,0.4044,0.2307,37.287,0,0,False
2026-09-23,SUP_015,Kansai Robotics,East Asia,Machinery,51,9.7,0.818,31.5,33.1,82.7,high,86.51,10.1,45,261.99,88743,0,0.182,0.5125,0.3804,0.3198,0.827,0.404,0.2231,38.3214,0,0,False
2026-06-01,SUP_016,Iberia Circuits,Europe,Electronics,18,0.7,0.938,17.9,36.1,14.0,low,99.72,0.0,999,397.61,16175,0,0.062,0.1,0.0778,0.2336,0.14,0.0,0.0,9.1826,0,0,True
2026-06-02,SUP_016,Iberia Circuits,Europe,Electronics,18,0.7,0.938,17.0,38.0,19.0,low,98.44,0.0,999,397.61,16175,0,0.062,0.1,0.0778,0.233,0.19,0.0,0.0,9.8718,0,0,True
2026-06-03,SUP_016,Iberia Circuits,Europe,Electronics,18,0.7,0.938,16.6,40.0,16.2,low,98.45,0.0,999,397.61,16175,0,0.062,0.1,0.0778,0.2362,0.162,0.0,0.0,9.5374,0,0,True
2026-06-04,SUP_016,Iberia Circuits,Europe,Electronics,18,0.7,0.938,16.7,34.3,7.8,low,97.83,0.0,999,397.61,16175,0,0.062,0.1,0.0778,0.2198,0.078,0.0,0.0,8.0662,0,0,True
2026-06-05,SUP_016,Iberia Circuits,Europe,Electronics,18,0.7,0.938,23.3,29.3,19.0,low,96.26,3.53,999,397.61,16175,0,0.062,0.1,0.0778,0.251,0.19,0.1412,0.0,11.8902,0,0,True
2026-06-06,SUP_016,Iberia Circuits,Europe,Electronics,18,0.7,0.938,22.4,33.9,28.1,low,97.65,3.53,999,397.61,16175,0,0.062,0.1,0.0778,0.2585,0.281,0.1412,0.0,13.2992,0,0,True
2026-06-07,SUP_016,Iberia Circuits,Europe,Electronics,18,0.7,0.938,26.9,30.8,36.1,low,97.22,3.53,999,397.61,16175,0,0.062,0.1,0.0778,0.2807,0.361,0.1412,0.0,14.8188,0,0,True
2026-06-08,SUP_016,Iberia Circuits,Europe,Electronics,18,0.7,0.938,30.0,16.9,27.7,low,95.91,3.9,999,397.61,16175,0,0.062,0.1,0.0778,0.2607,0.277,0.156,0.0,13.4604,0,0,True
2026-06-09,SUP_016,Iberia Circuits,Europe,Electronics,18,0.7,0.938,31.4,23.0,37.9,low,96.63,3.9,999,397.61,16175,0,0.062,0.1,0.0778,0.2888,0.379,0.156,0.0,15.3942,0,0,True
2026-06-10,SUP_016,Iberia Circuits,Europe,Electronics,18,0.7,0.938,20.9,19.4,30.1,low,96.05,3.91,999,397.61,16175,0,0.062,0.1,0.0778,0.2045,0.301,0.1564,0.0,12.7896,0,0,True
2026-06-11,SUP_016,Iberia Circuits,Europe,Electronics,18,0.7,0.938,25.8,24.2,34.9,low,96.92,3.91,999,397.61,16175,0,0.062,0.1,0.0778,0.2532,0.349,0.1564,0.0,14.3382,0,0,True
2026-06-12,SUP_016,Iberia Circuits,Europe,Electronics,18,0.7,0.938,22.4,33.1,27.7,low,96.33,3.92,999,397.61,16175,0,0.062,0.1,0.0778,0.2561,0.277,0.1568,0.0,13.3872,0,0,True
2026-06-13,SUP_016,Iberia Circuits,Europe,Electronics,18,0.7,0.938,25.2,33.5,24.9,low,95.9,3.93,999,397.61,16175,0,0.062,0.1,0.0778,0.2769,0.249,0.1572,0.0,13.3744,0,0,True
2026-06-14,SUP_016,Iberia Circuits,Europe,Electronics,18,0.7,0.938,19.5,39.0,2.5,low,96.18,3.93,999,397.61,16175,0,0.062,0.1,0.0778,0.2535,0.025,0.1572,0.0,9.8172,0,0,True
2026-06-15,SUP_016,Iberia Circuits,Europe,Electronics,18,0.7,0.938,13.6,39.2,5.4,low,96.65,3.94,999,397.61,16175,0,0.062,0.1,0.0778,0.2128,0.054,0.1576,0.0,9.4954,0,0,True
2026-06-16,SUP_016,Iberia Circuits,Europe,Electronics,18,0.7,0.938,23.7,46.9,11.1,low,97.27,3.93,999,397.61,16175,0,0.062,0.1,0.0778,0.3066,0.111,0.1572,0.0,11.977,0,0,True
2026-06-17,SUP_016,Iberia Circuits,Europe,Electronics,18,0.7,0.938,18.3,39.5,10.8,low,97.19,3.93,999,397.61,16175,0,0.062,0.1,0.0778,0.2466,0.108,0.1572,0.0,10.855,0,0,True
2026-06-18,SUP_016,Iberia Circuits,Europe,Electronics,18,0.7,0.938,23.7,38.8,30.6,low,97.62,3.93,999,397.61,16175,0,0.062,0.1,0.0778,0.2823,0.306,0.1572,0.0,14.2696,0,0,True
2026-06-19,SUP_016,Iberia Circuits,Europe,Electronics,18,0.7,0.938,23.4,41.8,18.4,low,98.21,3.93,999,397.61,16175,0,0.062,0.1,0.0778,0.2892,0.184,0.1572,0.0,12.6858,0,0,True
2026-06-20,SUP_016,Iberia Circuits,Europe,Electronics,18,0.7,0.938,20.6,39.8,14.9,low,98.37,3.93,999,397.61,16175,0,0.062,0.1,0.0778,0.2636,0.149,0.1572,0.0,11.735,0,0,True
2026-06-21,SUP_016,Iberia Circuits,Europe,Electronics,18,0.7,0.938,20.0,45.1,9.0,low,98.26,3.93,999,397.61,16175,0,0.062,0.1,0.0778,0.2753,0.09,0.1572,0.0,11.1196,0,0,True
2026-06-22,SUP_016,Iberia Circuits,Europe,Electronics,18,0.7,0.938,13.5,41.3,47.1,medium,97.1,3.93,999,397.61,16175,0,0.062,0.1,0.0778,0.2184,0.471,0.1572,0.0,15.4294,0,0,True
2026-06-23,SUP_016,Iberia Circuits,Europe,Electronics,18,0.7,0.938,14.1,51.3,60.9,medium,97.58,3.93,999,397.61,16175,0,0.062,0.1,0.0778,0.2526,0.609,0.1572,0.0,17.977,0,0,True
2026-06-24,SUP_016,Iberia Circuits,Europe,Electronics,18,0.7,0.938,9.6,60.0,75.5,high,97.62,3.93,999,397.61,16175,0,0.062,0.1,0.0778,0.2472,0.755,0.1572,0.0,19.9238,0,0,True
2026-06-25,SUP_016,Iberia Circuits,Europe,Electronics,18,0.7,0.938,9.0,57.8,99.6,high,97.29,3.93,999,397.61,16175,0,0.062,0.1,0.0778,0.2364,0.996,0.1572,0.0,23.1034,0,0,True
2026-06-26,SUP_016,Iberia Circuits,Europe,Electronics,18,0.7,0.938,14.7,57.2,92.4,high,98.31,3.92,999,397.61,16175,0,0.062,0.1,0.0778,0.2745,0.924,0.1568,0.0,22.7764,0,0,True
2026-06-27,SUP_016,Iberia Circuits,Europe,Electronics,18,0.7,0.938,16.4,60.2,83.0,high,97.17,3.92,999,397.61,16175,0,0.062,0.1,0.0778,0.2954,0.83,0.1568,0.0,21.8366,0,0,True
2026-06-28,SUP_016,Iberia Circuits,Europe,Electronics,18,0.7,0.938,9.6,50.2,98.8,high,98.48,3.92,999,397.61,16175,0,0.062,0.1,0.0778,0.2178,0.988,0.1568,0.0,22.6518,0,0,True
2026-06-29,SUP_016,Iberia Circuits,Europe,Electronics,18,0.7,0.938,14.9,41.0,69.6,high,98.46,3.92,999,397.61,16175,0,0.062,0.1,0.0778,0.2273,0.696,0.1568,0.0,18.7348,0,0,True
2026-06-30,SUP_016,Iberia Circuits,Europe,Electronics,18,0.7,0.938,15.3,46.7,65.8,high,98.72,3.92,999,397.61,16175,0,0.062,0.1,0.0778,0.2472,0.658,0.1568,0.0,18.561,0,0,True
2026-07-01,SUP_016,Iberia Circuits,Europe,Electronics,18,0.7,0.938,13.2,46.4,51.0,medium,98.4,2.89,999,397.61,16175,0,0.062,0.1,0.0778,0.2316,0.51,0.1156,0.0,15.7138,0,0,True
2026-07-02,SUP_016,Iberia Circuits,Europe,Electronics,18,0.7,0.938,17.4,43.5,7.4,low,97.07,2.9,999,397.61,16175,0,0.062,0.1,0.0778,0.2523,0.074,0.116,0.0,9.9872,0,0,True
2026-07-03,SUP_016,Iberia Circuits,Europe,Electronics,18,0.7,0.938,16.7,42.3,13.4,low,96.96,2.9,999,397.61,16175,0,0.062,0.1,0.0778,0.2438,0.134,0.116,0.0,10.6742,0,0,True
2026-07-04,SUP_016,Iberia Circuits,Europe,Electronics,18,0.7,0.938,11.4,28.6,21.4,low,97.22,2.9,999,397.61,16175,0,0.062,0.1,0.0778,0.1656,0.214,0.116,0.0,10.3866,0,0,True
2026-07-05,SUP_016,Iberia Circuits,Europe,Electronics,18,0.7,0.938,21.1,28.6,3.1,low,97.76,2.9,999,397.61,16175,0,0.062,0.1,0.0778,0.2335,0.031,0.116,0.0,9.0468,0,0,True
2026-07-06,SUP_016,Iberia Circuits,Europe,Electronics,18,0.7,0.938,20.6,25.6,5.6,low,97.61,2.9,999,397.61,16175,0,0.062,0.1,0.0778,0.221,0.056,0.116,0.0,9.1718,0,0,True
2026-07-07,SUP_016,Iberia Circuits,Europe,Electronics,18,0.7,0.938,19.8,31.8,25.5,low,95.85,2.95,999,397.61,16175,0,0.062,0.1,0.0778,0.234,0.255,0.118,0.0,12.2158,0,0,True
2026-07-08,SUP_016,Iberia Circuits,Europe,Electronics,18,0.7,0.938,17.6,37.5,23.3,low,94.62,4.22,999,397.61,16175,0,0.062,0.1,0.0778,0.2357,0.233,0.1688,0.0,12.548,0,0,True
2026-07-09,SUP_016,Iberia Circuits,Europe,Electronics,18,0.7,0.938,23.3,40.2,37.5,low,96.26,4.22,999,397.61,16175,0,0.062,0.1,0.0778,0.2837,0.375,0.1688,0.0,15.4,0,0,True
2026-07-10,SUP_016,Iberia Circuits,Europe,Electronics,18,0.7,0.938,20.0,41.5,40.4,medium,95.39,4.22,999,397.61,16175,0,0.062,0.1,0.0778,0.2645,0.404,0.1688,0.0,15.4604,0,0,True
2026-07-11,SUP_016,Iberia Circuits,Europe,Electronics,18,0.7,0.938,12.4,32.6,26.5,low,96.53,4.22,999,397.61,16175,0,0.062,0.1,0.0778,0.1846,0.265,0.1688,0.0,12.0762,0,0,True
2026-07-12,SUP_016,Iberia Circuits,Europe,Electronics,18,0.7,0.938,10.0,36.1,23.4,low,95.78,4.22,999,397.61,16175,0,0.062,0.1,0.0778,0.1783,0.234,0.1688,0.0,11.5288,0,0,True
2026-07-13,SUP_016,Iberia Circuits,Europe,Electronics,18,0.7,0.938,17.5,39.3,22.6,low,95.63,4.22,999,397.61,16175,0,0.062,0.1,0.0778,0.2404,0.226,0.1688,0.0,12.5346,0,0,True
2026-07-14,SUP_016,Iberia Circuits,Europe,Electronics,18,0.7,0.938,21.5,45.2,14.4,low,96.14,4.22,999,397.61,16175,0,0.062,0.1,0.0778,0.2861,0.144,0.1688,0.0,12.2092,0,0,True
2026-07-15,SUP_016,Iberia Circuits,Europe,Electronics,18,0.7,0.938,19.8,54.8,8.1,low,95.48,4.22,999,397.61,16175,0,0.062,0.1,0.0778,0.303,0.081,0.1688,0.0,11.6314,0,0,True
2026-07-16,SUP_016,Iberia Circuits,Europe,Electronics,18,0.7,0.938,26.0,42.9,26.3,low,96.75,4.22,999,397.61,16175,0,0.062,0.1,0.0778,0.3107,0.263,0.1688,0.0,14.318,0,0,True
2026-07-17,SUP_016,Iberia Circuits,Europe,Electronics,18,0.7,0.938,28.4,39.7,16.9,low,96.81,4.22,999,397.61,16175,0,0.062,0.1,0.0778,0.3179,0.169,0.1688,0.0,13.1316,0,0,True
2026-07-18,SUP_016,Iberia Circuits,Europe,Electronics,18,0.7,0.938,25.5,35.1,28.9,low,97.18,4.22,999,397.61,16175,0,0.062,0.1,0.0778,0.2838,0.289,0.1688,0.0,14.1978,0,0,True
2026-07-19,SUP_016,Iberia Circuits,Europe,Electronics,18,0.7,0.938,23.6,36.0,23.9,low,96.97,4.22,999,397.61,16175,0,0.062,0.1,0.0778,0.2732,0.239,0.1688,0.0,13.307,0,0,True
2026-07-20,SUP_016,Iberia Circuits,Europe,Electronics,18,0.7,0.938,24.3,35.9,23.9,low,97.49,4.23,999,397.61,16175,0,0.062,0.1,0.0778,0.2778,0.239,0.1692,0.0,13.3946,0,0,True
2026-07-21,SUP_016,Iberia Circuits,Europe,Electronics,18,0.7,0.938,19.4,34.5,29.4,low,98.76,4.27,999,397.61,16175,0,0.062,0.1,0.0778,0.2393,0.294,0.1708,0.0,13.4908,0,0,True
2026-07-22,SUP_016,Iberia Circuits,Europe,Electronics,18,0.7,0.938,19.3,40.0,22.8,low,98.65,4.26,999,397.61,16175,0,0.062,0.1,0.0778,0.2551,0.228,0.1704,0.0,12.8464,0,0,True
2026-07-23,SUP_016,Iberia Circuits,Europe,Electronics,18,0.7,0.938,20.5,33.5,28.6,low,100.04,5.58,999,397.61,16175,0,0.062,0.1,0.0778,0.244,0.286,0.2232,0.0,14.0922,0,0,True
2026-07-24,SUP_016,Iberia Circuits,Europe,Electronics,18,0.7,0.938,12.1,28.2,8.7,low,99.55,5.57,999,397.61,16175,0,0.062,0.1,0.0778,0.1693,0.087,0.2228,0.0,9.9568,0,0,True
2026-07-25,SUP_016,Iberia Circuits,Europe,Electronics,18,0.7,0.938,12.1,23.8,16.9,low,100.16,5.69,999,397.61,16175,0,0.062,0.1,0.0778,0.1561,0.169,0.2276,0.0,10.9248,0,0,True
2026-07-26,SUP_016,Iberia Circuits,Europe,Electronics,18,0.7,0.938,11.6,23.6,0.0,low,100.55,6.09,999,397.61,16175,0,0.062,0.1,0.0778,0.152,0.0,0.2436,0.0,8.677,0,0,True
2026-07-27,SUP_016,Iberia Circuits,Europe,Electronics,18,0.7,0.938,17.4,18.8,1.2,low,99.7,6.08,999,397.61,16175,0,0.062,0.1,0.0778,0.1782,0.012,0.2432,0.0,9.3118,0,0,True
2026-07-28,SUP_016,Iberia Circuits,Europe,Electronics,18,0.7,0.938,8.8,21.0,15.0,low,99.87,6.08,999,397.61,16175,0,0.062,0.1,0.0778,0.1246,0.15,0.2432,0.0,10.279,0,0,True
2026-07-29,SUP_016,Iberia Circuits,Europe,Electronics,18,0.7,0.938,8.3,22.2,23.3,low,99.87,6.08,999,397.61,16175,0,0.062,0.1,0.0778,0.1247,0.233,0.2432,0.0,11.4428,0,1,True
2026-07-30,SUP_016,Iberia Circuits,Europe,Electronics,18,0.7,0.938,7.5,20.0,11.7,low,99.19,6.08,999,397.61,16175,0,0.062,0.1,0.0778,0.1125,0.117,0.2432,0.0,9.5992,0,1,True
2026-07-31,SUP_016,Iberia Circuits,Europe,Electronics,18,0.7,0.938,13.6,26.9,4.2,low,99.48,6.07,999,397.61,16175,0,0.062,0.1,0.0778,0.1759,0.042,0.2428,0.0,9.6856,0,1,True
2026-08-01,SUP_016,Iberia Circuits,Europe,Electronics,18,0.7,0.938,14.1,27.8,3.0,low,99.59,6.07,999,397.61,16175,0,0.062,0.1,0.0778,0.1821,0.03,0.2428,0.0,9.6292,0,1,True
2026-08-02,SUP_016,Iberia Circuits,Europe,Electronics,18,0.7,0.938,23.2,34.5,10.2,low,99.53,6.06,999,397.61,16175,0,0.062,0.1,0.0778,0.2659,0.102,0.2424,0.0,12.1408,0,1,True
2026-08-03,SUP_016,Iberia Circuits,Europe,Electronics,18,0.7,0.938,25.5,33.5,0.0,low,99.48,6.06,999,397.61,16175,0,0.062,0.1,0.0778,0.279,0.0,0.2424,0.0,10.9486,0,1,True
2026-08-04,SUP_016,Iberia Circuits,Europe,Electronics,18,0.7,0.938,22.5,33.6,2.5,low,99.41,6.05,999,397.61,16175,0,0.062,0.1,0.0778,0.2583,0.025,0.242,0.0,10.9212,0,1,True
2026-08-05,SUP_016,Iberia Circuits,Europe,Electronics,18,0.7,0.938,22.9,30.8,11.0,low,99.11,6.05,999,397.61,16175,0,0.062,0.1,0.0778,0.2527,0.11,0.242,0.0,12.0104,1,0,True
2026-08-06,SUP_016,Iberia Circuits,Europe,Electronics,18,0.7,0.938,20.5,31.4,11.9,low,99.23,6.04,1,397.61,16175,0,0.062,0.1,0.0778,0.2377,0.119,0.2416,0.9672,27.337,0,0,True
2026-08-07,SUP_016,Iberia Circuits,Europe,Electronics,18,0.7,0.938,24.2,35.7,20.0,low,98.71,5.25,2,397.61,16175,0,0.062,0.1,0.0778,0.2765,0.2,0.21,0.9355,28.2829,0,0,True
2026-08-08,SUP_016,Iberia Circuits,Europe,Electronics,18,0.7,0.938,17.0,33.4,23.3,low,100.84,5.54,3,397.61,16175,0,0.062,0.1,0.0778,0.2192,0.233,0.2216,0.9048,27.362,0,0,True
2026-08-09,SUP_016,Iberia Circuits,Europe,Electronics,18,0.7,0.938,13.2,36.4,18.7,low,99.71,5.44,4,397.61,16175,0,0.062,0.1,0.0778,0.2016,0.187,0.2176,0.8752,25.8786,0,0,True
2026-08-10,SUP_016,Iberia Circuits,Europe,Electronics,18,0.7,0.938,16.1,31.9,2.4,low,99.24,5.43,5,397.61,16175,0,0.062,0.1,0.0778,0.2084,0.024,0.2172,0.8465,23.2551,0,0,True
2026-08-11,SUP_016,Iberia Circuits,Europe,Electronics,18,0.7,0.938,22.2,36.4,9.3,low,98.84,5.43,6,397.61,16175,0,0.062,0.1,0.0778,0.2646,0.093,0.2172,0.8187,24.7887,0,0,True
2026-08-12,SUP_016,Iberia Circuits,Europe,Electronics,18,0.7,0.938,11.1,33.1,4.4,low,100.47,5.42,7,397.61,16175,0,0.062,0.1,0.0778,0.177,0.044,0.2168,0.7919,22.0916,0,0,True
2026-08-13,SUP_016,Iberia Circuits,Europe,Electronics,18,0.7,0.938,18.7,37.9,4.2,low,99.41,5.41,8,397.61,16175,0,0.062,0.1,0.0778,0.2446,0.042,0.2164,0.7659,22.8602,0,0,True
2026-08-14,SUP_016,Iberia Circuits,Europe,Electronics,18,0.7,0.938,17.9,37.8,13.8,low,99.75,4.13,9,397.61,16175,0,0.062,0.1,0.0778,0.2387,0.138,0.1652,0.7408,23.0819,0,0,True
2026-08-15,SUP_016,Iberia Circuits,Europe,Electronics,18,0.7,0.938,9.0,45.4,29.7,low,99.95,4.06,10,397.61,16175,0,0.062,0.1,0.0778,0.1992,0.297,0.1624,0.7165,24.1747,0,0,True
2026-08-16,SUP_016,Iberia Circuits,Europe,Electronics,18,0.7,0.938,0.0,37.7,28.2,low,100.22,3.89,11,397.61,16175,0,0.062,0.1,0.0778,0.1131,0.282,0.1556,0.693,21.9574,0,0,True
2026-08-17,SUP_016,Iberia Circuits,Europe,Electronics,18,0.7,0.938,0.0,29.5,32.5,low,101.21,4.26,12,397.61,16175,0,0.062,0.1,0.0778,0.0885,0.325,0.1704,0.6703,21.9307,0,0,True
2026-08-18,SUP_016,Iberia Circuits,Europe,Electronics,18,0.7,0.938,0.0,27.1,17.3,low,102.18,4.71,13,397.61,16175,0,0.062,0.1,0.0778,0.0813,0.173,0.1884,0.6483,19.5375,0,0,True
2026-08-19,SUP_016,Iberia Circuits,Europe,Electronics,18,0.7,0.938,0.0,21.0,21.5,low,101.82,3.54,14,397.61,16175,0,0.062,0.1,0.0778,0.063,0.215,0.1416,0.6271,18.8944,0,0,True
2026-08-20,SUP_016,Iberia Circuits,Europe,Electronics,18,0.7,0.938,4.8,15.8,21.8,low,101.98,3.53,15,397.61,16175,0,0.062,0.1,0.0778,0.081,0.218,0.1412,0.6065,18.9267,0,0,True
2026-08-21,SUP_016,Iberia Circuits,Europe,Electronics,18,0.7,0.938,4.2,22.0,34.0,low,100.48,3.47,16,397.61,16175,0,0.062,0.1,0.0778,0.0954,0.34,0.1388,0.5866,20.5469,0,0,True
2026-08-22,SUP_016,Iberia Circuits,Europe,Electronics,18,0.7,0.938,1.0,23.9,26.7,low,100.56,3.47,17,397.61,16175,0,0.062,0.1,0.0778,0.0787,0.267,0.1388,0.5674,18.9166,0,0,True
2026-08-23,SUP_016,Iberia Circuits,Europe,Electronics,18,0.7,0.938,1.6,23.0,24.1,low,99.93,3.47,18,397.61,16175,0,0.062,0.1,0.0778,0.0802,0.241,0.1388,0.5488,18.282,0,0,True
2026-08-24,SUP_016,Iberia Circuits,Europe,Electronics,18,0.7,0.938,4.2,22.8,34.1,low,99.78,3.47,19,397.61,16175,0,0.062,0.1,0.0778,0.0978,0.341,0.1388,0.5308,19.7109,0,0,True
2026-08-25,SUP_016,Iberia Circuits,Europe,Electronics,18,0.7,0.938,7.4,21.5,31.0,low,98.43,3.75,20,397.61,16175,0,0.062,0.1,0.0778,0.1163,0.31,0.15,0.5134,19.4659,0,1,True
2026-08-26,SUP_016,Iberia Circuits,Europe,Electronics,18,0.7,0.938,5.2,32.2,19.2,low,98.75,3.75,21,397.61,16175,0,0.062,0.1,0.0778,0.133,0.192,0.15,0.4966,17.8451,0,1,True
2026-08-27,SUP_016,Iberia Circuits,Europe,Electronics,18,0.7,0.938,11.4,28.7,44.3,medium,97.4,4.79,22,397.61,16175,0,0.062,0.1,0.0778,0.1659,0.443,0.1916,0.4803,22.1901,0,1,True
2026-08-28,SUP_016,Iberia Circuits,Europe,Electronics,18,0.7,0.938,9.5,22.7,29.5,low,97.52,4.79,23,397.61,16175,0,0.062,0.1,0.0778,0.1346,0.295,0.1916,0.4646,19.3027,0,1,True
2026-08-29,SUP_016,Iberia Circuits,Europe,Electronics,18,0.7,0.938,6.6,28.8,27.8,low,96.53,5.67,24,397.61,16175,0,0.062,0.1,0.0778,0.1326,0.278,0.2268,0.4493,19.2074,0,1,True
2026-08-30,SUP_016,Iberia Circuits,Europe,Electronics,18,0.7,0.938,5.7,28.6,30.3,low,95.85,6.36,25,397.61,16175,0,0.062,0.1,0.0778,0.1257,0.303,0.2544,0.4346,19.5287,0,1,True
2026-08-31,SUP_016,Iberia Circuits,Europe,Electronics,18,0.7,0.938,12.7,40.3,31.4,low,96.78,6.37,26,397.61,16175,0,0.062,0.1,0.0778,0.2098,0.314,0.2548,0.4204,20.9734,0,1,True
2026-09-01,SUP_016,Iberia Circuits,Europe,Electronics,18,0.7,0.938,12.9,36.7,28.1,low,97.25,6.37,27,397.61,16175,0,0.062,0.1,0.0778,0.2004,0.281,0.2548,0.4066,20.1217,1,0,True
2026-09-02,SUP_016,Iberia Circuits,Europe,Electronics,18,0.7,0.938,10.3,40.9,25.6,low,98.17,6.37,1,397.61,16175,0,0.062,0.1,0.0778,0.1948,0.256,0.2548,0.9672,28.6412,0,0,True
2026-09-03,SUP_016,Iberia Circuits,Europe,Electronics,18,0.7,0.938,15.9,45.7,23.3,low,99.42,6.37,2,397.61,16175,0,0.062,0.1,0.0778,0.2484,0.233,0.2548,0.9355,28.7767,0,0,True
2026-09-04,SUP_016,Iberia Circuits,Europe,Electronics,18,0.7,0.938,26.3,41.4,13.4,low,98.8,6.37,3,397.61,16175,0,0.062,0.1,0.0778,0.3083,0.134,0.2548,0.9048,27.9782,0,0,True
2026-09-05,SUP_016,Iberia Circuits,Europe,Electronics,18,0.7,0.938,26.1,36.5,36.2,low,100.0,6.37,4,397.61,16175,0,0.062,0.1,0.0778,0.2922,0.362,0.2548,0.8752,30.4058,0,0,True
2026-09-06,SUP_016,Iberia Circuits,Europe,Electronics,18,0.7,0.938,30.7,40.2,31.4,low,98.82,6.37,5,397.61,16175,0,0.062,0.1,0.0778,0.3355,0.314,0.2548,0.8465,30.0541,0,0,True
2026-09-07,SUP_016,Iberia Circuits,Europe,Electronics,18,0.7,0.938,33.7,42.4,35.3,low,99.42,6.38,6,397.61,16175,0,0.062,0.1,0.0778,0.3631,0.353,0.2552,0.8187,30.6577,0,0,True
2026-09-08,SUP_016,Iberia Circuits,Europe,Electronics,18,0.7,0.938,28.5,33.9,29.6,low,99.03,6.38,7,397.61,16175,0,0.062,0.1,0.0778,0.3012,0.296,0.2552,0.7919,28.316,0,0,True
2026-09-09,SUP_016,Iberia Circuits,Europe,Electronics,18,0.7,0.938,27.1,28.1,25.2,low,98.28,6.38,8,397.61,16175,0,0.062,0.1,0.0778,0.274,0.252,0.2552,0.7659,26.795,0,0,True
2026-09-10,SUP_016,Iberia Circuits,Europe,Electronics,18,0.7,0.938,19.6,15.8,20.9,low,98.77,6.38,9,397.61,16175,0,0.062,0.1,0.0778,0.1846,0.209,0.2552,0.7408,24.1821,0,0,True
2026-09-11,SUP_016,Iberia Circuits,Europe,Electronics,18,0.7,0.938,18.4,21.8,7.6,low,99.53,6.38,10,397.61,16175,0,0.062,0.1,0.0778,0.1942,0.076,0.2552,0.7165,22.1043,0,0,True
2026-09-12,SUP_016,Iberia Circuits,Europe,Electronics,18,0.7,0.938,15.4,22.4,10.5,low,100.26,6.38,11,397.61,16175,0,0.062,0.1,0.0778,0.175,0.105,0.2552,0.693,21.7888,0,0,True
2026-09-13,SUP_016,Iberia Circuits,Europe,Electronics,18,0.7,0.938,13.9,23.4,10.3,low,100.43,6.38,12,397.61,16175,0,0.062,0.1,0.0778,0.1675,0.103,0.2552,0.6703,21.2623,0,0,True
2026-09-14,SUP_016,Iberia Circuits,Europe,Electronics,18,0.7,0.938,10.9,16.3,24.8,low,100.54,6.38,13,397.61,16175,0,0.062,0.1,0.0778,0.1252,0.248,0.2552,0.6483,22.1793,0,0,True
2026-09-15,SUP_016,Iberia Circuits,Europe,Electronics,18,0.7,0.938,10.6,13.3,13.8,low,100.96,6.37,14,397.61,16175,0,0.062,0.1,0.0778,0.1141,0.138,0.2548,0.6271,20.0946,0,0,True
2026-09-16,SUP_016,Iberia Circuits,Europe,Electronics,18,0.7,0.938,14.3,14.0,11.3,low,101.2,6.37,15,397.61,16175,0,0.062,0.1,0.0778,0.1421,0.113,0.2548,0.6065,19.9197,0,0,True
2026-09-17,SUP_016,Iberia Circuits,Europe,Electronics,18,0.7,0.938,14.2,13.6,6.4,low,101.64,6.17,16,397.61,16175,0,0.062,0.1,0.0778,0.1402,0.064,0.2468,0.5866,18.7853,0,0,False
2026-09-18,SUP_016,Iberia Circuits,Europe,Electronics,18,0.7,0.938,6.0,17.5,24.4,low,101.8,6.17,17,397.61,16175,0,0.062,0.1,0.0778,0.0945,0.244,0.2468,0.5674,20.175,0,0,False
2026-09-19,SUP_016,Iberia Circuits,Europe,Electronics,18,0.7,0.938,4.2,23.2,16.5,low,102.47,6.67,18,397.61,16175,0,0.062,0.1,0.0778,0.099,0.165,0.2668,0.5488,19.0924,0,0,False
2026-09-20,SUP_016,Iberia Circuits,Europe,Electronics,18,0.7,0.938,0.0,36.9,23.8,low,101.17,6.67,19,397.61,16175,0,0.062,0.1,0.0778,0.1107,0.238,0.2668,0.5308,20.0371,0,0,False
2026-09-21,SUP_016,Iberia Circuits,Europe,Electronics,18,0.7,0.938,3.1,36.5,33.1,low,101.07,6.66,20,397.61,16175,0,0.062,0.1,0.0778,0.1312,0.331,0.2664,0.5134,21.4249,0,0,False
2026-09-22,SUP_016,Iberia Circuits,Europe,Electronics,18,0.7,0.938,7.7,42.2,29.7,low,99.96,6.66,21,397.61,16175,0,0.062,0.1,0.0778,0.1805,0.297,0.2664,0.4966,21.5669,0,0,False
2026-09-23,SUP_016,Iberia Circuits,Europe,Electronics,18,0.7,0.938,10.5,36.7,15.8,low,100.18,6.66,22,397.61,16175,0,0.062,0.1,0.0778,0.1836,0.158,0.2664,0.4803,19.4163,0,0,False
2026-06-01,SUP_017,Bosphorus Metals,Middle East,Raw Materials,44,9.4,0.833,76.8,46.3,34.9,low,99.82,0.0,999,15.99,86567,0,0.167,0.425,0.4273,0.6765,0.349,0.0,0.0,28.9257,0,0,True
2026-06-02,SUP_017,Bosphorus Metals,Middle East,Raw Materials,44,9.4,0.833,72.3,43.0,24.2,low,99.46,0.0,999,15.99,86567,0,0.167,0.425,0.4273,0.6351,0.242,0.0,0.0,26.6825,0,0,True
2026-06-03,SUP_017,Bosphorus Metals,Middle East,Raw Materials,44,9.4,0.833,71.4,36.6,23.9,low,99.35,0.0,999,15.99,86567,0,0.167,0.425,0.4273,0.6096,0.239,0.0,0.0,26.1815,0,0,True
2026-06-04,SUP_017,Bosphorus Metals,Middle East,Raw Materials,44,9.4,0.833,73.6,34.7,9.3,low,98.78,0.0,999,15.99,86567,0,0.167,0.425,0.4273,0.6193,0.093,0.0,0.0,24.3121,0,0,True
2026-06-05,SUP_017,Bosphorus Metals,Middle East,Raw Materials,44,9.4,0.833,62.0,38.5,14.8,low,99.01,1.05,999,15.99,86567,0,0.167,0.425,0.4273,0.5495,0.148,0.042,0.0,24.3297,0,0,True
2026-06-06,SUP_017,Bosphorus Metals,Middle East,Raw Materials,44,9.4,0.833,59.5,40.1,16.7,low,98.82,1.05,999,15.99,86567,0,0.167,0.425,0.4273,0.5368,0.167,0.042,0.0,24.3671,0,0,True
2026-06-07,SUP_017,Bosphorus Metals,Middle East,Raw Materials,44,9.4,0.833,61.6,41.5,14.7,low,98.49,1.34,999,15.99,86567,0,0.167,0.425,0.4273,0.5557,0.147,0.0536,0.0,24.5665,0,0,True
2026-06-08,SUP_017,Bosphorus Metals,Middle East,Raw Materials,44,9.4,0.833,48.0,39.4,33.2,low,98.74,1.34,999,15.99,86567,0,0.167,0.425,0.4273,0.4542,0.332,0.0536,0.0,25.3295,0,0,True
2026-06-09,SUP_017,Bosphorus Metals,Middle East,Raw Materials,44,9.4,0.833,45.4,36.7,21.7,low,98.18,1.66,999,15.99,86567,0,0.167,0.425,0.4273,0.4279,0.217,0.0664,0.0,23.3997,0,0,True
2026-06-10,SUP_017,Bosphorus Metals,Middle East,Raw Materials,44,9.4,0.833,53.1,35.5,30.3,low,98.56,1.66,999,15.99,86567,0,0.167,0.425,0.4273,0.4782,0.303,0.0664,0.0,25.5091,0,0,True
2026-06-11,SUP_017,Bosphorus Metals,Middle East,Raw Materials,44,9.4,0.833,59.2,39.3,50.5,medium,98.32,1.66,999,15.99,86567,0,0.167,0.425,0.4273,0.5323,0.505,0.0664,0.0,29.3109,0,0,True
2026-06-12,SUP_017,Bosphorus Metals,Middle East,Raw Materials,44,9.4,0.833,61.4,43.1,55.3,medium,98.89,1.66,999,15.99,86567,0,0.167,0.425,0.4273,0.5591,0.553,0.0664,0.0,30.4653,0,0,True
2026-06-13,SUP_017,Bosphorus Metals,Middle East,Raw Materials,44,9.4,0.833,65.7,36.5,48.7,medium,98.7,1.66,999,15.99,86567,0,0.167,0.425,0.4273,0.5694,0.487,0.0664,0.0,29.7267,0,0,True
2026-06-14,SUP_017,Bosphorus Metals,Middle East,Raw Materials,44,9.4,0.833,66.1,40.3,33.5,low,99.01,1.66,999,15.99,86567,0,0.167,0.425,0.4273,0.5836,0.335,0.0664,0.0,27.8543,0,0,True
2026-06-15,SUP_017,Bosphorus Metals,Middle East,Raw Materials,44,9.4,0.833,68.2,36.1,20.0,low,99.1,1.66,999,15.99,86567,0,0.167,0.425,0.4273,0.5857,0.2,0.0664,0.0,26.0021,0,0,True
2026-06-16,SUP_017,Bosphorus Metals,Middle East,Raw Materials,44,9.4,0.833,65.7,38.4,18.7,low,99.46,1.66,999,15.99,86567,0,0.167,0.425,0.4273,0.5751,0.187,0.0664,0.0,25.6293,0,0,True
2026-06-17,SUP_017,Bosphorus Metals,Middle East,Raw Materials,44,9.4,0.833,65.7,36.9,43.7,medium,99.52,1.66,999,15.99,86567,0,0.167,0.425,0.4273,0.5706,0.437,0.0664,0.0,29.0483,0,0,True
2026-06-18,SUP_017,Bosphorus Metals,Middle East,Raw Materials,44,9.4,0.833,62.2,44.9,40.7,medium,98.7,1.66,999,15.99,86567,0,0.167,0.425,0.4273,0.5701,0.407,0.0664,0.0,28.6193,0,0,True
2026-06-19,SUP_017,Bosphorus Metals,Middle East,Raw Materials,44,9.4,0.833,68.1,41.2,42.1,medium,99.19,1.66,999,15.99,86567,0,0.167,0.425,0.4273,0.6003,0.421,0.0664,0.0,29.3589,0,0,True
2026-06-20,SUP_017,Bosphorus Metals,Middle East,Raw Materials,44,9.4,0.833,74.4,41.2,45.3,medium,99.15,1.66,999,15.99,86567,0,0.167,0.425,0.4273,0.6444,0.453,0.0664,0.0,30.6007,0,0,True
2026-06-21,SUP_017,Bosphorus Metals,Middle East,Raw Materials,44,9.4,0.833,79.1,43.5,53.1,medium,99.54,1.66,999,15.99,86567,0,0.167,0.425,0.4273,0.6842,0.531,0.0664,0.0,32.4091,0,0,True
2026-06-22,SUP_017,Bosphorus Metals,Middle East,Raw Materials,44,9.4,0.833,74.6,37.6,43.0,medium,99.88,1.72,999,15.99,86567,0,0.167,0.425,0.4273,0.635,0.43,0.0688,0.0,30.1383,0,0,True
2026-06-23,SUP_017,Bosphorus Metals,Middle East,Raw Materials,44,9.4,0.833,68.2,36.8,40.5,medium,99.5,1.72,999,15.99,86567,0,0.167,0.425,0.4273,0.5878,0.405,0.0688,0.0,28.9387,0,0,True
2026-06-24,SUP_017,Bosphorus Metals,Middle East,Raw Materials,44,9.4,0.833,73.3,35.1,15.1,low,99.05,1.72,999,15.99,86567,0,0.167,0.425,0.4273,0.6184,0.151,0.0688,0.0,25.9335,0,0,True
2026-06-25,SUP_017,Bosphorus Metals,Middle East,Raw Materials,44,9.4,0.833,74.2,32.4,17.0,low,99.37,1.72,999,15.99,86567,0,0.167,0.425,0.4273,0.6166,0.17,0.0688,0.0,26.1671,0,0,True
2026-06-26,SUP_017,Bosphorus Metals,Middle East,Raw Materials,44,9.4,0.833,73.9,30.5,37.2,low,99.22,1.72,999,15.99,86567,0,0.167,0.425,0.4273,0.6088,0.372,0.0688,0.0,28.8547,0,0,True
2026-06-27,SUP_017,Bosphorus Metals,Middle East,Raw Materials,44,9.4,0.833,69.1,37.0,37.6,low,99.68,1.72,999,15.99,86567,0,0.167,0.425,0.4273,0.5947,0.376,0.0688,0.0,28.6569,0,0,True
2026-06-28,SUP_017,Bosphorus Metals,Middle East,Raw Materials,44,9.4,0.833,70.1,33.6,20.7,low,99.6,1.72,999,15.99,86567,0,0.167,0.425,0.4273,0.5915,0.207,0.0688,0.0,26.2333,0,0,True
2026-06-29,SUP_017,Bosphorus Metals,Middle East,Raw Materials,44,9.4,0.833,63.7,36.8,26.9,low,100.1,1.94,999,15.99,86567,0,0.167,0.425,0.4273,0.5563,0.269,0.0776,0.0,26.5733,0,0,True
2026-06-30,SUP_017,Bosphorus Metals,Middle East,Raw Materials,44,9.4,0.833,66.5,38.2,32.7,low,100.31,2.15,999,15.99,86567,0,0.167,0.425,0.4273,0.5801,0.327,0.086,0.0,27.9145,0,0,True
2026-07-01,SUP_017,Bosphorus Metals,Middle East,Raw Materials,44,9.4,0.833,72.3,30.3,30.9,low,100.45,2.29,999,15.99,86567,0,0.167,0.425,0.4273,0.597,0.309,0.0916,0.0,28.0339,0,0,True
2026-07-02,SUP_017,Bosphorus Metals,Middle East,Raw Materials,44,9.4,0.833,78.5,33.8,19.4,low,100.27,2.29,999,15.99,86567,0,0.167,0.425,0.4273,0.6509,0.194,0.0916,0.0,27.3941,0,0,True
2026-07-03,SUP_017,Bosphorus Metals,Middle East,Raw Materials,44,9.4,0.833,79.4,26.5,38.4,low,100.38,2.29,999,15.99,86567,0,0.167,0.425,0.4273,0.6353,0.384,0.0916,0.0,29.7733,0,0,True
2026-07-04,SUP_017,Bosphorus Metals,Middle East,Raw Materials,44,9.4,0.833,70.2,31.1,26.4,low,100.97,2.81,999,15.99,86567,0,0.167,0.425,0.4273,0.5847,0.264,0.1124,0.0,27.4321,0,0,True
2026-07-05,SUP_017,Bosphorus Metals,Middle East,Raw Materials,44,9.4,0.833,69.9,29.0,33.4,low,100.94,2.81,999,15.99,86567,0,0.167,0.425,0.4273,0.5763,0.334,0.1124,0.0,28.2609,0,0,True
2026-07-06,SUP_017,Bosphorus Metals,Middle East,Raw Materials,44,9.4,0.833,78.9,29.9,34.4,low,101.2,3.04,999,15.99,86567,0,0.167,0.425,0.4273,0.642,0.344,0.1216,0.0,29.6939,0,0,True
2026-07-07,SUP_017,Bosphorus Metals,Middle East,Raw Materials,44,9.4,0.833,72.2,23.9,38.9,low,101.23,3.06,999,15.99,86567,0,0.167,0.425,0.4273,0.5771,0.389,0.1224,0.0,29.1653,0,0,True
2026-07-08,SUP_017,Bosphorus Metals,Middle East,Raw Materials,44,9.4,0.833,70.4,26.2,52.5,medium,101.29,3.12,999,15.99,86567,0,0.167,0.425,0.4273,0.5714,0.525,0.1248,0.0,30.9955,0,0,True
2026-07-09,SUP_017,Bosphorus Metals,Middle East,Raw Materials,44,9.4,0.833,75.9,32.4,52.0,medium,102.14,3.83,999,15.99,86567,0,0.167,0.425,0.4273,0.6285,0.52,0.1532,0.0,32.2941,0,0,True
2026-07-10,SUP_017,Bosphorus Metals,Middle East,Raw Materials,44,9.4,0.833,76.7,28.5,41.4,medium,102.73,4.41,999,15.99,86567,0,0.167,0.425,0.4273,0.6224,0.414,0.1764,0.0,30.9787,0,0,True
2026-07-11,SUP_017,Bosphorus Metals,Middle East,Raw Materials,44,9.4,0.833,86.3,26.3,48.8,medium,102.77,4.07,999,15.99,86567,0,0.167,0.425,0.4273,0.683,0.488,0.1628,0.0,32.9423,0,1,True
2026-07-12,SUP_017,Bosphorus Metals,Middle East,Raw Materials,44,9.4,0.833,79.1,30.0,38.2,low,102.87,4.16,999,15.99,86567,0,0.167,0.425,0.4273,0.6437,0.382,0.1664,0.0,30.7941,0,1,True
2026-07-13,SUP_017,Bosphorus Metals,Middle East,Raw Materials,44,9.4,0.833,71.9,33.3,37.7,low,102.53,4.16,999,15.99,86567,0,0.167,0.425,0.4273,0.6032,0.377,0.1664,0.0,29.9951,0,1,True
2026-07-14,SUP_017,Bosphorus Metals,Middle East,Raw Materials,44,9.4,0.833,76.2,20.7,23.8,low,102.44,4.15,999,15.99,86567,0,0.167,0.425,0.4273,0.5955,0.238,0.166,0.0,27.9057,0,1,True
2026-07-15,SUP_017,Bosphorus Metals,Middle East,Raw Materials,44,9.4,0.833,68.4,33.5,41.2,medium,102.59,4.15,999,15.99,86567,0,0.167,0.425,0.4273,0.5793,0.412,0.166,0.0,30.0501,0,1,True
2026-07-16,SUP_017,Bosphorus Metals,Middle East,Raw Materials,44,9.4,0.833,66.5,36.5,45.2,medium,103.01,4.28,999,15.99,86567,0,0.167,0.425,0.4273,0.575,0.452,0.1712,0.0,30.5951,0,1,True
2026-07-17,SUP_017,Bosphorus Metals,Middle East,Raw Materials,44,9.4,0.833,65.5,39.9,51.1,medium,103.38,4.64,999,15.99,86567,0,0.167,0.425,0.4273,0.5782,0.511,0.1856,0.0,31.6515,0,1,True
2026-07-18,SUP_017,Bosphorus Metals,Middle East,Raw Materials,44,9.4,0.833,69.9,38.4,36.4,low,102.83,4.29,999,15.99,86567,0,0.167,0.425,0.4273,0.6045,0.364,0.1716,0.0,29.8989,1,0,True
2026-07-19,SUP_017,Bosphorus Metals,Middle East,Raw Materials,44,9.4,0.833,71.6,28.2,45.8,medium,103.32,4.28,1,15.99,86567,0,0.167,0.425,0.4273,0.5858,0.458,0.1712,0.9672,46.349,0,0,True
2026-07-20,SUP_017,Bosphorus Metals,Middle East,Raw Materials,44,9.4,0.833,72.4,32.7,40.6,medium,103.27,4.28,2,15.99,86567,0,0.167,0.425,0.4273,0.6049,0.406,0.1712,0.9355,45.4574,0,0,True
2026-07-21,SUP_017,Bosphorus Metals,Middle East,Raw Materials,44,9.4,0.833,68.9,30.1,56.1,medium,102.79,4.27,3,15.99,86567,0,0.167,0.425,0.4273,0.5726,0.561,0.1708,0.9048,46.5505,0,0,True
2026-07-22,SUP_017,Bosphorus Metals,Middle East,Raw Materials,44,9.4,0.833,73.6,33.7,27.3,low,103.44,4.33,4,15.99,86567,0,0.167,0.425,0.4273,0.6163,0.273,0.1732,0.8752,42.8593,0,0,True
2026-07-23,SUP_017,Bosphorus Metals,Middle East,Raw Materials,44,9.4,0.833,91.0,32.7,17.6,low,104.16,5.03,5,15.99,86567,0,0.167,0.425,0.4273,0.7351,0.176,0.2012,0.8465,43.5166,0,0,True
2026-07-24,SUP_017,Bosphorus Metals,Middle East,Raw Materials,44,9.4,0.833,89.9,34.3,21.4,low,104.29,4.98,6,15.99,86567,0,0.167,0.425,0.4273,0.7322,0.214,0.1992,0.8187,43.5284,0,0,True
2026-07-25,SUP_017,Bosphorus Metals,Middle East,Raw Materials,44,9.4,0.833,86.2,30.3,15.1,low,104.64,5.32,7,15.99,86567,0,0.167,0.425,0.4273,0.6943,0.151,0.2128,0.7919,41.698,0,0,True
2026-07-26,SUP_017,Bosphorus Metals,Middle East,Raw Materials,44,9.4,0.833,76.4,35.6,30.5,low,105.02,5.31,8,15.99,86567,0,0.167,0.425,0.4273,0.6416,0.305,0.2124,0.7659,42.4852,0,0,True
2026-07-27,SUP_017,Bosphorus Metals,Middle East,Raw Materials,44,9.4,0.833,71.2,29.3,30.4,low,105.71,5.97,9,15.99,86567,0,0.167,0.425,0.4273,0.5863,0.304,0.2388,0.7408,41.3908,0,0,True
2026-07-28,SUP_017,Bosphorus Metals,Middle East,Raw Materials,44,9.4,0.833,68.8,41.9,28.9,low,106.07,5.82,10,15.99,86567,0,0.167,0.425,0.4273,0.6073,0.289,0.2328,0.7165,41.0982,0,1,True
2026-07-29,SUP_017,Bosphorus Metals,Middle East,Raw Materials,44,9.4,0.833,65.3,52.7,34.7,low,105.41,5.64,11,15.99,86567,0,0.167,0.425,0.4273,0.6152,0.347,0.2256,0.693,41.5902,0,1,True
2026-07-30,SUP_017,Bosphorus Metals,Middle East,Raw Materials,44,9.4,0.833,64.7,58.6,24.2,low,106.4,5.95,12,15.99,86567,0,0.167,0.425,0.4273,0.6287,0.242,0.238,0.6703,40.1484,0,1,True
2026-07-31,SUP_017,Bosphorus Metals,Middle East,Raw Materials,44,9.4,0.833,72.7,61.8,13.7,low,106.93,6.46,13,15.99,86567,0,0.167,0.425,0.4273,0.6943,0.137,0.2584,0.6483,39.7524,0,1,True
2026-08-01,SUP_017,Bosphorus Metals,Middle East,Raw Materials,44,9.4,0.833,77.0,57.3,21.6,low,106.68,6.34,14,15.99,86567,0,0.167,0.425,0.4273,0.7109,0.216,0.2536,0.6271,40.7596,0,1,True
2026-08-02,SUP_017,Bosphorus Metals,Middle East,Raw Materials,44,9.4,0.833,74.0,60.1,13.5,low,106.17,5.78,15,15.99,86567,0,0.167,0.425,0.4273,0.6983,0.135,0.2312,0.6065,38.801,0,1,True
2026-08-03,SUP_017,Bosphorus Metals,Middle East,Raw Materials,44,9.4,0.833,66.5,55.9,7.4,low,106.42,5.77,16,15.99,86567,0,0.167,0.425,0.4273,0.6332,0.074,0.2308,0.5866,36.4523,0,1,True
2026-08-04,SUP_017,Bosphorus Metals,Middle East,Raw Materials,44,9.4,0.833,72.2,44.5,20.8,low,106.28,5.51,17,15.99,86567,0,0.167,0.425,0.4273,0.6389,0.208,0.2204,0.5674,37.9983,1,0,True
2026-08-05,SUP_017,Bosphorus Metals,Middle East,Raw Materials,44,9.4,0.833,70.4,51.0,28.0,low,106.44,5.48,1,15.99,86567,0,0.167,0.425,0.4273,0.6458,0.28,0.2192,0.9672,45.513,0,0,True
2026-08-06,SUP_017,Bosphorus Metals,Middle East,Raw Materials,44,9.4,0.833,61.0,54.6,16.9,low,106.81,5.41,2,15.99,86567,0,0.167,0.425,0.4273,0.5908,0.169,0.2164,0.9355,42.428,0,0,True
2026-08-07,SUP_017,Bosphorus Metals,Middle East,Raw Materials,44,9.4,0.833,64.5,51.5,14.4,low,106.53,4.59,3,15.99,86567,0,0.167,0.425,0.4273,0.606,0.144,0.1836,0.9048,41.4673,0,0,True
2026-08-08,SUP_017,Bosphorus Metals,Middle East,Raw Materials,44,9.4,0.833,69.0,42.5,9.9,low,105.98,4.29,4,15.99,86567,0,0.167,0.425,0.4273,0.6105,0.099,0.1716,0.8752,40.2997,0,0,True
2026-08-09,SUP_017,Bosphorus Metals,Middle East,Raw Materials,44,9.4,0.833,56.4,38.3,31.4,low,106.17,4.29,5,15.99,86567,0,0.167,0.425,0.4273,0.5097,0.314,0.1716,0.8465,41.0362,0,0,True
2026-08-10,SUP_017,Bosphorus Metals,Middle East,Raw Materials,44,9.4,0.833,53.4,28.2,39.4,low,105.91,4.28,6,15.99,86567,0,0.167,0.425,0.4273,0.4584,0.394,0.1712,0.8187,40.784,0,0,True
2026-08-11,SUP_017,Bosphorus Metals,Middle East,Raw Materials,44,9.4,0.833,54.1,34.2,33.2,low,105.98,4.28,7,15.99,86567,0,0.167,0.425,0.4273,0.4813,0.332,0.1712,0.7919,39.8988,0,0,True
2026-08-12,SUP_017,Bosphorus Metals,Middle East,Raw Materials,44,9.4,0.833,58.8,25.9,37.7,low,105.32,4.28,8,15.99,86567,0,0.167,0.425,0.4273,0.4893,0.377,0.1712,0.7659,40.2574,0,0,True
2026-08-13,SUP_017,Bosphorus Metals,Middle East,Raw Materials,44,9.4,0.833,56.8,28.8,23.2,low,105.2,4.13,9,15.99,86567,0,0.167,0.425,0.4273,0.484,0.232,0.1652,0.7408,37.6582,0,0,True
2026-08-14,SUP_017,Bosphorus Metals,Middle East,Raw Materials,44,9.4,0.833,53.7,25.3,18.7,low,105.55,3.94,10,15.99,86567,0,0.167,0.425,0.4273,0.4518,0.187,0.1576,0.7165,35.9688,0,0,True
2026-08-15,SUP_017,Bosphorus Metals,Middle East,Raw Materials,44,9.4,0.833,58.4,19.2,22.5,low,105.85,3.93,11,15.99,86567,0,0.167,0.425,0.4273,0.4664,0.225,0.1572,0.693,36.383,0,0,True
2026-08-16,SUP_017,Bosphorus Metals,Middle East,Raw Materials,44,9.4,0.833,56.7,22.8,28.6,low,105.46,3.93,12,15.99,86567,0,0.167,0.425,0.4273,0.4653,0.286,0.1572,0.6703,36.8536,0,0,True
2026-08-17,SUP_017,Bosphorus Metals,Middle East,Raw Materials,44,9.4,0.833,60.1,22.9,28.0,low,104.88,3.93,13,15.99,86567,0,0.167,0.425,0.4273,0.4894,0.28,0.1572,0.6483,36.8518,0,0,True
2026-08-18,SUP_017,Bosphorus Metals,Middle East,Raw Materials,44,9.4,0.833,55.1,29.1,30.8,low,104.89,3.92,14,15.99,86567,0,0.167,0.425,0.4273,0.473,0.308,0.1568,0.6271,36.6038,0,0,True
2026-08-19,SUP_017,Bosphorus Metals,Middle East,Raw Materials,44,9.4,0.833,49.7,23.3,31.3,low,105.17,3.92,15,15.99,86567,0,0.167,0.425,0.4273,0.4178,0.313,0.1568,0.6065,35.3512,0,0,True
2026-08-20,SUP_017,Bosphorus Metals,Middle East,Raw Materials,44,9.4,0.833,55.1,21.1,29.5,low,105.37,3.3,16,15.99,86567,0,0.167,0.425,0.4273,0.449,0.295,0.132,0.5866,35.0451,0,0,True
2026-08-21,SUP_017,Bosphorus Metals,Middle East,Raw Materials,44,9.4,0.833,57.4,10.6,26.9,low,105.11,2.62,17,15.99,86567,0,0.167,0.425,0.4273,0.4336,0.269,0.1048,0.5674,33.7697,0,0,True
2026-08-22,SUP_017,Bosphorus Metals,Middle East,Raw Materials,44,9.4,0.833,62.4,2.8,23.7,low,105.26,2.5,18,15.99,86567,0,0.167,0.425,0.4273,0.4452,0.237,0.1,0.5488,33.1753,0,0,True
2026-08-23,SUP_017,Bosphorus Metals,Middle East,Raw Materials,44,9.4,0.833,59.8,17.1,27.4,low,106.0,2.16,19,15.99,86567,0,0.167,0.425,0.4273,0.4699,0.274,0.0864,0.5308,33.6868,0,0,True
2026-08-24,SUP_017,Bosphorus Metals,Middle East,Raw Materials,44,9.4,0.833,56.4,30.7,31.9,low,106.1,1.94,20,15.99,86567,0,0.167,0.425,0.4273,0.4869,0.319,0.0776,0.5134,34.2388,0,0,True
2026-08-25,SUP_017,Bosphorus Metals,Middle East,Raw Materials,44,9.4,0.833,63.7,31.9,33.2,low,105.3,1.94,21,15.99,86567,0,0.167,0.425,0.4273,0.5416,0.332,0.0776,0.4966,35.1361,0,0,True
2026-08-26,SUP_017,Bosphorus Metals,Middle East,Raw Materials,44,9.4,0.833,56.2,28.0,21.5,low,105.4,1.94,22,15.99,86567,0,0.167,0.425,0.4273,0.4774,0.215,0.0776,0.4803,32.082,0,0,True
2026-08-27,SUP_017,Bosphorus Metals,Middle East,Raw Materials,44,9.4,0.833,63.0,27.5,14.4,low,106.4,1.94,23,15.99,86567,0,0.167,0.425,0.4273,0.5235,0.144,0.0776,0.4646,31.6659,0,0,True
2026-08-28,SUP_017,Bosphorus Metals,Middle East,Raw Materials,44,9.4,0.833,69.1,33.2,22.0,low,105.77,1.94,24,15.99,86567,0,0.167,0.425,0.4273,0.5833,0.22,0.0776,0.4493,33.5626,0,0,True
2026-08-29,SUP_017,Bosphorus Metals,Middle East,Raw Materials,44,9.4,0.833,72.1,30.8,37.6,low,105.78,1.94,25,15.99,86567,0,0.167,0.425,0.4273,0.5971,0.376,0.0776,0.4346,35.7593,0,1,True
2026-08-30,SUP_017,Bosphorus Metals,Middle East,Raw Materials,44,9.4,0.833,67.4,32.6,37.1,low,105.67,1.82,26,15.99,86567,0,0.167,0.425,0.4273,0.5696,0.371,0.0728,0.4204,34.9087,0,1,True
2026-08-31,SUP_017,Bosphorus Metals,Middle East,Raw Materials,44,9.4,0.833,62.7,32.9,31.5,low,105.72,1.82,27,15.99,86567,0,0.167,0.425,0.4273,0.5376,0.315,0.0728,0.4066,33.3282,0,1,True
2026-09-01,SUP_017,Bosphorus Metals,Middle East,Raw Materials,44,9.4,0.833,61.6,30.2,33.2,low,105.82,1.83,28,15.99,86567,0,0.167,0.425,0.4273,0.5218,0.332,0.0732,0.3932,33.0734,0,1,True
2026-09-02,SUP_017,Bosphorus Metals,Middle East,Raw Materials,44,9.4,0.833,55.5,28.2,21.9,low,106.38,1.83,29,15.99,86567,0,0.167,0.425,0.4273,0.4731,0.219,0.0732,0.3803,30.4085,0,1,True
2026-09-03,SUP_017,Bosphorus Metals,Middle East,Raw Materials,44,9.4,0.833,51.9,30.8,36.0,low,106.42,1.82,30,15.99,86567,0,0.167,0.425,0.4273,0.4557,0.36,0.0728,0.3679,31.865,0,1,True
2026-09-04,SUP_017,Bosphorus Metals,Middle East,Raw Materials,44,9.4,0.833,56.5,26.2,36.3,low,107.05,2.05,31,15.99,86567,0,0.167,0.425,0.4273,0.4741,0.363,0.082,0.3558,32.1556,0,1,True
2026-09-05,SUP_017,Bosphorus Metals,Middle East,Raw Materials,44,9.4,0.833,60.4,29.9,28.5,low,106.99,2.05,32,15.99,86567,0,0.167,0.425,0.4273,0.5125,0.285,0.082,0.3442,31.5682,1,1,True
2026-09-06,SUP_017,Bosphorus Metals,Middle East,Raw Materials,44,9.4,0.833,55.7,28.2,27.3,low,106.82,2.05,1,15.99,86567,0,0.167,0.425,0.4273,0.4745,0.273,0.082,0.9672,40.6852,0,1,True
2026-09-07,SUP_017,Bosphorus Metals,Middle East,Raw Materials,44,9.4,0.833,59.8,29.9,23.1,low,106.49,2.05,2,15.99,86567,0,0.167,0.425,0.4273,0.5083,0.231,0.082,0.9355,40.1982,0,1,True
2026-09-08,SUP_017,Bosphorus Metals,Middle East,Raw Materials,44,9.4,0.833,62.3,38.0,37.0,low,105.59,2.05,3,15.99,86567,0,0.167,0.425,0.4273,0.5501,0.37,0.082,0.9048,42.4059,0,1,True
2026-09-09,SUP_017,Bosphorus Metals,Middle East,Raw Materials,44,9.4,0.833,69.4,36.6,33.4,low,105.73,2.05,4,15.99,86567,0,0.167,0.425,0.4273,0.5956,0.334,0.082,0.8752,42.2463,0,1,True
2026-09-10,SUP_017,Bosphorus Metals,Middle East,Raw Materials,44,9.4,0.833,71.0,41.2,34.0,low,106.74,2.05,5,15.99,86567,0,0.167,0.425,0.4273,0.6206,0.34,0.082,0.8465,42.3212,1,0,True
2026-09-11,SUP_017,Bosphorus Metals,Middle East,Raw Materials,44,9.4,0.833,74.7,30.9,38.3,low,106.97,2.05,1,15.99,86567,0,0.167,0.425,0.4273,0.6156,0.383,0.082,0.9672,44.765,0,0,True
2026-09-12,SUP_017,Bosphorus Metals,Middle East,Raw Materials,44,9.4,0.833,75.0,29.0,29.4,low,107.3,2.28,2,15.99,86567,0,0.167,0.425,0.4273,0.612,0.294,0.0912,0.9355,43.0572,0,0,True
2026-09-13,SUP_017,Bosphorus Metals,Middle East,Raw Materials,44,9.4,0.833,77.7,30.0,31.3,low,107.1,2.28,3,15.99,86567,0,0.167,0.425,0.4273,0.6339,0.313,0.0912,0.9048,43.2267,0,0,True
2026-09-14,SUP_017,Bosphorus Metals,Middle East,Raw Materials,44,9.4,0.833,69.3,40.9,33.5,low,106.98,2.28,4,15.99,86567,0,0.167,0.425,0.4273,0.6078,0.335,0.0912,0.8752,42.5903,0,0,True
2026-09-15,SUP_017,Bosphorus Metals,Middle East,Raw Materials,44,9.4,0.833,67.6,29.7,18.3,low,107.46,2.43,5,15.99,86567,0,0.167,0.425,0.4273,0.5623,0.183,0.0972,0.8465,39.2562,0,0,True
2026-09-16,SUP_017,Bosphorus Metals,Middle East,Raw Materials,44,9.4,0.833,66.6,30.0,23.5,low,108.45,3.35,6,15.99,86567,0,0.167,0.425,0.4273,0.5562,0.235,0.134,0.8187,39.872,0,0,True
2026-09-17,SUP_017,Bosphorus Metals,Middle East,Raw Materials,44,9.4,0.833,64.7,38.4,24.7,low,109.19,3.84,7,15.99,86567,0,0.167,0.425,0.4273,0.5681,0.247,0.1536,0.7919,40.06,0,0,False
2026-09-18,SUP_017,Bosphorus Metals,Middle East,Raw Materials,44,9.4,0.833,66.4,33.8,27.2,low,109.58,4.2,8,15.99,86567,0,0.167,0.425,0.4273,0.5662,0.272,0.168,0.7659,40.1332,0,0,False
2026-09-19,SUP_017,Bosphorus Metals,Middle East,Raw Materials,44,9.4,0.833,68.8,32.8,28.3,low,109.6,4.21,9,15.99,86567,0,0.167,0.425,0.4273,0.58,0.283,0.1684,0.7408,40.1386,0,0,False
2026-09-20,SUP_017,Bosphorus Metals,Middle East,Raw Materials,44,9.4,0.833,69.6,34.9,31.1,low,109.7,4.16,10,15.99,86567,0,0.167,0.425,0.4273,0.5919,0.311,0.1664,0.7165,40.3322,0,0,False
2026-09-21,SUP_017,Bosphorus Metals,Middle East,Raw Materials,44,9.4,0.833,67.6,35.9,43.2,medium,109.33,4.11,11,15.99,86567,0,0.167,0.425,0.4273,0.5809,0.432,0.1644,0.693,41.4284,0,0,False
2026-09-22,SUP_017,Bosphorus Metals,Middle East,Raw Materials,44,9.4,0.833,63.3,44.0,29.0,low,108.62,4.11,12,15.99,86567,0,0.167,0.425,0.4273,0.5751,0.29,0.1644,0.6703,38.9724,0,0,False
2026-09-23,SUP_017,Bosphorus Metals,Middle East,Raw Materials,44,9.4,0.833,68.3,45.0,26.1,low,108.06,4.11,13,15.99,86567,0,0.167,0.425,0.4273,0.6131,0.261,0.1644,0.6483,38.8988,0,0,False
2026-06-01,SUP_018,Hanoi Plastics,Southeast Asia,Packaging,71,11.2,0.737,38.4,49.4,76.5,high,102.6,0.0,999,28.12,30793,1,0.263,0.7625,0.3155,0.417,0.765,0.0,0.0,34.2559,0,0,True
2026-06-02,SUP_018,Hanoi Plastics,Southeast Asia,Packaging,71,11.2,0.737,37.0,53.2,85.0,high,100.7,0.0,999,28.12,30793,1,0.263,0.7625,0.3155,0.4186,0.85,0.0,0.0,35.4747,0,0,True
2026-06-03,SUP_018,Hanoi Plastics,Southeast Asia,Packaging,71,11.2,0.737,30.2,55.7,77.5,high,99.15,0.0,999,28.12,30793,1,0.263,0.7625,0.3155,0.3785,0.775,0.0,0.0,33.7029,0,0,True
2026-06-04,SUP_018,Hanoi Plastics,Southeast Asia,Packaging,71,11.2,0.737,31.2,55.7,81.2,high,100.42,0.0,999,28.12,30793,1,0.263,0.7625,0.3155,0.3855,0.812,0.0,0.0,34.3469,0,0,True
2026-06-05,SUP_018,Hanoi Plastics,Southeast Asia,Packaging,71,11.2,0.737,30.7,47.5,66.2,high,99.84,3.43,999,28.12,30793,1,0.263,0.7625,0.3155,0.3574,0.662,0.1372,0.0,33.3875,0,0,True
2026-06-06,SUP_018,Hanoi Plastics,Southeast Asia,Packaging,71,11.2,0.737,26.2,41.8,72.3,high,98.25,4.34,999,28.12,30793,1,0.263,0.7625,0.3155,0.3088,0.723,0.1736,0.0,33.8035,0,1,True
2026-06-07,SUP_018,Hanoi Plastics,Southeast Asia,Packaging,71,11.2,0.737,26.2,39.7,64.4,medium,100.31,4.34,999,28.12,30793,1,0.263,0.7625,0.3155,0.3025,0.644,0.1736,0.0,32.5841,0,1,True
2026-06-08,SUP_018,Hanoi Plastics,Southeast Asia,Packaging,71,11.2,0.737,26.5,30.7,52.8,medium,100.93,4.34,999,28.12,30793,1,0.263,0.7625,0.3155,0.2776,0.528,0.1736,0.0,30.5119,0,1,True
2026-06-09,SUP_018,Hanoi Plastics,Southeast Asia,Packaging,71,11.2,0.737,25.3,41.8,53.4,medium,100.41,4.34,999,28.12,30793,1,0.263,0.7625,0.3155,0.3025,0.534,0.1736,0.0,31.0441,0,1,True
2026-06-10,SUP_018,Hanoi Plastics,Southeast Asia,Packaging,71,11.2,0.737,31.6,45.7,68.5,high,98.87,4.34,999,28.12,30793,1,0.263,0.7625,0.3155,0.3583,0.685,0.1736,0.0,34.1625,0,1,True
2026-06-11,SUP_018,Hanoi Plastics,Southeast Asia,Packaging,71,11.2,0.737,23.5,46.9,68.6,high,101.62,4.34,999,28.12,30793,1,0.263,0.7625,0.3155,0.3052,0.686,0.1736,0.0,33.2207,0,1,True
2026-06-12,SUP_018,Hanoi Plastics,Southeast Asia,Packaging,71,11.2,0.737,16.3,36.6,80.8,high,101.59,4.33,999,28.12,30793,1,0.263,0.7625,0.3155,0.2239,0.808,0.1732,0.0,33.4605,0,1,True
2026-06-13,SUP_018,Hanoi Plastics,Southeast Asia,Packaging,71,11.2,0.737,19.6,29.7,69.2,high,103.47,5.19,999,28.12,30793,1,0.263,0.7625,0.3155,0.2263,0.692,0.2076,0.0,32.2925,1,0,True
2026-06-14,SUP_018,Hanoi Plastics,Southeast Asia,Packaging,71,11.2,0.737,22.8,33.5,77.1,high,104.67,6.36,1,28.12,30793,1,0.263,0.7625,0.3155,0.2601,0.771,0.2544,0.9672,50.044,0,0,True
2026-06-15,SUP_018,Hanoi Plastics,Southeast Asia,Packaging,71,11.2,0.737,27.0,47.1,67.3,high,103.97,6.35,2,28.12,30793,1,0.263,0.7625,0.3155,0.3303,0.673,0.254,0.9355,49.4234,0,0,True
2026-06-16,SUP_018,Hanoi Plastics,Southeast Asia,Packaging,71,11.2,0.737,26.1,44.6,68.0,high,103.28,6.34,3,28.12,30793,1,0.263,0.7625,0.3155,0.3165,0.68,0.2536,0.9048,48.7775,0,0,True
2026-06-17,SUP_018,Hanoi Plastics,Southeast Asia,Packaging,71,11.2,0.737,23.5,50.7,68.5,high,105.23,6.88,4,28.12,30793,1,0.263,0.7625,0.3155,0.3166,0.685,0.2752,0.8752,48.6339,0,0,True
2026-06-18,SUP_018,Hanoi Plastics,Southeast Asia,Packaging,71,11.2,0.737,25.7,48.8,73.0,high,107.2,8.79,5,28.12,30793,1,0.263,0.7625,0.3155,0.3263,0.73,0.3516,0.8465,49.8962,0,0,True
2026-06-19,SUP_018,Hanoi Plastics,Southeast Asia,Packaging,71,11.2,0.737,25.4,50.1,72.6,high,104.67,8.78,6,28.12,30793,1,0.263,0.7625,0.3155,0.3281,0.726,0.3512,0.8187,49.4238,0,1,True
2026-06-20,SUP_018,Hanoi Plastics,Southeast Asia,Packaging,71,11.2,0.737,34.7,57.2,63.1,medium,105.41,8.76,7,28.12,30793,1,0.263,0.7625,0.3155,0.4145,0.631,0.3504,0.7919,49.21,0,1,True
2026-06-21,SUP_018,Hanoi Plastics,Southeast Asia,Packaging,71,11.2,0.737,33.6,55.0,71.0,high,105.25,8.75,8,28.12,30793,1,0.263,0.7625,0.3155,0.4002,0.71,0.35,0.7659,49.6384,0,1,True
2026-06-22,SUP_018,Hanoi Plastics,Southeast Asia,Packaging,71,11.2,0.737,34.0,51.4,84.8,high,103.86,8.74,9,28.12,30793,1,0.263,0.7625,0.3155,0.3922,0.848,0.3496,0.7408,51.0198,0,1,True
2026-06-23,SUP_018,Hanoi Plastics,Southeast Asia,Packaging,71,11.2,0.737,46.4,59.4,73.7,high,104.21,8.74,10,28.12,30793,1,0.263,0.7625,0.3155,0.503,0.737,0.3496,0.7165,51.0716,0,1,True
2026-06-24,SUP_018,Hanoi Plastics,Southeast Asia,Packaging,71,11.2,0.737,44.2,59.0,53.8,medium,102.39,8.74,11,28.12,30793,1,0.263,0.7625,0.3155,0.4864,0.538,0.3496,0.693,47.611,0,1,True
2026-06-25,SUP_018,Hanoi Plastics,Southeast Asia,Packaging,71,11.2,0.737,45.9,64.1,60.4,medium,101.77,8.74,12,28.12,30793,1,0.263,0.7625,0.3155,0.5136,0.604,0.3496,0.6703,48.6611,0,1,True
2026-06-26,SUP_018,Hanoi Plastics,Southeast Asia,Packaging,71,11.2,0.737,47.8,59.2,57.8,medium,100.69,8.75,13,28.12,30793,1,0.263,0.7625,0.3155,0.5122,0.578,0.35,0.6483,47.925,1,1,True
2026-06-27,SUP_018,Hanoi Plastics,Southeast Asia,Packaging,71,11.2,0.737,49.8,65.9,57.6,medium,100.02,8.75,1,28.12,30793,1,0.263,0.7625,0.3155,0.5463,0.576,0.35,0.9672,53.6128,0,1,True
2026-06-28,SUP_018,Hanoi Plastics,Southeast Asia,Packaging,71,11.2,0.737,49.4,65.7,63.9,medium,99.92,8.76,2,28.12,30793,1,0.263,0.7625,0.3155,0.5429,0.639,0.3504,0.9355,53.931,0,1,True
2026-06-29,SUP_018,Hanoi Plastics,Southeast Asia,Packaging,71,11.2,0.737,48.6,66.4,59.2,medium,98.56,8.77,3,28.12,30793,1,0.263,0.7625,0.3155,0.5394,0.592,0.3508,0.9048,52.7241,0,1,True
2026-06-30,SUP_018,Hanoi Plastics,Southeast Asia,Packaging,71,11.2,0.737,47.5,65.4,57.4,medium,100.67,8.77,4,28.12,30793,1,0.263,0.7625,0.3155,0.5287,0.574,0.3508,0.8752,51.8049,0,1,True
2026-07-01,SUP_018,Hanoi Plastics,Southeast Asia,Packaging,71,11.2,0.737,43.3,61.2,57.6,medium,101.34,8.78,5,28.12,30793,1,0.263,0.7625,0.3155,0.4867,0.576,0.3512,0.8465,50.6226,0,1,True
2026-07-02,SUP_018,Hanoi Plastics,Southeast Asia,Packaging,71,11.2,0.737,44.1,60.2,72.3,high,103.75,8.77,6,28.12,30793,1,0.263,0.7625,0.3155,0.4893,0.723,0.3508,0.8187,52.2786,0,1,True
2026-07-03,SUP_018,Hanoi Plastics,Southeast Asia,Packaging,71,11.2,0.737,52.8,57.1,70.0,high,103.54,8.76,7,28.12,30793,1,0.263,0.7625,0.3155,0.5409,0.7,0.3504,0.7919,52.4512,1,0,True
2026-07-04,SUP_018,Hanoi Plastics,Southeast Asia,Packaging,71,11.2,0.737,56.3,61.9,56.6,medium,102.8,8.75,1,28.12,30793,1,0.263,0.7625,0.3155,0.5798,0.566,0.35,0.9672,54.0758,0,0,True
2026-07-05,SUP_018,Hanoi Plastics,Southeast Asia,Packaging,71,11.2,0.737,55.0,59.8,46.9,medium,105.16,8.74,2,28.12,30793,1,0.263,0.7625,0.3155,0.5644,0.469,0.3496,0.9355,51.9284,0,0,True
2026-07-06,SUP_018,Hanoi Plastics,Southeast Asia,Packaging,71,11.2,0.737,56.5,51.2,51.9,medium,104.39,8.42,3,28.12,30793,1,0.263,0.7625,0.3155,0.5491,0.519,0.3368,0.9048,51.7087,0,0,True
2026-07-07,SUP_018,Hanoi Plastics,Southeast Asia,Packaging,71,11.2,0.737,49.6,42.9,44.0,medium,104.15,8.41,4,28.12,30793,1,0.263,0.7625,0.3155,0.4759,0.44,0.3364,0.8752,48.8057,0,0,True
2026-07-08,SUP_018,Hanoi Plastics,Southeast Asia,Packaging,71,11.2,0.737,46.6,35.6,34.0,low,105.12,8.39,5,28.12,30793,1,0.263,0.7625,0.3155,0.433,0.34,0.3356,0.8465,46.1648,0,0,True
2026-07-09,SUP_018,Hanoi Plastics,Southeast Asia,Packaging,71,11.2,0.737,49.8,41.8,46.9,medium,103.45,8.39,6,28.12,30793,1,0.263,0.7625,0.3155,0.474,0.469,0.3356,0.8187,48.2648,0,0,True
2026-07-10,SUP_018,Hanoi Plastics,Southeast Asia,Packaging,71,11.2,0.737,55.1,37.7,57.0,medium,104.41,8.37,7,28.12,30793,1,0.263,0.7625,0.3155,0.4988,0.57,0.3348,0.7919,49.6862,0,0,True
2026-07-11,SUP_018,Hanoi Plastics,Southeast Asia,Packaging,71,11.2,0.737,48.9,41.9,54.9,medium,105.19,8.36,8,28.12,30793,1,0.263,0.7625,0.3155,0.468,0.549,0.3344,0.7659,48.4176,0,0,True
2026-07-12,SUP_018,Hanoi Plastics,Southeast Asia,Packaging,71,11.2,0.737,45.0,44.6,59.4,medium,106.9,8.35,9,28.12,30793,1,0.263,0.7625,0.3155,0.4488,0.594,0.334,0.7408,48.2954,0,0,True
2026-07-13,SUP_018,Hanoi Plastics,Southeast Asia,Packaging,71,11.2,0.737,54.3,45.8,61.8,medium,108.1,9.2,10,28.12,30793,1,0.263,0.7625,0.3155,0.5175,0.618,0.368,0.7165,49.8874,0,1,True
2026-07-14,SUP_018,Hanoi Plastics,Southeast Asia,Packaging,71,11.2,0.737,52.3,49.5,67.4,high,109.85,10.87,11,28.12,30793,1,0.263,0.7625,0.3155,0.5146,0.674,0.4348,0.693,51.045,0,1,True
2026-07-15,SUP_018,Hanoi Plastics,Southeast Asia,Packaging,71,11.2,0.737,58.8,51.1,71.6,high,109.7,10.85,12,28.12,30793,1,0.263,0.7625,0.3155,0.5649,0.716,0.434,0.6703,52.1653,0,1,True
2026-07-16,SUP_018,Hanoi Plastics,Southeast Asia,Packaging,71,11.2,0.737,56.6,37.4,45.1,medium,108.54,10.83,13,28.12,30793,1,0.263,0.7625,0.3155,0.5084,0.451,0.4332,0.6483,47.077,0,1,True
2026-07-17,SUP_018,Hanoi Plastics,Southeast Asia,Packaging,71,11.2,0.737,55.0,38.4,47.1,medium,111.38,12.28,14,28.12,30793,1,0.263,0.7625,0.3155,0.5002,0.471,0.4912,0.6271,47.5654,0,1,True
2026-07-18,SUP_018,Hanoi Plastics,Southeast Asia,Packaging,71,11.2,0.737,51.0,43.1,55.6,medium,109.32,12.27,15,28.12,30793,1,0.263,0.7625,0.3155,0.4863,0.556,0.4908,0.6065,48.1714,0,1,True
2026-07-19,SUP_018,Hanoi Plastics,Southeast Asia,Packaging,71,11.2,0.737,53.5,53.5,53.4,medium,107.4,12.26,16,28.12,30793,1,0.263,0.7625,0.3155,0.535,0.534,0.4904,0.5866,48.4171,0,1,True
2026-07-20,SUP_018,Hanoi Plastics,Southeast Asia,Packaging,71,11.2,0.737,57.6,62.6,55.9,medium,108.16,12.25,17,28.12,30793,1,0.263,0.7625,0.3155,0.591,0.559,0.49,0.5674,49.4625,1,1,True
2026-07-21,SUP_018,Hanoi Plastics,Southeast Asia,Packaging,71,11.2,0.737,49.8,54.3,64.4,medium,110.35,12.23,1,28.12,30793,1,0.263,0.7625,0.3155,0.5115,0.644,0.4892,0.9672,55.6088,1,1,True
2026-07-22,SUP_018,Hanoi Plastics,Southeast Asia,Packaging,71,11.2,0.737,46.3,52.6,64.5,medium,110.6,12.2,1,28.12,30793,1,0.263,0.7625,0.3155,0.4819,0.645,0.488,0.9672,55.0756,0,1,True
2026-07-23,SUP_018,Hanoi Plastics,Southeast Asia,Packaging,71,11.2,0.737,49.4,44.7,77.9,high,111.95,12.71,2,28.12,30793,1,0.263,0.7625,0.3155,0.4799,0.779,0.5084,0.9355,56.653,0,1,True
2026-07-24,SUP_018,Hanoi Plastics,Southeast Asia,Packaging,71,11.2,0.737,47.1,54.2,100.0,high,109.26,12.69,3,28.12,30793,1,0.263,0.7625,0.3155,0.4923,1.0,0.5076,0.9048,59.4699,0,1,True
2026-07-25,SUP_018,Hanoi Plastics,Southeast Asia,Packaging,71,11.2,0.737,43.4,59.7,100.0,high,108.59,12.66,4,28.12,30793,1,0.263,0.7625,0.3155,0.4829,1.0,0.5064,0.8752,58.8117,1,1,True
2026-07-26,SUP_018,Hanoi Plastics,Southeast Asia,Packaging,71,11.2,0.737,47.4,60.8,97.7,high,106.07,12.64,1,28.12,30793,1,0.263,0.7625,0.3155,0.5142,0.977,0.5056,0.9672,60.5162,0,1,True
2026-07-27,SUP_018,Hanoi Plastics,Southeast Asia,Packaging,71,11.2,0.737,51.2,60.8,68.8,high,107.12,12.61,2,28.12,30793,1,0.263,0.7625,0.3155,0.5408,0.688,0.5044,0.9355,56.4272,0,1,True
2026-07-28,SUP_018,Hanoi Plastics,Southeast Asia,Packaging,71,11.2,0.737,47.1,67.2,70.6,high,105.04,12.59,3,28.12,30793,1,0.263,0.7625,0.3155,0.5313,0.706,0.5036,0.9048,56.0079,0,1,True
2026-07-29,SUP_018,Hanoi Plastics,Southeast Asia,Packaging,71,11.2,0.737,46.7,71.8,62.3,medium,103.32,10.59,4,28.12,30793,1,0.263,0.7625,0.3155,0.5423,0.623,0.4236,0.8752,53.6093,0,1,True
2026-07-30,SUP_018,Hanoi Plastics,Southeast Asia,Packaging,71,11.2,0.737,39.7,75.4,70.7,high,104.01,9.95,5,28.12,30793,1,0.263,0.7625,0.3155,0.5041,0.707,0.398,0.8465,53.3314,1,1,True
2026-07-31,SUP_018,Hanoi Plastics,Southeast Asia,Packaging,71,11.2,0.737,35.2,74.7,50.6,medium,105.44,8.57,1,28.12,30793,1,0.263,0.7625,0.3155,0.4705,0.506,0.3428,0.9672,51.182,0,1,True
2026-08-01,SUP_018,Hanoi Plastics,Southeast Asia,Packaging,71,11.2,0.737,36.2,69.9,59.9,medium,105.23,8.57,2,28.12,30793,1,0.263,0.7625,0.3155,0.4631,0.599,0.3428,0.9355,51.8434,0,1,True
2026-08-02,SUP_018,Hanoi Plastics,Southeast Asia,Packaging,71,11.2,0.737,36.6,71.7,73.4,high,105.99,8.56,3,28.12,30793,1,0.263,0.7625,0.3155,0.4713,0.734,0.3424,0.9048,53.3855,0,1,True
2026-08-03,SUP_018,Hanoi Plastics,Southeast Asia,Packaging,71,11.2,0.737,32.2,73.5,70.3,high,106.72,8.06,4,28.12,30793,1,0.263,0.7625,0.3155,0.4459,0.703,0.3224,0.8752,51.7797,1,0,True
2026-08-04,SUP_018,Hanoi Plastics,Southeast Asia,Packaging,71,11.2,0.737,29.7,69.7,89.3,high,106.43,8.06,1,28.12,30793,1,0.263,0.7625,0.3155,0.417,0.893,0.3224,0.9672,55.3922,0,0,True
2026-08-05,SUP_018,Hanoi Plastics,Southeast Asia,Packaging,71,11.2,0.737,25.9,65.7,84.6,high,104.95,8.06,2,28.12,30793,1,0.263,0.7625,0.3155,0.3784,0.846,0.3224,0.9355,53.532,0,0,True
2026-08-06,SUP_018,Hanoi Plastics,Southeast Asia,Packaging,71,11.2,0.737,29.9,70.0,66.9,high,105.71,8.05,3,28.12,30793,1,0.263,0.7625,0.3155,0.4193,0.669,0.322,0.9048,51.2947,0,0,True
2026-08-07,SUP_018,Hanoi Plastics,Southeast Asia,Packaging,71,11.2,0.737,21.8,76.5,60.4,medium,106.54,8.05,4,28.12,30793,1,0.263,0.7625,0.3155,0.3821,0.604,0.322,0.8752,49.2405,0,0,True
2026-08-08,SUP_018,Hanoi Plastics,Southeast Asia,Packaging,71,11.2,0.737,19.4,69.4,57.4,medium,107.74,8.04,5,28.12,30793,1,0.263,0.7625,0.3155,0.344,0.574,0.3216,0.8465,47.6708,0,1,True
2026-08-09,SUP_018,Hanoi Plastics,Southeast Asia,Packaging,71,11.2,0.737,13.4,65.8,64.0,medium,108.16,8.03,6,28.12,30793,1,0.263,0.7625,0.3155,0.2912,0.64,0.3212,0.8187,47.1956,0,1,True
2026-08-10,SUP_018,Hanoi Plastics,Southeast Asia,Packaging,71,11.2,0.737,19.0,66.1,54.7,medium,106.59,8.03,7,28.12,30793,1,0.263,0.7625,0.3155,0.3313,0.547,0.3212,0.7919,46.186,0,1,True
2026-08-11,SUP_018,Hanoi Plastics,Southeast Asia,Packaging,71,11.2,0.737,13.3,67.0,53.8,medium,107.52,8.03,8,28.12,30793,1,0.263,0.7625,0.3155,0.2941,0.538,0.3212,0.7659,44.975,0,1,True
2026-08-12,SUP_018,Hanoi Plastics,Southeast Asia,Packaging,71,11.2,0.737,17.2,62.4,54.4,medium,107.52,8.03,9,28.12,30793,1,0.263,0.7625,0.3155,0.3076,0.544,0.3212,0.7408,44.9002,0,1,True
2026-08-13,SUP_018,Hanoi Plastics,Southeast Asia,Packaging,71,11.2,0.737,28.1,71.2,52.1,medium,106.87,8.03,10,28.12,30793,1,0.263,0.7625,0.3155,0.4103,0.521,0.3212,0.7165,46.0382,0,1,True
2026-08-14,SUP_018,Hanoi Plastics,Southeast Asia,Packaging,71,11.2,0.737,37.5,71.0,62.1,medium,106.47,8.04,11,28.12,30793,1,0.263,0.7625,0.3155,0.4755,0.621,0.3216,0.693,48.2408,0,1,True
2026-08-15,SUP_018,Hanoi Plastics,Southeast Asia,Packaging,71,11.2,0.737,29.0,71.4,68.0,high,105.54,8.05,12,28.12,30793,1,0.263,0.7625,0.3155,0.4172,0.68,0.322,0.6703,47.6587,1,0,True
2026-08-16,SUP_018,Hanoi Plastics,Southeast Asia,Packaging,71,11.2,0.737,31.8,78.2,77.3,high,106.74,8.06,1,28.12,30793,1,0.263,0.7625,0.3155,0.4572,0.773,0.3224,0.9672,54.4358,0,1,True
2026-08-17,SUP_018,Hanoi Plastics,Southeast Asia,Packaging,71,11.2,0.737,28.0,72.4,70.4,high,104.83,8.07,2,28.12,30793,1,0.263,0.7625,0.3155,0.4132,0.704,0.3228,0.9355,52.1752,0,1,True
2026-08-18,SUP_018,Hanoi Plastics,Southeast Asia,Packaging,71,11.2,0.737,23.9,69.3,79.5,high,103.49,8.08,3,28.12,30793,1,0.263,0.7625,0.3155,0.3752,0.795,0.3232,0.9048,52.2793,0,1,True
2026-08-19,SUP_018,Hanoi Plastics,Southeast Asia,Packaging,71,11.2,0.737,25.4,60.5,62.5,medium,103.05,8.35,4,28.12,30793,1,0.263,0.7625,0.3155,0.3593,0.625,0.334,0.8752,49.2681,0,1,True
2026-08-20,SUP_018,Hanoi Plastics,Southeast Asia,Packaging,71,11.2,0.737,33.2,58.8,49.5,medium,105.22,8.36,5,28.12,30793,1,0.263,0.7625,0.3155,0.4088,0.495,0.3344,0.8465,47.8848,0,1,True
2026-08-21,SUP_018,Hanoi Plastics,Southeast Asia,Packaging,71,11.2,0.737,36.7,50.4,41.4,medium,106.64,8.37,6,28.12,30793,1,0.263,0.7625,0.3155,0.4081,0.414,0.3348,0.8187,46.299,0,1,True
2026-08-22,SUP_018,Hanoi Plastics,Southeast Asia,Packaging,71,11.2,0.737,33.5,55.0,46.6,medium,104.43,5.86,7,28.12,30793,1,0.263,0.7625,0.3155,0.3995,0.466,0.2344,0.7919,45.238,0,1,True
2026-08-23,SUP_018,Hanoi Plastics,Southeast Asia,Packaging,71,11.2,0.737,37.5,57.2,61.6,medium,106.25,5.23,8,28.12,30793,1,0.263,0.7625,0.3155,0.4341,0.616,0.2092,0.7659,47.243,1,1,True
2026-08-24,SUP_018,Hanoi Plastics,Southeast Asia,Packaging,71,11.2,0.737,27.0,55.4,56.1,medium,108.07,4.82,1,28.12,30793,1,0.263,0.7625,0.3155,0.3552,0.561,0.1928,0.9672,48.0766,0,1,True
2026-08-25,SUP_018,Hanoi Plastics,Southeast Asia,Packaging,71,11.2,0.737,25.1,54.8,53.2,medium,106.49,4.82,2,28.12,30793,1,0.263,0.7625,0.3155,0.3401,0.532,0.1928,0.9355,46.8914,0,1,True
2026-08-26,SUP_018,Hanoi Plastics,Southeast Asia,Packaging,71,11.2,0.737,23.1,58.9,53.4,medium,103.09,4.83,3,28.12,30793,1,0.263,0.7625,0.3155,0.3384,0.534,0.1932,0.9048,46.4029,0,1,True
2026-08-27,SUP_018,Hanoi Plastics,Southeast Asia,Packaging,71,11.2,0.737,25.7,52.3,60.8,medium,103.0,4.88,4,28.12,30793,1,0.263,0.7625,0.3155,0.3368,0.608,0.1952,0.8752,46.9595,1,1,True
2026-08-28,SUP_018,Hanoi Plastics,Southeast Asia,Packaging,71,11.2,0.737,26.6,53.8,56.7,medium,104.51,4.88,1,28.12,30793,1,0.263,0.7625,0.3155,0.3476,0.567,0.1952,0.9672,48.0526,0,1,True
2026-08-29,SUP_018,Hanoi Plastics,Southeast Asia,Packaging,71,11.2,0.737,27.6,57.7,53.1,medium,106.65,4.87,2,28.12,30793,1,0.263,0.7625,0.3155,0.3663,0.531,0.1948,0.9355,47.373,1,0,True
2026-08-30,SUP_018,Hanoi Plastics,Southeast Asia,Packaging,71,11.2,0.737,28.4,47.9,42.9,medium,105.48,4.87,1,28.12,30793,1,0.263,0.7625,0.3155,0.3425,0.429,0.1948,0.9672,46.024,0,0,True
2026-08-31,SUP_018,Hanoi Plastics,Southeast Asia,Packaging,71,11.2,0.737,29.9,52.5,42.4,medium,107.83,4.87,2,28.12,30793,1,0.263,0.7625,0.3155,0.3668,0.424,0.1948,0.9355,45.884,0,0,True
2026-09-01,SUP_018,Hanoi Plastics,Southeast Asia,Packaging,71,11.2,0.737,33.7,44.1,58.2,medium,104.84,4.87,3,28.12,30793,1,0.263,0.7625,0.3155,0.3682,0.582,0.1948,0.9048,47.6305,0,1,True
2026-09-02,SUP_018,Hanoi Plastics,Southeast Asia,Packaging,71,11.2,0.737,35.0,45.1,60.0,medium,104.34,4.88,4,28.12,30793,1,0.263,0.7625,0.3155,0.3803,0.6,0.1952,0.8752,47.6305,0,1,True
2026-09-03,SUP_018,Hanoi Plastics,Southeast Asia,Packaging,71,11.2,0.737,34.1,40.5,53.6,medium,103.78,4.88,5,28.12,30793,1,0.263,0.7625,0.3155,0.3602,0.536,0.1952,0.8465,45.9136,0,1,True
2026-09-04,SUP_018,Hanoi Plastics,Southeast Asia,Packaging,71,11.2,0.737,36.6,50.2,67.2,high,105.33,4.88,6,28.12,30793,1,0.263,0.7625,0.3155,0.4068,0.672,0.1952,0.8187,48.2124,0,1,True
2026-09-05,SUP_018,Hanoi Plastics,Southeast Asia,Packaging,71,11.2,0.737,40.7,44.8,60.5,medium,107.08,4.88,7,28.12,30793,1,0.263,0.7625,0.3155,0.4193,0.605,0.1952,0.7919,47.07,0,1,True
2026-09-06,SUP_018,Hanoi Plastics,Southeast Asia,Packaging,71,11.2,0.737,37.7,37.6,74.0,high,108.36,5.06,8,28.12,30793,1,0.263,0.7625,0.3155,0.3767,0.74,0.2024,0.7659,47.8642,0,1,True
2026-09-07,SUP_018,Hanoi Plastics,Southeast Asia,Packaging,71,11.2,0.737,37.5,41.0,84.0,high,106.54,5.07,9,28.12,30793,1,0.263,0.7625,0.3155,0.3855,0.84,0.2028,0.7408,49.0256,0,1,True
2026-09-08,SUP_018,Hanoi Plastics,Southeast Asia,Packaging,71,11.2,0.737,43.0,40.9,79.0,high,107.7,5.07,10,28.12,30793,1,0.263,0.7625,0.3155,0.4237,0.79,0.2028,0.7165,48.6246,1,1,True
2026-09-09,SUP_018,Hanoi Plastics,Southeast Asia,Packaging,71,11.2,0.737,37.1,35.1,60.9,medium,108.39,5.09,1,28.12,30793,1,0.263,0.7625,0.3155,0.365,0.609,0.2036,0.9672,49.0546,0,1,True
2026-09-10,SUP_018,Hanoi Plastics,Southeast Asia,Packaging,71,11.2,0.737,45.8,40.8,82.4,high,106.14,5.09,2,28.12,30793,1,0.263,0.7625,0.3155,0.443,0.824,0.2036,0.9355,52.9612,0,1,True
2026-09-11,SUP_018,Hanoi Plastics,Southeast Asia,Packaging,71,11.2,0.737,38.2,32.5,80.9,high,103.36,5.1,3,28.12,30793,1,0.263,0.7625,0.3155,0.3649,0.809,0.204,0.9048,50.8595,0,1,True
2026-09-12,SUP_018,Hanoi Plastics,Southeast Asia,Packaging,71,11.2,0.737,36.6,30.4,73.1,high,104.76,5.1,4,28.12,30793,1,0.263,0.7625,0.3155,0.3474,0.731,0.204,0.8752,48.9779,0,1,True
2026-09-13,SUP_018,Hanoi Plastics,Southeast Asia,Packaging,71,11.2,0.737,32.3,31.0,79.2,high,104.51,5.11,5,28.12,30793,1,0.263,0.7625,0.3155,0.3191,0.792,0.2044,0.8465,48.8682,1,1,True
2026-09-14,SUP_018,Hanoi Plastics,Southeast Asia,Packaging,71,11.2,0.737,43.5,38.9,81.4,high,102.78,5.32,1,28.12,30793,1,0.263,0.7625,0.3155,0.4212,0.814,0.2128,0.9672,53.0466,0,1,True
2026-09-15,SUP_018,Hanoi Plastics,Southeast Asia,Packaging,71,11.2,0.737,40.3,48.1,88.7,high,102.5,5.59,2,28.12,30793,1,0.263,0.7625,0.3155,0.4264,0.887,0.2236,0.9355,53.7844,0,1,True
2026-09-16,SUP_018,Hanoi Plastics,Southeast Asia,Packaging,71,11.2,0.737,37.6,55.0,75.9,high,102.99,5.6,3,28.12,30793,1,0.263,0.7625,0.3155,0.4282,0.759,0.224,0.9048,51.5389,0,1,True
2026-09-17,SUP_018,Hanoi Plastics,Southeast Asia,Packaging,71,11.2,0.737,35.9,54.2,75.4,high,102.88,5.6,4,28.12,30793,1,0.263,0.7625,0.3155,0.4139,0.754,0.224,0.8752,50.7369,1,1,False
2026-09-18,SUP_018,Hanoi Plastics,Southeast Asia,Packaging,71,11.2,0.737,36.7,41.5,61.0,medium,100.79,7.23,1,28.12,30793,1,0.263,0.7625,0.3155,0.3814,0.61,0.2892,0.9672,50.391,0,1,False
2026-09-19,SUP_018,Hanoi Plastics,Southeast Asia,Packaging,71,11.2,0.737,35.3,45.6,67.5,high,103.33,7.23,2,28.12,30793,1,0.263,0.7625,0.3155,0.3839,0.675,0.2892,0.9355,50.8386,0,1,False
2026-09-20,SUP_018,Hanoi Plastics,Southeast Asia,Packaging,71,11.2,0.737,35.1,54.7,65.9,high,104.68,7.24,3,28.12,30793,1,0.263,0.7625,0.3155,0.4098,0.659,0.2896,0.9048,50.5949,1,0,False
2026-09-21,SUP_018,Hanoi Plastics,Southeast Asia,Packaging,71,11.2,0.737,18.8,61.3,67.5,high,104.23,7.24,1,28.12,30793,1,0.263,0.7625,0.3155,0.3155,0.675,0.2896,0.9672,50.1196,0,0,False
2026-09-22,SUP_018,Hanoi Plastics,Southeast Asia,Packaging,71,11.2,0.737,21.9,62.8,64.8,medium,103.83,7.24,2,28.12,30793,1,0.263,0.7625,0.3155,0.3417,0.648,0.2896,0.9355,49.7058,0,0,False
2026-09-23,SUP_018,Hanoi Plastics,Southeast Asia,Packaging,71,11.2,0.737,24.4,55.3,61.8,medium,104.32,7.25,3,28.12,30793,1,0.263,0.7625,0.3155,0.3367,0.618,0.29,0.9048,48.7099,0,0,False
2026-06-01,SUP_019,Pune Autoparts,South Asia,Machinery,22,1.6,0.932,37.8,73.0,52.5,medium,96.4,0.0,999,418.21,84850,1,0.068,0.15,0.1455,0.4836,0.525,0.0,0.0,20.3693,0,0,True
2026-06-02,SUP_019,Pune Autoparts,South Asia,Machinery,22,1.6,0.932,40.9,67.9,57.0,medium,97.6,0.0,999,418.21,84850,1,0.068,0.15,0.1455,0.49,0.57,0.0,0.0,21.1145,0,0,True
2026-06-03,SUP_019,Pune Autoparts,South Asia,Machinery,22,1.6,0.932,35.6,64.4,51.9,medium,94.79,0.0,999,418.21,84850,1,0.068,0.15,0.1455,0.4424,0.519,0.0,0.0,19.5437,0,0,True
2026-06-04,SUP_019,Pune Autoparts,South Asia,Machinery,22,1.6,0.932,37.2,58.1,48.0,medium,92.66,0.0,999,418.21,84850,1,0.068,0.15,0.1455,0.4347,0.48,0.0,0.0,18.8591,0,0,True
2026-06-05,SUP_019,Pune Autoparts,South Asia,Machinery,22,1.6,0.932,33.2,63.6,34.7,low,91.89,6.03,999,418.21,84850,1,0.068,0.15,0.1455,0.4232,0.347,0.2412,0.0,19.6845,0,1,True
2026-06-06,SUP_019,Pune Autoparts,South Asia,Machinery,22,1.6,0.932,30.2,45.1,26.0,low,95.15,6.03,999,418.21,84850,1,0.068,0.15,0.1455,0.3467,0.26,0.2412,0.0,17.0895,0,1,True
2026-06-07,SUP_019,Pune Autoparts,South Asia,Machinery,22,1.6,0.932,40.6,44.3,22.8,low,97.67,6.07,999,418.21,84850,1,0.068,0.15,0.1455,0.4171,0.228,0.2428,0.0,17.9279,0,1,True
2026-06-08,SUP_019,Pune Autoparts,South Asia,Machinery,22,1.6,0.932,42.0,45.7,33.3,low,98.73,7.15,999,418.21,84850,1,0.068,0.15,0.1455,0.4311,0.333,0.286,0.0,20.1683,0,1,True
2026-06-09,SUP_019,Pune Autoparts,South Asia,Machinery,22,1.6,0.932,43.9,43.6,49.4,medium,99.26,7.68,999,418.21,84850,1,0.068,0.15,0.1455,0.4381,0.494,0.3072,0.0,22.8027,0,1,True
2026-06-10,SUP_019,Pune Autoparts,South Asia,Machinery,22,1.6,0.932,35.0,49.8,35.0,low,96.47,7.67,999,418.21,84850,1,0.068,0.15,0.1455,0.3944,0.35,0.3068,0.0,19.9953,0,1,True
2026-06-11,SUP_019,Pune Autoparts,South Asia,Machinery,22,1.6,0.932,34.1,56.9,35.7,low,96.7,7.67,999,418.21,84850,1,0.068,0.15,0.1455,0.4094,0.357,0.3068,0.0,20.3633,0,1,True
2026-06-12,SUP_019,Pune Autoparts,South Asia,Machinery,22,1.6,0.932,38.4,49.2,28.6,low,95.88,7.67,999,418.21,84850,1,0.068,0.15,0.1455,0.4164,0.286,0.3068,0.0,19.4953,1,0,True
2026-06-13,SUP_019,Pune Autoparts,South Asia,Machinery,22,1.6,0.932,40.7,61.1,33.5,low,94.65,7.68,1,418.21,84850,1,0.068,0.15,0.1455,0.4682,0.335,0.3072,0.9672,36.594,0,0,True
2026-06-14,SUP_019,Pune Autoparts,South Asia,Machinery,22,1.6,0.932,31.6,52.7,49.6,medium,94.88,7.68,2,418.21,84850,1,0.068,0.15,0.1455,0.3793,0.496,0.3072,0.9355,36.7405,0,0,True
2026-06-15,SUP_019,Pune Autoparts,South Asia,Machinery,22,1.6,0.932,35.1,59.8,47.6,medium,94.18,7.69,3,418.21,84850,1,0.068,0.15,0.1455,0.4251,0.476,0.3076,0.9048,36.7989,0,0,True
2026-06-16,SUP_019,Pune Autoparts,South Asia,Machinery,22,1.6,0.932,38.7,59.9,49.7,medium,95.48,7.7,4,418.21,84850,1,0.068,0.15,0.1455,0.4506,0.497,0.308,0.8752,37.0821,0,0,True
2026-06-17,SUP_019,Pune Autoparts,South Asia,Machinery,22,1.6,0.932,46.2,56.5,65.3,high,92.58,7.71,5,418.21,84850,1,0.068,0.15,0.1455,0.4929,0.653,0.3084,0.8465,39.5733,0,0,True
2026-06-18,SUP_019,Pune Autoparts,South Asia,Machinery,22,1.6,0.932,43.4,54.1,67.7,high,92.69,7.72,6,418.21,84850,1,0.068,0.15,0.1455,0.4661,0.677,0.3088,0.8187,38.9876,0,0,True
2026-06-19,SUP_019,Pune Autoparts,South Asia,Machinery,22,1.6,0.932,33.4,54.1,58.2,medium,91.37,8.29,7,418.21,84850,1,0.068,0.15,0.1455,0.3961,0.582,0.3316,0.7919,36.2418,0,0,True
2026-06-20,SUP_019,Pune Autoparts,South Asia,Machinery,22,1.6,0.932,30.9,55.3,59.6,medium,90.75,8.96,8,418.21,84850,1,0.068,0.15,0.1455,0.3822,0.596,0.3584,0.7659,36.0938,0,0,True
2026-06-21,SUP_019,Pune Autoparts,South Asia,Machinery,22,1.6,0.932,28.3,50.4,51.6,medium,91.21,8.98,9,418.21,84850,1,0.068,0.15,0.1455,0.3493,0.516,0.3592,0.7408,33.9894,0,0,True
2026-06-22,SUP_019,Pune Autoparts,South Asia,Machinery,22,1.6,0.932,34.7,49.9,57.1,medium,89.53,10.29,10,418.21,84850,1,0.068,0.15,0.1455,0.3926,0.571,0.4116,0.7165,35.779,0,0,True
2026-06-23,SUP_019,Pune Autoparts,South Asia,Machinery,22,1.6,0.932,23.8,46.6,62.1,medium,89.78,10.31,11,418.21,84850,1,0.068,0.15,0.1455,0.3064,0.621,0.4124,0.693,34.5612,0,0,True
2026-06-24,SUP_019,Pune Autoparts,South Asia,Machinery,22,1.6,0.932,25.3,41.4,48.4,medium,89.46,10.41,12,418.21,84850,1,0.068,0.15,0.1455,0.3013,0.484,0.4164,0.6703,32.2359,0,0,True
2026-06-25,SUP_019,Pune Autoparts,South Asia,Machinery,22,1.6,0.932,35.5,39.2,52.4,medium,88.47,11.49,13,418.21,84850,1,0.068,0.15,0.1455,0.3661,0.524,0.4596,0.6483,34.1291,0,0,True
2026-06-26,SUP_019,Pune Autoparts,South Asia,Machinery,22,1.6,0.932,37.4,35.5,52.7,medium,87.76,12.27,14,418.21,84850,1,0.068,0.15,0.1455,0.3683,0.527,0.4908,0.6271,34.245,0,0,True
2026-06-27,SUP_019,Pune Autoparts,South Asia,Machinery,22,1.6,0.932,43.2,36.2,59.1,medium,87.53,12.55,15,418.21,84850,1,0.068,0.15,0.1455,0.411,0.591,0.502,0.6065,35.715,0,0,True
2026-06-28,SUP_019,Pune Autoparts,South Asia,Machinery,22,1.6,0.932,36.2,41.3,66.5,high,86.38,13.82,16,418.21,84850,1,0.068,0.15,0.1455,0.3773,0.665,0.5528,0.5866,36.4359,0,0,True
2026-06-29,SUP_019,Pune Autoparts,South Asia,Machinery,22,1.6,0.932,30.3,44.0,68.8,high,86.39,13.85,17,418.21,84850,1,0.068,0.15,0.1455,0.3441,0.688,0.554,0.5674,35.867,0,0,True
2026-06-30,SUP_019,Pune Autoparts,South Asia,Machinery,22,1.6,0.932,39.8,56.0,63.3,medium,85.97,14.33,18,418.21,84850,1,0.068,0.15,0.1455,0.4466,0.633,0.5732,0.5488,36.8747,0,0,True
2026-07-01,SUP_019,Pune Autoparts,South Asia,Machinery,22,1.6,0.932,41.5,44.2,70.6,high,85.06,15.37,19,418.21,84850,1,0.068,0.15,0.1455,0.4231,0.706,0.6148,0.5308,37.6851,0,0,True
2026-07-02,SUP_019,Pune Autoparts,South Asia,Machinery,22,1.6,0.932,43.0,48.3,59.4,medium,87.44,15.43,20,418.21,84850,1,0.068,0.15,0.1455,0.4459,0.594,0.6172,0.5134,36.2778,0,0,True
2026-07-03,SUP_019,Pune Autoparts,South Asia,Machinery,22,1.6,0.932,38.4,49.4,46.8,medium,88.07,15.47,21,418.21,84850,1,0.068,0.15,0.1455,0.417,0.468,0.6188,0.4966,33.7435,0,0,True
2026-07-04,SUP_019,Pune Autoparts,South Asia,Machinery,22,1.6,0.932,40.3,54.5,20.0,low,87.49,15.5,22,418.21,84850,1,0.068,0.15,0.1455,0.4456,0.2,0.62,0.4803,30.2602,0,0,True
2026-07-05,SUP_019,Pune Autoparts,South Asia,Machinery,22,1.6,0.932,36.1,58.4,28.9,low,87.71,15.52,23,418.21,84850,1,0.068,0.15,0.1455,0.4279,0.289,0.6208,0.4646,30.9453,0,0,True
2026-07-06,SUP_019,Pune Autoparts,South Asia,Machinery,22,1.6,0.932,43.5,57.0,28.5,low,86.17,15.57,24,418.21,84850,1,0.068,0.15,0.1455,0.4755,0.285,0.6228,0.4493,31.5264,0,0,True
2026-07-07,SUP_019,Pune Autoparts,South Asia,Machinery,22,1.6,0.932,57.1,57.6,39.6,low,85.51,15.64,25,418.21,84850,1,0.068,0.15,0.1455,0.5725,0.396,0.6256,0.4346,34.6243,0,0,True
2026-07-08,SUP_019,Pune Autoparts,South Asia,Machinery,22,1.6,0.932,58.0,53.3,25.9,low,85.03,15.75,26,418.21,84850,1,0.068,0.15,0.1455,0.5659,0.259,0.63,0.4204,32.4124,0,0,True
2026-07-09,SUP_019,Pune Autoparts,South Asia,Machinery,22,1.6,0.932,53.5,56.8,28.0,low,83.16,15.08,27,418.21,84850,1,0.068,0.15,0.1455,0.5449,0.28,0.6032,0.4066,31.7863,0,0,True
2026-07-10,SUP_019,Pune Autoparts,South Asia,Machinery,22,1.6,0.932,40.7,46.6,39.8,low,83.74,15.15,28,418.21,84850,1,0.068,0.15,0.1455,0.4247,0.398,0.606,0.3932,31.095,0,0,True
2026-07-11,SUP_019,Pune Autoparts,South Asia,Machinery,22,1.6,0.932,33.8,52.0,34.8,low,82.98,14.51,29,418.21,84850,1,0.068,0.15,0.1455,0.3926,0.348,0.5804,0.3803,29.3037,0,0,True
2026-07-12,SUP_019,Pune Autoparts,South Asia,Machinery,22,1.6,0.932,43.3,52.3,44.4,medium,82.45,14.73,30,418.21,84850,1,0.068,0.15,0.1455,0.46,0.444,0.5892,0.3679,31.767,0,0,True
2026-07-13,SUP_019,Pune Autoparts,South Asia,Machinery,22,1.6,0.932,39.1,50.1,42.7,medium,81.6,15.77,31,418.21,84850,1,0.068,0.15,0.1455,0.424,0.427,0.6308,0.3558,31.1872,0,0,True
2026-07-14,SUP_019,Pune Autoparts,South Asia,Machinery,22,1.6,0.932,38.7,49.6,46.2,medium,86.04,15.82,32,418.21,84850,1,0.068,0.15,0.1455,0.4197,0.462,0.6328,0.3442,31.4372,0,0,True
2026-07-15,SUP_019,Pune Autoparts,South Asia,Machinery,22,1.6,0.932,66.1,49.6,54.7,medium,85.04,15.88,33,418.21,84850,1,0.068,0.15,0.1455,0.6115,0.547,0.6352,0.3329,35.9279,0,0,True
2026-07-16,SUP_019,Pune Autoparts,South Asia,Machinery,22,1.6,0.932,73.9,57.2,64.3,medium,81.94,12.75,34,418.21,84850,1,0.068,0.15,0.1455,0.6889,0.643,0.51,0.322,36.9881,0,0,True
2026-07-17,SUP_019,Pune Autoparts,South Asia,Machinery,22,1.6,0.932,72.5,73.9,63.6,medium,79.54,15.19,35,418.21,84850,1,0.068,0.15,0.1455,0.7292,0.636,0.6076,0.3114,38.6178,0,1,True
2026-07-18,SUP_019,Pune Autoparts,South Asia,Machinery,22,1.6,0.932,70.3,77.5,54.7,medium,80.68,13.73,36,418.21,84850,1,0.068,0.15,0.1455,0.7246,0.547,0.5492,0.3012,36.4249,0,1,True
2026-07-19,SUP_019,Pune Autoparts,South Asia,Machinery,22,1.6,0.932,70.7,71.2,51.2,medium,82.68,13.59,37,418.21,84850,1,0.068,0.15,0.1455,0.7085,0.512,0.5436,0.2913,35.4199,0,1,True
2026-07-20,SUP_019,Pune Autoparts,South Asia,Machinery,22,1.6,0.932,67.8,72.1,58.8,medium,81.66,13.64,38,418.21,84850,1,0.068,0.15,0.1455,0.6909,0.588,0.5456,0.2818,36.0383,0,1,True
2026-07-21,SUP_019,Pune Autoparts,South Asia,Machinery,22,1.6,0.932,65.5,73.1,49.2,medium,83.58,12.01,39,418.21,84850,1,0.068,0.15,0.1455,0.6778,0.492,0.4804,0.2725,33.5283,0,1,True
2026-07-22,SUP_019,Pune Autoparts,South Asia,Machinery,22,1.6,0.932,68.3,65.5,49.7,medium,84.69,12.03,40,418.21,84850,1,0.068,0.15,0.1455,0.6746,0.497,0.4812,0.2636,33.4073,0,1,True
2026-07-23,SUP_019,Pune Autoparts,South Asia,Machinery,22,1.6,0.932,69.6,57.3,48.2,medium,84.41,11.68,41,418.21,84850,1,0.068,0.15,0.1455,0.6591,0.482,0.4672,0.255,32.612,0,1,True
2026-07-24,SUP_019,Pune Autoparts,South Asia,Machinery,22,1.6,0.932,79.9,56.6,49.7,medium,84.02,10.53,42,418.21,84850,1,0.068,0.15,0.1455,0.7291,0.497,0.4212,0.2466,33.3963,1,0,True
2026-07-25,SUP_019,Pune Autoparts,South Asia,Machinery,22,1.6,0.932,80.6,60.6,42.4,medium,84.29,10.08,1,418.21,84850,1,0.068,0.15,0.1455,0.746,0.424,0.4032,0.9672,43.9924,0,0,True
2026-07-26,SUP_019,Pune Autoparts,South Asia,Machinery,22,1.6,0.932,84.6,51.3,29.2,low,85.61,10.09,2,418.21,84850,1,0.068,0.15,0.1455,0.7461,0.292,0.4036,0.9355,41.6437,0,0,True
2026-07-27,SUP_019,Pune Autoparts,South Asia,Machinery,22,1.6,0.932,77.5,48.0,41.2,medium,86.2,10.09,3,418.21,84850,1,0.068,0.15,0.1455,0.6865,0.412,0.4036,0.9048,41.7601,0,0,True
2026-07-28,SUP_019,Pune Autoparts,South Asia,Machinery,22,1.6,0.932,79.0,52.1,54.3,medium,85.19,10.1,4,418.21,84850,1,0.068,0.15,0.1455,0.7093,0.543,0.404,0.8752,43.5347,0,0,True
2026-07-29,SUP_019,Pune Autoparts,South Asia,Machinery,22,1.6,0.932,51.4,52.8,38.7,low,84.92,10.1,5,418.21,84850,1,0.068,0.15,0.1455,0.5182,0.387,0.404,0.8465,37.4519,0,0,True
2026-07-30,SUP_019,Pune Autoparts,South Asia,Machinery,22,1.6,0.932,52.8,60.5,46.9,medium,87.9,10.1,6,418.21,84850,1,0.068,0.15,0.1455,0.5511,0.469,0.404,0.8187,38.748,0,0,True
2026-07-31,SUP_019,Pune Autoparts,South Asia,Machinery,22,1.6,0.932,55.3,52.3,59.7,medium,88.28,10.33,7,418.21,84850,1,0.068,0.15,0.1455,0.544,0.597,0.4132,0.7919,40.0932,0,1,True
2026-08-01,SUP_019,Pune Autoparts,South Asia,Machinery,22,1.6,0.932,54.5,65.1,64.8,medium,89.58,11.86,8,418.21,84850,1,0.068,0.15,0.1455,0.5768,0.648,0.4744,0.7659,41.7166,0,1,True
2026-08-02,SUP_019,Pune Autoparts,South Asia,Machinery,22,1.6,0.932,64.9,55.5,59.2,medium,90.39,12.8,9,418.21,84850,1,0.068,0.15,0.1455,0.6208,0.592,0.512,0.7408,41.774,0,1,True
2026-08-03,SUP_019,Pune Autoparts,South Asia,Machinery,22,1.6,0.932,69.1,44.7,50.2,medium,90.8,13.27,10,418.21,84850,1,0.068,0.15,0.1455,0.6178,0.502,0.5308,0.7165,40.297,0,1,True
2026-08-04,SUP_019,Pune Autoparts,South Asia,Machinery,22,1.6,0.932,71.6,45.9,52.9,medium,90.96,13.44,11,418.21,84850,1,0.068,0.15,0.1455,0.6389,0.529,0.5376,0.693,40.7606,0,1,True
2026-08-05,SUP_019,Pune Autoparts,South Asia,Machinery,22,1.6,0.932,71.6,41.3,94.4,high,92.31,14.99,12,418.21,84850,1,0.068,0.15,0.1455,0.6251,0.944,0.5996,0.6703,46.7027,0,1,True
2026-08-06,SUP_019,Pune Autoparts,South Asia,Machinery,22,1.6,0.932,76.5,43.2,95.6,high,93.39,16.21,13,418.21,84850,1,0.068,0.15,0.1455,0.6651,0.956,0.6484,0.6483,47.8247,0,1,True
2026-08-07,SUP_019,Pune Autoparts,South Asia,Machinery,22,1.6,0.932,65.4,44.6,94.0,high,93.78,16.61,14,418.21,84850,1,0.068,0.15,0.1455,0.5916,0.94,0.6644,0.6271,46.1296,1,1,True
2026-08-08,SUP_019,Pune Autoparts,South Asia,Machinery,22,1.6,0.932,69.3,45.1,84.5,high,92.74,16.55,1,418.21,84850,1,0.068,0.15,0.1455,0.6204,0.845,0.662,0.9672,50.7312,0,1,True
2026-08-09,SUP_019,Pune Autoparts,South Asia,Machinery,22,1.6,0.932,61.4,42.1,91.2,high,93.32,16.49,2,418.21,84850,1,0.068,0.15,0.1455,0.5561,0.912,0.6596,0.9355,49.9757,0,1,True
2026-08-10,SUP_019,Pune Autoparts,South Asia,Machinery,22,1.6,0.932,56.7,46.3,96.8,high,93.22,16.42,3,418.21,84850,1,0.068,0.15,0.1455,0.5358,0.968,0.6568,0.9048,49.8699,1,1,True
2026-08-11,SUP_019,Pune Autoparts,South Asia,Machinery,22,1.6,0.932,58.1,46.0,98.4,high,92.76,16.36,1,418.21,84850,1,0.068,0.15,0.1455,0.5447,0.984,0.6544,0.9672,51.2234,0,1,True
2026-08-12,SUP_019,Pune Autoparts,South Asia,Machinery,22,1.6,0.932,62.4,53.1,60.9,medium,96.78,19.69,2,418.21,84850,1,0.068,0.15,0.1455,0.5961,0.609,0.7876,0.9355,47.9897,0,1,True
2026-08-13,SUP_019,Pune Autoparts,South Asia,Machinery,22,1.6,0.932,54.8,52.5,75.7,high,94.47,19.63,3,418.21,84850,1,0.068,0.15,0.1455,0.5411,0.757,0.7852,0.9048,48.5521,1,1,True
2026-08-14,SUP_019,Pune Autoparts,South Asia,Machinery,22,1.6,0.932,51.3,47.8,65.5,high,95.91,19.55,1,418.21,84850,1,0.068,0.15,0.1455,0.5025,0.655,0.782,0.9672,47.389,0,1,True
2026-08-15,SUP_019,Pune Autoparts,South Asia,Machinery,22,1.6,0.932,51.3,40.0,75.5,high,94.61,19.45,2,418.21,84850,1,0.068,0.15,0.1455,0.4791,0.755,0.778,0.9355,47.8125,0,1,True
2026-08-16,SUP_019,Pune Autoparts,South Asia,Machinery,22,1.6,0.932,49.9,41.3,64.3,medium,94.81,18.06,3,418.21,84850,1,0.068,0.15,0.1455,0.4732,0.643,0.7224,0.9048,44.9803,1,0,True
2026-08-17,SUP_019,Pune Autoparts,South Asia,Machinery,22,1.6,0.932,53.7,36.7,73.0,high,98.67,18.96,1,418.21,84850,1,0.068,0.15,0.1455,0.486,0.73,0.7584,0.9672,47.8588,0,1,True
2026-08-18,SUP_019,Pune Autoparts,South Asia,Machinery,22,1.6,0.932,69.1,32.3,80.7,high,97.22,18.85,2,418.21,84850,1,0.068,0.15,0.1455,0.5806,0.807,0.754,0.9355,50.0795,0,1,True
2026-08-19,SUP_019,Pune Autoparts,South Asia,Machinery,22,1.6,0.932,67.9,38.5,72.3,high,96.13,16.64,3,418.21,84850,1,0.068,0.15,0.1455,0.5908,0.723,0.6656,0.9048,47.5355,0,1,True
2026-08-20,SUP_019,Pune Autoparts,South Asia,Machinery,22,1.6,0.932,61.5,31.6,84.1,high,96.11,16.08,4,418.21,84850,1,0.068,0.15,0.1455,0.5253,0.841,0.6432,0.8752,47.2651,0,1,True
2026-08-21,SUP_019,Pune Autoparts,South Asia,Machinery,22,1.6,0.932,53.3,42.6,81.9,high,94.84,16.02,5,418.21,84850,1,0.068,0.15,0.1455,0.5009,0.819,0.6408,0.8465,46.0301,0,1,True
2026-08-22,SUP_019,Pune Autoparts,South Asia,Machinery,22,1.6,0.932,51.0,45.3,67.8,high,96.16,15.95,6,418.21,84850,1,0.068,0.15,0.1455,0.4929,0.678,0.638,0.8187,43.4344,0,1,True
2026-08-23,SUP_019,Pune Autoparts,South Asia,Machinery,22,1.6,0.932,46.1,46.5,61.9,medium,95.36,15.59,7,418.21,84850,1,0.068,0.15,0.1455,0.4622,0.619,0.6236,0.7919,41.4536,0,1,True
2026-08-24,SUP_019,Pune Autoparts,South Asia,Machinery,22,1.6,0.932,48.6,42.3,71.4,high,96.34,14.84,8,418.21,84850,1,0.068,0.15,0.1455,0.4671,0.714,0.5936,0.7659,42.0964,1,0,True
2026-08-25,SUP_019,Pune Autoparts,South Asia,Machinery,22,1.6,0.932,50.6,48.2,76.6,high,94.35,14.8,1,418.21,84850,1,0.068,0.15,0.1455,0.4988,0.766,0.592,0.9672,46.5964,0,0,True
2026-08-26,SUP_019,Pune Autoparts,South Asia,Machinery,22,1.6,0.932,48.0,49.2,62.2,medium,91.64,14.77,2,418.21,84850,1,0.068,0.15,0.1455,0.4836,0.622,0.5908,0.9355,43.7851,0,0,True
2026-08-27,SUP_019,Pune Autoparts,South Asia,Machinery,22,1.6,0.932,57.4,46.5,59.8,medium,91.29,14.74,3,418.21,84850,1,0.068,0.15,0.1455,0.5413,0.598,0.5896,0.9048,43.9825,0,0,True
2026-08-28,SUP_019,Pune Autoparts,South Asia,Machinery,22,1.6,0.932,52.5,48.8,61.3,medium,88.94,11.53,4,418.21,84850,1,0.068,0.15,0.1455,0.5139,0.613,0.4612,0.8752,41.6839,0,0,True
2026-08-29,SUP_019,Pune Autoparts,South Asia,Machinery,22,1.6,0.932,51.3,40.9,55.7,medium,91.22,11.11,5,418.21,84850,1,0.068,0.15,0.1455,0.4818,0.557,0.4444,0.8465,39.6615,0,0,True
2026-08-30,SUP_019,Pune Autoparts,South Asia,Machinery,22,1.6,0.932,53.8,34.4,78.1,high,88.92,10.42,6,418.21,84850,1,0.068,0.15,0.1455,0.4798,0.781,0.4168,0.8187,41.9862,0,0,True
2026-08-31,SUP_019,Pune Autoparts,South Asia,Machinery,22,1.6,0.932,57.2,31.6,75.3,high,87.36,12.1,7,418.21,84850,1,0.068,0.15,0.1455,0.4952,0.753,0.484,0.7919,42.2484,0,1,True
2026-09-01,SUP_019,Pune Autoparts,South Asia,Machinery,22,1.6,0.932,61.9,36.9,70.4,high,87.98,12.11,8,418.21,84850,1,0.068,0.15,0.1455,0.544,0.704,0.4844,0.7659,42.0302,0,1,True
2026-09-02,SUP_019,Pune Autoparts,South Asia,Machinery,22,1.6,0.932,61.8,39.6,78.3,high,87.1,12.4,9,418.21,84850,1,0.068,0.15,0.1455,0.5514,0.783,0.496,0.7408,43.0068,0,1,True
2026-09-03,SUP_019,Pune Autoparts,South Asia,Machinery,22,1.6,0.932,64.7,47.5,69.9,high,84.83,14.87,10,418.21,84850,1,0.068,0.15,0.1455,0.5954,0.699,0.5948,0.7165,43.4198,0,1,True
2026-09-04,SUP_019,Pune Autoparts,South Asia,Machinery,22,1.6,0.932,59.1,43.7,76.2,high,87.89,14.89,11,418.21,84850,1,0.068,0.15,0.1455,0.5448,0.762,0.5956,0.693,43.0248,0,1,True
2026-09-05,SUP_019,Pune Autoparts,South Asia,Machinery,22,1.6,0.932,61.8,48.5,56.2,medium,86.38,14.93,12,418.21,84850,1,0.068,0.15,0.1455,0.5781,0.562,0.5972,0.6703,40.4799,0,1,True
2026-09-06,SUP_019,Pune Autoparts,South Asia,Machinery,22,1.6,0.932,64.0,48.8,52.5,medium,86.09,14.97,13,418.21,84850,1,0.068,0.15,0.1455,0.5944,0.525,0.5988,0.6483,39.9229,0,1,True
2026-09-07,SUP_019,Pune Autoparts,South Asia,Machinery,22,1.6,0.932,68.8,44.8,63.6,medium,85.78,15.01,14,418.21,84850,1,0.068,0.15,0.1455,0.616,0.636,0.6004,0.6271,41.5448,1,0,True
2026-09-08,SUP_019,Pune Autoparts,South Asia,Machinery,22,1.6,0.932,57.7,48.4,76.7,high,86.84,15.04,1,418.21,84850,1,0.068,0.15,0.1455,0.5491,0.767,0.6016,0.9672,47.631,0,1,True
2026-09-09,SUP_019,Pune Autoparts,South Asia,Machinery,22,1.6,0.932,52.0,49.0,64.9,medium,87.54,15.07,2,418.21,84850,1,0.068,0.15,0.1455,0.511,0.649,0.6028,0.9355,44.8003,0,1,True
2026-09-10,SUP_019,Pune Autoparts,South Asia,Machinery,22,1.6,0.932,55.3,46.6,54.9,medium,86.3,15.11,3,418.21,84850,1,0.068,0.15,0.1455,0.5269,0.549,0.6044,0.9048,43.2149,0,1,True
2026-09-11,SUP_019,Pune Autoparts,South Asia,Machinery,22,1.6,0.932,41.6,48.1,94.4,high,85.81,15.17,4,418.21,84850,1,0.068,0.15,0.1455,0.4355,0.944,0.6068,0.8752,46.6539,0,1,True
2026-09-12,SUP_019,Pune Autoparts,South Asia,Machinery,22,1.6,0.932,44.9,48.4,87.9,high,85.47,15.22,5,418.21,84850,1,0.068,0.15,0.1455,0.4595,0.879,0.6088,0.8465,45.7409,0,1,True
2026-09-13,SUP_019,Pune Autoparts,South Asia,Machinery,22,1.6,0.932,50.4,48.6,86.3,high,86.59,15.27,6,418.21,84850,1,0.068,0.15,0.1455,0.4986,0.863,0.6108,0.8187,45.8006,0,1,True
2026-09-14,SUP_019,Pune Autoparts,South Asia,Machinery,22,1.6,0.932,47.3,47.4,95.7,high,84.84,15.33,7,418.21,84850,1,0.068,0.15,0.1455,0.4733,0.957,0.6132,0.7919,46.2606,0,1,True
2026-09-15,SUP_019,Pune Autoparts,South Asia,Machinery,22,1.6,0.932,45.4,41.7,89.6,high,87.86,15.37,8,418.21,84850,1,0.068,0.15,0.1455,0.4429,0.896,0.6148,0.7659,44.4632,1,0,True
2026-09-16,SUP_019,Pune Autoparts,South Asia,Machinery,22,1.6,0.932,40.7,44.1,71.8,high,86.73,13.82,1,418.21,84850,1,0.068,0.15,0.1455,0.4172,0.718,0.5528,0.9672,43.9852,0,0,True
2026-09-17,SUP_019,Pune Autoparts,South Asia,Machinery,22,1.6,0.932,39.3,41.5,64.7,medium,86.71,12.89,2,418.21,84850,1,0.068,0.15,0.1455,0.3996,0.647,0.5156,0.9355,41.7207,0,0,False
2026-09-18,SUP_019,Pune Autoparts,South Asia,Machinery,22,1.6,0.932,38.3,38.1,38.0,low,84.97,12.94,3,418.21,84850,1,0.068,0.15,0.1455,0.3824,0.38,0.5176,0.9048,37.2063,0,0,False
2026-09-19,SUP_019,Pune Autoparts,South Asia,Machinery,22,1.6,0.932,36.5,39.4,25.8,low,83.02,15.05,4,418.21,84850,1,0.068,0.15,0.1455,0.3737,0.258,0.602,0.8752,35.8799,0,0,False
2026-09-20,SUP_019,Pune Autoparts,South Asia,Machinery,22,1.6,0.932,34.7,45.6,31.1,low,81.71,16.61,5,418.21,84850,1,0.068,0.15,0.1455,0.3797,0.311,0.6644,0.8465,37.0197,0,0,False
2026-09-21,SUP_019,Pune Autoparts,South Asia,Machinery,22,1.6,0.932,35.4,48.0,24.9,low,80.25,18.38,6,418.21,84850,1,0.068,0.15,0.1455,0.3918,0.249,0.7352,0.8187,36.775,0,0,False
2026-09-22,SUP_019,Pune Autoparts,South Asia,Machinery,22,1.6,0.932,36.0,46.2,48.4,medium,79.63,19.2,7,418.21,84850,1,0.068,0.15,0.1455,0.3906,0.484,0.768,0.7919,40.0076,0,0,False
2026-09-23,SUP_019,Pune Autoparts,South Asia,Machinery,22,1.6,0.932,46.7,44.5,70.8,high,78.16,18.74,8,418.21,84850,1,0.068,0.15,0.1455,0.4604,0.708,0.7496,0.7659,43.7638,0,0,False
2026-06-01,SUP_020,Shenzhen Boards,East Asia,Electronics,13,1.6,0.962,48.3,41.5,38.5,low,102.87,0.0,999,439.05,86906,0,0.038,0.0375,0.2462,0.4626,0.385,0.0,0.0,17.3133,0,0,True
2026-06-02,SUP_020,Shenzhen Boards,East Asia,Electronics,13,1.6,0.962,43.6,46.3,45.7,medium,103.12,0.0,999,439.05,86906,0,0.038,0.0375,0.2462,0.4441,0.457,0.0,0.0,17.9883,0,0,True
2026-06-03,SUP_020,Shenzhen Boards,East Asia,Electronics,13,1.6,0.962,39.1,38.7,56.1,medium,103.47,0.0,999,439.05,86906,0,0.038,0.0375,0.2462,0.3898,0.561,0.0,0.0,18.4669,0,0,True
2026-06-04,SUP_020,Shenzhen Boards,East Asia,Electronics,13,1.6,0.962,37.7,29.2,78.3,high,103.77,0.0,999,439.05,86906,0,0.038,0.0375,0.2462,0.3515,0.783,0.0,0.0,20.8855,0,0,True
2026-06-05,SUP_020,Shenzhen Boards,East Asia,Electronics,13,1.6,0.962,43.0,30.0,65.7,high,105.3,2.34,999,439.05,86906,0,0.038,0.0375,0.2462,0.391,0.657,0.0936,0.0,20.9557,0,0,True
2026-06-06,SUP_020,Shenzhen Boards,East Asia,Electronics,13,1.6,0.962,43.9,46.1,56.7,medium,106.17,3.17,999,439.05,86906,0,0.038,0.0375,0.2462,0.4456,0.567,0.1268,0.0,21.0769,0,0,True
2026-06-07,SUP_020,Shenzhen Boards,East Asia,Electronics,13,1.6,0.962,43.2,51.1,59.2,medium,106.85,3.81,999,439.05,86906,0,0.038,0.0375,0.2462,0.4557,0.592,0.1524,0.0,21.9159,0,0,True
2026-06-08,SUP_020,Shenzhen Boards,East Asia,Electronics,13,1.6,0.962,36.2,45.7,49.3,medium,107.97,4.86,999,439.05,86906,0,0.038,0.0375,0.2462,0.3905,0.493,0.1944,0.0,19.8603,0,0,True
2026-06-09,SUP_020,Shenzhen Boards,East Asia,Electronics,13,1.6,0.962,31.6,46.4,46.9,medium,105.19,4.86,999,439.05,86906,0,0.038,0.0375,0.2462,0.3604,0.469,0.1944,0.0,18.9825,0,0,True
2026-06-10,SUP_020,Shenzhen Boards,East Asia,Electronics,13,1.6,0.962,27.1,48.5,42.6,medium,102.47,5.25,999,439.05,86906,0,0.038,0.0375,0.2462,0.3352,0.426,0.21,0.0,18.1141,0,0,True
2026-06-11,SUP_020,Shenzhen Boards,East Asia,Electronics,13,1.6,0.962,35.6,39.3,18.9,low,102.35,5.38,999,439.05,86906,0,0.038,0.0375,0.2462,0.3671,0.189,0.2152,0.0,15.4327,0,0,True
2026-06-12,SUP_020,Shenzhen Boards,East Asia,Electronics,13,1.6,0.962,39.0,45.8,26.6,low,102.05,5.68,999,439.05,86906,0,0.038,0.0375,0.2462,0.4104,0.266,0.2272,0.0,17.4341,0,0,True
2026-06-13,SUP_020,Shenzhen Boards,East Asia,Electronics,13,1.6,0.962,35.4,43.3,29.5,low,102.93,5.68,999,439.05,86906,0,0.038,0.0375,0.2462,0.3777,0.295,0.2272,0.0,17.2515,0,0,True
2026-06-14,SUP_020,Shenzhen Boards,East Asia,Electronics,13,1.6,0.962,33.7,41.6,45.2,medium,102.97,5.69,999,439.05,86906,0,0.038,0.0375,0.2462,0.3607,0.452,0.2276,0.0,19.1483,0,0,True
2026-06-15,SUP_020,Shenzhen Boards,East Asia,Electronics,13,1.6,0.962,31.0,40.7,45.2,medium,103.85,5.69,999,439.05,86906,0,0.038,0.0375,0.2462,0.3391,0.452,0.2276,0.0,18.7595,0,0,True
2026-06-16,SUP_020,Shenzhen Boards,East Asia,Electronics,13,1.6,0.962,28.5,45.9,33.5,low,101.96,5.78,999,439.05,86906,0,0.038,0.0375,0.2462,0.3372,0.335,0.2312,0.0,17.1305,0,0,True
2026-06-17,SUP_020,Shenzhen Boards,East Asia,Electronics,13,1.6,0.962,32.7,40.3,34.0,low,101.94,5.81,999,439.05,86906,0,0.038,0.0375,0.2462,0.3498,0.34,0.2324,0.0,17.4417,0,0,True
2026-06-18,SUP_020,Shenzhen Boards,East Asia,Electronics,13,1.6,0.962,32.7,30.5,17.4,low,99.9,7.79,999,439.05,86906,0,0.038,0.0375,0.2462,0.3204,0.174,0.3116,0.0,15.5389,0,0,True
2026-06-19,SUP_020,Shenzhen Boards,East Asia,Electronics,13,1.6,0.962,44.0,32.9,13.1,low,100.49,7.8,999,439.05,86906,0,0.038,0.0375,0.2462,0.4067,0.131,0.312,0.0,16.4951,0,0,True
2026-06-20,SUP_020,Shenzhen Boards,East Asia,Electronics,13,1.6,0.962,49.6,22.4,26.9,low,97.63,10.02,999,439.05,86906,0,0.038,0.0375,0.2462,0.4144,0.269,0.4008,0.0,19.6313,0,0,True
2026-06-21,SUP_020,Shenzhen Boards,East Asia,Electronics,13,1.6,0.962,54.7,22.7,29.2,low,98.16,10.05,999,439.05,86906,0,0.038,0.0375,0.2462,0.451,0.292,0.402,0.0,20.6265,0,0,True
2026-06-22,SUP_020,Shenzhen Boards,East Asia,Electronics,13,1.6,0.962,56.0,30.8,41.7,medium,95.92,11.74,999,439.05,86906,0,0.038,0.0375,0.2462,0.4844,0.417,0.4696,0.0,23.7889,0,0,True
2026-06-23,SUP_020,Shenzhen Boards,East Asia,Electronics,13,1.6,0.962,51.9,34.5,24.3,low,95.34,12.35,999,439.05,86906,0,0.038,0.0375,0.2462,0.4668,0.243,0.494,0.0,21.3289,0,0,True
2026-06-24,SUP_020,Shenzhen Boards,East Asia,Electronics,13,1.6,0.962,53.2,40.1,27.2,low,96.7,12.38,999,439.05,86906,0,0.038,0.0375,0.2462,0.4927,0.272,0.4952,0.0,22.2155,0,0,True
2026-06-25,SUP_020,Shenzhen Boards,East Asia,Electronics,13,1.6,0.962,49.9,42.6,27.3,low,97.05,12.4,999,439.05,86906,0,0.038,0.0375,0.2462,0.4771,0.273,0.496,0.0,21.9583,0,0,True
2026-06-26,SUP_020,Shenzhen Boards,East Asia,Electronics,13,1.6,0.962,56.4,54.1,40.5,medium,94.54,13.22,999,439.05,86906,0,0.038,0.0375,0.2462,0.5571,0.405,0.5288,0.0,25.6399,0,0,True
2026-06-27,SUP_020,Shenzhen Boards,East Asia,Electronics,13,1.6,0.962,56.2,48.2,47.9,medium,93.52,14.27,999,439.05,86906,0,0.038,0.0375,0.2462,0.538,0.479,0.5708,0.0,26.8361,0,0,True
2026-06-28,SUP_020,Shenzhen Boards,East Asia,Electronics,13,1.6,0.962,55.3,48.3,53.1,medium,91.23,16.59,999,439.05,86906,0,0.038,0.0375,0.2462,0.532,0.531,0.6636,0.0,28.5697,0,0,True
2026-06-29,SUP_020,Shenzhen Boards,East Asia,Electronics,13,1.6,0.962,53.9,44.0,65.4,high,88.65,19.22,999,439.05,86906,0,0.038,0.0375,0.2462,0.5093,0.654,0.7688,0.0,31.1455,0,0,True
2026-06-30,SUP_020,Shenzhen Boards,East Asia,Electronics,13,1.6,0.962,60.4,47.7,56.9,medium,88.83,19.3,999,439.05,86906,0,0.038,0.0375,0.2462,0.5659,0.569,0.772,0.0,31.0127,0,0,True
2026-07-01,SUP_020,Shenzhen Boards,East Asia,Electronics,13,1.6,0.962,50.8,45.5,66.3,high,89.68,19.38,999,439.05,86906,0,0.038,0.0375,0.2462,0.4921,0.663,0.7752,0.0,31.0387,0,0,True
2026-07-02,SUP_020,Shenzhen Boards,East Asia,Electronics,13,1.6,0.962,58.2,52.9,51.3,medium,90.35,19.47,999,439.05,86906,0,0.038,0.0375,0.2462,0.5661,0.513,0.7788,0.0,30.3139,0,0,True
2026-07-03,SUP_020,Shenzhen Boards,East Asia,Electronics,13,1.6,0.962,54.9,47.5,39.7,low,91.27,19.55,999,439.05,86906,0,0.038,0.0375,0.2462,0.5268,0.397,0.782,0.0,28.0209,0,0,True
2026-07-04,SUP_020,Shenzhen Boards,East Asia,Electronics,13,1.6,0.962,46.3,53.0,48.0,medium,91.25,19.63,999,439.05,86906,0,0.038,0.0375,0.2462,0.4831,0.48,0.7852,0.0,28.4347,0,0,True
2026-07-05,SUP_020,Shenzhen Boards,East Asia,Electronics,13,1.6,0.962,42.1,53.4,33.3,low,90.84,19.73,999,439.05,86906,0,0.038,0.0375,0.2462,0.4549,0.333,0.7892,0.0,25.9171,0,0,True
2026-07-06,SUP_020,Shenzhen Boards,East Asia,Electronics,13,1.6,0.962,34.2,50.5,41.5,medium,89.2,19.84,999,439.05,86906,0,0.038,0.0375,0.2462,0.3909,0.415,0.7936,0.0,25.9659,0,0,True
2026-07-07,SUP_020,Shenzhen Boards,East Asia,Electronics,13,1.6,0.962,38.5,51.0,43.3,medium,88.53,20.09,999,439.05,86906,0,0.038,0.0375,0.2462,0.4225,0.433,0.8036,0.0,26.9067,0,0,True
2026-07-08,SUP_020,Shenzhen Boards,East Asia,Electronics,13,1.6,0.962,34.1,50.0,53.7,medium,86.52,19.44,999,439.05,86906,0,0.038,0.0375,0.2462,0.3887,0.537,0.7776,0.0,27.4423,0,0,True
2026-07-09,SUP_020,Shenzhen Boards,East Asia,Electronics,13,1.6,0.962,36.1,49.6,51.0,medium,85.24,19.51,999,439.05,86906,0,0.038,0.0375,0.2462,0.4015,0.51,0.7804,0.0,27.3283,0,0,True
2026-07-10,SUP_020,Shenzhen Boards,East Asia,Electronics,13,1.6,0.962,42.4,46.3,50.0,medium,85.37,19.63,999,439.05,86906,0,0.038,0.0375,0.2462,0.4357,0.5,0.7852,0.0,27.8615,0,0,True
2026-07-11,SUP_020,Shenzhen Boards,East Asia,Electronics,13,1.6,0.962,39.1,40.9,53.5,medium,85.19,19.8,999,439.05,86906,0,0.038,0.0375,0.2462,0.3964,0.535,0.792,0.0,27.7257,0,0,True
2026-07-12,SUP_020,Shenzhen Boards,East Asia,Electronics,13,1.6,0.962,38.3,38.3,45.2,medium,89.86,19.89,999,439.05,86906,0,0.038,0.0375,0.2462,0.383,0.452,0.7956,0.0,26.3657,0,0,True
2026-07-13,SUP_020,Shenzhen Boards,East Asia,Electronics,13,1.6,0.962,32.7,28.9,38.6,low,87.81,19.99,999,439.05,86906,0,0.038,0.0375,0.2462,0.3156,0.386,0.7996,0.0,24.2765,0,0,True
2026-07-14,SUP_020,Shenzhen Boards,East Asia,Electronics,13,1.6,0.962,32.2,34.3,44.6,medium,87.62,20.1,999,439.05,86906,0,0.038,0.0375,0.2462,0.3283,0.446,0.804,0.0,25.3979,0,0,True
2026-07-15,SUP_020,Shenzhen Boards,East Asia,Electronics,13,1.6,0.962,45.9,27.9,44.4,medium,85.45,18.19,999,439.05,86906,0,0.038,0.0375,0.2462,0.405,0.444,0.7276,0.0,25.8337,0,0,True
2026-07-16,SUP_020,Shenzhen Boards,East Asia,Electronics,13,1.6,0.962,49.0,27.8,40.8,medium,84.86,18.64,999,439.05,86906,0,0.038,0.0375,0.2462,0.4264,0.408,0.7456,0.0,25.9309,0,0,True
2026-07-17,SUP_020,Shenzhen Boards,East Asia,Electronics,13,1.6,0.962,46.7,32.3,41.1,medium,84.33,17.75,999,439.05,86906,0,0.038,0.0375,0.2462,0.4238,0.411,0.71,0.0,25.4989,0,0,True
2026-07-18,SUP_020,Shenzhen Boards,East Asia,Electronics,13,1.6,0.962,43.1,37.1,56.8,medium,85.62,17.84,999,439.05,86906,0,0.038,0.0375,0.2462,0.413,0.568,0.7136,0.0,27.5457,0,0,True
2026-07-19,SUP_020,Shenzhen Boards,East Asia,Electronics,13,1.6,0.962,42.7,27.5,49.8,medium,84.93,15.36,999,439.05,86906,0,0.038,0.0375,0.2462,0.3814,0.498,0.6144,0.0,24.8065,0,0,True
2026-07-20,SUP_020,Shenzhen Boards,East Asia,Electronics,13,1.6,0.962,43.2,28.1,44.2,medium,84.64,15.43,999,439.05,86906,0,0.038,0.0375,0.2462,0.3867,0.442,0.6172,0.0,24.1515,0,0,True
2026-07-21,SUP_020,Shenzhen Boards,East Asia,Electronics,13,1.6,0.962,41.1,31.6,28.6,low,83.99,14.65,999,439.05,86906,0,0.038,0.0375,0.2462,0.3825,0.286,0.586,0.0,21.5175,0,0,True
2026-07-22,SUP_020,Shenzhen Boards,East Asia,Electronics,13,1.6,0.962,43.7,32.3,32.3,low,81.85,17.14,999,439.05,86906,0,0.038,0.0375,0.2462,0.4028,0.323,0.6856,0.0,23.5961,0,0,True
2026-07-23,SUP_020,Shenzhen Boards,East Asia,Electronics,13,1.6,0.962,38.9,39.8,41.6,medium,80.86,18.36,999,439.05,86906,0,0.038,0.0375,0.2462,0.3917,0.416,0.7344,0.0,25.2839,0,0,True
2026-07-24,SUP_020,Shenzhen Boards,East Asia,Electronics,13,1.6,0.962,34.9,34.8,50.2,medium,80.28,19.13,999,439.05,86906,0,0.038,0.0375,0.2462,0.3487,0.502,0.7652,0.0,26.0835,0,0,True
2026-07-25,SUP_020,Shenzhen Boards,East Asia,Electronics,13,1.6,0.962,37.7,24.0,49.9,medium,80.39,16.37,999,439.05,86906,0,0.038,0.0375,0.2462,0.3359,0.499,0.6548,0.0,24.4863,0,0,True
2026-07-26,SUP_020,Shenzhen Boards,East Asia,Electronics,13,1.6,0.962,32.8,29.9,57.5,medium,81.24,15.28,999,439.05,86906,0,0.038,0.0375,0.2462,0.3193,0.575,0.6112,0.0,24.7283,0,0,True
2026-07-27,SUP_020,Shenzhen Boards,East Asia,Electronics,13,1.6,0.962,37.6,27.9,61.2,medium,80.89,12.75,999,439.05,86906,0,0.038,0.0375,0.2462,0.3469,0.612,0.51,0.0,24.5287,0,0,True
2026-07-28,SUP_020,Shenzhen Boards,East Asia,Electronics,13,1.6,0.962,38.2,19.7,67.4,high,80.5,12.8,999,439.05,86906,0,0.038,0.0375,0.2462,0.3265,0.674,0.512,0.0,25.0535,0,0,True
2026-07-29,SUP_020,Shenzhen Boards,East Asia,Electronics,13,1.6,0.962,30.1,21.1,70.9,high,77.88,15.66,999,439.05,86906,0,0.038,0.0375,0.2462,0.274,0.709,0.6264,0.0,25.9713,0,0,True
2026-07-30,SUP_020,Shenzhen Boards,East Asia,Electronics,13,1.6,0.962,32.4,29.7,79.0,high,78.7,15.72,999,439.05,86906,0,0.038,0.0375,0.2462,0.3159,0.79,0.6288,0.0,27.8883,0,0,True
2026-07-31,SUP_020,Shenzhen Boards,East Asia,Electronics,13,1.6,0.962,25.9,23.8,68.9,high,77.65,16.07,999,439.05,86906,0,0.038,0.0375,0.2462,0.2527,0.689,0.6428,0.0,25.5047,0,0,True
2026-08-01,SUP_020,Shenzhen Boards,East Asia,Electronics,13,1.6,0.962,31.6,37.8,50.6,medium,78.78,16.14,999,439.05,86906,0,0.038,0.0375,0.2462,0.3346,0.506,0.6456,0.0,24.4505,0,0,True
2026-08-02,SUP_020,Shenzhen Boards,East Asia,Electronics,13,1.6,0.962,32.0,33.0,55.4,medium,80.79,16.18,999,439.05,86906,0,0.038,0.0375,0.2462,0.323,0.554,0.6472,0.0,24.9329,0,0,True
2026-08-03,SUP_020,Shenzhen Boards,East Asia,Electronics,13,1.6,0.962,42.2,33.7,60.0,medium,80.5,15.76,999,439.05,86906,0,0.038,0.0375,0.2462,0.3965,0.6,0.6304,0.0,26.6983,0,0,True
2026-08-04,SUP_020,Shenzhen Boards,East Asia,Electronics,13,1.6,0.962,47.3,27.5,70.8,high,78.94,14.66,999,439.05,86906,0,0.038,0.0375,0.2462,0.4136,0.708,0.5864,0.0,27.9901,0,0,True
2026-08-05,SUP_020,Shenzhen Boards,East Asia,Electronics,13,1.6,0.962,41.5,28.9,76.2,high,78.92,14.72,999,439.05,86906,0,0.038,0.0375,0.2462,0.3772,0.762,0.5888,0.0,28.1197,0,0,True
2026-08-06,SUP_020,Shenzhen Boards,East Asia,Electronics,13,1.6,0.962,32.0,29.1,86.4,high,79.45,14.78,999,439.05,86906,0,0.038,0.0375,0.2462,0.3113,0.864,0.5912,0.0,28.3903,0,0,True
2026-08-07,SUP_020,Shenzhen Boards,East Asia,Electronics,13,1.6,0.962,29.9,22.1,81.8,high,78.97,14.82,999,439.05,86906,0,0.038,0.0375,0.2462,0.2756,0.818,0.5928,0.0,27.1229,0,0,True
2026-08-08,SUP_020,Shenzhen Boards,East Asia,Electronics,13,1.6,0.962,25.9,38.9,74.7,high,78.11,14.86,999,439.05,86906,0,0.038,0.0375,0.2462,0.298,0.747,0.5944,0.0,26.5513,0,0,True
2026-08-09,SUP_020,Shenzhen Boards,East Asia,Electronics,13,1.6,0.962,37.0,35.7,54.5,medium,78.97,14.9,999,439.05,86906,0,0.038,0.0375,0.2462,0.3661,0.545,0.596,0.0,24.9683,0,0,True
2026-08-10,SUP_020,Shenzhen Boards,East Asia,Electronics,13,1.6,0.962,37.7,33.0,55.0,medium,79.72,14.94,999,439.05,86906,0,0.038,0.0375,0.2462,0.3629,0.55,0.5976,0.0,24.9999,0,0,True
2026-08-11,SUP_020,Shenzhen Boards,East Asia,Electronics,13,1.6,0.962,42.8,38.4,47.4,medium,79.2,12.48,999,439.05,86906,0,0.038,0.0375,0.2462,0.4148,0.474,0.4992,0.0,23.6893,0,0,True
2026-08-12,SUP_020,Shenzhen Boards,East Asia,Electronics,13,1.6,0.962,41.3,47.5,48.7,medium,76.68,13.5,999,439.05,86906,0,0.038,0.0375,0.2462,0.4316,0.487,0.54,0.0,24.6633,0,0,True
2026-08-13,SUP_020,Shenzhen Boards,East Asia,Electronics,13,1.6,0.962,40.5,51.5,48.3,medium,77.37,11.08,999,439.05,86906,0,0.038,0.0375,0.2462,0.438,0.483,0.4432,0.0,23.5609,0,0,True
2026-08-14,SUP_020,Shenzhen Boards,East Asia,Electronics,13,1.6,0.962,40.6,42.7,51.8,medium,76.21,11.71,999,439.05,86906,0,0.038,0.0375,0.2462,0.4123,0.518,0.4684,0.0,23.8907,0,0,True
2026-08-15,SUP_020,Shenzhen Boards,East Asia,Electronics,13,1.6,0.962,46.1,42.7,49.2,medium,76.53,11.75,999,439.05,86906,0,0.038,0.0375,0.2462,0.4508,0.492,0.47,0.0,24.2389,0,0,True
2026-08-16,SUP_020,Shenzhen Boards,East Asia,Electronics,13,1.6,0.962,46.9,31.6,56.8,medium,76.76,11.79,999,439.05,86906,0,0.038,0.0375,0.2462,0.4231,0.568,0.4716,0.0,24.8235,0,0,True
2026-08-17,SUP_020,Shenzhen Boards,East Asia,Electronics,13,1.6,0.962,41.2,36.9,28.7,low,73.89,13.9,999,439.05,86906,0,0.038,0.0375,0.2462,0.3991,0.287,0.556,0.0,21.4703,0,0,True
2026-08-18,SUP_020,Shenzhen Boards,East Asia,Electronics,13,1.6,0.962,49.0,28.0,34.5,low,74.01,13.59,999,439.05,86906,0,0.038,0.0375,0.2462,0.427,0.345,0.5436,0.0,22.6357,0,1,True
2026-08-19,SUP_020,Shenzhen Boards,East Asia,Electronics,13,1.6,0.962,46.6,24.8,48.3,medium,74.79,12.82,999,439.05,86906,0,0.038,0.0375,0.2462,0.4006,0.483,0.5128,0.0,23.7229,0,1,True
2026-08-20,SUP_020,Shenzhen Boards,East Asia,Electronics,13,1.6,0.962,43.7,26.3,64.8,medium,75.76,10.14,999,439.05,86906,0,0.038,0.0375,0.2462,0.3848,0.648,0.4056,0.0,24.4621,0,1,True
2026-08-21,SUP_020,Shenzhen Boards,East Asia,Electronics,13,1.6,0.962,30.0,30.0,66.6,high,75.94,9.39,999,439.05,86906,0,0.038,0.0375,0.2462,0.3,0.666,0.3756,0.0,22.8277,0,1,True
2026-08-22,SUP_020,Shenzhen Boards,East Asia,Electronics,13,1.6,0.962,34.8,29.3,76.8,high,72.93,10.65,999,439.05,86906,0,0.038,0.0375,0.2462,0.3315,0.768,0.426,0.0,25.4275,0,1,True
2026-08-23,SUP_020,Shenzhen Boards,East Asia,Electronics,13,1.6,0.962,36.4,38.2,70.4,high,74.88,10.68,999,439.05,86906,0,0.038,0.0375,0.2462,0.3694,0.704,0.4272,0.0,25.2281,0,1,True
2026-08-24,SUP_020,Shenzhen Boards,East Asia,Electronics,13,1.6,0.962,37.7,41.5,64.1,medium,75.5,10.7,999,439.05,86906,0,0.038,0.0375,0.2462,0.3884,0.641,0.428,0.0,24.6977,0,1,True
2026-08-25,SUP_020,Shenzhen Boards,East Asia,Electronics,13,1.6,0.962,36.4,43.9,64.2,medium,73.67,10.28,999,439.05,86906,0,0.038,0.0375,0.2462,0.3865,0.642,0.4112,0.0,24.4759,1,1,True
2026-08-26,SUP_020,Shenzhen Boards,East Asia,Electronics,13,1.6,0.962,34.6,36.1,59.4,medium,72.47,10.78,1,439.05,86906,0,0.038,0.0375,0.2462,0.3505,0.594,0.4312,0.9672,38.8714,0,1,True
2026-08-27,SUP_020,Shenzhen Boards,East Asia,Electronics,13,1.6,0.962,33.9,44.9,48.5,medium,72.82,10.82,2,439.05,86906,0,0.038,0.0375,0.2462,0.372,0.485,0.4328,0.9355,37.2443,0,1,True
2026-08-28,SUP_020,Shenzhen Boards,East Asia,Electronics,13,1.6,0.962,37.3,39.2,79.8,high,73.86,10.84,3,439.05,86906,0,0.038,0.0375,0.2462,0.3787,0.798,0.4336,0.9048,41.2657,0,1,True
2026-08-29,SUP_020,Shenzhen Boards,East Asia,Electronics,13,1.6,0.962,41.1,47.7,70.1,high,73.11,10.87,4,439.05,86906,0,0.038,0.0375,0.2462,0.4308,0.701,0.4348,0.8752,40.3853,0,1,True
2026-08-30,SUP_020,Shenzhen Boards,East Asia,Electronics,13,1.6,0.962,40.1,56.5,77.9,high,74.37,10.88,5,439.05,86906,0,0.038,0.0375,0.2462,0.4502,0.779,0.4352,0.8465,41.3722,1,1,True
2026-08-31,SUP_020,Shenzhen Boards,East Asia,Electronics,13,1.6,0.962,44.9,55.9,79.0,high,71.64,12.0,1,439.05,86906,0,0.038,0.0375,0.2462,0.482,0.79,0.48,0.9672,44.568,0,1,True
2026-09-01,SUP_020,Shenzhen Boards,East Asia,Electronics,13,1.6,0.962,44.1,58.2,76.4,high,70.06,13.76,2,439.05,86906,0,0.038,0.0375,0.2462,0.4833,0.764,0.5504,0.9355,44.5649,0,1,True
2026-09-02,SUP_020,Shenzhen Boards,East Asia,Electronics,13,1.6,0.962,41.4,38.5,72.6,high,70.0,12.87,3,439.05,86906,0,0.038,0.0375,0.2462,0.4053,0.726,0.5148,0.9048,41.7109,1,0,True
2026-09-03,SUP_020,Shenzhen Boards,East Asia,Electronics,13,1.6,0.962,42.4,37.0,79.6,high,70.0,12.92,1,439.05,86906,0,0.038,0.0375,0.2462,0.4078,0.796,0.5168,0.9672,43.758,0,0,True
2026-09-04,SUP_020,Shenzhen Boards,East Asia,Electronics,13,1.6,0.962,35.9,42.5,50.5,medium,70.0,12.97,2,439.05,86906,0,0.038,0.0375,0.2462,0.3788,0.505,0.5188,0.9355,38.6787,0,0,True
2026-09-05,SUP_020,Shenzhen Boards,East Asia,Electronics,13,1.6,0.962,37.9,46.2,38.6,low,70.98,13.02,3,439.05,86906,0,0.038,0.0375,0.2462,0.4039,0.386,0.5208,0.9048,36.9977,0,0,True
2026-09-06,SUP_020,Shenzhen Boards,East Asia,Electronics,13,1.6,0.962,31.2,38.1,28.3,low,71.33,13.07,4,439.05,86906,0,0.038,0.0375,0.2462,0.3327,0.283,0.5228,0.8752,33.8235,0,0,True
2026-09-07,SUP_020,Shenzhen Boards,East Asia,Electronics,13,1.6,0.962,28.0,36.1,41.3,medium,70.36,13.11,5,439.05,86906,0,0.038,0.0375,0.2462,0.3043,0.413,0.5244,0.8465,34.6924,0,0,True
2026-09-08,SUP_020,Shenzhen Boards,East Asia,Electronics,13,1.6,0.962,20.5,22.6,64.3,medium,70.02,13.17,6,439.05,86906,0,0.038,0.0375,0.2462,0.2113,0.643,0.5268,0.8187,35.8232,0,0,True
2026-09-09,SUP_020,Shenzhen Boards,East Asia,Electronics,13,1.6,0.962,22.9,26.6,73.3,high,70.74,12.51,7,439.05,86906,0,0.038,0.0375,0.2462,0.2401,0.733,0.5004,0.7919,36.8554,0,0,True
2026-09-10,SUP_020,Shenzhen Boards,East Asia,Electronics,13,1.6,0.962,33.4,17.9,89.9,high,70.0,10.07,8,439.05,86906,0,0.038,0.0375,0.2462,0.2875,0.899,0.4028,0.7659,38.446,0,0,True
2026-09-11,SUP_020,Shenzhen Boards,East Asia,Electronics,13,1.6,0.962,34.1,26.5,100.0,high,70.0,10.1,9,439.05,86906,0,0.038,0.0375,0.2462,0.3182,1.0,0.404,0.7408,40.0252,0,0,True
2026-09-12,SUP_020,Shenzhen Boards,East Asia,Electronics,13,1.6,0.962,38.4,34.0,100.0,high,70.0,9.29,10,439.05,86906,0,0.038,0.0375,0.2462,0.3708,1.0,0.3716,0.7165,40.1946,0,0,True
2026-09-13,SUP_020,Shenzhen Boards,East Asia,Electronics,13,1.6,0.962,50.1,31.6,100.0,high,70.0,9.32,11,439.05,86906,0,0.038,0.0375,0.2462,0.4455,1.0,0.3728,0.693,41.1778,0,0,True
2026-09-14,SUP_020,Shenzhen Boards,East Asia,Electronics,13,1.6,0.962,50.8,34.9,100.0,high,70.0,9.35,12,439.05,86906,0,0.038,0.0375,0.2462,0.4603,1.0,0.374,0.6703,41.0951,0,0,True
2026-09-15,SUP_020,Shenzhen Boards,East Asia,Electronics,13,1.6,0.962,45.8,33.8,52.7,medium,70.0,8.24,13,439.05,86906,0,0.038,0.0375,0.2462,0.422,0.527,0.3296,0.6483,32.8992,0,0,True
2026-09-16,SUP_020,Shenzhen Boards,East Asia,Electronics,13,1.6,0.962,42.3,35.2,46.5,medium,70.0,8.25,14,439.05,86906,0,0.038,0.0375,0.2462,0.4017,0.465,0.33,0.6271,31.3306,0,0,True
2026-09-17,SUP_020,Shenzhen Boards,East Asia,Electronics,13,1.6,0.962,42.2,29.1,54.0,medium,70.0,8.27,15,439.05,86906,0,0.038,0.0375,0.2462,0.3827,0.54,0.3308,0.6065,31.7192,0,0,False
2026-09-18,SUP_020,Shenzhen Boards,East Asia,Electronics,13,1.6,0.962,39.2,33.3,48.6,medium,70.0,8.29,16,439.05,86906,0,0.038,0.0375,0.2462,0.3743,0.486,0.3316,0.5866,30.5035,0,0,False
2026-09-19,SUP_020,Shenzhen Boards,East Asia,Electronics,13,1.6,0.962,37.0,24.9,59.2,medium,70.0,8.31,17,439.05,86906,0,0.038,0.0375,0.2462,0.3337,0.592,0.3324,0.5674,30.9586,0,0,False
2026-09-20,SUP_020,Shenzhen Boards,East Asia,Electronics,13,1.6,0.962,42.4,16.8,55.3,medium,70.47,7.71,18,439.05,86906,0,0.038,0.0375,0.2462,0.3472,0.553,0.3084,0.5488,30.0699,0,0,False
2026-09-21,SUP_020,Shenzhen Boards,East Asia,Electronics,13,1.6,0.962,47.2,18.9,53.9,medium,70.28,7.72,19,439.05,86906,0,0.038,0.0375,0.2462,0.3871,0.539,0.3088,0.5308,30.309,0,0,False
2026-09-22,SUP_020,Shenzhen Boards,East Asia,Electronics,13,1.6,0.962,38.6,20.2,49.2,medium,70.22,7.74,20,439.05,86906,0,0.038,0.0375,0.2462,0.3308,0.492,0.3096,0.5134,28.3688,0,0,False
2026-09-23,SUP_020,Shenzhen Boards,East Asia,Electronics,13,1.6,0.962,35.2,23.8,43.3,medium,72.54,6.16,21,439.05,86906,0,0.038,0.0375,0.2462,0.3178,0.433,0.2464,0.4966,26.2811,0,0,False
2026-06-01,SUP_021,Baltic Chemicals,Europe,Chemicals,31,0.9,0.571,13.1,16.6,13.6,low,98.88,0.0,999,30.11,91611,1,0.429,0.2625,0.0581,0.1415,0.136,0.0,0.0,16.2366,0,0,True
2026-06-02,SUP_021,Baltic Chemicals,Europe,Chemicals,31,0.9,0.571,7.5,21.6,9.9,low,98.33,0.0,999,30.11,91611,1,0.429,0.2625,0.0581,0.1173,0.099,0.0,0.0,15.283,0,0,True
2026-06-03,SUP_021,Baltic Chemicals,Europe,Chemicals,31,0.9,0.571,10.3,18.3,15.4,low,101.18,0.0,999,30.11,91611,1,0.429,0.2625,0.0581,0.127,0.154,0.0,0.0,16.2276,0,0,True
2026-06-04,SUP_021,Baltic Chemicals,Europe,Chemicals,31,0.9,0.571,16.5,20.5,26.2,low,102.74,0.0,999,30.11,91611,1,0.429,0.2625,0.0581,0.177,0.262,0.0,0.0,18.6396,0,0,True
2026-06-05,SUP_021,Baltic Chemicals,Europe,Chemicals,31,0.9,0.571,18.5,23.3,15.1,low,103.62,5.24,999,30.11,91611,1,0.429,0.2625,0.0581,0.1994,0.151,0.2096,0.0,20.004,0,0,True
2026-06-06,SUP_021,Baltic Chemicals,Europe,Chemicals,31,0.9,0.571,17.9,26.4,15.7,low,104.21,5.79,999,30.11,91611,1,0.429,0.2625,0.0581,0.2045,0.157,0.2316,0.0,20.4438,0,0,True
2026-06-07,SUP_021,Baltic Chemicals,Europe,Chemicals,31,0.9,0.571,11.1,32.6,15.8,low,103.95,5.77,999,30.11,91611,1,0.429,0.2625,0.0581,0.1755,0.158,0.2308,0.0,19.9262,0,0,True
2026-06-08,SUP_021,Baltic Chemicals,Europe,Chemicals,31,0.9,0.571,11.8,37.3,22.0,low,107.03,8.49,999,30.11,91611,1,0.429,0.2625,0.0581,0.1945,0.22,0.3396,0.0,22.4418,0,0,True
2026-06-09,SUP_021,Baltic Chemicals,Europe,Chemicals,31,0.9,0.571,18.6,38.0,22.6,low,108.27,9.64,999,30.11,91611,1,0.429,0.2625,0.0581,0.2442,0.226,0.3856,0.0,23.9724,0,0,True
2026-06-10,SUP_021,Baltic Chemicals,Europe,Chemicals,31,0.9,0.571,12.7,35.2,18.2,low,107.11,9.6,999,30.11,91611,1,0.429,0.2625,0.0581,0.1945,0.182,0.384,0.0,22.4426,0,0,True
2026-06-11,SUP_021,Baltic Chemicals,Europe,Chemicals,31,0.9,0.571,12.3,35.8,31.4,low,104.96,9.59,999,30.11,91611,1,0.429,0.2625,0.0581,0.1935,0.314,0.3836,0.0,24.2678,0,0,True
2026-06-12,SUP_021,Baltic Chemicals,Europe,Chemicals,31,0.9,0.571,11.3,32.5,24.8,low,105.83,9.57,999,30.11,91611,1,0.429,0.2625,0.0581,0.1766,0.248,0.3828,0.0,23.03,0,0,True
2026-06-13,SUP_021,Baltic Chemicals,Europe,Chemicals,31,0.9,0.571,9.0,31.8,22.2,low,105.75,9.56,999,30.11,91611,1,0.429,0.2625,0.0581,0.1584,0.222,0.3824,0.0,22.3336,0,0,True
2026-06-14,SUP_021,Baltic Chemicals,Europe,Chemicals,31,0.9,0.571,11.5,46.1,8.1,low,103.54,9.56,999,30.11,91611,1,0.429,0.2625,0.0581,0.2188,0.081,0.3824,0.0,21.4468,0,0,True
2026-06-15,SUP_021,Baltic Chemicals,Europe,Chemicals,31,0.9,0.571,14.6,45.4,5.8,low,104.2,9.56,999,30.11,91611,1,0.429,0.2625,0.0581,0.2384,0.058,0.3824,0.0,21.4776,0,0,True
2026-06-16,SUP_021,Baltic Chemicals,Europe,Chemicals,31,0.9,0.571,17.2,46.2,15.3,low,103.79,9.56,999,30.11,91611,1,0.429,0.2625,0.0581,0.259,0.153,0.3824,0.0,23.1784,0,0,True
2026-06-17,SUP_021,Baltic Chemicals,Europe,Chemicals,31,0.9,0.571,12.7,40.8,20.7,low,104.61,9.56,999,30.11,91611,1,0.429,0.2625,0.0581,0.2113,0.207,0.3824,0.0,23.0758,0,0,True
2026-06-18,SUP_021,Baltic Chemicals,Europe,Chemicals,31,0.9,0.571,5.7,45.3,27.3,low,105.29,9.55,999,30.11,91611,1,0.429,0.2625,0.0581,0.1758,0.273,0.382,0.0,23.356,0,0,True
2026-06-19,SUP_021,Baltic Chemicals,Europe,Chemicals,31,0.9,0.571,8.8,47.8,31.9,low,104.35,9.55,999,30.11,91611,1,0.429,0.2625,0.0581,0.205,0.319,0.382,0.0,24.5256,0,0,True
2026-06-20,SUP_021,Baltic Chemicals,Europe,Chemicals,31,0.9,0.571,7.7,49.9,49.5,medium,105.33,9.54,999,30.11,91611,1,0.429,0.2625,0.0581,0.2036,0.495,0.3816,0.0,26.9596,0,0,True
2026-06-21,SUP_021,Baltic Chemicals,Europe,Chemicals,31,0.9,0.571,18.0,48.8,36.4,low,104.56,9.54,999,30.11,91611,1,0.429,0.2625,0.0581,0.2724,0.364,0.3816,0.0,26.364,0,0,True
2026-06-22,SUP_021,Baltic Chemicals,Europe,Chemicals,31,0.9,0.571,26.9,52.2,18.6,low,103.89,9.54,999,30.11,91611,1,0.429,0.2625,0.0581,0.3449,0.186,0.3816,0.0,25.177,0,0,True
2026-06-23,SUP_021,Baltic Chemicals,Europe,Chemicals,31,0.9,0.571,35.0,56.3,10.5,low,103.07,9.55,999,30.11,91611,1,0.429,0.2625,0.0581,0.4139,0.105,0.382,0.0,25.2898,0,0,True
2026-06-24,SUP_021,Baltic Chemicals,Europe,Chemicals,31,0.9,0.571,28.0,54.6,7.6,low,104.81,9.55,999,30.11,91611,1,0.429,0.2625,0.0581,0.3598,0.076,0.382,0.0,23.91,0,0,True
2026-06-25,SUP_021,Baltic Chemicals,Europe,Chemicals,31,0.9,0.571,29.2,51.1,2.9,low,104.38,9.54,999,30.11,91611,1,0.429,0.2625,0.0581,0.3577,0.029,0.3816,0.0,23.2094,0,0,True
2026-06-26,SUP_021,Baltic Chemicals,Europe,Chemicals,31,0.9,0.571,31.7,53.4,9.3,low,106.5,9.54,999,30.11,91611,1,0.429,0.2625,0.0581,0.3821,0.093,0.3816,0.0,24.5446,0,0,True
2026-06-27,SUP_021,Baltic Chemicals,Europe,Chemicals,31,0.9,0.571,33.2,45.8,24.8,low,109.24,10.45,999,30.11,91611,1,0.429,0.2625,0.0581,0.3698,0.248,0.418,0.0,26.93,0,0,True
2026-06-28,SUP_021,Baltic Chemicals,Europe,Chemicals,31,0.9,0.571,29.2,40.4,39.1,low,108.11,10.43,999,30.11,91611,1,0.429,0.2625,0.0581,0.3256,0.391,0.4172,0.0,28.1268,0,0,True
2026-06-29,SUP_021,Baltic Chemicals,Europe,Chemicals,31,0.9,0.571,33.6,39.3,40.3,medium,103.61,10.44,999,30.11,91611,1,0.429,0.2625,0.0581,0.3531,0.403,0.4176,0.0,28.7946,0,0,True
2026-06-30,SUP_021,Baltic Chemicals,Europe,Chemicals,31,0.9,0.571,31.3,29.5,56.3,medium,105.22,10.44,999,30.11,91611,1,0.429,0.2625,0.0581,0.3076,0.563,0.4176,0.0,30.2156,0,0,True
2026-07-01,SUP_021,Baltic Chemicals,Europe,Chemicals,31,0.9,0.571,29.9,34.7,45.2,medium,104.69,10.42,999,30.11,91611,1,0.429,0.2625,0.0581,0.3134,0.452,0.4168,0.0,28.7564,0,0,True
2026-07-02,SUP_021,Baltic Chemicals,Europe,Chemicals,31,0.9,0.571,20.8,29.7,25.0,low,103.35,7.68,999,30.11,91611,1,0.429,0.2625,0.0581,0.2347,0.25,0.3072,0.0,23.1966,0,0,True
2026-07-03,SUP_021,Baltic Chemicals,Europe,Chemicals,31,0.9,0.571,23.5,28.0,34.8,low,102.45,6.47,999,30.11,91611,1,0.429,0.2625,0.0581,0.2485,0.348,0.2588,0.0,24.2362,0,0,True
2026-07-04,SUP_021,Baltic Chemicals,Europe,Chemicals,31,0.9,0.571,21.4,27.9,15.3,low,101.81,7.08,999,30.11,91611,1,0.429,0.2625,0.0581,0.2335,0.153,0.2832,0.0,21.529,0,0,True
2026-07-05,SUP_021,Baltic Chemicals,Europe,Chemicals,31,0.9,0.571,23.1,29.2,10.7,low,103.81,7.08,999,30.11,91611,1,0.429,0.2625,0.0581,0.2493,0.107,0.2832,0.0,21.1694,0,1,True
2026-07-06,SUP_021,Baltic Chemicals,Europe,Chemicals,31,0.9,0.571,23.4,28.2,19.1,low,104.05,7.08,999,30.11,91611,1,0.429,0.2625,0.0581,0.2484,0.191,0.2832,0.0,22.3292,0,1,True
2026-07-07,SUP_021,Baltic Chemicals,Europe,Chemicals,31,0.9,0.571,23.5,28.9,19.6,low,106.03,7.08,999,30.11,91611,1,0.429,0.2625,0.0581,0.2512,0.196,0.2832,0.0,22.4496,0,1,True
2026-07-08,SUP_021,Baltic Chemicals,Europe,Chemicals,31,0.9,0.571,22.4,29.5,19.2,low,106.79,7.08,999,30.11,91611,1,0.429,0.2625,0.0581,0.2453,0.192,0.2832,0.0,22.2874,0,1,True
2026-07-09,SUP_021,Baltic Chemicals,Europe,Chemicals,31,0.9,0.571,25.5,28.0,9.7,low,106.31,7.08,999,30.11,91611,1,0.429,0.2625,0.0581,0.2625,0.097,0.2832,0.0,21.267,0,1,True
2026-07-10,SUP_021,Baltic Chemicals,Europe,Chemicals,31,0.9,0.571,23.4,25.0,13.4,low,105.71,7.09,999,30.11,91611,1,0.429,0.2625,0.0581,0.2388,0.134,0.2836,0.0,21.3632,0,1,True
2026-07-11,SUP_021,Baltic Chemicals,Europe,Chemicals,31,0.9,0.571,15.7,32.2,25.6,low,106.58,7.08,999,30.11,91611,1,0.429,0.2625,0.0581,0.2065,0.256,0.2832,0.0,22.485,0,1,True
2026-07-12,SUP_021,Baltic Chemicals,Europe,Chemicals,31,0.9,0.571,18.8,21.5,25.7,low,107.84,7.08,999,30.11,91611,1,0.429,0.2625,0.0581,0.1961,0.257,0.2832,0.0,22.3118,1,0,True
2026-07-13,SUP_021,Baltic Chemicals,Europe,Chemicals,31,0.9,0.571,14.8,22.4,17.8,low,109.38,7.2,1,30.11,91611,1,0.429,0.2625,0.0581,0.1708,0.178,0.288,0.9672,36.2835,0,0,True
2026-07-14,SUP_021,Baltic Chemicals,Europe,Chemicals,31,0.9,0.571,9.0,21.9,8.0,low,108.97,7.19,2,30.11,91611,1,0.429,0.2625,0.0581,0.1287,0.08,0.2876,0.9355,33.6416,0,0,True
2026-07-15,SUP_021,Baltic Chemicals,Europe,Chemicals,31,0.9,0.571,5.5,26.0,4.8,low,109.24,7.18,3,30.11,91611,1,0.429,0.2625,0.0581,0.1165,0.048,0.2872,0.9048,32.4784,0,0,True
2026-07-16,SUP_021,Baltic Chemicals,Europe,Chemicals,31,0.9,0.571,8.7,19.7,13.5,low,110.14,7.88,4,30.11,91611,1,0.429,0.2625,0.0581,0.12,0.135,0.3152,0.8752,33.6208,0,0,True
2026-07-17,SUP_021,Baltic Chemicals,Europe,Chemicals,31,0.9,0.571,9.7,19.4,19.5,low,109.55,7.87,5,30.11,91611,1,0.429,0.2625,0.0581,0.1261,0.195,0.3148,0.8465,34.1068,0,0,True
2026-07-18,SUP_021,Baltic Chemicals,Europe,Chemicals,31,0.9,0.571,0.8,21.2,13.5,low,107.8,7.86,6,30.11,91611,1,0.429,0.2625,0.0581,0.0692,0.135,0.3144,0.8187,31.7937,0,0,True
2026-07-19,SUP_021,Baltic Chemicals,Europe,Chemicals,31,0.9,0.571,1.6,28.9,0.0,low,106.56,7.86,7,30.11,91611,1,0.429,0.2625,0.0581,0.0979,0.0,0.3144,0.7919,29.9909,0,0,True
2026-07-20,SUP_021,Baltic Chemicals,Europe,Chemicals,31,0.9,0.571,9.6,31.6,7.1,low,106.19,7.86,8,30.11,91611,1,0.429,0.2625,0.0581,0.162,0.071,0.3144,0.7659,31.7233,0,0,True
2026-07-21,SUP_021,Baltic Chemicals,Europe,Chemicals,31,0.9,0.571,8.7,25.8,3.2,low,107.21,7.85,9,30.11,91611,1,0.429,0.2625,0.0581,0.1383,0.032,0.314,0.7408,30.3441,0,0,True
2026-07-22,SUP_021,Baltic Chemicals,Europe,Chemicals,31,0.9,0.571,9.3,24.6,15.1,low,109.15,7.84,10,30.11,91611,1,0.429,0.2625,0.0581,0.1389,0.151,0.3136,0.7165,31.6275,0,0,True
2026-07-23,SUP_021,Baltic Chemicals,Europe,Chemicals,31,0.9,0.571,15.6,30.9,10.5,low,107.06,7.83,11,30.11,91611,1,0.429,0.2625,0.0581,0.2019,0.105,0.3132,0.693,31.7369,0,0,True
2026-07-24,SUP_021,Baltic Chemicals,Europe,Chemicals,31,0.9,0.571,19.7,25.2,5.0,low,106.14,7.82,12,30.11,91611,1,0.429,0.2625,0.0581,0.2135,0.05,0.3128,0.6703,30.8074,0,0,True
2026-07-25,SUP_021,Baltic Chemicals,Europe,Chemicals,31,0.9,0.571,43.0,26.2,11.4,low,105.59,7.82,13,30.11,91611,1,0.429,0.2625,0.0581,0.3796,0.114,0.3128,0.6483,34.3416,0,0,True
2026-07-26,SUP_021,Baltic Chemicals,Europe,Chemicals,31,0.9,0.571,28.9,27.5,36.7,low,106.81,7.82,14,30.11,91611,1,0.429,0.2625,0.0581,0.2848,0.367,0.3128,0.6271,35.8371,0,0,True
2026-07-27,SUP_021,Baltic Chemicals,Europe,Chemicals,31,0.9,0.571,38.3,26.6,40.7,medium,106.0,7.83,15,30.11,91611,1,0.429,0.2625,0.0581,0.3479,0.407,0.3132,0.6065,37.2087,0,0,True
2026-07-28,SUP_021,Baltic Chemicals,Europe,Chemicals,31,0.9,0.571,41.0,42.0,38.0,low,105.34,7.84,16,30.11,91611,1,0.429,0.2625,0.0581,0.413,0.38,0.3136,0.5866,37.6892,0,0,True
2026-07-29,SUP_021,Baltic Chemicals,Europe,Chemicals,31,0.9,0.571,52.0,38.8,38.1,low,103.17,7.84,17,30.11,91611,1,0.429,0.2625,0.0581,0.4804,0.381,0.3136,0.5674,38.6087,0,0,True
2026-07-30,SUP_021,Baltic Chemicals,Europe,Chemicals,31,0.9,0.571,46.0,40.6,18.6,low,103.91,7.84,18,30.11,91611,1,0.429,0.2625,0.0581,0.4438,0.186,0.3136,0.5488,34.9222,0,1,True
2026-07-31,SUP_021,Baltic Chemicals,Europe,Chemicals,31,0.9,0.571,36.3,35.7,9.8,low,103.66,7.84,19,30.11,91611,1,0.429,0.2625,0.0581,0.3612,0.098,0.3136,0.5308,31.9156,0,1,True
2026-08-01,SUP_021,Baltic Chemicals,Europe,Chemicals,31,0.9,0.571,36.4,38.4,0.0,low,102.65,7.84,20,30.11,91611,1,0.429,0.2625,0.0581,0.37,0.0,0.3136,0.5134,30.4235,0,1,True
2026-08-02,SUP_021,Baltic Chemicals,Europe,Chemicals,31,0.9,0.571,35.1,42.5,15.0,low,102.25,7.84,21,30.11,91611,1,0.429,0.2625,0.0581,0.3732,0.15,0.3136,0.4966,32.3118,0,1,True
2026-08-03,SUP_021,Baltic Chemicals,Europe,Chemicals,31,0.9,0.571,38.4,38.3,31.7,low,103.99,7.42,22,30.11,91611,1,0.429,0.2625,0.0581,0.3837,0.317,0.2968,0.4803,34.3767,0,1,True
2026-08-04,SUP_021,Baltic Chemicals,Europe,Chemicals,31,0.9,0.571,43.3,37.5,33.6,low,102.44,7.43,23,30.11,91611,1,0.429,0.2625,0.0581,0.4156,0.336,0.2972,0.4646,34.9698,0,1,True
2026-08-05,SUP_021,Baltic Chemicals,Europe,Chemicals,31,0.9,0.571,41.9,32.4,32.7,low,101.15,8.47,24,30.11,91611,1,0.429,0.2625,0.0581,0.3905,0.327,0.3388,0.4493,34.6475,0,1,True
2026-08-06,SUP_021,Baltic Chemicals,Europe,Chemicals,31,0.9,0.571,39.9,26.8,16.4,low,103.07,8.48,25,30.11,91611,1,0.429,0.2625,0.0581,0.3597,0.164,0.3392,0.4346,31.5802,1,0,True
2026-08-07,SUP_021,Baltic Chemicals,Europe,Chemicals,31,0.9,0.571,41.9,33.5,16.5,low,103.19,8.49,1,30.11,91611,1,0.429,0.2625,0.0581,0.3938,0.165,0.3396,0.9672,40.7347,0,0,True
2026-08-08,SUP_021,Baltic Chemicals,Europe,Chemicals,31,0.9,0.571,21.3,30.8,35.3,low,104.22,8.49,2,30.11,91611,1,0.429,0.2625,0.0581,0.2415,0.353,0.3396,0.9355,40.118,0,0,True
2026-08-09,SUP_021,Baltic Chemicals,Europe,Chemicals,31,0.9,0.571,19.2,18.7,33.9,low,104.84,8.5,3,30.11,91611,1,0.429,0.2625,0.0581,0.1905,0.339,0.34,0.9048,38.518,0,0,True
2026-08-10,SUP_021,Baltic Chemicals,Europe,Chemicals,31,0.9,0.571,23.9,30.4,26.5,low,104.79,8.5,4,30.11,91611,1,0.429,0.2625,0.0581,0.2585,0.265,0.34,0.8752,38.2314,0,1,True
2026-08-11,SUP_021,Baltic Chemicals,Europe,Chemicals,31,0.9,0.571,29.0,26.9,9.8,low,104.25,8.51,5,30.11,91611,1,0.429,0.2625,0.0581,0.2837,0.098,0.3404,0.8465,35.8928,0,1,True
2026-08-12,SUP_021,Baltic Chemicals,Europe,Chemicals,31,0.9,0.571,32.5,26.8,26.4,low,105.53,8.52,6,30.11,91611,1,0.429,0.2625,0.0581,0.3079,0.264,0.3408,0.8187,38.2131,0,1,True
2026-08-13,SUP_021,Baltic Chemicals,Europe,Chemicals,31,0.9,0.571,29.5,36.7,25.4,low,107.32,8.53,7,30.11,91611,1,0.429,0.2625,0.0581,0.3166,0.254,0.3412,0.7919,37.8051,0,1,True
2026-08-14,SUP_021,Baltic Chemicals,Europe,Chemicals,31,0.9,0.571,17.6,35.7,9.0,low,108.99,8.53,8,30.11,91611,1,0.429,0.2625,0.0581,0.2303,0.09,0.3412,0.7659,33.5403,0,1,True
2026-08-15,SUP_021,Baltic Chemicals,Europe,Chemicals,31,0.9,0.571,17.0,34.7,4.5,low,107.17,7.97,9,30.11,91611,1,0.429,0.2625,0.0581,0.2231,0.045,0.3188,0.7408,32.1101,0,1,True
2026-08-16,SUP_021,Baltic Chemicals,Europe,Chemicals,31,0.9,0.571,13.5,28.3,0.0,low,109.18,7.62,10,30.11,91611,1,0.429,0.2625,0.0581,0.1794,0.0,0.3048,0.7165,30.1369,0,1,True
2026-08-17,SUP_021,Baltic Chemicals,Europe,Chemicals,31,0.9,0.571,13.6,20.7,3.4,low,108.62,7.62,11,30.11,91611,1,0.429,0.2625,0.0581,0.1573,0.034,0.3048,0.693,29.8393,1,0,True
2026-08-18,SUP_021,Baltic Chemicals,Europe,Chemicals,31,0.9,0.571,11.1,22.0,10.7,low,107.46,7.62,1,30.11,91611,1,0.429,0.2625,0.0581,0.1437,0.107,0.3048,0.9672,35.0033,0,0,True
2026-08-19,SUP_021,Baltic Chemicals,Europe,Chemicals,31,0.9,0.571,12.0,25.8,9.6,low,107.2,7.62,2,30.11,91611,1,0.429,0.2625,0.0581,0.1614,0.096,0.3048,0.9355,34.6606,0,0,True
2026-08-20,SUP_021,Baltic Chemicals,Europe,Chemicals,31,0.9,0.571,8.0,28.8,20.6,low,108.48,7.61,3,30.11,91611,1,0.429,0.2625,0.0581,0.1424,0.206,0.3044,0.9048,35.363,0,0,True
2026-08-21,SUP_021,Baltic Chemicals,Europe,Chemicals,31,0.9,0.571,3.4,27.2,22.5,low,109.31,7.74,4,30.11,91611,1,0.429,0.2625,0.0581,0.1054,0.225,0.3096,0.8752,34.5508,0,0,True
2026-08-22,SUP_021,Baltic Chemicals,Europe,Chemicals,31,0.9,0.571,11.4,28.5,32.9,low,108.92,7.73,5,30.11,91611,1,0.429,0.2625,0.0581,0.1653,0.329,0.3092,0.8465,36.6212,0,0,True
2026-08-23,SUP_021,Baltic Chemicals,Europe,Chemicals,31,0.9,0.571,7.8,19.8,27.6,low,110.21,8.57,6,30.11,91611,1,0.429,0.2625,0.0581,0.114,0.276,0.3428,0.8187,34.9149,0,0,True
2026-08-24,SUP_021,Baltic Chemicals,Europe,Chemicals,31,0.9,0.571,9.3,24.5,55.2,medium,110.42,8.76,7,30.11,91611,1,0.429,0.2625,0.0581,0.1386,0.552,0.3504,0.7919,38.8835,0,0,True
2026-08-25,SUP_021,Baltic Chemicals,Europe,Chemicals,31,0.9,0.571,15.2,26.9,42.4,medium,109.54,8.75,8,30.11,91611,1,0.429,0.2625,0.0581,0.1871,0.424,0.35,0.7659,37.5443,0,0,True
2026-08-26,SUP_021,Baltic Chemicals,Europe,Chemicals,31,0.9,0.571,19.9,38.5,29.7,low,108.45,8.75,9,30.11,91611,1,0.429,0.2625,0.0581,0.2548,0.297,0.35,0.7408,36.5831,0,0,True
2026-08-27,SUP_021,Baltic Chemicals,Europe,Chemicals,31,0.9,0.571,23.4,38.0,19.0,low,109.08,8.74,10,30.11,91611,1,0.429,0.2625,0.0581,0.2778,0.19,0.3496,0.7165,35.1057,0,0,True
2026-08-28,SUP_021,Baltic Chemicals,Europe,Chemicals,31,0.9,0.571,24.0,32.6,18.6,low,108.96,8.72,11,30.11,91611,1,0.429,0.2625,0.0581,0.2658,0.186,0.3488,0.693,34.4483,0,0,True
2026-08-29,SUP_021,Baltic Chemicals,Europe,Chemicals,31,0.9,0.571,26.6,32.7,4.2,low,106.84,8.71,12,30.11,91611,1,0.429,0.2625,0.0581,0.2843,0.042,0.3484,0.6703,32.397,0,0,True
2026-08-30,SUP_021,Baltic Chemicals,Europe,Chemicals,31,0.9,0.571,31.8,31.3,12.2,low,108.14,8.7,13,30.11,91611,1,0.429,0.2625,0.0581,0.3165,0.122,0.348,0.6483,33.7402,0,0,True
2026-08-31,SUP_021,Baltic Chemicals,Europe,Chemicals,31,0.9,0.571,31.7,34.2,0.0,low,107.4,8.69,14,30.11,91611,1,0.429,0.2625,0.0581,0.3245,0.0,0.3476,0.6271,31.8313,0,0,True
2026-09-01,SUP_021,Baltic Chemicals,Europe,Chemicals,31,0.9,0.571,21.0,34.4,6.0,low,109.86,8.67,15,30.11,91611,1,0.429,0.2625,0.0581,0.2502,0.06,0.3468,0.6065,30.9953,0,0,True
2026-09-02,SUP_021,Baltic Chemicals,Europe,Chemicals,31,0.9,0.571,18.0,27.9,0.0,low,107.69,8.66,16,30.11,91611,1,0.429,0.2625,0.0581,0.2097,0.0,0.3464,0.5866,29.1034,0,0,True
2026-09-03,SUP_021,Baltic Chemicals,Europe,Chemicals,31,0.9,0.571,21.3,20.3,1.4,low,107.42,8.64,17,30.11,91611,1,0.429,0.2625,0.0581,0.21,0.014,0.3456,0.5674,28.9875,0,0,True
2026-09-04,SUP_021,Baltic Chemicals,Europe,Chemicals,31,0.9,0.571,17.8,23.9,12.9,low,106.34,6.84,18,30.11,91611,1,0.429,0.2625,0.0581,0.1963,0.129,0.2736,0.5488,29.1892,0,0,True
2026-09-05,SUP_021,Baltic Chemicals,Europe,Chemicals,31,0.9,0.571,25.5,32.9,37.3,low,104.84,6.73,19,30.11,91611,1,0.429,0.2625,0.0581,0.2772,0.373,0.2692,0.5308,33.7208,0,0,True
2026-09-06,SUP_021,Baltic Chemicals,Europe,Chemicals,31,0.9,0.571,24.1,33.6,24.2,low,104.09,5.89,20,30.11,91611,1,0.429,0.2625,0.0581,0.2695,0.242,0.2356,0.5134,31.0665,0,0,True
2026-09-07,SUP_021,Baltic Chemicals,Europe,Chemicals,31,0.9,0.571,23.6,38.1,23.0,low,106.81,5.88,21,30.11,91611,1,0.429,0.2625,0.0581,0.2795,0.23,0.2352,0.4966,30.8044,0,0,True
2026-09-08,SUP_021,Baltic Chemicals,Europe,Chemicals,31,0.9,0.571,28.1,43.0,16.8,low,107.03,5.88,22,30.11,91611,1,0.429,0.2625,0.0581,0.3257,0.168,0.2352,0.4803,30.5075,0,0,True
2026-09-09,SUP_021,Baltic Chemicals,Europe,Chemicals,31,0.9,0.571,25.7,43.2,10.8,low,105.81,5.88,23,30.11,91611,1,0.429,0.2625,0.0581,0.3095,0.108,0.2352,0.4646,29.124,0,0,True
2026-09-10,SUP_021,Baltic Chemicals,Europe,Chemicals,31,0.9,0.571,25.4,37.7,7.7,low,103.0,6.89,24,30.11,91611,1,0.429,0.2625,0.0581,0.2909,0.077,0.2756,0.4493,28.5963,0,0,True
2026-09-11,SUP_021,Baltic Chemicals,Europe,Chemicals,31,0.9,0.571,28.5,38.3,19.7,low,100.35,9.37,25,30.11,91611,1,0.429,0.2625,0.0581,0.3144,0.197,0.3748,0.4346,31.654,0,0,True
2026-09-12,SUP_021,Baltic Chemicals,Europe,Chemicals,31,0.9,0.571,20.0,44.2,16.5,low,99.52,10.16,26,30.11,91611,1,0.429,0.2625,0.0581,0.2726,0.165,0.4064,0.4204,30.6049,0,0,True
2026-09-13,SUP_021,Baltic Chemicals,Europe,Chemicals,31,0.9,0.571,18.3,45.6,39.4,low,98.55,11.1,27,30.11,91611,1,0.429,0.2625,0.0581,0.2649,0.394,0.444,0.4066,33.903,0,0,True
2026-09-14,SUP_021,Baltic Chemicals,Europe,Chemicals,31,0.9,0.571,22.2,47.9,68.2,high,98.2,11.46,28,30.11,91611,1,0.429,0.2625,0.0581,0.2991,0.682,0.4584,0.3932,38.5101,0,0,True
2026-09-15,SUP_021,Baltic Chemicals,Europe,Chemicals,31,0.9,0.571,21.9,43.6,55.2,medium,94.7,14.82,29,30.11,91611,1,0.429,0.2625,0.0581,0.2841,0.552,0.5928,0.3803,37.8266,0,0,True
2026-09-16,SUP_021,Baltic Chemicals,Europe,Chemicals,31,0.9,0.571,28.3,41.2,51.4,medium,94.56,15.01,30,30.11,91611,1,0.429,0.2625,0.0581,0.3217,0.514,0.6004,0.3679,37.8631,0,0,True
2026-09-17,SUP_021,Baltic Chemicals,Europe,Chemicals,31,0.9,0.571,19.3,39.6,44.5,medium,96.14,15.07,31,30.11,91611,1,0.429,0.2625,0.0581,0.2539,0.445,0.6028,0.3558,35.5125,0,0,False
2026-09-18,SUP_021,Baltic Chemicals,Europe,Chemicals,31,0.9,0.571,11.1,38.7,54.2,medium,98.64,15.11,32,30.11,91611,1,0.429,0.2625,0.0581,0.1938,0.542,0.6044,0.3442,35.6213,0,0,False
2026-09-19,SUP_021,Baltic Chemicals,Europe,Chemicals,31,0.9,0.571,15.7,44.3,38.8,low,95.72,15.17,33,30.11,91611,1,0.429,0.2625,0.0581,0.2428,0.388,0.6068,0.3329,34.1956,0,0,False
2026-09-20,SUP_021,Baltic Chemicals,Europe,Chemicals,31,0.9,0.571,20.2,30.5,30.1,low,94.49,15.31,34,30.11,91611,1,0.429,0.2625,0.0581,0.2329,0.301,0.6124,0.322,32.692,0,0,False
2026-09-21,SUP_021,Baltic Chemicals,Europe,Chemicals,31,0.9,0.571,18.9,31.4,1.9,low,93.17,16.66,35,30.11,91611,1,0.429,0.2625,0.0581,0.2265,0.019,0.6664,0.3114,29.1079,0,0,False
2026-09-22,SUP_021,Baltic Chemicals,Europe,Chemicals,31,0.9,0.571,20.7,31.5,14.0,low,93.4,16.75,36,30.11,91611,1,0.429,0.2625,0.0581,0.2394,0.14,0.67,0.3012,30.914,0,0,False
2026-09-23,SUP_021,Baltic Chemicals,Europe,Chemicals,31,0.9,0.571,23.8,24.8,28.2,low,91.52,17.92,37,30.11,91611,1,0.429,0.2625,0.0581,0.241,0.282,0.7168,0.2913,33.3344,0,0,False
2026-06-01,SUP_022,Cape Ferro,Africa,Raw Materials,80,14.5,0.661,70.1,39.4,43.9,medium,100.52,0.0,999,22.49,18289,0,0.339,0.875,0.3625,0.6089,0.439,0.0,0.0,36.2612,0,0,True
2026-06-02,SUP_022,Cape Ferro,Africa,Raw Materials,80,14.5,0.661,68.1,41.9,45.7,medium,100.66,0.0,999,22.49,18289,0,0.339,0.875,0.3625,0.6024,0.457,0.0,0.0,36.3962,0,0,True
2026-06-03,SUP_022,Cape Ferro,Africa,Raw Materials,80,14.5,0.661,65.5,46.6,43.2,medium,101.12,0.0,999,22.49,18289,0,0.339,0.875,0.3625,0.5983,0.432,0.0,0.0,35.9724,0,0,True
2026-06-04,SUP_022,Cape Ferro,Africa,Raw Materials,80,14.5,0.661,71.5,38.9,35.1,low,101.53,0.0,999,22.49,18289,0,0.339,0.875,0.3625,0.6172,0.351,0.0,0.0,35.1786,0,0,True
2026-06-05,SUP_022,Cape Ferro,Africa,Raw Materials,80,14.5,0.661,69.0,39.5,27.4,low,100.71,1.0,999,22.49,18289,0,0.339,0.875,0.3625,0.6015,0.274,0.04,0.0,34.298,0,0,True
2026-06-06,SUP_022,Cape Ferro,Africa,Raw Materials,80,14.5,0.661,68.8,36.9,46.5,medium,101.04,1.0,999,22.49,18289,0,0.339,0.875,0.3625,0.5923,0.465,0.04,0.0,36.8064,0,0,True
2026-06-07,SUP_022,Cape Ferro,Africa,Raw Materials,80,14.5,0.661,63.1,36.1,45.9,medium,101.74,1.21,999,22.49,18289,0,0.339,0.875,0.3625,0.55,0.459,0.0484,0.0,36.0618,0,0,True
2026-06-08,SUP_022,Cape Ferro,Africa,Raw Materials,80,14.5,0.661,55.4,40.5,54.9,medium,102.76,2.21,999,22.49,18289,0,0.339,0.875,0.3625,0.5093,0.549,0.0884,0.0,37.0692,0,0,True
2026-06-09,SUP_022,Cape Ferro,Africa,Raw Materials,80,14.5,0.661,52.5,44.8,64.0,medium,103.13,2.57,999,22.49,18289,0,0.339,0.875,0.3625,0.5019,0.64,0.1028,0.0,38.3828,0,0,True
2026-06-10,SUP_022,Cape Ferro,Africa,Raw Materials,80,14.5,0.661,63.2,50.7,54.2,medium,102.28,2.57,999,22.49,18289,0,0.339,0.875,0.3625,0.5945,0.542,0.1028,0.0,38.6776,0,0,True
2026-06-11,SUP_022,Cape Ferro,Africa,Raw Materials,80,14.5,0.661,65.0,50.6,54.6,medium,101.56,2.57,999,22.49,18289,0,0.339,0.875,0.3625,0.6068,0.546,0.1028,0.0,38.955,0,0,True
2026-06-12,SUP_022,Cape Ferro,Africa,Raw Materials,80,14.5,0.661,64.8,47.7,51.3,medium,101.17,2.57,999,22.49,18289,0,0.339,0.875,0.3625,0.5967,0.513,0.1028,0.0,38.3112,0,0,True
2026-06-13,SUP_022,Cape Ferro,Africa,Raw Materials,80,14.5,0.661,58.7,44.4,37.8,low,101.34,2.57,999,22.49,18289,0,0.339,0.875,0.3625,0.5441,0.378,0.1028,0.0,35.4744,0,0,True
2026-06-14,SUP_022,Cape Ferro,Africa,Raw Materials,80,14.5,0.661,62.5,33.9,36.6,low,101.23,2.57,999,22.49,18289,0,0.339,0.875,0.3625,0.5392,0.366,0.1028,0.0,35.2182,0,0,True
2026-06-15,SUP_022,Cape Ferro,Africa,Raw Materials,80,14.5,0.661,54.9,41.1,42.9,medium,100.24,2.85,999,22.49,18289,0,0.339,0.875,0.3625,0.5076,0.429,0.114,0.0,35.6658,0,0,True
2026-06-16,SUP_022,Cape Ferro,Africa,Raw Materials,80,14.5,0.661,47.5,38.5,37.6,low,99.24,3.84,999,22.49,18289,0,0.339,0.875,0.3625,0.448,0.376,0.1536,0.0,34.3262,0,0,True
2026-06-17,SUP_022,Cape Ferro,Africa,Raw Materials,80,14.5,0.661,46.0,40.6,35.2,low,97.38,5.69,999,22.49,18289,0,0.339,0.875,0.3625,0.4438,0.352,0.2276,0.0,34.8026,0,0,True
2026-06-18,SUP_022,Cape Ferro,Africa,Raw Materials,80,14.5,0.661,56.6,43.4,34.8,low,94.62,8.45,999,22.49,18289,0,0.339,0.875,0.3625,0.5264,0.348,0.338,0.0,37.5582,0,0,True
2026-06-19,SUP_022,Cape Ferro,Africa,Raw Materials,80,14.5,0.661,65.3,35.6,55.6,medium,94.5,8.6,999,22.49,18289,0,0.339,0.875,0.3625,0.5639,0.556,0.344,0.0,41.2172,0,0,True
2026-06-20,SUP_022,Cape Ferro,Africa,Raw Materials,80,14.5,0.661,61.7,30.6,34.7,low,96.55,8.62,999,22.49,18289,0,0.339,0.875,0.3625,0.5237,0.347,0.3448,0.0,37.5772,0,0,True
2026-06-21,SUP_022,Cape Ferro,Africa,Raw Materials,80,14.5,0.661,57.5,39.4,40.7,medium,98.15,8.62,999,22.49,18289,0,0.339,0.875,0.3625,0.5207,0.407,0.3448,0.0,38.3632,0,0,True
2026-06-22,SUP_022,Cape Ferro,Africa,Raw Materials,80,14.5,0.661,49.3,40.3,38.2,low,97.28,8.63,999,22.49,18289,0,0.339,0.875,0.3625,0.466,0.382,0.3452,0.0,37.0334,0,0,True
2026-06-23,SUP_022,Cape Ferro,Africa,Raw Materials,80,14.5,0.661,50.5,36.4,32.7,low,97.41,8.64,999,22.49,18289,0,0.339,0.875,0.3625,0.4627,0.327,0.3456,0.0,36.2088,0,0,True
2026-06-24,SUP_022,Cape Ferro,Africa,Raw Materials,80,14.5,0.661,52.0,35.6,32.0,low,96.11,8.66,999,22.49,18289,0,0.339,0.875,0.3625,0.4708,0.32,0.3464,0.0,36.2662,0,0,True
2026-06-25,SUP_022,Cape Ferro,Africa,Raw Materials,80,14.5,0.661,56.2,41.2,40.1,medium,94.95,8.67,999,22.49,18289,0,0.339,0.875,0.3625,0.517,0.401,0.3468,0.0,38.2366,0,0,True
2026-06-26,SUP_022,Cape Ferro,Africa,Raw Materials,80,14.5,0.661,60.3,45.2,46.8,medium,93.89,9.31,999,22.49,18289,0,0.339,0.875,0.3625,0.5577,0.468,0.3724,0.0,40.2144,0,0,True
2026-06-27,SUP_022,Cape Ferro,Africa,Raw Materials,80,14.5,0.661,58.6,35.9,46.8,medium,93.69,9.53,999,22.49,18289,0,0.339,0.875,0.3625,0.5179,0.468,0.3812,0.0,39.6036,0,0,True
2026-06-28,SUP_022,Cape Ferro,Africa,Raw Materials,80,14.5,0.661,60.7,44.4,55.2,medium,93.53,9.71,999,22.49,18289,0,0.339,0.875,0.3625,0.5581,0.552,0.3884,0.0,41.5896,0,0,True
2026-06-29,SUP_022,Cape Ferro,Africa,Raw Materials,80,14.5,0.661,56.5,48.1,63.2,medium,93.75,9.73,999,22.49,18289,0,0.339,0.875,0.3625,0.5398,0.632,0.3892,0.0,42.3898,0,0,True
2026-06-30,SUP_022,Cape Ferro,Africa,Raw Materials,80,14.5,0.661,58.8,45.3,64.9,medium,94.34,9.74,999,22.49,18289,0,0.339,0.875,0.3625,0.5475,0.649,0.3896,0.0,42.7712,0,0,True
2026-07-01,SUP_022,Cape Ferro,Africa,Raw Materials,80,14.5,0.661,55.8,37.5,53.7,medium,94.04,9.76,999,22.49,18289,0,0.339,0.875,0.3625,0.5031,0.537,0.3904,0.0,40.4136,0,0,True
2026-07-02,SUP_022,Cape Ferro,Africa,Raw Materials,80,14.5,0.661,57.9,42.7,54.8,medium,94.08,9.78,999,22.49,18289,0,0.339,0.875,0.3625,0.5334,0.548,0.3912,0.0,41.1226,0,0,True
2026-07-03,SUP_022,Cape Ferro,Africa,Raw Materials,80,14.5,0.661,59.3,44.0,55.7,medium,93.11,10.24,999,22.49,18289,0,0.339,0.875,0.3625,0.5471,0.557,0.4096,0.0,41.716,0,0,True
2026-07-04,SUP_022,Cape Ferro,Africa,Raw Materials,80,14.5,0.661,58.9,35.0,44.2,medium,91.92,11.49,999,22.49,18289,0,0.339,0.875,0.3625,0.5173,0.442,0.4596,0.0,40.1696,0,0,True
2026-07-05,SUP_022,Cape Ferro,Africa,Raw Materials,80,14.5,0.661,62.1,33.8,28.7,low,90.59,12.9,999,22.49,18289,0,0.339,0.875,0.3625,0.5361,0.287,0.516,0.0,39.0148,0,0,True
2026-07-06,SUP_022,Cape Ferro,Africa,Raw Materials,80,14.5,0.661,53.6,50.4,12.8,low,91.16,12.95,999,22.49,18289,0,0.339,0.875,0.3625,0.5264,0.128,0.518,0.0,36.6382,0,0,True
2026-07-07,SUP_022,Cape Ferro,Africa,Raw Materials,80,14.5,0.661,48.8,48.2,20.2,low,90.86,13.0,999,22.49,18289,0,0.339,0.875,0.3625,0.4862,0.202,0.52,0.0,36.9746,0,0,True
2026-07-08,SUP_022,Cape Ferro,Africa,Raw Materials,80,14.5,0.661,48.4,42.3,27.9,low,89.21,14.49,999,22.49,18289,0,0.339,0.875,0.3625,0.4657,0.279,0.5796,0.0,38.3988,0,0,True
2026-07-09,SUP_022,Cape Ferro,Africa,Raw Materials,80,14.5,0.661,42.6,35.9,20.0,low,89.15,13.74,999,22.49,18289,0,0.339,0.875,0.3625,0.4059,0.2,0.5496,0.0,35.8564,0,0,True
2026-07-10,SUP_022,Cape Ferro,Africa,Raw Materials,80,14.5,0.661,42.5,45.1,34.7,low,88.05,14.21,999,22.49,18289,0,0.339,0.875,0.3625,0.4328,0.347,0.5684,0.0,38.6242,0,1,True
2026-07-11,SUP_022,Cape Ferro,Africa,Raw Materials,80,14.5,0.661,42.6,48.1,37.4,low,89.52,14.03,999,22.49,18289,0,0.339,0.875,0.3625,0.4425,0.374,0.5612,0.0,39.0904,0,1,True
2026-07-12,SUP_022,Cape Ferro,Africa,Raw Materials,80,14.5,0.661,50.7,53.5,87.6,high,89.0,14.09,999,22.49,18289,0,0.339,0.875,0.3625,0.5154,0.876,0.5636,0.0,47.4594,0,1,True
2026-07-13,SUP_022,Cape Ferro,Africa,Raw Materials,80,14.5,0.661,52.0,52.0,88.3,high,89.61,14.04,999,22.49,18289,0,0.339,0.875,0.3625,0.52,0.883,0.5616,0.0,47.6162,0,1,True
2026-07-14,SUP_022,Cape Ferro,Africa,Raw Materials,80,14.5,0.661,57.3,56.1,75.6,high,90.57,13.03,999,22.49,18289,0,0.339,0.875,0.3625,0.5694,0.756,0.5212,0.0,46.2426,0,1,True
2026-07-15,SUP_022,Cape Ferro,Africa,Raw Materials,80,14.5,0.661,58.4,48.5,80.2,high,89.73,12.01,999,22.49,18289,0,0.339,0.875,0.3625,0.5543,0.802,0.4804,0.0,46.1252,0,1,True
2026-07-16,SUP_022,Cape Ferro,Africa,Raw Materials,80,14.5,0.661,55.4,47.3,85.6,high,89.79,10.87,999,22.49,18289,0,0.339,0.875,0.3625,0.5297,0.856,0.4348,0.0,45.8912,0,1,True
2026-07-17,SUP_022,Cape Ferro,Africa,Raw Materials,80,14.5,0.661,55.9,47.0,78.4,high,90.28,10.9,999,22.49,18289,0,0.339,0.875,0.3625,0.5323,0.784,0.436,0.0,44.9444,1,1,True
2026-07-18,SUP_022,Cape Ferro,Africa,Raw Materials,80,14.5,0.661,59.3,52.5,64.7,medium,90.39,10.92,1,22.49,18289,0,0.339,0.875,0.3625,0.5726,0.647,0.4368,0.9672,59.2369,1,0,True
2026-07-19,SUP_022,Cape Ferro,Africa,Raw Materials,80,14.5,0.661,64.3,51.5,31.7,low,90.71,10.93,1,22.49,18289,0,0.339,0.875,0.3625,0.6046,0.317,0.4372,0.9672,55.1977,0,0,True
2026-07-20,SUP_022,Cape Ferro,Africa,Raw Materials,80,14.5,0.661,62.3,45.7,24.5,low,89.53,10.96,2,22.49,18289,0,0.339,0.875,0.3625,0.5732,0.245,0.4384,0.9355,53.1315,0,0,True
2026-07-21,SUP_022,Cape Ferro,Africa,Raw Materials,80,14.5,0.661,53.4,44.5,38.8,low,90.02,10.19,3,22.49,18289,0,0.339,0.875,0.3625,0.5073,0.388,0.4076,0.9048,53.087,0,0,True
2026-07-22,SUP_022,Cape Ferro,Africa,Raw Materials,80,14.5,0.661,45.5,34.2,35.3,low,89.59,10.22,4,22.49,18289,0,0.339,0.875,0.3625,0.4211,0.353,0.4088,0.8752,50.5852,0,0,True
2026-07-23,SUP_022,Cape Ferro,Africa,Raw Materials,80,14.5,0.661,45.3,22.1,52.4,medium,89.9,8.82,5,22.49,18289,0,0.339,0.875,0.3625,0.3834,0.524,0.3528,0.8465,51.1695,0,0,True
2026-07-24,SUP_022,Cape Ferro,Africa,Raw Materials,80,14.5,0.661,35.7,28.4,29.7,low,90.71,7.57,6,22.49,18289,0,0.339,0.875,0.3625,0.3351,0.297,0.3028,0.8187,46.0781,0,0,True
2026-07-25,SUP_022,Cape Ferro,Africa,Raw Materials,80,14.5,0.661,47.1,27.4,33.5,low,91.3,6.91,7,22.49,18289,0,0.339,0.875,0.3625,0.4119,0.335,0.2764,0.7919,47.2462,0,0,True
2026-07-26,SUP_022,Cape Ferro,Africa,Raw Materials,80,14.5,0.661,51.1,27.2,48.4,medium,91.61,6.91,8,22.49,18289,0,0.339,0.875,0.3625,0.4393,0.484,0.2764,0.7659,49.4101,0,0,True
2026-07-27,SUP_022,Cape Ferro,Africa,Raw Materials,80,14.5,0.661,48.7,32.7,38.0,low,92.18,6.92,9,22.49,18289,0,0.339,0.875,0.3625,0.439,0.38,0.2768,0.7408,47.5517,0,0,True
2026-07-28,SUP_022,Cape Ferro,Africa,Raw Materials,80,14.5,0.661,44.4,40.4,37.0,low,92.79,6.92,10,22.49,18289,0,0.339,0.875,0.3625,0.432,0.37,0.2768,0.7165,46.8971,0,0,True
2026-07-29,SUP_022,Cape Ferro,Africa,Raw Materials,80,14.5,0.661,50.8,42.4,34.1,low,94.12,6.92,11,22.49,18289,0,0.339,0.875,0.3625,0.4828,0.341,0.2768,0.693,47.0296,0,0,True
2026-07-30,SUP_022,Cape Ferro,Africa,Raw Materials,80,14.5,0.661,46.2,51.5,29.2,low,94.09,6.68,12,22.49,18289,0,0.339,0.875,0.3625,0.4779,0.292,0.2672,0.6703,45.7767,0,0,True
2026-07-31,SUP_022,Cape Ferro,Africa,Raw Materials,80,14.5,0.661,42.7,51.7,34.2,low,94.23,6.8,13,22.49,18289,0,0.339,0.875,0.3625,0.454,0.342,0.272,0.6483,45.7525,0,0,True
2026-08-01,SUP_022,Cape Ferro,Africa,Raw Materials,80,14.5,0.661,40.9,50.7,23.6,low,95.06,7.71,14,22.49,18289,0,0.339,0.875,0.3625,0.4384,0.236,0.3084,0.6271,44.0844,0,0,True
2026-08-02,SUP_022,Cape Ferro,Africa,Raw Materials,80,14.5,0.661,43.6,49.7,26.7,low,94.62,7.7,15,22.49,18289,0,0.339,0.875,0.3625,0.4543,0.267,0.308,0.6065,44.4709,0,0,True
2026-08-03,SUP_022,Cape Ferro,Africa,Raw Materials,80,14.5,0.661,48.2,40.7,34.8,low,93.44,7.7,16,22.49,18289,0,0.339,0.875,0.3625,0.4595,0.348,0.308,0.5866,45.3803,0,1,True
2026-08-04,SUP_022,Cape Ferro,Africa,Raw Materials,80,14.5,0.661,54.9,44.9,34.1,low,93.88,7.69,17,22.49,18289,0,0.339,0.875,0.3625,0.519,0.341,0.3076,0.5674,46.0408,0,1,True
2026-08-05,SUP_022,Cape Ferro,Africa,Raw Materials,80,14.5,0.661,59.9,30.5,26.3,low,93.69,7.68,18,22.49,18289,0,0.339,0.875,0.3625,0.5108,0.263,0.3072,0.5488,44.4988,0,1,True
2026-08-06,SUP_022,Cape Ferro,Africa,Raw Materials,80,14.5,0.661,59.1,28.1,39.3,low,92.62,7.68,19,22.49,18289,0,0.339,0.875,0.3625,0.498,0.393,0.3072,0.5308,45.8005,0,1,True
2026-08-07,SUP_022,Cape Ferro,Africa,Raw Materials,80,14.5,0.661,63.4,29.2,46.2,medium,93.07,7.67,20,22.49,18289,0,0.339,0.875,0.3625,0.5314,0.462,0.3068,0.5134,47.0845,0,1,True
2026-08-08,SUP_022,Cape Ferro,Africa,Raw Materials,80,14.5,0.661,58.9,26.0,35.0,low,94.34,7.65,21,22.49,18289,0,0.339,0.875,0.3625,0.4903,0.35,0.306,0.4966,44.4978,0,1,True
2026-08-09,SUP_022,Cape Ferro,Africa,Raw Materials,80,14.5,0.661,49.7,24.9,24.3,low,92.89,6.6,22,22.49,18289,0,0.339,0.875,0.3625,0.4226,0.243,0.264,0.4803,41.0167,0,1,True
2026-08-10,SUP_022,Cape Ferro,Africa,Raw Materials,80,14.5,0.661,47.3,36.1,19.4,low,93.8,6.59,23,22.49,18289,0,0.339,0.875,0.3625,0.4394,0.194,0.2636,0.4646,40.3763,1,0,True
2026-08-11,SUP_022,Cape Ferro,Africa,Raw Materials,80,14.5,0.661,44.6,41.8,29.6,low,91.55,6.01,1,22.49,18289,0,0.339,0.875,0.3625,0.4376,0.296,0.2404,0.9672,49.5361,0,0,True
2026-08-12,SUP_022,Cape Ferro,Africa,Raw Materials,80,14.5,0.661,43.2,37.1,34.8,low,91.2,6.01,2,22.49,18289,0,0.339,0.875,0.3625,0.4137,0.348,0.2404,0.9355,49.3265,0,0,True
2026-08-13,SUP_022,Cape Ferro,Africa,Raw Materials,80,14.5,0.661,40.4,34.4,43.4,medium,92.83,6.0,3,22.49,18289,0,0.339,0.875,0.3625,0.386,0.434,0.24,0.9048,49.5364,0,0,True
2026-08-14,SUP_022,Cape Ferro,Africa,Raw Materials,80,14.5,0.661,40.4,27.7,39.5,low,92.54,6.0,4,22.49,18289,0,0.339,0.875,0.3625,0.3659,0.395,0.24,0.8752,48.154,0,0,True
2026-08-15,SUP_022,Cape Ferro,Africa,Raw Materials,80,14.5,0.661,45.5,32.5,31.1,low,92.62,5.99,5,22.49,18289,0,0.339,0.875,0.3625,0.416,0.311,0.2396,0.8465,47.4159,0,0,True
2026-08-16,SUP_022,Cape Ferro,Africa,Raw Materials,80,14.5,0.661,55.1,31.6,41.8,medium,93.29,5.98,6,22.49,18289,0,0.339,0.875,0.3625,0.4805,0.418,0.2392,0.8187,49.6261,0,0,True
2026-08-17,SUP_022,Cape Ferro,Africa,Raw Materials,80,14.5,0.661,46.9,21.7,36.2,low,91.77,5.98,7,22.49,18289,0,0.339,0.875,0.3625,0.3934,0.362,0.2392,0.7919,46.8448,0,0,True
2026-08-18,SUP_022,Cape Ferro,Africa,Raw Materials,80,14.5,0.661,42.0,24.3,38.9,low,91.83,5.98,8,22.49,18289,0,0.339,0.875,0.3625,0.3669,0.389,0.2392,0.7659,46.3305,0,0,True
2026-08-19,SUP_022,Cape Ferro,Africa,Raw Materials,80,14.5,0.661,40.2,28.2,24.8,low,91.89,5.91,9,22.49,18289,0,0.339,0.875,0.3625,0.366,0.248,0.2364,0.7408,43.9049,0,0,True
2026-08-20,SUP_022,Cape Ferro,Africa,Raw Materials,80,14.5,0.661,46.1,34.3,23.3,low,93.54,5.9,10,22.49,18289,0,0.339,0.875,0.3625,0.4256,0.233,0.236,0.7165,44.3743,0,0,True
2026-08-21,SUP_022,Cape Ferro,Africa,Raw Materials,80,14.5,0.661,46.4,34.0,36.9,low,92.45,5.56,11,22.49,18289,0,0.339,0.875,0.3625,0.4268,0.369,0.2224,0.693,45.7608,0,0,True
2026-08-22,SUP_022,Cape Ferro,Africa,Raw Materials,80,14.5,0.661,44.3,32.2,31.0,low,92.11,4.68,12,22.49,18289,0,0.339,0.875,0.3625,0.4067,0.31,0.1872,0.6703,43.7871,0,0,True
2026-08-23,SUP_022,Cape Ferro,Africa,Raw Materials,80,14.5,0.661,49.3,43.1,40.8,medium,91.29,4.16,13,22.49,18289,0,0.339,0.875,0.3625,0.4744,0.408,0.1664,0.6483,45.7765,0,0,True
2026-08-24,SUP_022,Cape Ferro,Africa,Raw Materials,80,14.5,0.661,54.7,41.9,19.0,low,90.37,5.05,14,22.49,18289,0,0.339,0.875,0.3625,0.5086,0.19,0.202,0.6271,43.4272,0,0,True
2026-08-25,SUP_022,Cape Ferro,Africa,Raw Materials,80,14.5,0.661,54.6,44.7,19.1,low,91.37,5.05,15,22.49,18289,0,0.339,0.875,0.3625,0.5163,0.191,0.202,0.6065,43.2509,0,1,True
2026-08-26,SUP_022,Cape Ferro,Africa,Raw Materials,80,14.5,0.661,50.8,40.4,22.7,low,91.39,5.05,16,22.49,18289,0,0.339,0.875,0.3625,0.4768,0.227,0.202,0.5866,42.7257,0,1,True
2026-08-27,SUP_022,Cape Ferro,Africa,Raw Materials,80,14.5,0.661,52.7,43.2,43.2,medium,90.9,5.06,17,22.49,18289,0,0.339,0.875,0.3625,0.4985,0.432,0.2024,0.5674,45.6834,0,1,True
2026-08-28,SUP_022,Cape Ferro,Africa,Raw Materials,80,14.5,0.661,52.0,34.3,31.6,low,90.44,5.06,18,22.49,18289,0,0.339,0.875,0.3625,0.4669,0.316,0.2024,0.5488,43.193,0,1,True
2026-08-29,SUP_022,Cape Ferro,Africa,Raw Materials,80,14.5,0.661,51.3,32.0,39.9,low,89.94,5.54,19,22.49,18289,0,0.339,0.875,0.3625,0.4551,0.399,0.2216,0.5308,44.0851,0,1,True
2026-08-30,SUP_022,Cape Ferro,Africa,Raw Materials,80,14.5,0.661,49.4,26.1,49.7,medium,89.52,6.0,20,22.49,18289,0,0.339,0.875,0.3625,0.4241,0.497,0.24,0.5134,44.8415,0,1,True
2026-08-31,SUP_022,Cape Ferro,Africa,Raw Materials,80,14.5,0.661,54.6,24.2,40.6,medium,88.4,6.75,21,22.49,18289,0,0.339,0.875,0.3625,0.4548,0.406,0.27,0.4966,44.2108,0,1,True
2026-09-01,SUP_022,Cape Ferro,Africa,Raw Materials,80,14.5,0.661,55.9,32.4,37.0,low,88.17,6.71,22,22.49,18289,0,0.339,0.875,0.3625,0.4885,0.37,0.2684,0.4803,44.0337,1,0,True
2026-09-02,SUP_022,Cape Ferro,Africa,Raw Materials,80,14.5,0.661,60.7,29.6,39.1,low,87.86,7.07,1,22.49,18289,0,0.339,0.875,0.3625,0.5137,0.391,0.2828,0.9672,52.7447,0,0,True
2026-09-03,SUP_022,Cape Ferro,Africa,Raw Materials,80,14.5,0.661,66.1,34.2,25.6,low,87.19,7.81,2,22.49,18289,0,0.339,0.875,0.3625,0.5653,0.256,0.3124,0.9355,51.6313,0,0,True
2026-09-04,SUP_022,Cape Ferro,Africa,Raw Materials,80,14.5,0.661,66.6,42.3,25.0,low,87.32,7.83,3,22.49,18289,0,0.339,0.875,0.3625,0.5931,0.25,0.3132,0.9048,51.5666,0,0,True
2026-09-05,SUP_022,Cape Ferro,Africa,Raw Materials,80,14.5,0.661,62.5,41.1,40.5,medium,87.54,7.85,4,22.49,18289,0,0.339,0.875,0.3625,0.5608,0.405,0.314,0.8752,52.6902,0,0,True
2026-09-06,SUP_022,Cape Ferro,Africa,Raw Materials,80,14.5,0.661,66.3,45.4,45.2,medium,87.04,8.03,5,22.49,18289,0,0.339,0.875,0.3625,0.6003,0.452,0.3212,0.8465,53.6865,0,0,True
2026-09-07,SUP_022,Cape Ferro,Africa,Raw Materials,80,14.5,0.661,66.8,46.6,42.5,medium,86.91,7.6,6,22.49,18289,0,0.339,0.875,0.3625,0.6074,0.425,0.304,0.8187,52.7859,0,0,True
2026-09-08,SUP_022,Cape Ferro,Africa,Raw Materials,80,14.5,0.661,77.4,45.5,42.9,medium,88.83,7.61,7,22.49,18289,0,0.339,0.875,0.3625,0.6783,0.429,0.3044,0.7919,53.6934,0,0,True
2026-09-09,SUP_022,Cape Ferro,Africa,Raw Materials,80,14.5,0.661,75.5,47.9,47.6,medium,90.7,7.33,8,22.49,18289,0,0.339,0.875,0.3625,0.6722,0.476,0.2932,0.7659,53.6919,0,1,True
2026-09-10,SUP_022,Cape Ferro,Africa,Raw Materials,80,14.5,0.661,75.7,55.6,52.8,medium,89.77,7.34,9,22.49,18289,0,0.339,0.875,0.3625,0.6967,0.528,0.2936,0.7408,54.4639,0,1,True
2026-09-11,SUP_022,Cape Ferro,Africa,Raw Materials,80,14.5,0.661,74.0,49.2,44.5,medium,88.96,7.34,10,22.49,18289,0,0.339,0.875,0.3625,0.6656,0.445,0.2936,0.7165,52.3535,0,1,True
2026-09-12,SUP_022,Cape Ferro,Africa,Raw Materials,80,14.5,0.661,70.7,42.0,57.6,medium,88.02,7.36,11,22.49,18289,0,0.339,0.875,0.3625,0.6209,0.576,0.2944,0.693,53.0166,0,1,True
2026-09-13,SUP_022,Cape Ferro,Africa,Raw Materials,80,14.5,0.661,67.1,35.6,65.4,high,88.96,7.37,12,22.49,18289,0,0.339,0.875,0.3625,0.5765,0.654,0.2948,0.6703,52.9507,0,1,True
2026-09-14,SUP_022,Cape Ferro,Africa,Raw Materials,80,14.5,0.661,66.7,40.7,65.3,high,88.61,7.38,13,22.49,18289,0,0.339,0.875,0.3625,0.589,0.653,0.2952,0.6483,52.8149,0,1,True
2026-09-15,SUP_022,Cape Ferro,Africa,Raw Materials,80,14.5,0.661,67.4,45.8,51.2,medium,88.82,7.39,14,22.49,18289,0,0.339,0.875,0.3625,0.6092,0.512,0.2956,0.6271,50.8692,0,1,True
2026-09-16,SUP_022,Cape Ferro,Africa,Raw Materials,80,14.5,0.661,71.0,41.4,38.9,low,90.59,7.39,15,22.49,18289,0,0.339,0.875,0.3625,0.6212,0.389,0.2956,0.6065,49.0343,1,1,True
2026-09-17,SUP_022,Cape Ferro,Africa,Raw Materials,80,14.5,0.661,70.1,29.2,36.2,low,90.58,7.4,1,22.49,18289,0,0.339,0.875,0.3625,0.5783,0.362,0.296,0.9672,53.6599,1,0,False
2026-09-18,SUP_022,Cape Ferro,Africa,Raw Materials,80,14.5,0.661,65.6,26.5,37.7,low,91.2,7.4,1,22.49,18289,0,0.339,0.875,0.3625,0.5387,0.377,0.296,0.9672,53.1571,0,0,False
2026-09-19,SUP_022,Cape Ferro,Africa,Raw Materials,80,14.5,0.661,62.5,30.6,21.9,low,91.66,6.19,2,22.49,18289,0,0.339,0.875,0.3625,0.5293,0.219,0.2476,0.9355,49.6877,0,0,False
2026-09-20,SUP_022,Cape Ferro,Africa,Raw Materials,80,14.5,0.661,55.1,31.0,31.0,low,91.14,5.81,3,22.49,18289,0,0.339,0.875,0.3625,0.4787,0.31,0.2324,0.9048,49.3778,0,0,False
2026-09-21,SUP_022,Cape Ferro,Africa,Raw Materials,80,14.5,0.661,62.9,32.5,45.2,medium,92.08,5.78,4,22.49,18289,0,0.339,0.875,0.3625,0.5378,0.452,0.2312,0.8752,51.9406,0,0,False
2026-09-22,SUP_022,Cape Ferro,Africa,Raw Materials,80,14.5,0.661,59.2,30.1,49.2,medium,91.33,5.78,5,22.49,18289,0,0.339,0.875,0.3625,0.5047,0.492,0.2312,0.8465,51.4457,0,0,False
2026-09-23,SUP_022,Cape Ferro,Africa,Raw Materials,80,14.5,0.661,63.1,36.2,40.7,medium,92.51,6.25,6,22.49,18289,0,0.339,0.875,0.3625,0.5503,0.407,0.25,0.8187,50.8581,0,0,False
2026-06-01,SUP_023,Monterrey Castings,Latin America,Machinery,70,6.8,0.952,34.7,65.3,22.2,low,102.02,0.0,999,319.03,89461,0,0.048,0.75,0.1943,0.4388,0.222,0.0,0.0,21.4093,0,0,True
2026-06-02,SUP_023,Monterrey Castings,Latin America,Machinery,70,6.8,0.952,33.2,62.4,36.4,low,101.71,0.0,999,319.03,89461,0,0.048,0.75,0.1943,0.4196,0.364,0.0,0.0,23.0517,0,0,True
2026-06-03,SUP_023,Monterrey Castings,Latin America,Machinery,70,6.8,0.952,29.1,53.7,38.2,low,101.26,0.0,999,319.03,89461,0,0.048,0.75,0.1943,0.3648,0.382,0.0,0.0,22.3173,0,0,True
2026-06-04,SUP_023,Monterrey Castings,Latin America,Machinery,70,6.8,0.952,26.3,53.0,38.6,low,100.02,0.0,999,319.03,89461,0,0.048,0.75,0.1943,0.3431,0.386,0.0,0.0,21.9827,0,0,True
2026-06-05,SUP_023,Monterrey Castings,Latin America,Machinery,70,6.8,0.952,26.4,47.6,21.5,low,100.49,1.98,999,319.03,89461,0,0.048,0.75,0.1943,0.3276,0.215,0.0792,0.0,20.2601,0,0,True
2026-06-06,SUP_023,Monterrey Castings,Latin America,Machinery,70,6.8,0.952,16.9,40.7,27.3,low,100.07,1.98,999,319.03,89461,0,0.048,0.75,0.1943,0.2404,0.273,0.0792,0.0,19.5025,0,0,True
2026-06-07,SUP_023,Monterrey Castings,Latin America,Machinery,70,6.8,0.952,19.2,50.9,38.8,low,99.68,2.32,999,319.03,89461,0,0.048,0.75,0.1943,0.2871,0.388,0.0928,0.0,22.1163,0,0,True
2026-06-08,SUP_023,Monterrey Castings,Latin America,Machinery,70,6.8,0.952,20.0,54.1,37.4,low,99.55,2.46,999,319.03,89461,0,0.048,0.75,0.1943,0.3023,0.374,0.0984,0.0,22.2611,0,0,True
2026-06-09,SUP_023,Monterrey Castings,Latin America,Machinery,70,6.8,0.952,26.7,53.1,49.4,medium,100.33,2.46,999,319.03,89461,0,0.048,0.75,0.1943,0.3462,0.494,0.0984,0.0,24.7313,0,0,True
2026-06-10,SUP_023,Monterrey Castings,Latin America,Machinery,70,6.8,0.952,30.7,48.3,58.1,medium,99.53,2.48,999,319.03,89461,0,0.048,0.75,0.1943,0.3598,0.581,0.0992,0.0,26.2037,0,0,True
2026-06-11,SUP_023,Monterrey Castings,Latin America,Machinery,70,6.8,0.952,28.7,44.7,48.1,medium,98.43,3.58,999,319.03,89461,0,0.048,0.75,0.1943,0.335,0.481,0.1432,0.0,24.8853,0,0,True
2026-06-12,SUP_023,Monterrey Castings,Latin America,Machinery,70,6.8,0.952,28.3,51.3,61.4,medium,99.05,3.58,999,319.03,89461,0,0.048,0.75,0.1943,0.352,0.614,0.1432,0.0,27.0533,0,0,True
2026-06-13,SUP_023,Monterrey Castings,Latin America,Machinery,70,6.8,0.952,28.9,50.5,56.9,medium,94.75,7.29,999,319.03,89461,0,0.048,0.75,0.1943,0.3538,0.569,0.2916,0.0,28.2365,0,0,True
2026-06-14,SUP_023,Monterrey Castings,Latin America,Machinery,70,6.8,0.952,37.6,31.9,53.7,medium,93.9,8.17,999,319.03,89461,0,0.048,0.75,0.1943,0.3589,0.537,0.3268,0.0,28.3027,0,0,True
2026-06-15,SUP_023,Monterrey Castings,Latin America,Machinery,70,6.8,0.952,34.1,45.2,51.7,medium,92.26,9.87,999,319.03,89461,0,0.048,0.75,0.1943,0.3743,0.517,0.3948,0.0,29.1159,0,0,True
2026-06-16,SUP_023,Monterrey Castings,Latin America,Machinery,70,6.8,0.952,31.6,44.6,49.9,medium,93.97,9.9,999,319.03,89461,0,0.048,0.75,0.1943,0.355,0.499,0.396,0.0,28.5309,0,0,True
2026-06-17,SUP_023,Monterrey Castings,Latin America,Machinery,70,6.8,0.952,27.5,45.0,23.6,low,93.34,9.93,999,319.03,89461,0,0.048,0.75,0.1943,0.3275,0.236,0.3972,0.0,24.3683,0,0,True
2026-06-18,SUP_023,Monterrey Castings,Latin America,Machinery,70,6.8,0.952,22.3,49.2,26.5,low,92.55,9.97,999,319.03,89461,0,0.048,0.75,0.1943,0.3037,0.265,0.3988,0.0,24.3651,0,0,True
2026-06-19,SUP_023,Monterrey Castings,Latin America,Machinery,70,6.8,0.952,26.4,49.5,17.7,low,92.48,9.99,999,319.03,89461,0,0.048,0.75,0.1943,0.3333,0.177,0.3996,0.0,23.6755,0,0,True
2026-06-20,SUP_023,Monterrey Castings,Latin America,Machinery,70,6.8,0.952,29.4,51.3,38.8,low,91.64,10.66,999,319.03,89461,0,0.048,0.75,0.1943,0.3597,0.388,0.4264,0.0,27.4263,0,0,True
2026-06-21,SUP_023,Monterrey Castings,Latin America,Machinery,70,6.8,0.952,37.1,46.6,54.3,medium,91.06,11.29,999,319.03,89461,0,0.048,0.75,0.1943,0.3995,0.543,0.4516,0.0,30.6151,0,0,True
2026-06-22,SUP_023,Monterrey Castings,Latin America,Machinery,70,6.8,0.952,42.5,38.4,59.1,medium,91.2,11.32,999,319.03,89461,0,0.048,0.75,0.1943,0.4127,0.591,0.4528,0.0,31.5391,0,0,True
2026-06-23,SUP_023,Monterrey Castings,Latin America,Machinery,70,6.8,0.952,53.5,39.4,52.6,medium,90.6,11.83,999,319.03,89461,0,0.048,0.75,0.1943,0.4927,0.526,0.4732,0.0,32.3139,0,0,True
2026-06-24,SUP_023,Monterrey Castings,Latin America,Machinery,70,6.8,0.952,51.1,46.2,40.6,medium,89.99,12.5,999,319.03,89461,0,0.048,0.75,0.1943,0.4963,0.406,0.5,0.0,31.0203,0,0,True
2026-06-25,SUP_023,Monterrey Castings,Latin America,Machinery,70,6.8,0.952,48.2,41.1,34.9,low,88.56,14.03,999,319.03,89461,0,0.048,0.75,0.1943,0.4607,0.349,0.5612,0.0,30.3159,0,0,True
2026-06-26,SUP_023,Monterrey Castings,Latin America,Machinery,70,6.8,0.952,40.8,36.4,54.7,medium,86.92,15.8,999,319.03,89461,0,0.048,0.75,0.1943,0.3948,0.547,0.632,0.0,32.7513,0,0,True
2026-06-27,SUP_023,Monterrey Castings,Latin America,Machinery,70,6.8,0.952,44.0,42.6,45.1,medium,87.01,15.85,999,319.03,89461,0,0.048,0.75,0.1943,0.4358,0.451,0.634,0.0,32.1693,0,0,True
2026-06-28,SUP_023,Monterrey Castings,Latin America,Machinery,70,6.8,0.952,43.9,39.1,22.5,low,87.44,15.9,999,319.03,89461,0,0.048,0.75,0.1943,0.4246,0.225,0.636,0.0,28.8277,0,0,True
2026-06-29,SUP_023,Monterrey Castings,Latin America,Machinery,70,6.8,0.952,46.4,36.3,36.9,low,85.42,17.54,999,319.03,89461,0,0.048,0.75,0.1943,0.4337,0.369,0.7016,0.0,31.7947,0,0,True
2026-06-30,SUP_023,Monterrey Castings,Latin America,Machinery,70,6.8,0.952,40.1,34.1,52.1,medium,86.5,17.59,999,319.03,89461,0,0.048,0.75,0.1943,0.383,0.521,0.7036,0.0,33.0341,0,0,True
2026-07-01,SUP_023,Monterrey Castings,Latin America,Machinery,70,6.8,0.952,41.7,33.9,64.9,medium,87.58,17.35,999,319.03,89461,0,0.048,0.75,0.1943,0.3936,0.649,0.694,0.0,34.9017,0,0,True
2026-07-02,SUP_023,Monterrey Castings,Latin America,Machinery,70,6.8,0.952,42.4,25.8,68.8,high,88.96,16.94,999,319.03,89461,0,0.048,0.75,0.1943,0.3742,0.688,0.6776,0.0,34.9017,0,0,True
2026-07-03,SUP_023,Monterrey Castings,Latin America,Machinery,70,6.8,0.952,42.7,24.3,73.2,high,89.39,16.19,999,319.03,89461,0,0.048,0.75,0.1943,0.3718,0.732,0.6476,0.0,35.1145,0,0,True
2026-07-04,SUP_023,Monterrey Castings,Latin America,Machinery,70,6.8,0.952,39.1,27.1,65.9,high,90.29,16.25,999,319.03,89461,0,0.048,0.75,0.1943,0.355,0.659,0.65,0.0,33.8189,0,0,True
2026-07-05,SUP_023,Monterrey Castings,Latin America,Machinery,70,6.8,0.952,44.9,29.5,40.7,medium,93.39,16.11,999,319.03,89461,0,0.048,0.75,0.1943,0.4028,0.407,0.6444,0.0,31.0841,0,0,True
2026-07-06,SUP_023,Monterrey Castings,Latin America,Machinery,70,6.8,0.952,53.9,36.4,41.3,medium,92.97,16.16,999,319.03,89461,0,0.048,0.75,0.1943,0.4865,0.413,0.6464,0.0,32.6987,0,0,True
2026-07-07,SUP_023,Monterrey Castings,Latin America,Machinery,70,6.8,0.952,46.5,45.9,47.2,medium,91.48,16.2,999,319.03,89461,0,0.048,0.75,0.1943,0.4632,0.472,0.648,0.0,33.1245,0,0,True
2026-07-08,SUP_023,Monterrey Castings,Latin America,Machinery,70,6.8,0.952,49.0,52.2,44.7,medium,89.3,16.26,999,319.03,89461,0,0.048,0.75,0.1943,0.4996,0.447,0.6504,0.0,33.4585,0,0,True
2026-07-09,SUP_023,Monterrey Castings,Latin America,Machinery,70,6.8,0.952,34.0,54.5,42.3,medium,91.8,15.44,999,319.03,89461,0,0.048,0.75,0.1943,0.4015,0.423,0.6176,0.0,30.9631,0,0,True
2026-07-10,SUP_023,Monterrey Castings,Latin America,Machinery,70,6.8,0.952,38.0,50.8,33.3,low,94.31,14.94,999,319.03,89461,0,0.048,0.75,0.1943,0.4184,0.333,0.5976,0.0,29.7673,0,0,True
2026-07-11,SUP_023,Monterrey Castings,Latin America,Machinery,70,6.8,0.952,29.5,45.1,26.2,low,92.99,14.97,999,319.03,89461,0,0.048,0.75,0.1943,0.3418,0.262,0.5988,0.0,27.4089,0,0,True
2026-07-12,SUP_023,Monterrey Castings,Latin America,Machinery,70,6.8,0.952,28.6,43.7,47.2,medium,91.96,10.28,999,319.03,89461,0,0.048,0.75,0.1943,0.3313,0.472,0.4112,0.0,27.9087,0,0,True
2026-07-13,SUP_023,Monterrey Castings,Latin America,Machinery,70,6.8,0.952,24.0,45.5,63.2,medium,91.5,9.8,999,319.03,89461,0,0.048,0.75,0.1943,0.3045,0.632,0.392,0.0,29.4359,0,0,True
2026-07-14,SUP_023,Monterrey Castings,Latin America,Machinery,70,6.8,0.952,25.4,48.2,57.9,medium,93.24,9.8,999,319.03,89461,0,0.048,0.75,0.1943,0.3224,0.579,0.392,0.0,29.0161,0,0,True
2026-07-15,SUP_023,Monterrey Castings,Latin America,Machinery,70,6.8,0.952,31.6,49.5,56.5,medium,91.41,9.81,999,319.03,89461,0,0.048,0.75,0.1943,0.3697,0.565,0.3924,0.0,29.6763,0,0,True
2026-07-16,SUP_023,Monterrey Castings,Latin America,Machinery,70,6.8,0.952,24.0,46.7,43.8,medium,88.62,9.83,999,319.03,89461,0,0.048,0.75,0.1943,0.3081,0.438,0.3932,0.0,26.7991,0,0,True
2026-07-17,SUP_023,Monterrey Castings,Latin America,Machinery,70,6.8,0.952,24.7,49.1,49.3,medium,91.7,9.83,999,319.03,89461,0,0.048,0.75,0.1943,0.3202,0.493,0.3932,0.0,27.7869,0,0,True
2026-07-18,SUP_023,Monterrey Castings,Latin America,Machinery,70,6.8,0.952,24.6,53.6,63.8,medium,92.14,9.83,999,319.03,89461,0,0.048,0.75,0.1943,0.333,0.638,0.3932,0.0,30.0473,0,0,True
2026-07-19,SUP_023,Monterrey Castings,Latin America,Machinery,70,6.8,0.952,34.4,55.5,44.2,medium,92.79,9.83,999,319.03,89461,0,0.048,0.75,0.1943,0.4073,0.442,0.3932,0.0,28.6407,0,0,True
2026-07-20,SUP_023,Monterrey Castings,Latin America,Machinery,70,6.8,0.952,37.3,52.2,47.9,medium,92.49,9.83,999,319.03,89461,0,0.048,0.75,0.1943,0.4177,0.479,0.3932,0.0,29.3459,0,0,True
2026-07-21,SUP_023,Monterrey Castings,Latin America,Machinery,70,6.8,0.952,32.1,45.3,51.4,medium,93.16,9.82,999,319.03,89461,0,0.048,0.75,0.1943,0.3606,0.514,0.3928,0.0,28.8033,0,0,True
2026-07-22,SUP_023,Monterrey Castings,Latin America,Machinery,70,6.8,0.952,31.1,39.2,54.0,medium,91.01,9.82,999,319.03,89461,0,0.048,0.75,0.1943,0.3353,0.54,0.3928,0.0,28.7119,0,0,True
2026-07-23,SUP_023,Monterrey Castings,Latin America,Machinery,70,6.8,0.952,39.8,35.0,66.2,high,89.81,9.83,999,319.03,89461,0,0.048,0.75,0.1943,0.3836,0.662,0.3932,0.0,31.2941,0,1,True
2026-07-24,SUP_023,Monterrey Castings,Latin America,Machinery,70,6.8,0.952,43.2,36.3,79.0,high,89.96,9.83,999,319.03,89461,0,0.048,0.75,0.1943,0.4113,0.79,0.3932,0.0,33.5847,0,1,True
2026-07-25,SUP_023,Monterrey Castings,Latin America,Machinery,70,6.8,0.952,38.4,38.9,67.6,high,86.74,9.83,999,319.03,89461,0,0.048,0.75,0.1943,0.3855,0.676,0.3932,0.0,31.5243,0,1,True
2026-07-26,SUP_023,Monterrey Castings,Latin America,Machinery,70,6.8,0.952,37.3,30.8,67.4,high,86.31,9.84,999,319.03,89461,0,0.048,0.75,0.1943,0.3535,0.674,0.3936,0.0,30.9251,0,1,True
2026-07-27,SUP_023,Monterrey Castings,Latin America,Machinery,70,6.8,0.952,36.6,28.8,61.8,medium,85.79,9.84,999,319.03,89461,0,0.048,0.75,0.1943,0.3426,0.618,0.3936,0.0,29.9449,0,1,True
2026-07-28,SUP_023,Monterrey Castings,Latin America,Machinery,70,6.8,0.952,34.6,31.0,51.0,medium,85.36,9.91,999,319.03,89461,0,0.048,0.75,0.1943,0.3352,0.51,0.3964,0.0,28.3333,0,1,True
2026-07-29,SUP_023,Monterrey Castings,Latin America,Machinery,70,6.8,0.952,27.3,26.9,51.3,medium,84.58,10.78,999,319.03,89461,0,0.048,0.75,0.1943,0.2718,0.513,0.4312,0.0,27.6517,0,1,True
2026-07-30,SUP_023,Monterrey Castings,Latin America,Machinery,70,6.8,0.952,26.0,30.4,55.2,medium,83.17,12.36,999,319.03,89461,0,0.048,0.75,0.1943,0.2732,0.552,0.4944,0.0,28.9813,1,0,True
2026-07-31,SUP_023,Monterrey Castings,Latin America,Machinery,70,6.8,0.952,34.7,29.5,53.9,medium,80.58,15.27,1,319.03,89461,0,0.048,0.75,0.1943,0.3314,0.539,0.6108,0.9672,46.7191,0,0,True
2026-08-01,SUP_023,Monterrey Castings,Latin America,Machinery,70,6.8,0.952,33.7,26.5,42.8,medium,80.79,15.32,2,319.03,89461,0,0.048,0.75,0.1943,0.3154,0.428,0.6128,0.9355,44.3938,0,0,True
2026-08-02,SUP_023,Monterrey Castings,Latin America,Machinery,70,6.8,0.952,34.1,28.0,38.3,low,80.36,15.62,3,319.03,89461,0,0.048,0.75,0.1943,0.3227,0.383,0.6248,0.9048,43.5485,0,0,True
2026-08-03,SUP_023,Monterrey Castings,Latin America,Machinery,70,6.8,0.952,35.7,31.1,35.0,low,78.41,17.88,4,319.03,89461,0,0.048,0.75,0.1943,0.3432,0.35,0.7152,0.8752,44.0656,0,0,True
2026-08-04,SUP_023,Monterrey Castings,Latin America,Machinery,70,6.8,0.952,46.8,27.3,28.9,low,78.5,17.98,5,319.03,89461,0,0.048,0.75,0.1943,0.4095,0.289,0.7192,0.8465,43.994,0,0,True
2026-08-05,SUP_023,Monterrey Castings,Latin America,Machinery,70,6.8,0.952,45.9,27.1,35.1,low,78.08,18.45,6,319.03,89461,0,0.048,0.75,0.1943,0.4026,0.351,0.738,0.8187,44.5193,0,0,True
2026-08-06,SUP_023,Monterrey Castings,Latin America,Machinery,70,6.8,0.952,50.2,30.8,40.7,medium,77.43,19.3,7,319.03,89461,0,0.048,0.75,0.1943,0.4438,0.407,0.772,0.7919,46.0235,0,0,True
2026-08-07,SUP_023,Monterrey Castings,Latin America,Machinery,70,6.8,0.952,45.8,27.4,50.1,medium,74.37,22.93,8,319.03,89461,0,0.048,0.75,0.1943,0.4028,0.501,0.9172,0.7659,47.9285,0,0,True
2026-08-08,SUP_023,Monterrey Castings,Latin America,Machinery,70,6.8,0.952,43.7,19.8,70.2,high,75.33,23.07,9,319.03,89461,0,0.048,0.75,0.1943,0.3653,0.702,0.9228,0.7408,49.7329,0,0,True
2026-08-09,SUP_023,Monterrey Castings,Latin America,Machinery,70,6.8,0.952,43.2,14.0,65.3,high,73.59,22.92,10,319.03,89461,0,0.048,0.75,0.1943,0.3444,0.653,0.9168,0.7165,48.2102,0,0,True
2026-08-10,SUP_023,Monterrey Castings,Latin America,Machinery,70,6.8,0.952,39.1,14.9,81.4,high,73.67,23.09,11,319.03,89461,0,0.048,0.75,0.1943,0.3184,0.814,0.9236,0.693,49.7019,0,0,True
2026-08-11,SUP_023,Monterrey Castings,Latin America,Machinery,70,6.8,0.952,38.2,11.0,77.5,high,72.53,24.52,12,319.03,89461,0,0.048,0.75,0.1943,0.3004,0.775,0.9808,0.6703,49.1548,0,0,True
2026-08-12,SUP_023,Monterrey Castings,Latin America,Machinery,70,6.8,0.952,42.7,12.8,76.4,high,71.98,25.37,13,319.03,89461,0,0.048,0.75,0.1943,0.3373,0.764,1.0,0.6483,49.5438,0,0,True
2026-08-13,SUP_023,Monterrey Castings,Latin America,Machinery,70,6.8,0.952,38.5,24.9,73.7,high,73.61,25.47,14,319.03,89461,0,0.048,0.75,0.1943,0.3442,0.737,1.0,0.6271,48.9499,0,0,True
2026-08-14,SUP_023,Monterrey Castings,Latin America,Machinery,70,6.8,0.952,38.7,19.1,83.8,high,74.37,25.65,15,319.03,89461,0,0.048,0.75,0.1943,0.3282,0.838,1.0,0.6065,49.7469,0,0,True
2026-08-15,SUP_023,Monterrey Castings,Latin America,Machinery,70,6.8,0.952,42.3,20.0,61.7,medium,75.97,25.78,16,319.03,89461,0,0.048,0.75,0.1943,0.3561,0.617,1.0,0.5866,46.837,0,0,True
2026-08-16,SUP_023,Monterrey Castings,Latin America,Machinery,70,6.8,0.952,38.0,33.5,67.1,high,76.44,25.94,17,319.03,89461,0,0.048,0.75,0.1943,0.3665,0.671,1.0,0.5674,47.4725,0,0,True
2026-08-17,SUP_023,Monterrey Castings,Latin America,Machinery,70,6.8,0.952,43.5,35.9,61.0,medium,77.0,26.1,18,319.03,89461,0,0.048,0.75,0.1943,0.4122,0.61,1.0,0.5488,47.1434,0,0,True
2026-08-18,SUP_023,Monterrey Castings,Latin America,Machinery,70,6.8,0.952,43.3,33.8,48.2,medium,74.47,26.3,19,319.03,89461,0,0.048,0.75,0.1943,0.4045,0.482,1.0,0.5308,44.925,0,0,True
2026-08-19,SUP_023,Monterrey Castings,Latin America,Machinery,70,6.8,0.952,42.1,33.2,64.5,medium,74.02,26.5,20,319.03,89461,0,0.048,0.75,0.1943,0.3943,0.645,1.0,0.5134,46.7449,0,0,True
2026-08-20,SUP_023,Monterrey Castings,Latin America,Machinery,70,6.8,0.952,32.2,35.7,66.8,high,73.7,24.01,21,319.03,89461,0,0.048,0.75,0.1943,0.3325,0.668,0.9604,0.4966,45.21,0,0,True
2026-08-21,SUP_023,Monterrey Castings,Latin America,Machinery,70,6.8,0.952,31.6,44.5,56.4,medium,75.44,22.83,22,319.03,89461,0,0.048,0.75,0.1943,0.3547,0.564,0.9132,0.4803,43.3267,0,0,True
2026-08-22,SUP_023,Monterrey Castings,Latin America,Machinery,70,6.8,0.952,34.6,40.3,66.0,high,74.72,22.98,23,319.03,89461,0,0.048,0.75,0.1943,0.3631,0.66,0.9192,0.4646,44.642,0,0,True
2026-08-23,SUP_023,Monterrey Castings,Latin America,Machinery,70,6.8,0.952,43.7,35.5,55.0,medium,75.1,18.98,24,319.03,89461,0,0.048,0.75,0.1943,0.4124,0.55,0.7592,0.4493,41.8257,0,0,True
2026-08-24,SUP_023,Monterrey Castings,Latin America,Machinery,70,6.8,0.952,45.9,28.2,64.8,medium,75.42,18.52,25,319.03,89461,0,0.048,0.75,0.1943,0.4059,0.648,0.7408,0.4346,42.6242,0,0,True
2026-08-25,SUP_023,Monterrey Castings,Latin America,Machinery,70,6.8,0.952,50.3,29.7,72.8,high,77.06,17.92,26,319.03,89461,0,0.048,0.75,0.1943,0.4412,0.728,0.7168,0.4204,43.8637,0,0,True
2026-08-26,SUP_023,Monterrey Castings,Latin America,Machinery,70,6.8,0.952,43.0,23.1,56.6,medium,76.87,17.43,27,319.03,89461,0,0.048,0.75,0.1943,0.3703,0.566,0.6972,0.4066,39.8638,0,0,True
2026-08-27,SUP_023,Monterrey Castings,Latin America,Machinery,70,6.8,0.952,42.0,22.5,58.3,medium,78.05,16.47,28,319.03,89461,0,0.048,0.75,0.1943,0.3615,0.583,0.6588,0.3932,39.2693,0,0,True
2026-08-28,SUP_023,Monterrey Castings,Latin America,Machinery,70,6.8,0.952,47.5,19.6,61.5,medium,75.63,14.68,29,319.03,89461,0,0.048,0.75,0.1943,0.3913,0.615,0.5872,0.3803,39.1882,0,0,True
2026-08-29,SUP_023,Monterrey Castings,Latin America,Machinery,70,6.8,0.952,42.1,27.5,80.8,high,73.34,11.61,30,319.03,89461,0,0.048,0.75,0.1943,0.3772,0.808,0.4644,0.3679,39.9633,0,0,True
2026-08-30,SUP_023,Monterrey Castings,Latin America,Machinery,70,6.8,0.952,46.4,26.0,64.2,medium,70.1,14.15,31,319.03,89461,0,0.048,0.75,0.1943,0.4028,0.642,0.566,0.3558,39.1264,0,0,True
2026-08-31,SUP_023,Monterrey Castings,Latin America,Machinery,70,6.8,0.952,48.9,29.4,71.9,high,71.21,13.64,32,319.03,89461,0,0.048,0.75,0.1943,0.4305,0.719,0.5456,0.3442,40.2715,0,0,True
2026-09-01,SUP_023,Monterrey Castings,Latin America,Machinery,70,6.8,0.952,48.9,21.8,64.6,medium,72.17,11.21,33,319.03,89461,0,0.048,0.75,0.1943,0.4077,0.646,0.4484,0.3329,37.4922,0,0,True
2026-09-02,SUP_023,Monterrey Castings,Latin America,Machinery,70,6.8,0.952,46.0,24.5,47.5,medium,73.44,11.23,34,319.03,89461,0,0.048,0.75,0.1943,0.3955,0.475,0.4492,0.322,34.7136,0,0,True
2026-09-03,SUP_023,Monterrey Castings,Latin America,Machinery,70,6.8,0.952,40.4,19.7,45.0,medium,72.48,10.7,35,319.03,89461,0,0.048,0.75,0.1943,0.3419,0.45,0.428,0.3114,32.9755,0,0,True
2026-09-04,SUP_023,Monterrey Castings,Latin America,Machinery,70,6.8,0.952,48.8,19.8,44.3,medium,71.68,10.69,36,319.03,89461,0,0.048,0.75,0.1943,0.401,0.443,0.4276,0.3012,33.7732,0,0,True
2026-09-05,SUP_023,Monterrey Castings,Latin America,Machinery,70,6.8,0.952,50.4,33.7,33.9,low,71.51,10.72,37,319.03,89461,0,0.048,0.75,0.1943,0.4539,0.339,0.4288,0.2913,33.1258,0,0,True
2026-09-06,SUP_023,Monterrey Castings,Latin America,Machinery,70,6.8,0.952,50.5,38.8,38.8,low,73.56,10.72,38,319.03,89461,0,0.048,0.75,0.1943,0.4699,0.388,0.4288,0.2818,33.947,0,0,True
2026-09-07,SUP_023,Monterrey Castings,Latin America,Machinery,70,6.8,0.952,47.0,37.6,48.5,medium,75.96,10.72,39,319.03,89461,0,0.048,0.75,0.1943,0.4418,0.485,0.4288,0.2725,34.6514,0,0,True
2026-09-08,SUP_023,Monterrey Castings,Latin America,Machinery,70,6.8,0.952,46.1,54.0,49.1,medium,77.09,10.7,40,319.03,89461,0,0.048,0.75,0.1943,0.4847,0.491,0.428,0.2636,35.355,0,0,True
2026-09-09,SUP_023,Monterrey Castings,Latin America,Machinery,70,6.8,0.952,46.0,46.4,42.3,medium,77.56,10.68,41,319.03,89461,0,0.048,0.75,0.1943,0.4612,0.423,0.4272,0.255,33.8321,0,0,True
2026-09-10,SUP_023,Monterrey Castings,Latin America,Machinery,70,6.8,0.952,47.0,50.8,40.8,medium,79.45,12.53,42,319.03,89461,0,0.048,0.75,0.1943,0.4814,0.408,0.5012,0.2466,34.74,0,0,True
2026-09-11,SUP_023,Monterrey Castings,Latin America,Machinery,70,6.8,0.952,49.4,40.3,41.1,medium,79.09,12.49,43,319.03,89461,0,0.048,0.75,0.1943,0.4667,0.411,0.4996,0.2385,34.3689,0,0,True
2026-09-12,SUP_023,Monterrey Castings,Latin America,Machinery,70,6.8,0.952,44.3,38.3,43.3,medium,78.53,12.46,44,319.03,89461,0,0.048,0.75,0.1943,0.425,0.433,0.4984,0.2307,33.7867,0,0,True
2026-09-13,SUP_023,Monterrey Castings,Latin America,Machinery,70,6.8,0.952,36.7,30.7,53.3,medium,78.35,12.44,45,319.03,89461,0,0.048,0.75,0.1943,0.349,0.533,0.4976,0.2231,33.6881,0,0,True
2026-09-14,SUP_023,Monterrey Castings,Latin America,Machinery,70,6.8,0.952,37.6,32.7,53.0,medium,76.96,12.43,46,319.03,89461,0,0.048,0.75,0.1943,0.3613,0.53,0.4972,0.2158,33.7457,0,0,True
2026-09-15,SUP_023,Monterrey Castings,Latin America,Machinery,70,6.8,0.952,29.7,33.3,37.2,low,76.71,12.43,47,319.03,89461,0,0.048,0.75,0.1943,0.3078,0.372,0.4972,0.2087,30.4575,0,0,True
2026-09-16,SUP_023,Monterrey Castings,Latin America,Machinery,70,6.8,0.952,29.7,31.9,33.2,low,75.13,12.44,48,319.03,89461,0,0.048,0.75,0.1943,0.3036,0.332,0.4976,0.2019,29.7172,0,0,True
2026-09-17,SUP_023,Monterrey Castings,Latin America,Machinery,70,6.8,0.952,28.8,38.2,37.0,low,76.58,12.43,49,319.03,89461,0,0.048,0.75,0.1943,0.3162,0.37,0.4972,0.1953,30.3653,0,0,False
2026-09-18,SUP_023,Monterrey Castings,Latin America,Machinery,70,6.8,0.952,32.8,34.7,48.6,medium,77.35,12.41,50,319.03,89461,0,0.048,0.75,0.1943,0.3337,0.486,0.4964,0.1889,32.1923,0,0,False
2026-09-19,SUP_023,Monterrey Castings,Latin America,Machinery,70,6.8,0.952,43.3,36.5,59.0,medium,79.38,12.38,51,319.03,89461,0,0.048,0.75,0.1943,0.4126,0.59,0.4952,0.1827,34.955,0,0,False
2026-09-20,SUP_023,Monterrey Castings,Latin America,Machinery,70,6.8,0.952,33.6,40.6,71.2,high,77.07,12.37,52,319.03,89461,0,0.048,0.75,0.1943,0.357,0.712,0.4948,0.1767,35.5616,0,0,False
2026-09-21,SUP_023,Monterrey Castings,Latin America,Machinery,70,6.8,0.952,45.3,31.9,65.1,high,79.77,12.77,53,319.03,89461,0,0.048,0.75,0.1943,0.4128,0.651,0.5108,0.1709,35.8113,0,0,False
2026-09-22,SUP_023,Monterrey Castings,Latin America,Machinery,70,6.8,0.952,43.4,28.4,66.4,high,77.54,12.75,54,319.03,89461,0,0.048,0.75,0.1943,0.389,0.664,0.51,0.1653,35.4656,0,0,False
2026-09-23,SUP_023,Monterrey Castings,Latin America,Machinery,70,6.8,0.952,44.6,29.7,46.8,medium,75.84,12.75,55,319.03,89461,0,0.048,0.75,0.1943,0.4013,0.468,0.51,0.1599,32.8563,0,0,False
2026-06-01,SUP_024,Ohio Valley Plastics,North America,Packaging,19,3.4,0.81,6.4,38.8,49.8,medium,97.33,0.0,999,8.36,97977,0,0.19,0.1125,0.3579,0.1612,0.498,0.0,0.0,18.3775,0,0,True
2026-06-02,SUP_024,Ohio Valley Plastics,North America,Packaging,19,3.4,0.81,13.5,35.6,46.9,medium,96.35,0.0,999,8.36,97977,0,0.19,0.1125,0.3579,0.2013,0.469,0.0,0.0,18.6933,0,0,True
2026-06-03,SUP_024,Ohio Valley Plastics,North America,Packaging,19,3.4,0.81,14.3,36.1,28.3,low,96.8,0.0,999,8.36,97977,0,0.19,0.1125,0.3579,0.2084,0.283,0.0,0.0,16.2171,0,0,True
2026-06-04,SUP_024,Ohio Valley Plastics,North America,Packaging,19,3.4,0.81,12.8,38.0,33.3,low,96.82,0.0,999,8.36,97977,0,0.19,0.1125,0.3579,0.2036,0.333,0.0,0.0,16.8307,0,0,True
2026-06-05,SUP_024,Ohio Valley Plastics,North America,Packaging,19,3.4,0.81,8.9,34.6,28.5,low,95.69,1.7,999,8.36,97977,0,0.19,0.1125,0.3579,0.1661,0.285,0.068,0.0,16.2997,0,0,True
2026-06-06,SUP_024,Ohio Valley Plastics,North America,Packaging,19,3.4,0.81,2.9,41.6,22.0,low,94.37,3.08,999,8.36,97977,0,0.19,0.1125,0.3579,0.1451,0.22,0.1232,0.0,15.6741,0,0,True
2026-06-07,SUP_024,Ohio Valley Plastics,North America,Packaging,19,3.4,0.81,9.6,43.7,50.7,medium,94.04,3.43,999,8.36,97977,0,0.19,0.1125,0.3579,0.1983,0.507,0.1372,0.0,20.8177,0,0,True
2026-06-08,SUP_024,Ohio Valley Plastics,North America,Packaging,19,3.4,0.81,13.7,37.7,65.1,high,92.89,4.65,999,8.36,97977,0,0.19,0.1125,0.3579,0.209,0.651,0.186,0.0,23.6119,0,0,True
2026-06-09,SUP_024,Ohio Valley Plastics,North America,Packaging,19,3.4,0.81,19.9,47.2,48.4,medium,93.37,4.66,999,8.36,97977,0,0.19,0.1125,0.3579,0.2809,0.484,0.1864,0.0,22.5729,0,0,True
2026-06-10,SUP_024,Ohio Valley Plastics,North America,Packaging,19,3.4,0.81,20.6,45.9,46.3,medium,92.99,4.67,999,8.36,97977,0,0.19,0.1125,0.3579,0.2819,0.463,0.1868,0.0,22.3017,0,0,True
2026-06-11,SUP_024,Ohio Valley Plastics,North America,Packaging,19,3.4,0.81,6.8,38.5,53.6,medium,92.4,5.2,999,8.36,97977,0,0.19,0.1125,0.3579,0.1631,0.536,0.208,0.0,21.4397,0,0,True
2026-06-12,SUP_024,Ohio Valley Plastics,North America,Packaging,19,3.4,0.81,1.7,33.6,72.6,high,91.7,5.95,999,8.36,97977,0,0.19,0.1125,0.3579,0.1127,0.726,0.238,0.0,23.5525,0,0,True
2026-06-13,SUP_024,Ohio Valley Plastics,North America,Packaging,19,3.4,0.81,5.4,41.6,77.3,high,91.94,5.97,999,8.36,97977,0,0.19,0.1125,0.3579,0.1626,0.773,0.2388,0.0,25.1183,0,0,True
2026-06-14,SUP_024,Ohio Valley Plastics,North America,Packaging,19,3.4,0.81,4.7,50.3,31.9,low,91.98,5.98,999,8.36,97977,0,0.19,0.1125,0.3579,0.1838,0.319,0.2392,0.0,19.1487,0,0,True
2026-06-15,SUP_024,Ohio Valley Plastics,North America,Packaging,19,3.4,0.81,3.1,53.3,46.8,medium,92.17,5.99,999,8.36,97977,0,0.19,0.1125,0.3579,0.1816,0.468,0.2396,0.0,21.1999,0,0,True
2026-06-16,SUP_024,Ohio Valley Plastics,North America,Packaging,19,3.4,0.81,0.0,57.5,31.3,low,92.34,5.99,999,8.36,97977,0,0.19,0.1125,0.3579,0.1725,0.313,0.2396,0.0,18.8661,0,0,True
2026-06-17,SUP_024,Ohio Valley Plastics,North America,Packaging,19,3.4,0.81,5.6,60.5,34.7,low,92.27,6.0,999,8.36,97977,0,0.19,0.1125,0.3579,0.2207,0.347,0.24,0.0,20.2145,0,0,True
2026-06-18,SUP_024,Ohio Valley Plastics,North America,Packaging,19,3.4,0.81,8.7,59.6,39.3,low,91.31,6.42,999,8.36,97977,0,0.19,0.1125,0.3579,0.2397,0.393,0.2568,0.0,21.4021,0,0,True
2026-06-19,SUP_024,Ohio Valley Plastics,North America,Packaging,19,3.4,0.81,11.6,57.7,30.1,low,90.63,7.16,999,8.36,97977,0,0.19,0.1125,0.3579,0.2543,0.301,0.2864,0.0,20.7321,0,0,True
2026-06-20,SUP_024,Ohio Valley Plastics,North America,Packaging,19,3.4,0.81,8.7,57.1,37.8,low,90.26,7.57,999,8.36,97977,0,0.19,0.1125,0.3579,0.2322,0.378,0.3028,0.0,21.6091,0,0,True
2026-06-21,SUP_024,Ohio Valley Plastics,North America,Packaging,19,3.4,0.81,10.0,57.7,32.3,low,92.18,7.58,999,8.36,97977,0,0.19,0.1125,0.3579,0.2431,0.323,0.3032,0.0,21.0401,0,0,True
2026-06-22,SUP_024,Ohio Valley Plastics,North America,Packaging,19,3.4,0.81,4.0,50.4,39.4,low,90.93,7.58,999,8.36,97977,0,0.19,0.1125,0.3579,0.1792,0.394,0.3032,0.0,20.8839,0,0,True
2026-06-23,SUP_024,Ohio Valley Plastics,North America,Packaging,19,3.4,0.81,4.5,51.9,21.3,low,90.54,7.59,999,8.36,97977,0,0.19,0.1125,0.3579,0.1872,0.213,0.3036,0.0,18.4987,0,0,True
2026-06-24,SUP_024,Ohio Valley Plastics,North America,Packaging,19,3.4,0.81,0.0,57.1,27.8,low,90.63,7.6,999,8.36,97977,0,0.19,0.1125,0.3579,0.1713,0.278,0.304,0.0,19.1273,0,0,True
2026-06-25,SUP_024,Ohio Valley Plastics,North America,Packaging,19,3.4,0.81,0.0,52.7,25.8,low,90.35,7.61,999,8.36,97977,0,0.19,0.1125,0.3579,0.1581,0.258,0.3044,0.0,18.6145,0,0,True
2026-06-26,SUP_024,Ohio Valley Plastics,North America,Packaging,19,3.4,0.81,0.0,48.4,38.7,low,91.35,7.62,999,8.36,97977,0,0.19,0.1125,0.3579,0.1452,0.387,0.3048,0.0,20.1931,0,0,True
2026-06-27,SUP_024,Ohio Valley Plastics,North America,Packaging,19,3.4,0.81,5.3,48.9,37.4,low,91.06,7.62,999,8.36,97977,0,0.19,0.1125,0.3579,0.1838,0.374,0.3048,0.0,20.7059,0,0,True
2026-06-28,SUP_024,Ohio Valley Plastics,North America,Packaging,19,3.4,0.81,0.0,43.4,48.4,medium,90.84,7.63,999,8.36,97977,0,0.19,0.1125,0.3579,0.1302,0.484,0.3052,0.0,21.2859,0,0,True
2026-06-29,SUP_024,Ohio Valley Plastics,North America,Packaging,19,3.4,0.81,0.0,35.2,49.7,medium,91.6,7.63,999,8.36,97977,0,0.19,0.1125,0.3579,0.1056,0.497,0.3052,0.0,21.0251,0,0,True
2026-06-30,SUP_024,Ohio Valley Plastics,North America,Packaging,19,3.4,0.81,0.0,41.2,44.9,medium,93.28,7.63,999,8.36,97977,0,0.19,0.1125,0.3579,0.1236,0.449,0.3052,0.0,20.6771,0,0,True
2026-07-01,SUP_024,Ohio Valley Plastics,North America,Packaging,19,3.4,0.81,8.3,37.9,49.7,medium,94.59,7.09,999,8.36,97977,0,0.19,0.1125,0.3579,0.1718,0.497,0.2836,0.0,21.9575,0,0,True
2026-07-02,SUP_024,Ohio Valley Plastics,North America,Packaging,19,3.4,0.81,9.8,37.6,53.4,medium,94.47,7.09,999,8.36,97977,0,0.19,0.1125,0.3579,0.1814,0.534,0.2836,0.0,22.6483,0,0,True
2026-07-03,SUP_024,Ohio Valley Plastics,North America,Packaging,19,3.4,0.81,13.5,34.0,53.1,medium,94.42,7.1,999,8.36,97977,0,0.19,0.1125,0.3579,0.1965,0.531,0.284,0.0,22.8829,0,0,True
2026-07-04,SUP_024,Ohio Valley Plastics,North America,Packaging,19,3.4,0.81,11.6,40.8,27.4,low,94.46,5.88,999,8.36,97977,0,0.19,0.1125,0.3579,0.2036,0.274,0.2352,0.0,18.8271,0,0,True
2026-07-05,SUP_024,Ohio Valley Plastics,North America,Packaging,19,3.4,0.81,9.3,44.5,20.2,low,94.6,4.7,999,8.36,97977,0,0.19,0.1125,0.3579,0.1986,0.202,0.188,0.0,17.1627,0,0,True
2026-07-06,SUP_024,Ohio Valley Plastics,North America,Packaging,19,3.4,0.81,10.1,41.8,36.7,low,93.81,4.7,999,8.36,97977,0,0.19,0.1125,0.3579,0.1961,0.367,0.188,0.0,19.4277,0,0,True
2026-07-07,SUP_024,Ohio Valley Plastics,North America,Packaging,19,3.4,0.81,7.2,34.5,24.7,low,94.68,4.79,999,8.36,97977,0,0.19,0.1125,0.3579,0.1539,0.247,0.1916,0.0,17.0313,0,0,True
2026-07-08,SUP_024,Ohio Valley Plastics,North America,Packaging,19,3.4,0.81,11.4,32.8,35.4,low,94.88,5.0,999,8.36,97977,0,0.19,0.1125,0.3579,0.1782,0.354,0.2,0.0,19.0675,0,0,True
2026-07-09,SUP_024,Ohio Valley Plastics,North America,Packaging,19,3.4,0.81,3.9,36.1,41.8,medium,94.83,5.0,999,8.36,97977,0,0.19,0.1125,0.3579,0.1356,0.418,0.2,0.0,19.1967,0,0,True
2026-07-10,SUP_024,Ohio Valley Plastics,North America,Packaging,19,3.4,0.81,9.3,36.9,33.4,low,93.65,5.0,999,8.36,97977,0,0.19,0.1125,0.3579,0.1758,0.334,0.2,0.0,18.7443,0,0,True
2026-07-11,SUP_024,Ohio Valley Plastics,North America,Packaging,19,3.4,0.81,9.9,37.2,15.3,low,93.71,4.99,999,8.36,97977,0,0.19,0.1125,0.3579,0.1809,0.153,0.1996,0.0,16.2973,0,0,True
2026-07-12,SUP_024,Ohio Valley Plastics,North America,Packaging,19,3.4,0.81,9.2,38.0,15.0,low,91.95,4.99,999,8.36,97977,0,0.19,0.1125,0.3579,0.1784,0.15,0.1996,0.0,16.2103,0,0,True
2026-07-13,SUP_024,Ohio Valley Plastics,North America,Packaging,19,3.4,0.81,1.8,41.6,39.2,low,91.41,4.99,999,8.36,97977,0,0.19,0.1125,0.3579,0.1374,0.392,0.1996,0.0,18.8603,0,0,True
2026-07-14,SUP_024,Ohio Valley Plastics,North America,Packaging,19,3.4,0.81,0.0,40.4,30.2,low,90.89,5.0,999,8.36,97977,0,0.19,0.1125,0.3579,0.1212,0.302,0.2,0.0,17.3135,0,0,True
2026-07-15,SUP_024,Ohio Valley Plastics,North America,Packaging,19,3.4,0.81,6.4,41.9,24.0,low,91.15,5.0,999,8.36,97977,0,0.19,0.1125,0.3579,0.1705,0.24,0.2,0.0,17.3329,0,0,True
2026-07-16,SUP_024,Ohio Valley Plastics,North America,Packaging,19,3.4,0.81,6.2,35.7,17.5,low,92.9,5.0,999,8.36,97977,0,0.19,0.1125,0.3579,0.1505,0.175,0.2,0.0,16.0629,0,0,True
2026-07-17,SUP_024,Ohio Valley Plastics,North America,Packaging,19,3.4,0.81,8.4,49.0,33.1,low,93.43,4.99,999,8.36,97977,0,0.19,0.1125,0.3579,0.2058,0.331,0.1996,0.0,19.2375,0,0,True
2026-07-18,SUP_024,Ohio Valley Plastics,North America,Packaging,19,3.4,0.81,4.8,45.4,31.4,low,94.78,4.99,999,8.36,97977,0,0.19,0.1125,0.3579,0.1698,0.314,0.1996,0.0,18.3515,0,0,True
2026-07-19,SUP_024,Ohio Valley Plastics,North America,Packaging,19,3.4,0.81,5.7,44.9,26.5,low,95.38,5.52,999,8.36,97977,0,0.19,0.1125,0.3579,0.1746,0.265,0.2208,0.0,18.0063,0,0,True
2026-07-20,SUP_024,Ohio Valley Plastics,North America,Packaging,19,3.4,0.81,0.2,46.4,41.7,medium,96.42,6.53,999,8.36,97977,0,0.19,0.1125,0.3579,0.1406,0.417,0.2612,0.0,20.0071,0,0,True
2026-07-21,SUP_024,Ohio Valley Plastics,North America,Packaging,19,3.4,0.81,2.4,42.6,45.4,medium,98.15,8.37,999,8.36,97977,0,0.19,0.1125,0.3579,0.1446,0.454,0.3348,0.0,21.4803,0,0,True
2026-07-22,SUP_024,Ohio Valley Plastics,North America,Packaging,19,3.4,0.81,5.6,41.5,34.3,low,97.47,8.35,999,8.36,97977,0,0.19,0.1125,0.3579,0.1637,0.343,0.334,0.0,20.2605,0,0,True
2026-07-23,SUP_024,Ohio Valley Plastics,North America,Packaging,19,3.4,0.81,8.1,40.5,23.1,low,96.73,8.33,999,8.36,97977,0,0.19,0.1125,0.3579,0.1782,0.231,0.3332,0.0,18.9439,0,0,True
2026-07-24,SUP_024,Ohio Valley Plastics,North America,Packaging,19,3.4,0.81,4.4,34.8,36.8,low,97.35,8.31,999,8.36,97977,0,0.19,0.1125,0.3579,0.1352,0.368,0.3324,0.0,20.0783,0,0,True
2026-07-25,SUP_024,Ohio Valley Plastics,North America,Packaging,19,3.4,0.81,3.9,37.2,36.5,low,97.35,7.77,999,8.36,97977,0,0.19,0.1125,0.3579,0.1389,0.365,0.3108,0.0,19.8437,0,0,True
2026-07-26,SUP_024,Ohio Valley Plastics,North America,Packaging,19,3.4,0.81,7.7,28.2,21.8,low,97.55,7.76,999,8.36,97977,0,0.19,0.1125,0.3579,0.1385,0.218,0.3104,0.0,17.7737,0,0,True
2026-07-27,SUP_024,Ohio Valley Plastics,North America,Packaging,19,3.4,0.81,7.3,38.4,8.6,low,97.32,7.74,999,8.36,97977,0,0.19,0.1125,0.3579,0.1663,0.086,0.3096,0.0,16.4165,0,0,True
2026-07-28,SUP_024,Ohio Valley Plastics,North America,Packaging,19,3.4,0.81,6.7,42.1,4.9,low,96.77,7.67,999,8.36,97977,0,0.19,0.1125,0.3579,0.1732,0.049,0.3068,0.0,15.9891,0,0,True
2026-07-29,SUP_024,Ohio Valley Plastics,North America,Packaging,19,3.4,0.81,16.5,44.4,0.9,low,98.27,7.78,999,8.36,97977,0,0.19,0.1125,0.3579,0.2487,0.009,0.3112,0.0,16.8409,0,0,True
2026-07-30,SUP_024,Ohio Valley Plastics,North America,Packaging,19,3.4,0.81,11.3,33.8,0.0,low,97.25,7.77,999,8.36,97977,0,0.19,0.1125,0.3579,0.1805,0.0,0.3108,0.0,15.4825,0,0,True
2026-07-31,SUP_024,Ohio Valley Plastics,North America,Packaging,19,3.4,0.81,16.5,29.8,0.0,low,97.89,7.76,999,8.36,97977,0,0.19,0.1125,0.3579,0.2049,0.0,0.3104,0.0,15.9169,0,0,True
2026-08-01,SUP_024,Ohio Valley Plastics,North America,Packaging,19,3.4,0.81,10.4,37.9,0.0,low,98.38,7.86,999,8.36,97977,0,0.19,0.1125,0.3579,0.1865,0.0,0.3144,0.0,15.6337,0,0,True
2026-08-02,SUP_024,Ohio Valley Plastics,North America,Packaging,19,3.4,0.81,13.7,59.4,0.0,low,96.91,7.86,999,8.36,97977,0,0.19,0.1125,0.3579,0.2741,0.0,0.3144,0.0,17.2105,0,0,True
2026-08-03,SUP_024,Ohio Valley Plastics,North America,Packaging,19,3.4,0.81,16.8,62.0,24.3,low,96.14,7.85,999,8.36,97977,0,0.19,0.1125,0.3579,0.3036,0.243,0.314,0.0,21.1387,0,0,True
2026-08-04,SUP_024,Ohio Valley Plastics,North America,Packaging,19,3.4,0.81,13.7,63.4,24.5,low,95.52,7.85,999,8.36,97977,0,0.19,0.1125,0.3579,0.2861,0.245,0.314,0.0,20.8517,0,0,True
2026-08-05,SUP_024,Ohio Valley Plastics,North America,Packaging,19,3.4,0.81,7.7,61.9,25.6,low,96.05,7.84,999,8.36,97977,0,0.19,0.1125,0.3579,0.2396,0.256,0.3136,0.0,20.1639,0,0,True
2026-08-06,SUP_024,Ohio Valley Plastics,North America,Packaging,19,3.4,0.81,20.1,53.4,32.6,low,95.7,7.84,999,8.36,97977,0,0.19,0.1125,0.3579,0.3009,0.326,0.3136,0.0,22.2473,0,0,True
2026-08-07,SUP_024,Ohio Valley Plastics,North America,Packaging,19,3.4,0.81,20.1,55.9,31.0,low,95.62,7.84,999,8.36,97977,0,0.19,0.1125,0.3579,0.3084,0.31,0.3136,0.0,22.1583,0,0,True
2026-08-08,SUP_024,Ohio Valley Plastics,North America,Packaging,19,3.4,0.81,22.7,47.0,35.7,low,94.27,7.84,999,8.36,97977,0,0.19,0.1125,0.3579,0.2999,0.357,0.3136,0.0,22.6633,0,0,True
2026-08-09,SUP_024,Ohio Valley Plastics,North America,Packaging,19,3.4,0.81,20.1,38.8,38.1,low,96.43,7.83,999,8.36,97977,0,0.19,0.1125,0.3579,0.2571,0.381,0.3132,0.0,22.2241,0,0,True
2026-08-10,SUP_024,Ohio Valley Plastics,North America,Packaging,19,3.4,0.81,21.4,31.5,38.5,low,96.5,7.82,999,8.36,97977,0,0.19,0.1125,0.3579,0.2443,0.385,0.3128,0.0,22.0449,0,0,True
2026-08-11,SUP_024,Ohio Valley Plastics,North America,Packaging,19,3.4,0.81,20.1,37.2,63.2,medium,96.96,7.81,999,8.36,97977,0,0.19,0.1125,0.3579,0.2523,0.632,0.3124,0.0,25.6421,0,0,True
2026-08-12,SUP_024,Ohio Valley Plastics,North America,Packaging,19,3.4,0.81,20.1,36.5,64.6,medium,96.46,7.8,999,8.36,97977,0,0.19,0.1125,0.3579,0.2502,0.646,0.312,0.0,25.7955,0,0,True
2026-08-13,SUP_024,Ohio Valley Plastics,North America,Packaging,19,3.4,0.81,20.1,36.8,47.2,medium,95.85,7.51,999,8.36,97977,0,0.19,0.1125,0.3579,0.2511,0.472,0.3004,0.0,23.2365,0,0,True
2026-08-14,SUP_024,Ohio Valley Plastics,North America,Packaging,19,3.4,0.81,20.1,36.5,47.6,medium,97.63,5.68,999,8.36,97977,0,0.19,0.1125,0.3579,0.2502,0.476,0.2272,0.0,22.3979,0,0,True
2026-08-15,SUP_024,Ohio Valley Plastics,North America,Packaging,19,3.4,0.81,20.1,30.3,37.1,low,95.85,5.13,999,8.36,97977,0,0.19,0.1125,0.3579,0.2316,0.371,0.2052,0.0,20.3291,0,0,True
2026-08-16,SUP_024,Ohio Valley Plastics,North America,Packaging,19,3.4,0.81,20.1,27.5,40.7,medium,96.11,4.25,999,8.36,97977,0,0.19,0.1125,0.3579,0.2232,0.407,0.17,0.0,20.2595,0,0,True
2026-08-17,SUP_024,Ohio Valley Plastics,North America,Packaging,19,3.4,0.81,20.1,25.4,26.5,low,94.98,4.25,999,8.36,97977,0,0.19,0.1125,0.3579,0.2169,0.265,0.17,0.0,18.1581,0,0,True
2026-08-18,SUP_024,Ohio Valley Plastics,North America,Packaging,19,3.4,0.81,20.1,19.4,18.4,low,94.61,4.25,999,8.36,97977,0,0.19,0.1125,0.3579,0.1989,0.184,0.17,0.0,16.7001,0,0,True
2026-08-19,SUP_024,Ohio Valley Plastics,North America,Packaging,19,3.4,0.81,20.1,19.1,25.7,low,94.01,4.53,999,8.36,97977,0,0.19,0.1125,0.3579,0.198,0.257,0.1812,0.0,17.8403,0,0,True
2026-08-20,SUP_024,Ohio Valley Plastics,North America,Packaging,19,3.4,0.81,0.0,15.8,37.3,low,93.09,5.49,999,8.36,97977,0,0.19,0.1125,0.3579,0.0474,0.373,0.2196,0.0,17.2143,0,0,True
2026-08-21,SUP_024,Ohio Valley Plastics,North America,Packaging,19,3.4,0.81,0.0,21.7,41.4,medium,93.13,5.5,999,8.36,97977,0,0.19,0.1125,0.3579,0.0651,0.414,0.22,0.0,18.1117,0,0,True
2026-08-22,SUP_024,Ohio Valley Plastics,North America,Packaging,19,3.4,0.81,0.0,27.2,47.7,medium,90.74,7.96,999,8.36,97977,0,0.19,0.1125,0.3579,0.0816,0.477,0.3184,0.0,20.4715,0,0,True
2026-08-23,SUP_024,Ohio Valley Plastics,North America,Packaging,19,3.4,0.81,0.0,21.5,48.0,medium,90.45,8.28,999,8.36,97977,0,0.19,0.1125,0.3579,0.0645,0.48,0.3312,0.0,20.3593,0,0,True
2026-08-24,SUP_024,Ohio Valley Plastics,North America,Packaging,19,3.4,0.81,0.0,22.0,46.3,medium,90.36,8.39,999,8.36,97977,0,0.19,0.1125,0.3579,0.066,0.463,0.3356,0.0,20.2011,0,0,True
2026-08-25,SUP_024,Ohio Valley Plastics,North America,Packaging,19,3.4,0.81,0.0,33.7,38.8,low,89.1,9.74,999,8.36,97977,0,0.19,0.1125,0.3579,0.1011,0.388,0.3896,0.0,20.4309,0,0,True
2026-08-26,SUP_024,Ohio Valley Plastics,North America,Packaging,19,3.4,0.81,5.4,28.7,45.4,medium,90.51,9.76,999,8.36,97977,0,0.19,0.1125,0.3579,0.1239,0.454,0.3904,0.0,21.7749,0,0,True
2026-08-27,SUP_024,Ohio Valley Plastics,North America,Packaging,19,3.4,0.81,2.3,31.9,52.3,medium,89.95,9.79,999,8.36,97977,0,0.19,0.1125,0.3579,0.1118,0.523,0.3916,0.0,22.5375,0,0,True
2026-08-28,SUP_024,Ohio Valley Plastics,North America,Packaging,19,3.4,0.81,6.2,32.9,47.4,medium,89.73,9.82,999,8.36,97977,0,0.19,0.1125,0.3579,0.1421,0.474,0.3928,0.0,22.4113,0,0,True
2026-08-29,SUP_024,Ohio Valley Plastics,North America,Packaging,19,3.4,0.81,12.0,39.0,43.2,medium,89.18,9.84,999,8.36,97977,0,0.19,0.1125,0.3579,0.201,0.432,0.3936,0.0,22.8931,0,0,True
2026-08-30,SUP_024,Ohio Valley Plastics,North America,Packaging,19,3.4,0.81,14.1,40.0,55.9,medium,89.11,9.87,999,8.36,97977,0,0.19,0.1125,0.3579,0.2187,0.559,0.3948,0.0,25.0041,0,0,True
2026-08-31,SUP_024,Ohio Valley Plastics,North America,Packaging,19,3.4,0.81,7.3,37.0,50.5,medium,90.32,9.1,999,8.36,97977,0,0.19,0.1125,0.3579,0.1621,0.505,0.364,0.0,22.8597,0,0,True
2026-09-01,SUP_024,Ohio Valley Plastics,North America,Packaging,19,3.4,0.81,3.5,37.0,47.3,medium,92.62,9.12,999,8.36,97977,0,0.19,0.1125,0.3579,0.1355,0.473,0.3648,0.0,21.9425,0,0,True
2026-09-02,SUP_024,Ohio Valley Plastics,North America,Packaging,19,3.4,0.81,10.3,37.1,48.7,medium,93.31,9.13,999,8.36,97977,0,0.19,0.1125,0.3579,0.1834,0.487,0.3652,0.0,23.0055,0,0,True
2026-09-03,SUP_024,Ohio Valley Plastics,North America,Packaging,19,3.4,0.81,6.8,36.3,44.4,medium,94.33,9.13,999,8.36,97977,0,0.19,0.1125,0.3579,0.1565,0.444,0.3652,0.0,21.9193,0,0,True
2026-09-04,SUP_024,Ohio Valley Plastics,North America,Packaging,19,3.4,0.81,12.2,29.2,34.4,low,95.92,9.13,999,8.36,97977,0,0.19,0.1125,0.3579,0.173,0.344,0.3652,0.0,20.8163,0,0,True
2026-09-05,SUP_024,Ohio Valley Plastics,North America,Packaging,19,3.4,0.81,10.1,36.6,38.1,low,96.15,9.13,999,8.36,97977,0,0.19,0.1125,0.3579,0.1805,0.381,0.3652,0.0,21.4693,0,0,True
2026-09-06,SUP_024,Ohio Valley Plastics,North America,Packaging,19,3.4,0.81,11.1,42.0,37.0,low,97.61,9.12,999,8.36,97977,0,0.19,0.1125,0.3579,0.2037,0.37,0.3648,0.0,21.7281,0,0,True
2026-09-07,SUP_024,Ohio Valley Plastics,North America,Packaging,19,3.4,0.81,4.6,35.4,53.5,medium,98.35,9.88,999,8.36,97977,0,0.19,0.1125,0.3579,0.1384,0.535,0.3952,0.0,23.2275,0,0,True
2026-09-08,SUP_024,Ohio Valley Plastics,North America,Packaging,19,3.4,0.81,2.9,33.8,56.2,medium,98.48,10.01,999,8.36,97977,0,0.19,0.1125,0.3579,0.1217,0.562,0.4004,0.0,23.3673,0,0,True
2026-09-09,SUP_024,Ohio Valley Plastics,North America,Packaging,19,3.4,0.81,0.1,32.8,45.4,medium,98.81,10.35,999,8.36,97977,0,0.19,0.1125,0.3579,0.0991,0.454,0.414,0.0,21.6117,0,0,True
2026-09-10,SUP_024,Ohio Valley Plastics,North America,Packaging,19,3.4,0.81,2.9,27.0,49.5,medium,97.12,10.35,999,8.36,97977,0,0.19,0.1125,0.3579,0.1013,0.495,0.414,0.0,22.2253,0,0,True
2026-09-11,SUP_024,Ohio Valley Plastics,North America,Packaging,19,3.4,0.81,4.7,18.4,48.8,medium,97.39,10.35,999,8.36,97977,0,0.19,0.1125,0.3579,0.0881,0.488,0.414,0.0,21.8897,0,0,True
2026-09-12,SUP_024,Ohio Valley Plastics,North America,Packaging,19,3.4,0.81,8.0,17.3,57.4,medium,95.95,10.35,999,8.36,97977,0,0.19,0.1125,0.3579,0.1079,0.574,0.414,0.0,23.4501,0,0,True
2026-09-13,SUP_024,Ohio Valley Plastics,North America,Packaging,19,3.4,0.81,6.3,18.1,47.0,medium,94.44,10.36,999,8.36,97977,0,0.19,0.1125,0.3579,0.0984,0.47,0.4144,0.0,21.8279,0,0,True
2026-09-14,SUP_024,Ohio Valley Plastics,North America,Packaging,19,3.4,0.81,2.7,13.1,45.7,medium,94.62,10.36,999,8.36,97977,0,0.19,0.1125,0.3579,0.0582,0.457,0.4144,0.0,20.9223,0,0,True
2026-09-15,SUP_024,Ohio Valley Plastics,North America,Packaging,19,3.4,0.81,5.0,17.3,42.1,medium,93.59,10.37,999,8.36,97977,0,0.19,0.1125,0.3579,0.0869,0.421,0.4148,0.0,20.9397,0,0,True
2026-09-16,SUP_024,Ohio Valley Plastics,North America,Packaging,19,3.4,0.81,1.2,26.1,40.9,medium,93.58,10.38,999,8.36,97977,0,0.19,0.1125,0.3579,0.0867,0.409,0.4152,0.0,20.7729,0,0,True
2026-09-17,SUP_024,Ohio Valley Plastics,North America,Packaging,19,3.4,0.81,7.9,31.8,31.2,low,93.71,10.38,999,8.36,97977,0,0.19,0.1125,0.3579,0.1507,0.312,0.4152,0.0,20.5669,0,0,False
2026-09-18,SUP_024,Ohio Valley Plastics,North America,Packaging,19,3.4,0.81,8.0,31.6,37.5,low,93.88,10.38,999,8.36,97977,0,0.19,0.1125,0.3579,0.1508,0.375,0.4152,0.0,21.4507,0,0,False
2026-09-19,SUP_024,Ohio Valley Plastics,North America,Packaging,19,3.4,0.81,7.0,22.5,40.7,medium,93.04,10.38,999,8.36,97977,0,0.19,0.1125,0.3579,0.1165,0.407,0.4152,0.0,21.2813,0,0,False
2026-09-20,SUP_024,Ohio Valley Plastics,North America,Packaging,19,3.4,0.81,10.0,28.1,51.2,medium,93.87,10.38,999,8.36,97977,0,0.19,0.1125,0.3579,0.1543,0.512,0.4152,0.0,23.4317,0,0,False
2026-09-21,SUP_024,Ohio Valley Plastics,North America,Packaging,19,3.4,0.81,9.9,29.9,47.1,medium,93.79,10.37,999,8.36,97977,0,0.19,0.1125,0.3579,0.159,0.471,0.4148,0.0,22.9375,0,0,False
2026-09-22,SUP_024,Ohio Valley Plastics,North America,Packaging,19,3.4,0.81,2.4,32.9,40.2,medium,94.2,10.36,999,8.36,97977,0,0.19,0.1125,0.3579,0.1155,0.402,0.4144,0.0,21.1837,0,0,False
2026-09-23,SUP_024,Ohio Valley Plastics,North America,Packaging,19,3.4,0.81,0.0,43.4,46.2,medium,93.09,10.35,999,8.36,97977,0,0.19,0.1125,0.3579,0.1302,0.462,0.414,0.0,22.2835,0,0,False
2026-06-01,SUP_025,Seoul Displays,East Asia,Electronics,83,2.5,0.776,40.4,30.8,73.2,high,101.39,0.0,999,209.06,51000,1,0.224,0.9125,0.0602,0.3752,0.732,0.0,0.0,31.209,0,0,True
2026-06-02,SUP_025,Seoul Displays,East Asia,Electronics,83,2.5,0.776,45.8,29.2,74.3,high,102.24,0.0,999,209.06,51000,1,0.224,0.9125,0.0602,0.4082,0.743,0.0,0.0,31.957,0,0,True
2026-06-03,SUP_025,Seoul Displays,East Asia,Electronics,83,2.5,0.776,49.9,31.6,81.2,high,101.46,0.0,999,209.06,51000,1,0.224,0.9125,0.0602,0.4441,0.812,0.0,0.0,33.5692,0,0,True
2026-06-04,SUP_025,Seoul Displays,East Asia,Electronics,83,2.5,0.776,44.9,31.4,57.9,medium,101.76,0.0,999,209.06,51000,1,0.224,0.9125,0.0602,0.4085,0.579,0.0,0.0,29.6664,0,0,True
2026-06-05,SUP_025,Seoul Displays,East Asia,Electronics,83,2.5,0.776,41.9,36.4,41.5,medium,101.44,0.84,999,209.06,51000,1,0.224,0.9125,0.0602,0.4025,0.415,0.0336,0.0,27.6656,0,0,True
2026-06-06,SUP_025,Seoul Displays,East Asia,Electronics,83,2.5,0.776,37.2,31.2,39.4,low,101.63,0.84,999,209.06,51000,1,0.224,0.9125,0.0602,0.354,0.394,0.0336,0.0,26.4986,0,0,True
2026-06-07,SUP_025,Seoul Displays,East Asia,Electronics,83,2.5,0.776,34.8,24.4,41.2,medium,101.11,1.11,999,209.06,51000,1,0.224,0.9125,0.0602,0.3168,0.412,0.0444,0.0,26.2106,0,0,True
2026-06-08,SUP_025,Seoul Displays,East Asia,Electronics,83,2.5,0.776,29.3,24.4,40.3,medium,99.96,2.25,999,209.06,51000,1,0.224,0.9125,0.0602,0.2783,0.403,0.09,0.0,25.9388,0,0,True
2026-06-09,SUP_025,Seoul Displays,East Asia,Electronics,83,2.5,0.776,30.5,26.3,26.3,low,99.73,2.48,999,209.06,51000,1,0.224,0.9125,0.0602,0.2924,0.263,0.0992,0.0,24.343,0,0,True
2026-06-10,SUP_025,Seoul Displays,East Asia,Electronics,83,2.5,0.776,35.2,21.1,41.6,medium,100.22,2.48,999,209.06,51000,1,0.224,0.9125,0.0602,0.3097,0.416,0.0992,0.0,26.7964,0,0,True
2026-06-11,SUP_025,Seoul Displays,East Asia,Electronics,83,2.5,0.776,32.5,15.9,62.4,medium,100.41,2.48,999,209.06,51000,1,0.224,0.9125,0.0602,0.2752,0.624,0.0992,0.0,29.0874,0,0,True
2026-06-12,SUP_025,Seoul Displays,East Asia,Electronics,83,2.5,0.776,33.5,19.7,69.9,high,100.68,2.49,999,209.06,51000,1,0.224,0.9125,0.0602,0.2936,0.699,0.0996,0.0,30.4734,0,0,True
2026-06-13,SUP_025,Seoul Displays,East Asia,Electronics,83,2.5,0.776,33.7,18.0,73.7,high,100.82,2.49,999,209.06,51000,1,0.224,0.9125,0.0602,0.2899,0.737,0.0996,0.0,30.9388,0,0,True
2026-06-14,SUP_025,Seoul Displays,East Asia,Electronics,83,2.5,0.776,40.0,12.9,68.7,high,101.09,2.49,999,209.06,51000,1,0.224,0.9125,0.0602,0.3187,0.687,0.0996,0.0,30.7572,0,0,True
2026-06-15,SUP_025,Seoul Displays,East Asia,Electronics,83,2.5,0.776,37.4,21.3,54.9,medium,101.45,2.48,999,209.06,51000,1,0.224,0.9125,0.0602,0.3257,0.549,0.0992,0.0,28.9464,0,0,True
2026-06-16,SUP_025,Seoul Displays,East Asia,Electronics,83,2.5,0.776,35.4,20.0,53.1,medium,101.26,2.48,999,209.06,51000,1,0.224,0.9125,0.0602,0.3078,0.531,0.0992,0.0,28.3722,0,0,True
2026-06-17,SUP_025,Seoul Displays,East Asia,Electronics,83,2.5,0.776,32.3,28.3,70.6,high,101.32,2.48,999,209.06,51000,1,0.224,0.9125,0.0602,0.311,0.706,0.0992,0.0,30.8798,0,0,True
2026-06-18,SUP_025,Seoul Displays,East Asia,Electronics,83,2.5,0.776,28.4,29.5,60.9,medium,102.48,2.72,999,209.06,51000,1,0.224,0.9125,0.0602,0.2873,0.609,0.1088,0.0,29.2104,0,0,True
2026-06-19,SUP_025,Seoul Displays,East Asia,Electronics,83,2.5,0.776,32.9,31.9,81.9,high,102.58,2.82,999,209.06,51000,1,0.224,0.9125,0.0602,0.326,0.819,0.1128,0.0,32.895,0,0,True
2026-06-20,SUP_025,Seoul Displays,East Asia,Electronics,83,2.5,0.776,33.7,31.2,90.2,high,102.61,2.84,999,209.06,51000,1,0.224,0.9125,0.0602,0.3295,0.902,0.1136,0.0,34.1296,0,0,True
2026-06-21,SUP_025,Seoul Displays,East Asia,Electronics,83,2.5,0.776,35.2,17.8,97.1,high,102.68,2.91,999,209.06,51000,1,0.224,0.9125,0.0602,0.2998,0.971,0.1164,0.0,34.5946,0,0,True
2026-06-22,SUP_025,Seoul Displays,East Asia,Electronics,83,2.5,0.776,42.2,14.4,83.5,high,102.53,2.91,999,209.06,51000,1,0.224,0.9125,0.0602,0.3386,0.835,0.1164,0.0,33.389,0,0,True
2026-06-23,SUP_025,Seoul Displays,East Asia,Electronics,83,2.5,0.776,48.5,16.8,78.8,high,102.24,2.91,999,209.06,51000,1,0.224,0.9125,0.0602,0.3899,0.788,0.1164,0.0,33.6544,0,0,True
2026-06-24,SUP_025,Seoul Displays,East Asia,Electronics,83,2.5,0.776,39.7,21.5,73.0,high,102.38,2.91,999,209.06,51000,1,0.224,0.9125,0.0602,0.3424,0.73,0.1164,0.0,31.9874,0,0,True
2026-06-25,SUP_025,Seoul Displays,East Asia,Electronics,83,2.5,0.776,43.1,14.1,73.9,high,102.04,2.91,999,209.06,51000,1,0.224,0.9125,0.0602,0.344,0.739,0.1164,0.0,32.1422,0,0,True
2026-06-26,SUP_025,Seoul Displays,East Asia,Electronics,83,2.5,0.776,44.0,16.9,55.0,medium,101.94,2.91,999,209.06,51000,1,0.224,0.9125,0.0602,0.3587,0.55,0.1164,0.0,29.7608,0,0,True
2026-06-27,SUP_025,Seoul Displays,East Asia,Electronics,83,2.5,0.776,41.6,13.7,45.1,medium,101.42,2.91,999,209.06,51000,1,0.224,0.9125,0.0602,0.3323,0.451,0.1164,0.0,27.8996,0,0,True
2026-06-28,SUP_025,Seoul Displays,East Asia,Electronics,83,2.5,0.776,43.2,18.2,55.1,medium,101.49,2.91,999,209.06,51000,1,0.224,0.9125,0.0602,0.357,0.551,0.1164,0.0,29.7442,0,0,True
2026-06-29,SUP_025,Seoul Displays,East Asia,Electronics,83,2.5,0.776,34.8,20.6,53.5,medium,101.88,2.91,999,209.06,51000,1,0.224,0.9125,0.0602,0.3054,0.535,0.1164,0.0,28.5914,0,0,True
2026-06-30,SUP_025,Seoul Displays,East Asia,Electronics,83,2.5,0.776,42.8,26.7,73.0,high,101.74,2.91,999,209.06,51000,1,0.224,0.9125,0.0602,0.3797,0.73,0.1164,0.0,32.6588,0,0,True
2026-07-01,SUP_025,Seoul Displays,East Asia,Electronics,83,2.5,0.776,45.1,33.5,68.9,high,100.39,2.91,999,209.06,51000,1,0.224,0.9125,0.0602,0.4162,0.689,0.1164,0.0,32.7418,0,0,True
2026-07-02,SUP_025,Seoul Displays,East Asia,Electronics,83,2.5,0.776,40.6,36.2,62.0,medium,100.79,2.91,999,209.06,51000,1,0.224,0.9125,0.0602,0.3928,0.62,0.1164,0.0,31.3546,0,0,True
2026-07-03,SUP_025,Seoul Displays,East Asia,Electronics,83,2.5,0.776,38.0,40.5,63.1,medium,100.87,2.91,999,209.06,51000,1,0.224,0.9125,0.0602,0.3875,0.631,0.1164,0.0,31.4132,0,0,True
2026-07-04,SUP_025,Seoul Displays,East Asia,Electronics,83,2.5,0.776,30.5,37.9,55.5,medium,100.21,2.91,999,209.06,51000,1,0.224,0.9125,0.0602,0.3272,0.555,0.1164,0.0,29.2638,0,0,True
2026-07-05,SUP_025,Seoul Displays,East Asia,Electronics,83,2.5,0.776,30.8,52.3,36.2,low,100.72,2.91,999,209.06,51000,1,0.224,0.9125,0.0602,0.3725,0.362,0.1164,0.0,27.3772,0,0,True
2026-07-06,SUP_025,Seoul Displays,East Asia,Electronics,83,2.5,0.776,51.8,43.3,36.2,low,99.79,2.91,999,209.06,51000,1,0.224,0.9125,0.0602,0.4925,0.362,0.1164,0.0,29.5372,0,0,True
2026-07-07,SUP_025,Seoul Displays,East Asia,Electronics,83,2.5,0.776,47.3,39.3,36.0,low,100.49,2.91,999,209.06,51000,1,0.224,0.9125,0.0602,0.449,0.36,0.1164,0.0,28.7262,0,0,True
2026-07-08,SUP_025,Seoul Displays,East Asia,Electronics,83,2.5,0.776,53.5,43.4,23.5,low,100.45,2.91,999,209.06,51000,1,0.224,0.9125,0.0602,0.5047,0.235,0.1164,0.0,27.9788,0,0,True
2026-07-09,SUP_025,Seoul Displays,East Asia,Electronics,83,2.5,0.776,61.1,46.1,28.2,low,98.93,3.7,999,209.06,51000,1,0.224,0.9125,0.0602,0.566,0.282,0.148,0.0,30.1194,0,0,True
2026-07-10,SUP_025,Seoul Displays,East Asia,Electronics,83,2.5,0.776,61.3,47.0,13.3,low,99.05,3.7,999,209.06,51000,1,0.224,0.9125,0.0602,0.5701,0.133,0.148,0.0,28.1072,0,0,True
2026-07-11,SUP_025,Seoul Displays,East Asia,Electronics,83,2.5,0.776,60.2,48.7,18.0,low,98.78,3.85,999,209.06,51000,1,0.224,0.9125,0.0602,0.5675,0.18,0.154,0.0,28.7904,0,0,True
2026-07-12,SUP_025,Seoul Displays,East Asia,Electronics,83,2.5,0.776,62.8,35.7,27.0,low,98.41,4.22,999,209.06,51000,1,0.224,0.9125,0.0602,0.5467,0.27,0.1688,0.0,29.8536,0,0,True
2026-07-13,SUP_025,Seoul Displays,East Asia,Electronics,83,2.5,0.776,62.8,44.0,32.4,low,97.92,4.71,999,209.06,51000,1,0.224,0.9125,0.0602,0.5716,0.324,0.1884,0.0,31.293,0,0,True
2026-07-14,SUP_025,Seoul Displays,East Asia,Electronics,83,2.5,0.776,57.8,41.6,31.7,low,97.83,4.81,999,209.06,51000,1,0.224,0.9125,0.0602,0.5294,0.317,0.1924,0.0,30.4834,0,0,True
2026-07-15,SUP_025,Seoul Displays,East Asia,Electronics,83,2.5,0.776,55.6,47.1,34.3,low,97.51,5.13,999,209.06,51000,1,0.224,0.9125,0.0602,0.5305,0.343,0.2052,0.0,31.0208,0,0,True
2026-07-16,SUP_025,Seoul Displays,East Asia,Electronics,83,2.5,0.776,55.4,34.6,29.7,low,96.27,6.37,999,209.06,51000,1,0.224,0.9125,0.0602,0.4916,0.297,0.2548,0.0,30.2718,0,0,True
2026-07-17,SUP_025,Seoul Displays,East Asia,Electronics,83,2.5,0.776,57.8,36.0,33.6,low,97.12,6.38,999,209.06,51000,1,0.224,0.9125,0.0602,0.5126,0.336,0.2552,0.0,31.2006,0,0,True
2026-07-18,SUP_025,Seoul Displays,East Asia,Electronics,83,2.5,0.776,58.8,32.9,37.0,low,96.95,6.39,999,209.06,51000,1,0.224,0.9125,0.0602,0.5103,0.37,0.2556,0.0,31.64,0,0,True
2026-07-19,SUP_025,Seoul Displays,East Asia,Electronics,83,2.5,0.776,60.5,36.2,30.7,low,96.46,6.41,999,209.06,51000,1,0.224,0.9125,0.0602,0.5321,0.307,0.2564,0.0,31.16,0,0,True
2026-07-20,SUP_025,Seoul Displays,East Asia,Electronics,83,2.5,0.776,32.1,37.7,36.7,low,95.71,6.98,999,209.06,51000,1,0.224,0.9125,0.0602,0.3378,0.367,0.2792,0.0,28.7762,0,0,True
2026-07-21,SUP_025,Seoul Displays,East Asia,Electronics,83,2.5,0.776,36.7,39.2,41.2,medium,96.22,6.85,999,209.06,51000,1,0.224,0.9125,0.0602,0.3745,0.412,0.274,0.0,30.0044,0,0,True
2026-07-22,SUP_025,Seoul Displays,East Asia,Electronics,83,2.5,0.776,37.5,33.0,40.6,medium,95.36,7.06,999,209.06,51000,1,0.224,0.9125,0.0602,0.3615,0.406,0.2824,0.0,29.7872,0,0,True
2026-07-23,SUP_025,Seoul Displays,East Asia,Electronics,83,2.5,0.776,50.3,33.0,64.1,medium,95.45,7.08,999,209.06,51000,1,0.224,0.9125,0.0602,0.4511,0.641,0.2832,0.0,34.6996,0,1,True
2026-07-24,SUP_025,Seoul Displays,East Asia,Electronics,83,2.5,0.776,47.2,32.4,58.0,medium,95.06,7.06,999,209.06,51000,1,0.224,0.9125,0.0602,0.4276,0.58,0.2824,0.0,33.413,0,1,True
2026-07-25,SUP_025,Seoul Displays,East Asia,Electronics,83,2.5,0.776,48.0,35.4,52.2,medium,94.7,7.34,999,209.06,51000,1,0.224,0.9125,0.0602,0.4422,0.522,0.2936,0.0,32.9982,0,1,True
2026-07-26,SUP_025,Seoul Displays,East Asia,Electronics,83,2.5,0.776,60.5,40.5,46.5,medium,93.97,8.04,999,209.06,51000,1,0.224,0.9125,0.0602,0.545,0.465,0.3216,0.0,34.3866,0,1,True
2026-07-27,SUP_025,Seoul Displays,East Asia,Electronics,83,2.5,0.776,58.6,40.5,37.1,low,93.55,8.49,999,209.06,51000,1,0.224,0.9125,0.0602,0.5317,0.371,0.3396,0.0,33.0472,0,1,True
2026-07-28,SUP_025,Seoul Displays,East Asia,Electronics,83,2.5,0.776,55.8,32.9,45.4,medium,93.56,8.51,999,209.06,51000,1,0.224,0.9125,0.0602,0.4893,0.454,0.3404,0.0,33.4556,0,1,True
2026-07-29,SUP_025,Seoul Displays,East Asia,Electronics,83,2.5,0.776,49.1,33.8,39.0,low,93.72,8.39,999,209.06,51000,1,0.224,0.9125,0.0602,0.4451,0.39,0.3356,0.0,31.7064,0,1,True
2026-07-30,SUP_025,Seoul Displays,East Asia,Electronics,83,2.5,0.776,55.2,47.7,35.2,low,93.19,7.89,999,209.06,51000,1,0.224,0.9125,0.0602,0.5295,0.352,0.3156,0.0,32.4536,1,0,True
2026-07-31,SUP_025,Seoul Displays,East Asia,Electronics,83,2.5,0.776,47.8,54.5,32.7,low,93.13,7.97,1,209.06,51000,1,0.224,0.9125,0.0602,0.4981,0.327,0.3188,0.9672,47.0523,0,0,True
2026-08-01,SUP_025,Seoul Displays,East Asia,Electronics,83,2.5,0.776,48.9,35.9,26.6,low,93.72,7.99,2,209.06,51000,1,0.224,0.9125,0.0602,0.45,0.266,0.3196,0.9355,44.8347,0,1,True
2026-08-02,SUP_025,Seoul Displays,East Asia,Electronics,83,2.5,0.776,45.6,36.1,15.0,low,92.61,8.4,3,209.06,51000,1,0.224,0.9125,0.0602,0.4275,0.15,0.336,0.9048,42.5118,0,1,True
2026-08-03,SUP_025,Seoul Displays,East Asia,Electronics,83,2.5,0.776,44.2,40.9,18.2,low,92.61,8.42,4,209.06,51000,1,0.224,0.9125,0.0602,0.4321,0.182,0.3368,0.8752,42.5776,0,1,True
2026-08-04,SUP_025,Seoul Displays,East Asia,Electronics,83,2.5,0.776,37.1,39.0,33.0,low,91.97,8.87,5,209.06,51000,1,0.224,0.9125,0.0602,0.3767,0.33,0.3548,0.8465,43.4093,0,1,True
2026-08-05,SUP_025,Seoul Displays,East Asia,Electronics,83,2.5,0.776,44.2,36.0,37.8,low,91.27,9.63,6,209.06,51000,1,0.224,0.9125,0.0602,0.4174,0.378,0.3852,0.8187,44.7347,0,1,True
2026-08-06,SUP_025,Seoul Displays,East Asia,Electronics,83,2.5,0.776,42.6,34.4,54.1,medium,91.44,9.62,7,209.06,51000,1,0.224,0.9125,0.0602,0.4014,0.541,0.3848,0.7919,46.2944,0,1,True
2026-08-07,SUP_025,Seoul Displays,East Asia,Electronics,83,2.5,0.776,36.7,37.4,58.8,medium,91.08,8.38,8,209.06,51000,1,0.224,0.9125,0.0602,0.3691,0.588,0.3352,0.7659,45.3605,0,1,True
2026-08-08,SUP_025,Seoul Displays,East Asia,Electronics,83,2.5,0.776,43.5,31.0,60.2,medium,90.27,9.26,9,209.06,51000,1,0.224,0.9125,0.0602,0.3975,0.602,0.3704,0.7408,46.0883,1,0,True
2026-08-09,SUP_025,Seoul Displays,East Asia,Electronics,83,2.5,0.776,40.8,37.9,73.8,high,91.15,9.0,1,209.06,51000,1,0.224,0.9125,0.0602,0.3993,0.738,0.36,0.9672,51.5223,0,0,True
2026-08-10,SUP_025,Seoul Displays,East Asia,Electronics,83,2.5,0.776,42.6,37.1,65.7,high,91.77,8.63,2,209.06,51000,1,0.224,0.9125,0.0602,0.4095,0.657,0.3452,0.9355,49.8869,0,0,True
2026-08-11,SUP_025,Seoul Displays,East Asia,Electronics,83,2.5,0.776,46.5,31.9,61.1,medium,90.48,8.13,3,209.06,51000,1,0.224,0.9125,0.0602,0.4212,0.611,0.3252,0.9048,48.7228,0,0,True
2026-08-12,SUP_025,Seoul Displays,East Asia,Electronics,83,2.5,0.776,48.1,38.3,57.0,medium,89.49,8.89,4,209.06,51000,1,0.224,0.9125,0.0602,0.4516,0.57,0.3556,0.8752,48.5862,0,0,True
2026-08-13,SUP_025,Seoul Displays,East Asia,Electronics,83,2.5,0.776,36.7,29.7,68.3,high,89.89,8.58,5,209.06,51000,1,0.224,0.9125,0.0602,0.346,0.683,0.3432,0.8465,47.6595,0,0,True
2026-08-14,SUP_025,Seoul Displays,East Asia,Electronics,83,2.5,0.776,40.8,27.5,62.5,medium,89.7,8.18,6,209.06,51000,1,0.224,0.9125,0.0602,0.3681,0.625,0.3272,0.8187,46.6093,0,0,True
2026-08-15,SUP_025,Seoul Displays,East Asia,Electronics,83,2.5,0.776,40.5,25.6,52.1,medium,90.7,8.2,7,209.06,51000,1,0.224,0.9125,0.0602,0.3603,0.521,0.328,0.7919,44.593,0,0,True
2026-08-16,SUP_025,Seoul Displays,East Asia,Electronics,83,2.5,0.776,39.2,38.3,55.8,medium,91.11,8.03,8,209.06,51000,1,0.224,0.9125,0.0602,0.3893,0.558,0.3212,0.7659,45.1361,0,0,True
2026-08-17,SUP_025,Seoul Displays,East Asia,Electronics,83,2.5,0.776,39.1,34.2,45.5,medium,91.31,7.52,9,209.06,51000,1,0.224,0.9125,0.0602,0.3763,0.455,0.3008,0.7408,42.8135,0,0,True
2026-08-18,SUP_025,Seoul Displays,East Asia,Electronics,83,2.5,0.776,31.9,23.0,50.3,medium,90.63,7.28,10,209.06,51000,1,0.224,0.9125,0.0602,0.2923,0.503,0.2912,0.7165,41.4697,0,0,True
2026-08-19,SUP_025,Seoul Displays,East Asia,Electronics,83,2.5,0.776,34.3,21.7,52.8,medium,90.96,7.29,11,209.06,51000,1,0.224,0.9125,0.0602,0.3052,0.528,0.2916,0.693,41.6809,0,0,True
2026-08-20,SUP_025,Seoul Displays,East Asia,Electronics,83,2.5,0.776,29.0,26.1,49.1,medium,90.1,6.47,12,209.06,51000,1,0.224,0.9125,0.0602,0.2813,0.491,0.2588,0.6703,39.9755,0,0,True
2026-08-21,SUP_025,Seoul Displays,East Asia,Electronics,83,2.5,0.776,29.6,31.6,53.3,medium,90.98,6.48,13,209.06,51000,1,0.224,0.9125,0.0602,0.302,0.533,0.2592,0.6483,40.5893,0,0,True
2026-08-22,SUP_025,Seoul Displays,East Asia,Electronics,83,2.5,0.776,32.2,44.1,37.5,low,91.26,6.06,14,209.06,51000,1,0.224,0.9125,0.0602,0.3577,0.375,0.2424,0.6271,38.8382,0,0,True
2026-08-23,SUP_025,Seoul Displays,East Asia,Electronics,83,2.5,0.776,38.8,50.1,40.9,medium,90.71,5.68,15,209.06,51000,1,0.224,0.9125,0.0602,0.4219,0.409,0.2272,0.6065,39.9585,0,0,True
2026-08-24,SUP_025,Seoul Displays,East Asia,Electronics,83,2.5,0.776,35.4,48.9,37.6,low,91.25,4.89,16,209.06,51000,1,0.224,0.9125,0.0602,0.3945,0.376,0.1956,0.5866,38.3059,0,0,True
2026-08-25,SUP_025,Seoul Displays,East Asia,Electronics,83,2.5,0.776,43.2,42.1,66.0,high,92.74,4.62,17,209.06,51000,1,0.224,0.9125,0.0602,0.4287,0.66,0.1848,0.5674,42.4602,0,0,True
2026-08-26,SUP_025,Seoul Displays,East Asia,Electronics,83,2.5,0.776,47.5,49.6,62.2,medium,92.6,4.62,18,209.06,51000,1,0.224,0.9125,0.0602,0.4813,0.622,0.1848,0.5488,42.5774,0,0,True
2026-08-27,SUP_025,Seoul Displays,East Asia,Electronics,83,2.5,0.776,44.7,45.4,52.4,medium,92.97,4.62,19,209.06,51000,1,0.224,0.9125,0.0602,0.4491,0.524,0.1848,0.5308,40.3379,0,0,True
2026-08-28,SUP_025,Seoul Displays,East Asia,Electronics,83,2.5,0.776,39.0,40.4,37.8,low,92.68,4.63,20,209.06,51000,1,0.224,0.9125,0.0602,0.3942,0.378,0.1852,0.5134,37.0321,0,0,True
2026-08-29,SUP_025,Seoul Displays,East Asia,Electronics,83,2.5,0.776,32.6,37.4,51.7,medium,92.73,4.63,21,209.06,51000,1,0.224,0.9125,0.0602,0.3404,0.517,0.1852,0.4966,37.7404,0,0,True
2026-08-30,SUP_025,Seoul Displays,East Asia,Electronics,83,2.5,0.776,35.3,30.4,46.7,medium,91.73,4.63,22,209.06,51000,1,0.224,0.9125,0.0602,0.3383,0.467,0.1852,0.4803,36.7421,0,0,True
2026-08-31,SUP_025,Seoul Displays,East Asia,Electronics,83,2.5,0.776,32.8,28.7,39.0,low,91.73,3.81,23,209.06,51000,1,0.224,0.9125,0.0602,0.3157,0.39,0.1524,0.4646,34.6118,0,0,True
2026-09-01,SUP_025,Seoul Displays,East Asia,Electronics,83,2.5,0.776,39.9,28.4,43.6,medium,91.76,3.81,24,209.06,51000,1,0.224,0.9125,0.0602,0.3645,0.436,0.1524,0.4493,35.8905,0,0,True
2026-09-02,SUP_025,Seoul Displays,East Asia,Electronics,83,2.5,0.776,37.0,33.2,50.0,medium,92.96,3.81,25,209.06,51000,1,0.224,0.9125,0.0602,0.3586,0.5,0.1524,0.4346,36.4446,0,0,True
2026-09-03,SUP_025,Seoul Displays,East Asia,Electronics,83,2.5,0.776,33.5,31.5,54.6,medium,91.76,3.81,26,209.06,51000,1,0.224,0.9125,0.0602,0.329,0.546,0.1524,0.4204,36.3278,0,0,True
2026-09-04,SUP_025,Seoul Displays,East Asia,Electronics,83,2.5,0.776,35.9,25.3,52.4,medium,91.57,3.81,27,209.06,51000,1,0.224,0.9125,0.0602,0.3272,0.524,0.1524,0.4066,35.7669,0,0,True
2026-09-05,SUP_025,Seoul Displays,East Asia,Electronics,83,2.5,0.776,33.5,18.3,52.0,medium,92.43,3.81,28,209.06,51000,1,0.224,0.9125,0.0602,0.2894,0.52,0.1524,0.3932,34.8173,0,0,True
2026-09-06,SUP_025,Seoul Displays,East Asia,Electronics,83,2.5,0.776,34.8,21.9,52.4,medium,92.27,3.81,29,209.06,51000,1,0.224,0.9125,0.0602,0.3093,0.524,0.1524,0.3803,35.0252,0,0,True
2026-09-07,SUP_025,Seoul Displays,East Asia,Electronics,83,2.5,0.776,40.6,24.3,53.7,medium,92.16,3.81,30,209.06,51000,1,0.224,0.9125,0.0602,0.3571,0.537,0.1524,0.3679,35.8681,0,0,True
2026-09-08,SUP_025,Seoul Displays,East Asia,Electronics,83,2.5,0.776,41.4,23.0,55.4,medium,91.6,3.8,31,209.06,51000,1,0.224,0.9125,0.0602,0.3588,0.554,0.152,0.3558,35.9389,0,0,True
2026-09-09,SUP_025,Seoul Displays,East Asia,Electronics,83,2.5,0.776,42.0,22.3,63.0,medium,90.98,3.81,32,209.06,51000,1,0.224,0.9125,0.0602,0.3609,0.63,0.1524,0.3442,36.8589,0,0,True
2026-09-10,SUP_025,Seoul Displays,East Asia,Electronics,83,2.5,0.776,43.0,26.3,59.0,medium,89.76,3.81,33,209.06,51000,1,0.224,0.9125,0.0602,0.3799,0.59,0.1524,0.3329,36.4603,0,0,True
2026-09-11,SUP_025,Seoul Displays,East Asia,Electronics,83,2.5,0.776,34.8,34.9,47.9,medium,89.33,3.98,34,209.06,51000,1,0.224,0.9125,0.0602,0.3483,0.479,0.1592,0.322,34.2445,0,0,True
2026-09-12,SUP_025,Seoul Displays,East Asia,Electronics,83,2.5,0.776,37.8,30.8,45.9,medium,88.67,4.71,35,209.06,51000,1,0.224,0.9125,0.0602,0.357,0.459,0.1884,0.3114,34.3027,0,0,True
2026-09-13,SUP_025,Seoul Displays,East Asia,Electronics,83,2.5,0.776,39.1,31.9,52.6,medium,88.75,4.71,36,209.06,51000,1,0.224,0.9125,0.0602,0.3694,0.526,0.1884,0.3012,35.3005,0,0,True
2026-09-14,SUP_025,Seoul Displays,East Asia,Electronics,83,2.5,0.776,43.8,37.4,34.2,low,88.23,5.19,37,209.06,51000,1,0.224,0.9125,0.0602,0.4188,0.342,0.2076,0.2913,33.6861,0,0,True
2026-09-15,SUP_025,Seoul Displays,East Asia,Electronics,83,2.5,0.776,46.4,33.0,20.4,low,87.91,5.55,38,209.06,51000,1,0.224,0.9125,0.0602,0.4238,0.204,0.222,0.2818,31.8641,0,0,True
2026-09-16,SUP_025,Seoul Displays,East Asia,Electronics,83,2.5,0.776,44.8,33.2,35.0,low,87.6,5.9,39,209.06,51000,1,0.224,0.9125,0.0602,0.4132,0.35,0.236,0.2725,33.7375,0,0,True
2026-09-17,SUP_025,Seoul Displays,East Asia,Electronics,83,2.5,0.776,49.3,33.3,51.6,medium,87.57,5.94,40,209.06,51000,1,0.224,0.9125,0.0602,0.445,0.516,0.2376,0.2636,36.5102,0,0,False
2026-09-18,SUP_025,Seoul Displays,East Asia,Electronics,83,2.5,0.776,46.8,26.6,38.2,low,87.22,6.33,41,209.06,51000,1,0.224,0.9125,0.0602,0.4074,0.382,0.2532,0.255,34.0063,0,0,False
2026-09-19,SUP_025,Seoul Displays,East Asia,Electronics,83,2.5,0.776,47.2,28.8,40.9,medium,86.51,7.12,42,209.06,51000,1,0.224,0.9125,0.0602,0.4168,0.409,0.2848,0.2466,34.799,0,0,False
2026-09-20,SUP_025,Seoul Displays,East Asia,Electronics,83,2.5,0.776,45.0,29.9,38.2,low,86.57,7.14,43,209.06,51000,1,0.224,0.9125,0.0602,0.4047,0.382,0.2856,0.2385,34.0834,0,0,False
2026-09-21,SUP_025,Seoul Displays,East Asia,Electronics,83,2.5,0.776,46.7,33.6,37.5,low,87.28,7.15,44,209.06,51000,1,0.224,0.9125,0.0602,0.4277,0.375,0.286,0.2307,34.2791,0,0,False
2026-09-22,SUP_025,Seoul Displays,East Asia,Electronics,83,2.5,0.776,44.2,27.5,42.2,medium,87.37,7.15,45,209.06,51000,1,0.224,0.9125,0.0602,0.3919,0.422,0.286,0.2231,34.1717,0,0,False
2026-09-23,SUP_025,Seoul Displays,East Asia,Electronics,83,2.5,0.776,51.7,28.7,30.9,low,86.96,7.17,46,209.06,51000,1,0.224,0.9125,0.0602,0.448,0.309,0.2868,0.2158,33.4921,0,0,False
2026-06-01,SUP_026,Karachi Cotton,South Asia,Raw Materials,39,2.0,0.696,46.9,54.6,76.1,high,99.86,0.0,999,49.24,48610,0,0.304,0.3625,0.1026,0.4921,0.761,0.0,0.0,30.2424,0,0,True
2026-06-02,SUP_026,Karachi Cotton,South Asia,Raw Materials,39,2.0,0.696,37.3,49.9,64.8,medium,100.08,0.0,999,49.24,48610,0,0.304,0.3625,0.1026,0.4108,0.648,0.0,0.0,27.197,0,0,True
2026-06-03,SUP_026,Karachi Cotton,South Asia,Raw Materials,39,2.0,0.696,38.3,48.8,50.2,medium,100.94,0.0,999,49.24,48610,0,0.304,0.3625,0.1026,0.4145,0.502,0.0,0.0,25.2196,0,0,True
2026-06-04,SUP_026,Karachi Cotton,South Asia,Raw Materials,39,2.0,0.696,37.8,45.5,59.5,medium,100.79,0.0,999,49.24,48610,0,0.304,0.3625,0.1026,0.4011,0.595,0.0,0.0,26.2804,0,0,True
2026-06-05,SUP_026,Karachi Cotton,South Asia,Raw Materials,39,2.0,0.696,34.9,48.5,46.0,medium,101.09,1.22,999,49.24,48610,0,0.304,0.3625,0.1026,0.3898,0.46,0.0488,0.0,24.7726,0,0,True
2026-06-06,SUP_026,Karachi Cotton,South Asia,Raw Materials,39,2.0,0.696,33.3,63.6,31.1,low,101.57,1.7,999,49.24,48610,0,0.304,0.3625,0.1026,0.4239,0.311,0.068,0.0,23.5308,0,0,True
2026-06-07,SUP_026,Karachi Cotton,South Asia,Raw Materials,39,2.0,0.696,33.6,65.2,46.3,medium,101.46,1.7,999,49.24,48610,0,0.304,0.3625,0.1026,0.4308,0.463,0.068,0.0,25.783,0,0,True
2026-06-08,SUP_026,Karachi Cotton,South Asia,Raw Materials,39,2.0,0.696,40.5,63.2,50.7,medium,102.08,2.2,999,49.24,48610,0,0.304,0.3625,0.1026,0.4731,0.507,0.088,0.0,27.4004,0,0,True
2026-06-09,SUP_026,Karachi Cotton,South Asia,Raw Materials,39,2.0,0.696,46.8,58.5,56.9,medium,102.73,2.84,999,49.24,48610,0,0.304,0.3625,0.1026,0.5031,0.569,0.1136,0.0,29.1156,0,0,True
2026-06-10,SUP_026,Karachi Cotton,South Asia,Raw Materials,39,2.0,0.696,42.5,50.9,53.1,medium,103.48,3.57,999,49.24,48610,0,0.304,0.3625,0.1026,0.4502,0.531,0.1428,0.0,27.9818,0,0,True
2026-06-11,SUP_026,Karachi Cotton,South Asia,Raw Materials,39,2.0,0.696,40.9,55.4,41.5,medium,103.73,3.81,999,49.24,48610,0,0.304,0.3625,0.1026,0.4525,0.415,0.1524,0.0,26.5144,0,0,True
2026-06-12,SUP_026,Karachi Cotton,South Asia,Raw Materials,39,2.0,0.696,39.6,58.9,34.6,low,105.01,5.05,999,49.24,48610,0,0.304,0.3625,0.1026,0.4539,0.346,0.202,0.0,26.1688,0,0,True
2026-06-13,SUP_026,Karachi Cotton,South Asia,Raw Materials,39,2.0,0.696,44.7,55.8,37.9,low,104.67,5.04,999,49.24,48610,0,0.304,0.3625,0.1026,0.4803,0.379,0.2016,0.0,27.1012,0,0,True
2026-06-14,SUP_026,Karachi Cotton,South Asia,Raw Materials,39,2.0,0.696,45.9,62.1,31.2,low,105.82,5.82,999,49.24,48610,0,0.304,0.3625,0.1026,0.5076,0.312,0.2328,0.0,27.029,0,0,True
2026-06-15,SUP_026,Karachi Cotton,South Asia,Raw Materials,39,2.0,0.696,46.7,61.2,40.7,medium,106.24,6.22,999,49.24,48610,0,0.304,0.3625,0.1026,0.5105,0.407,0.2488,0.0,28.6032,0,0,True
2026-06-16,SUP_026,Karachi Cotton,South Asia,Raw Materials,39,2.0,0.696,49.4,64.3,40.8,medium,106.97,6.91,999,49.24,48610,0,0.304,0.3625,0.1026,0.5387,0.408,0.2764,0.0,29.456,0,0,True
2026-06-17,SUP_026,Karachi Cotton,South Asia,Raw Materials,39,2.0,0.696,46.4,64.5,46.8,medium,106.79,6.89,999,49.24,48610,0,0.304,0.3625,0.1026,0.5183,0.468,0.2756,0.0,29.9192,0,0,True
2026-06-18,SUP_026,Karachi Cotton,South Asia,Raw Materials,39,2.0,0.696,53.1,62.1,51.0,medium,107.25,7.15,999,49.24,48610,0,0.304,0.3625,0.1026,0.558,0.51,0.286,0.0,31.3466,0,0,True
2026-06-19,SUP_026,Karachi Cotton,South Asia,Raw Materials,39,2.0,0.696,52.3,56.0,56.4,medium,108.02,7.88,999,49.24,48610,0,0.304,0.3625,0.1026,0.5341,0.564,0.3152,0.0,32.0228,0,0,True
2026-06-20,SUP_026,Karachi Cotton,South Asia,Raw Materials,39,2.0,0.696,47.6,55.1,61.4,medium,107.43,7.86,999,49.24,48610,0,0.304,0.3625,0.1026,0.4985,0.614,0.3144,0.0,32.0724,0,0,True
2026-06-21,SUP_026,Karachi Cotton,South Asia,Raw Materials,39,2.0,0.696,46.6,59.5,57.4,medium,107.35,7.85,999,49.24,48610,0,0.304,0.3625,0.1026,0.5047,0.574,0.314,0.0,31.6192,0,0,True
2026-06-22,SUP_026,Karachi Cotton,South Asia,Raw Materials,39,2.0,0.696,52.6,56.2,59.2,medium,106.19,7.84,999,49.24,48610,0,0.304,0.3625,0.1026,0.5368,0.592,0.3136,0.0,32.4442,0,0,True
2026-06-23,SUP_026,Karachi Cotton,South Asia,Raw Materials,39,2.0,0.696,49.9,58.3,61.1,medium,106.09,7.83,999,49.24,48610,0,0.304,0.3625,0.1026,0.5242,0.611,0.3132,0.0,32.4786,0,0,True
2026-06-24,SUP_026,Karachi Cotton,South Asia,Raw Materials,39,2.0,0.696,54.1,52.1,37.8,low,105.65,7.83,999,49.24,48610,0,0.304,0.3625,0.1026,0.535,0.378,0.3132,0.0,29.411,0,0,True
2026-06-25,SUP_026,Karachi Cotton,South Asia,Raw Materials,39,2.0,0.696,50.2,56.7,48.9,medium,105.53,7.83,999,49.24,48610,0,0.304,0.3625,0.1026,0.5215,0.489,0.3132,0.0,30.722,0,0,True
2026-06-26,SUP_026,Karachi Cotton,South Asia,Raw Materials,39,2.0,0.696,46.3,58.1,52.5,medium,107.11,7.82,999,49.24,48610,0,0.304,0.3625,0.1026,0.4984,0.525,0.3128,0.0,30.8054,0,0,True
2026-06-27,SUP_026,Karachi Cotton,South Asia,Raw Materials,39,2.0,0.696,49.7,51.3,59.1,medium,108.04,7.83,999,49.24,48610,0,0.304,0.3625,0.1026,0.5018,0.591,0.3132,0.0,31.7954,0,0,True
2026-06-28,SUP_026,Karachi Cotton,South Asia,Raw Materials,39,2.0,0.696,45.3,50.6,46.9,medium,107.26,7.82,999,49.24,48610,0,0.304,0.3625,0.1026,0.4689,0.469,0.3128,0.0,29.4904,0,0,True
2026-06-29,SUP_026,Karachi Cotton,South Asia,Raw Materials,39,2.0,0.696,49.6,56.2,46.8,medium,107.56,7.81,999,49.24,48610,0,0.304,0.3625,0.1026,0.5158,0.468,0.3124,0.0,30.3158,0,0,True
2026-06-30,SUP_026,Karachi Cotton,South Asia,Raw Materials,39,2.0,0.696,51.0,49.4,39.5,low,108.0,7.8,999,49.24,48610,0,0.304,0.3625,0.1026,0.5052,0.395,0.312,0.0,29.0982,0,0,True
2026-07-01,SUP_026,Karachi Cotton,South Asia,Raw Materials,39,2.0,0.696,46.4,44.6,51.0,medium,107.81,7.57,999,49.24,48610,0,0.304,0.3625,0.1026,0.4586,0.51,0.3028,0.0,29.759,0,0,True
2026-07-02,SUP_026,Karachi Cotton,South Asia,Raw Materials,39,2.0,0.696,46.3,45.8,39.7,low,107.91,6.88,999,49.24,48610,0,0.304,0.3625,0.1026,0.4615,0.397,0.2752,0.0,27.898,0,0,True
2026-07-03,SUP_026,Karachi Cotton,South Asia,Raw Materials,39,2.0,0.696,44.0,58.4,35.7,low,108.06,6.89,999,49.24,48610,0,0.304,0.3625,0.1026,0.4832,0.357,0.2756,0.0,27.7334,0,0,True
2026-07-04,SUP_026,Karachi Cotton,South Asia,Raw Materials,39,2.0,0.696,46.2,54.4,46.2,medium,107.33,6.59,999,49.24,48610,0,0.304,0.3625,0.1026,0.4866,0.462,0.2636,0.0,29.1206,0,0,True
2026-07-05,SUP_026,Karachi Cotton,South Asia,Raw Materials,39,2.0,0.696,55.4,57.1,43.3,medium,106.77,6.23,999,49.24,48610,0,0.304,0.3625,0.1026,0.5591,0.433,0.2492,0.0,29.8468,0,0,True
2026-07-06,SUP_026,Karachi Cotton,South Asia,Raw Materials,39,2.0,0.696,52.6,58.1,38.4,low,106.87,6.22,999,49.24,48610,0,0.304,0.3625,0.1026,0.5425,0.384,0.2488,0.0,28.8572,0,0,True
2026-07-07,SUP_026,Karachi Cotton,South Asia,Raw Materials,39,2.0,0.696,54.4,54.5,81.8,high,106.92,5.62,999,49.24,48610,0,0.304,0.3625,0.1026,0.5443,0.818,0.2248,0.0,34.6776,0,0,True
2026-07-08,SUP_026,Karachi Cotton,South Asia,Raw Materials,39,2.0,0.696,53.6,55.5,92.2,high,106.54,5.0,999,49.24,48610,0,0.304,0.3625,0.1026,0.5417,0.922,0.2,0.0,35.7892,0,0,True
2026-07-09,SUP_026,Karachi Cotton,South Asia,Raw Materials,39,2.0,0.696,52.8,53.0,97.8,high,106.11,4.3,999,49.24,48610,0,0.304,0.3625,0.1026,0.5286,0.978,0.172,0.0,36.0014,0,0,True
2026-07-10,SUP_026,Karachi Cotton,South Asia,Raw Materials,39,2.0,0.696,51.3,51.4,100.0,high,106.06,4.06,999,49.24,48610,0,0.304,0.3625,0.1026,0.5133,1.0,0.1624,0.0,35.9188,0,0,True
2026-07-11,SUP_026,Karachi Cotton,South Asia,Raw Materials,39,2.0,0.696,46.8,43.2,97.3,high,106.54,3.17,999,49.24,48610,0,0.304,0.3625,0.1026,0.4572,0.973,0.1268,0.0,34.1038,0,0,True
2026-07-12,SUP_026,Karachi Cotton,South Asia,Raw Materials,39,2.0,0.696,48.5,44.9,93.1,high,106.5,3.17,999,49.24,48610,0,0.304,0.3625,0.1026,0.4742,0.931,0.1268,0.0,33.8218,0,0,True
2026-07-13,SUP_026,Karachi Cotton,South Asia,Raw Materials,39,2.0,0.696,47.1,51.1,85.9,high,107.37,2.37,999,49.24,48610,0,0.304,0.3625,0.1026,0.483,0.859,0.0948,0.0,32.5882,0,0,True
2026-07-14,SUP_026,Karachi Cotton,South Asia,Raw Materials,39,2.0,0.696,42.9,52.0,57.9,medium,107.0,2.37,999,49.24,48610,0,0.304,0.3625,0.1026,0.4563,0.579,0.0948,0.0,28.1876,0,0,True
2026-07-15,SUP_026,Karachi Cotton,South Asia,Raw Materials,39,2.0,0.696,48.5,58.2,53.0,medium,107.1,2.36,999,49.24,48610,0,0.304,0.3625,0.1026,0.5141,0.53,0.0944,0.0,28.5372,0,0,True
2026-07-16,SUP_026,Karachi Cotton,South Asia,Raw Materials,39,2.0,0.696,48.9,60.8,50.3,medium,106.91,2.36,999,49.24,48610,0,0.304,0.3625,0.1026,0.5247,0.503,0.0944,0.0,28.35,0,0,True
2026-07-17,SUP_026,Karachi Cotton,South Asia,Raw Materials,39,2.0,0.696,47.7,59.6,57.7,medium,107.23,2.36,999,49.24,48610,0,0.304,0.3625,0.1026,0.5127,0.577,0.0944,0.0,29.17,0,1,True
2026-07-18,SUP_026,Karachi Cotton,South Asia,Raw Materials,39,2.0,0.696,54.1,55.6,68.8,high,106.81,2.36,999,49.24,48610,0,0.304,0.3625,0.1026,0.5455,0.688,0.0944,0.0,31.3144,0,1,True
2026-07-19,SUP_026,Karachi Cotton,South Asia,Raw Materials,39,2.0,0.696,44.5,52.9,69.8,high,107.85,2.36,999,49.24,48610,0,0.304,0.3625,0.1026,0.4702,0.698,0.0944,0.0,30.099,0,1,True
2026-07-20,SUP_026,Karachi Cotton,South Asia,Raw Materials,39,2.0,0.696,51.0,45.5,83.4,high,106.93,2.36,999,49.24,48610,0,0.304,0.3625,0.1026,0.4935,0.834,0.0944,0.0,32.4224,0,1,True
2026-07-21,SUP_026,Karachi Cotton,South Asia,Raw Materials,39,2.0,0.696,46.4,45.5,70.6,high,107.86,2.36,999,49.24,48610,0,0.304,0.3625,0.1026,0.4613,0.706,0.0944,0.0,30.0508,0,1,True
2026-07-22,SUP_026,Karachi Cotton,South Asia,Raw Materials,39,2.0,0.696,47.6,47.7,50.4,medium,107.91,2.36,999,49.24,48610,0,0.304,0.3625,0.1026,0.4763,0.504,0.0944,0.0,27.4928,0,1,True
2026-07-23,SUP_026,Karachi Cotton,South Asia,Raw Materials,39,2.0,0.696,44.9,57.8,58.9,medium,108.21,2.5,999,49.24,48610,0,0.304,0.3625,0.1026,0.4877,0.589,0.1,0.0,28.9552,0,1,True
2026-07-24,SUP_026,Karachi Cotton,South Asia,Raw Materials,39,2.0,0.696,41.0,60.2,51.5,medium,108.93,3.17,999,49.24,48610,0,0.304,0.3625,0.1026,0.4676,0.515,0.1268,0.0,27.879,1,1,True
2026-07-25,SUP_026,Karachi Cotton,South Asia,Raw Materials,39,2.0,0.696,48.3,54.9,50.6,medium,109.4,3.11,1,49.24,48610,0,0.304,0.3625,0.1026,0.5028,0.506,0.1244,0.9672,43.8333,1,0,True
2026-07-26,SUP_026,Karachi Cotton,South Asia,Raw Materials,39,2.0,0.696,57.0,47.3,36.1,low,109.0,3.11,1,49.24,48610,0,0.304,0.3625,0.1026,0.5409,0.361,0.1244,0.9672,42.4891,0,0,True
2026-07-27,SUP_026,Karachi Cotton,South Asia,Raw Materials,39,2.0,0.696,54.6,47.4,33.2,low,109.33,3.11,2,49.24,48610,0,0.304,0.3625,0.1026,0.5244,0.332,0.1244,0.9355,41.2788,0,0,True
2026-07-28,SUP_026,Karachi Cotton,South Asia,Raw Materials,39,2.0,0.696,55.2,52.8,25.5,low,110.34,3.98,3,49.24,48610,0,0.304,0.3625,0.1026,0.5448,0.255,0.1592,0.9048,40.4948,0,0,True
2026-07-29,SUP_026,Karachi Cotton,South Asia,Raw Materials,39,2.0,0.696,54.4,52.0,29.6,low,109.86,3.98,4,49.24,48610,0,0.304,0.3625,0.1026,0.5368,0.296,0.1592,0.8752,40.4502,0,0,True
2026-07-30,SUP_026,Karachi Cotton,South Asia,Raw Materials,39,2.0,0.696,61.7,55.3,33.1,low,111.01,4.59,5,49.24,48610,0,0.304,0.3625,0.1026,0.5978,0.331,0.1836,0.8465,41.8719,0,0,True
2026-07-31,SUP_026,Karachi Cotton,South Asia,Raw Materials,39,2.0,0.696,49.6,54.3,40.1,medium,111.21,4.77,6,49.24,48610,0,0.304,0.3625,0.1026,0.5101,0.401,0.1908,0.8187,40.9157,0,0,True
2026-08-01,SUP_026,Karachi Cotton,South Asia,Raw Materials,39,2.0,0.696,51.1,58.2,56.1,medium,110.98,4.77,7,49.24,48610,0,0.304,0.3625,0.1026,0.5323,0.561,0.1908,0.7919,43.1259,0,0,True
2026-08-02,SUP_026,Karachi Cotton,South Asia,Raw Materials,39,2.0,0.696,47.2,49.3,62.8,medium,110.5,4.77,8,49.24,48610,0,0.304,0.3625,0.1026,0.4783,0.628,0.1908,0.7659,42.6765,0,0,True
2026-08-03,SUP_026,Karachi Cotton,South Asia,Raw Materials,39,2.0,0.696,36.2,58.6,46.6,medium,110.37,4.76,9,49.24,48610,0,0.304,0.3625,0.1026,0.4292,0.466,0.1904,0.7408,39.1181,0,0,True
2026-08-04,SUP_026,Karachi Cotton,South Asia,Raw Materials,39,2.0,0.696,36.2,52.2,55.1,medium,109.32,4.76,10,49.24,48610,0,0.304,0.3625,0.1026,0.41,0.551,0.1904,0.7165,39.5739,0,0,True
2026-08-05,SUP_026,Karachi Cotton,South Asia,Raw Materials,39,2.0,0.696,46.8,56.8,56.8,medium,109.09,4.76,11,49.24,48610,0,0.304,0.3625,0.1026,0.498,0.568,0.1904,0.693,41.0201,0,0,True
2026-08-06,SUP_026,Karachi Cotton,South Asia,Raw Materials,39,2.0,0.696,43.8,55.1,56.2,medium,108.95,4.75,12,49.24,48610,0,0.304,0.3625,0.1026,0.4719,0.562,0.19,0.6703,40.098,0,1,True
2026-08-07,SUP_026,Karachi Cotton,South Asia,Raw Materials,39,2.0,0.696,48.2,54.5,56.5,medium,108.37,4.75,13,49.24,48610,0,0.304,0.3625,0.1026,0.5009,0.565,0.19,0.6483,40.3104,0,1,True
2026-08-08,SUP_026,Karachi Cotton,South Asia,Raw Materials,39,2.0,0.696,53.9,53.3,58.7,medium,108.77,4.75,14,49.24,48610,0,0.304,0.3625,0.1026,0.5372,0.587,0.19,0.6271,40.9317,0,1,True
2026-08-09,SUP_026,Karachi Cotton,South Asia,Raw Materials,39,2.0,0.696,52.9,54.9,52.1,medium,108.65,4.34,15,49.24,48610,0,0.304,0.3625,0.1026,0.535,0.521,0.1736,0.6065,39.4423,0,1,True
2026-08-10,SUP_026,Karachi Cotton,South Asia,Raw Materials,39,2.0,0.696,52.8,57.3,51.9,medium,108.31,4.33,16,49.24,48610,0,0.304,0.3625,0.1026,0.5415,0.519,0.1732,0.5866,39.2084,0,1,True
2026-08-11,SUP_026,Karachi Cotton,South Asia,Raw Materials,39,2.0,0.696,43.9,62.5,64.4,medium,108.13,4.05,17,49.24,48610,0,0.304,0.3625,0.1026,0.4948,0.644,0.162,0.5674,39.6757,0,1,True
2026-08-12,SUP_026,Karachi Cotton,South Asia,Raw Materials,39,2.0,0.696,41.1,68.8,56.3,medium,108.33,4.05,18,49.24,48610,0,0.304,0.3625,0.1026,0.4941,0.563,0.162,0.5488,38.2314,0,1,True
2026-08-13,SUP_026,Karachi Cotton,South Asia,Raw Materials,39,2.0,0.696,46.5,68.5,47.2,medium,108.36,4.04,19,49.24,48610,0,0.304,0.3625,0.1026,0.531,0.472,0.1616,0.5308,37.329,1,0,True
2026-08-14,SUP_026,Karachi Cotton,South Asia,Raw Materials,39,2.0,0.696,47.0,75.5,49.3,medium,107.99,4.04,1,49.24,48610,0,0.304,0.3625,0.1026,0.5555,0.493,0.1616,0.9672,45.0463,0,0,True
2026-08-15,SUP_026,Karachi Cotton,South Asia,Raw Materials,39,2.0,0.696,48.9,72.9,41.0,medium,108.05,4.04,2,49.24,48610,0,0.304,0.3625,0.1026,0.561,0.41,0.1616,0.9355,43.476,0,0,True
2026-08-16,SUP_026,Karachi Cotton,South Asia,Raw Materials,39,2.0,0.696,49.4,75.9,29.3,low,108.03,4.04,3,49.24,48610,0,0.304,0.3625,0.1026,0.5735,0.293,0.1616,0.9048,41.5722,0,0,True
2026-08-17,SUP_026,Karachi Cotton,South Asia,Raw Materials,39,2.0,0.696,59.6,75.0,33.3,low,107.41,3.93,4,49.24,48610,0,0.304,0.3625,0.1026,0.6422,0.333,0.1572,0.8752,42.8414,0,0,True
2026-08-18,SUP_026,Karachi Cotton,South Asia,Raw Materials,39,2.0,0.696,55.8,69.1,52.9,medium,107.25,3.93,5,49.24,48610,0,0.304,0.3625,0.1026,0.5979,0.529,0.1572,0.8465,44.3289,0,0,True
2026-08-19,SUP_026,Karachi Cotton,South Asia,Raw Materials,39,2.0,0.696,62.2,68.0,53.8,medium,107.57,3.64,6,49.24,48610,0,0.304,0.3625,0.1026,0.6394,0.538,0.1456,0.8187,44.6187,0,0,True
2026-08-20,SUP_026,Karachi Cotton,South Asia,Raw Materials,39,2.0,0.696,60.7,68.7,56.5,medium,107.88,3.64,7,49.24,48610,0,0.304,0.3625,0.1026,0.631,0.565,0.1456,0.7919,44.4161,0,0,True
2026-08-21,SUP_026,Karachi Cotton,South Asia,Raw Materials,39,2.0,0.696,66.8,66.5,37.2,low,107.75,3.64,8,49.24,48610,0,0.304,0.3625,0.1026,0.6671,0.372,0.1456,0.7659,41.9485,0,0,True
2026-08-22,SUP_026,Karachi Cotton,South Asia,Raw Materials,39,2.0,0.696,58.2,66.9,46.4,medium,108.12,3.64,9,49.24,48610,0,0.304,0.3625,0.1026,0.6081,0.464,0.1456,0.7408,41.7727,0,0,True
2026-08-23,SUP_026,Karachi Cotton,South Asia,Raw Materials,39,2.0,0.696,57.6,69.7,50.2,medium,107.59,3.64,10,49.24,48610,0,0.304,0.3625,0.1026,0.6123,0.502,0.1456,0.7165,41.9917,0,0,True
2026-08-24,SUP_026,Karachi Cotton,South Asia,Raw Materials,39,2.0,0.696,54.3,67.4,46.0,medium,107.07,3.81,11,49.24,48610,0,0.304,0.3625,0.1026,0.5823,0.46,0.1524,0.693,40.5695,0,0,True
2026-08-25,SUP_026,Karachi Cotton,South Asia,Raw Materials,39,2.0,0.696,54.0,50.0,50.7,medium,106.94,3.93,12,49.24,48610,0,0.304,0.3625,0.1026,0.528,0.507,0.1572,0.6703,39.9442,0,0,True
2026-08-26,SUP_026,Karachi Cotton,South Asia,Raw Materials,39,2.0,0.696,58.9,59.6,54.1,medium,107.75,3.93,13,49.24,48610,0,0.304,0.3625,0.1026,0.5911,0.541,0.1572,0.6483,41.2044,0,0,True
2026-08-27,SUP_026,Karachi Cotton,South Asia,Raw Materials,39,2.0,0.696,59.0,57.3,45.2,medium,107.84,3.93,14,49.24,48610,0,0.304,0.3625,0.1026,0.5849,0.452,0.1572,0.6271,39.5067,0,0,True
2026-08-28,SUP_026,Karachi Cotton,South Asia,Raw Materials,39,2.0,0.696,63.2,52.6,51.5,medium,107.69,3.94,15,49.24,48610,0,0.304,0.3625,0.1026,0.6002,0.515,0.1576,0.6065,40.3399,0,0,True
2026-08-29,SUP_026,Karachi Cotton,South Asia,Raw Materials,39,2.0,0.696,57.7,47.1,64.2,medium,108.52,3.94,16,49.24,48610,0,0.304,0.3625,0.1026,0.5452,0.642,0.1576,0.5866,40.8098,0,0,True
2026-08-30,SUP_026,Karachi Cotton,South Asia,Raw Materials,39,2.0,0.696,52.4,46.5,60.5,medium,108.37,3.73,17,49.24,48610,0,0.304,0.3625,0.1026,0.5063,0.605,0.1492,0.5674,39.1831,0,0,True
2026-08-31,SUP_026,Karachi Cotton,South Asia,Raw Materials,39,2.0,0.696,51.8,44.8,51.9,medium,109.58,3.29,18,49.24,48610,0,0.304,0.3625,0.1026,0.497,0.519,0.1316,0.5488,37.3028,0,0,True
2026-09-01,SUP_026,Karachi Cotton,South Asia,Raw Materials,39,2.0,0.696,51.0,42.5,51.8,medium,109.3,3.17,19,49.24,48610,0,0.304,0.3625,0.1026,0.4845,0.518,0.1268,0.5308,36.7184,0,0,True
2026-09-02,SUP_026,Karachi Cotton,South Asia,Raw Materials,39,2.0,0.696,49.7,40.7,61.2,medium,108.75,2.44,20,49.24,48610,0,0.304,0.3625,0.1026,0.47,0.612,0.0976,0.5134,37.1445,0,0,True
2026-09-03,SUP_026,Karachi Cotton,South Asia,Raw Materials,39,2.0,0.696,44.9,45.7,49.1,medium,108.66,2.44,21,49.24,48610,0,0.304,0.3625,0.1026,0.4514,0.491,0.0976,0.4966,34.8464,0,0,True
2026-09-04,SUP_026,Karachi Cotton,South Asia,Raw Materials,39,2.0,0.696,51.0,57.8,56.7,medium,108.53,2.44,22,49.24,48610,0,0.304,0.3625,0.1026,0.5304,0.567,0.0976,0.4803,37.0719,0,0,True
2026-09-05,SUP_026,Karachi Cotton,South Asia,Raw Materials,39,2.0,0.696,48.9,61.7,50.7,medium,108.09,2.44,23,49.24,48610,0,0.304,0.3625,0.1026,0.5274,0.507,0.0976,0.4646,35.926,0,0,True
2026-09-06,SUP_026,Karachi Cotton,South Asia,Raw Materials,39,2.0,0.696,55.5,66.6,54.8,medium,109.5,2.44,24,49.24,48610,0,0.304,0.3625,0.1026,0.5883,0.548,0.0976,0.4493,37.3525,0,0,True
2026-09-07,SUP_026,Karachi Cotton,South Asia,Raw Materials,39,2.0,0.696,54.4,62.9,50.4,medium,109.67,2.52,25,49.24,48610,0,0.304,0.3625,0.1026,0.5695,0.504,0.1008,0.4346,36.2008,0,0,True
2026-09-08,SUP_026,Karachi Cotton,South Asia,Raw Materials,39,2.0,0.696,56.5,62.2,47.0,medium,109.92,2.75,26,49.24,48610,0,0.304,0.3625,0.1026,0.5821,0.47,0.11,0.4204,35.834,0,0,True
2026-09-09,SUP_026,Karachi Cotton,South Asia,Raw Materials,39,2.0,0.696,57.9,63.4,63.9,medium,109.67,2.75,27,49.24,48610,0,0.304,0.3625,0.1026,0.5955,0.639,0.11,0.4066,38.2208,0,0,True
2026-09-10,SUP_026,Karachi Cotton,South Asia,Raw Materials,39,2.0,0.696,52.5,58.7,49.4,medium,109.36,2.75,28,49.24,48610,0,0.304,0.3625,0.1026,0.5436,0.494,0.11,0.3932,35.0433,0,0,True
2026-09-11,SUP_026,Karachi Cotton,South Asia,Raw Materials,39,2.0,0.696,53.6,55.9,56.0,medium,109.92,2.75,29,49.24,48610,0,0.304,0.3625,0.1026,0.5429,0.56,0.11,0.3803,35.7484,0,0,True
2026-09-12,SUP_026,Karachi Cotton,South Asia,Raw Materials,39,2.0,0.696,61.9,60.2,72.5,high,109.01,2.75,30,49.24,48610,0,0.304,0.3625,0.1026,0.6139,0.725,0.11,0.3679,39.1369,0,0,True
2026-09-13,SUP_026,Karachi Cotton,South Asia,Raw Materials,39,2.0,0.696,61.0,65.2,75.3,high,108.39,2.75,31,49.24,48610,0,0.304,0.3625,0.1026,0.6226,0.753,0.11,0.3558,39.4925,0,0,True
2026-09-14,SUP_026,Karachi Cotton,South Asia,Raw Materials,39,2.0,0.696,63.3,64.0,89.7,high,108.26,2.75,32,49.24,48610,0,0.304,0.3625,0.1026,0.6351,0.897,0.11,0.3442,41.5469,0,0,True
2026-09-15,SUP_026,Karachi Cotton,South Asia,Raw Materials,39,2.0,0.696,64.3,56.4,77.7,high,108.99,2.75,33,49.24,48610,0,0.304,0.3625,0.1026,0.6193,0.777,0.11,0.3329,39.402,0,0,True
2026-09-16,SUP_026,Karachi Cotton,South Asia,Raw Materials,39,2.0,0.696,63.3,54.6,73.6,high,108.79,2.75,34,49.24,48610,0,0.304,0.3625,0.1026,0.6069,0.736,0.11,0.322,38.4302,0,1,True
2026-09-17,SUP_026,Karachi Cotton,South Asia,Raw Materials,39,2.0,0.696,61.9,47.1,78.9,high,109.01,2.75,35,49.24,48610,0,0.304,0.3625,0.1026,0.5746,0.789,0.11,0.3114,38.4219,0,1,False
2026-09-18,SUP_026,Karachi Cotton,South Asia,Raw Materials,39,2.0,0.696,62.4,48.7,83.6,high,109.03,2.74,36,49.24,48610,0,0.304,0.3625,0.1026,0.5829,0.836,0.1096,0.3012,39.0611,0,1,False
2026-09-19,SUP_026,Karachi Cotton,South Asia,Raw Materials,39,2.0,0.696,63.9,51.0,73.2,high,109.73,2.74,37,49.24,48610,0,0.304,0.3625,0.1026,0.6003,0.732,0.1096,0.2913,37.7604,0,1,False
2026-09-20,SUP_026,Karachi Cotton,South Asia,Raw Materials,39,2.0,0.696,55.1,50.1,69.1,high,108.87,2.74,38,49.24,48610,0,0.304,0.3625,0.1026,0.536,0.691,0.1096,0.2818,35.8761,0,1,False
2026-09-21,SUP_026,Karachi Cotton,South Asia,Raw Materials,39,2.0,0.696,55.2,52.1,35.5,low,109.27,2.74,39,49.24,48610,0,0.304,0.3625,0.1026,0.5427,0.355,0.1096,0.2725,31.1449,0,1,False
2026-09-22,SUP_026,Karachi Cotton,South Asia,Raw Materials,39,2.0,0.696,53.2,54.8,39.4,low,109.16,2.74,40,49.24,48610,0,0.304,0.3625,0.1026,0.5368,0.394,0.1096,0.2636,31.4418,0,1,False
2026-09-23,SUP_026,Karachi Cotton,South Asia,Raw Materials,39,2.0,0.696,50.6,56.2,62.4,medium,109.66,2.74,41,49.24,48610,0,0.304,0.3625,0.1026,0.5228,0.624,0.1096,0.255,34.2715,1,0,False
2026-06-01,SUP_027,Jakarta Resins,Southeast Asia,Chemicals,17,4.1,0.75,30.6,49.2,50.6,medium,102.3,0.0,999,23.87,52799,1,0.25,0.0875,0.4824,0.3618,0.506,0.0,0.0,24.2949,0,0,True
2026-06-02,SUP_027,Jakarta Resins,Southeast Asia,Chemicals,17,4.1,0.75,31.8,47.6,41.3,medium,103.95,0.0,999,23.87,52799,1,0.25,0.0875,0.4824,0.3654,0.413,0.0,0.0,23.0577,0,0,True
2026-06-03,SUP_027,Jakarta Resins,Southeast Asia,Chemicals,17,4.1,0.75,32.3,36.4,41.0,medium,102.93,0.0,999,23.87,52799,1,0.25,0.0875,0.4824,0.3353,0.41,0.0,0.0,22.4739,0,0,True
2026-06-04,SUP_027,Jakarta Resins,Southeast Asia,Chemicals,17,4.1,0.75,28.4,30.6,58.5,medium,102.07,0.0,999,23.87,52799,1,0.25,0.0875,0.4824,0.2906,0.585,0.0,0.0,24.1193,0,0,True
2026-06-05,SUP_027,Jakarta Resins,Southeast Asia,Chemicals,17,4.1,0.75,23.8,40.5,67.2,high,101.01,2.87,999,23.87,52799,1,0.25,0.0875,0.4824,0.2881,0.672,0.1148,0.0,26.6699,0,0,True
2026-06-06,SUP_027,Jakarta Resins,Southeast Asia,Chemicals,17,4.1,0.75,23.1,46.0,56.9,medium,100.0,3.87,999,23.87,52799,1,0.25,0.0875,0.4824,0.2997,0.569,0.1548,0.0,25.9167,0,0,True
2026-06-07,SUP_027,Jakarta Resins,Southeast Asia,Chemicals,17,4.1,0.75,26.0,40.5,55.3,medium,101.91,3.87,999,23.87,52799,1,0.25,0.0875,0.4824,0.3035,0.553,0.1548,0.0,25.7611,0,1,True
2026-06-08,SUP_027,Jakarta Resins,Southeast Asia,Chemicals,17,4.1,0.75,24.2,39.3,63.9,medium,101.6,3.87,999,23.87,52799,1,0.25,0.0875,0.4824,0.2873,0.639,0.1548,0.0,26.6735,0,1,True
2026-06-09,SUP_027,Jakarta Resins,Southeast Asia,Chemicals,17,4.1,0.75,24.7,41.5,58.1,medium,101.46,3.88,999,23.87,52799,1,0.25,0.0875,0.4824,0.2974,0.581,0.1552,0.0,26.0481,0,1,True
2026-06-10,SUP_027,Jakarta Resins,Southeast Asia,Chemicals,17,4.1,0.75,17.8,37.3,91.7,high,102.45,3.87,999,23.87,52799,1,0.25,0.0875,0.4824,0.2365,0.917,0.1548,0.0,29.6511,0,1,True
2026-06-11,SUP_027,Jakarta Resins,Southeast Asia,Chemicals,17,4.1,0.75,19.0,29.4,96.0,high,100.32,3.88,999,23.87,52799,1,0.25,0.0875,0.4824,0.2212,0.96,0.1552,0.0,29.9825,0,1,True
2026-06-12,SUP_027,Jakarta Resins,Southeast Asia,Chemicals,17,4.1,0.75,26.7,32.4,99.0,high,100.39,3.88,999,23.87,52799,1,0.25,0.0875,0.4824,0.2841,0.99,0.1552,0.0,31.5347,0,1,True
2026-06-13,SUP_027,Jakarta Resins,Southeast Asia,Chemicals,17,4.1,0.75,31.8,38.8,100.0,high,98.99,4.89,999,23.87,52799,1,0.25,0.0875,0.4824,0.339,1.0,0.1956,0.0,33.1477,0,1,True
2026-06-14,SUP_027,Jakarta Resins,Southeast Asia,Chemicals,17,4.1,0.75,32.3,44.3,92.5,high,98.61,5.27,999,23.87,52799,1,0.25,0.0875,0.4824,0.359,0.925,0.2108,0.0,32.6401,1,1,True
2026-06-15,SUP_027,Jakarta Resins,Southeast Asia,Chemicals,17,4.1,0.75,34.3,50.5,87.7,high,97.86,6.03,1,23.87,52799,1,0.25,0.0875,0.4824,0.3916,0.877,0.2412,0.9672,48.3952,0,1,True
2026-06-16,SUP_027,Jakarta Resins,Southeast Asia,Chemicals,17,4.1,0.75,30.9,43.0,78.8,high,97.04,6.85,2,23.87,52799,1,0.25,0.0875,0.4824,0.3453,0.788,0.274,0.9355,46.202,0,1,True
2026-06-17,SUP_027,Jakarta Resins,Southeast Asia,Chemicals,17,4.1,0.75,39.7,45.1,36.2,low,97.33,6.87,3,23.87,52799,1,0.25,0.0875,0.4824,0.4132,0.362,0.2748,0.9048,40.9791,0,1,True
2026-06-18,SUP_027,Jakarta Resins,Southeast Asia,Chemicals,17,4.1,0.75,49.2,45.2,41.6,medium,97.62,6.88,4,23.87,52799,1,0.25,0.0875,0.4824,0.48,0.416,0.2752,0.8752,42.4677,0,1,True
2026-06-19,SUP_027,Jakarta Resins,Southeast Asia,Chemicals,17,4.1,0.75,48.3,46.2,54.3,medium,97.33,6.89,5,23.87,52799,1,0.25,0.0875,0.4824,0.4767,0.543,0.2756,0.8465,43.732,0,1,True
2026-06-20,SUP_027,Jakarta Resins,Southeast Asia,Chemicals,17,4.1,0.75,59.1,46.4,43.4,medium,97.81,6.9,6,23.87,52799,1,0.25,0.0875,0.4824,0.5529,0.434,0.276,0.8187,43.1384,0,1,True
2026-06-21,SUP_027,Jakarta Resins,Southeast Asia,Chemicals,17,4.1,0.75,52.7,44.2,50.6,medium,96.7,7.25,7,23.87,52799,1,0.25,0.0875,0.4824,0.5015,0.506,0.29,0.7919,42.9598,1,0,True
2026-06-22,SUP_027,Jakarta Resins,Southeast Asia,Chemicals,17,4.1,0.75,44.5,29.9,60.7,medium,97.57,7.26,1,23.87,52799,1,0.25,0.0875,0.4824,0.4012,0.607,0.2904,0.9672,45.3784,0,0,True
2026-06-23,SUP_027,Jakarta Resins,Southeast Asia,Chemicals,17,4.1,0.75,40.2,39.8,44.0,medium,97.31,7.27,2,23.87,52799,1,0.25,0.0875,0.4824,0.4008,0.44,0.2908,0.9355,42.5306,0,0,True
2026-06-24,SUP_027,Jakarta Resins,Southeast Asia,Chemicals,17,4.1,0.75,38.8,43.8,46.0,medium,96.69,7.29,3,23.87,52799,1,0.25,0.0875,0.4824,0.403,0.46,0.2916,0.9048,42.3691,0,0,True
2026-06-25,SUP_027,Jakarta Resins,Southeast Asia,Chemicals,17,4.1,0.75,49.7,37.7,65.3,high,95.67,8.32,4,23.87,52799,1,0.25,0.0875,0.4824,0.461,0.653,0.3328,0.8752,46.1349,0,0,True
2026-06-26,SUP_027,Jakarta Resins,Southeast Asia,Chemicals,17,4.1,0.75,46.6,42.8,69.6,high,95.36,8.65,5,23.87,52799,1,0.25,0.0875,0.4824,0.4546,0.696,0.346,0.8465,46.321,0,0,True
2026-06-27,SUP_027,Jakarta Resins,Southeast Asia,Chemicals,17,4.1,0.75,41.2,42.3,50.3,medium,97.75,8.65,6,23.87,52799,1,0.25,0.0875,0.4824,0.4153,0.503,0.346,0.8187,42.4676,0,0,True
2026-06-28,SUP_027,Jakarta Resins,Southeast Asia,Chemicals,17,4.1,0.75,36.5,42.0,59.4,medium,97.67,8.66,7,23.87,52799,1,0.25,0.0875,0.4824,0.3815,0.594,0.3464,0.7919,42.7086,0,0,True
2026-06-29,SUP_027,Jakarta Resins,Southeast Asia,Chemicals,17,4.1,0.75,42.1,39.9,53.1,medium,96.21,8.67,8,23.87,52799,1,0.25,0.0875,0.4824,0.4144,0.531,0.3468,0.7659,42.0082,0,0,True
2026-06-30,SUP_027,Jakarta Resins,Southeast Asia,Chemicals,17,4.1,0.75,46.2,45.0,61.7,medium,97.38,8.67,9,23.87,52799,1,0.25,0.0875,0.4824,0.4584,0.617,0.3468,0.7408,43.6024,0,0,True
2026-07-01,SUP_027,Jakarta Resins,Southeast Asia,Chemicals,17,4.1,0.75,42.7,42.3,55.4,medium,96.78,8.69,10,23.87,52799,1,0.25,0.0875,0.4824,0.4258,0.554,0.3476,0.7165,41.7546,0,0,True
2026-07-02,SUP_027,Jakarta Resins,Southeast Asia,Chemicals,17,4.1,0.75,33.1,38.4,56.6,medium,97.14,7.67,11,23.87,52799,1,0.25,0.0875,0.4824,0.3469,0.566,0.3068,0.693,39.637,0,1,True
2026-07-03,SUP_027,Jakarta Resins,Southeast Asia,Chemicals,17,4.1,0.75,28.5,46.8,52.9,medium,96.37,7.2,12,23.87,52799,1,0.25,0.0875,0.4824,0.3399,0.529,0.288,0.6703,38.4039,0,1,True
2026-07-04,SUP_027,Jakarta Resins,Southeast Asia,Chemicals,17,4.1,0.75,38.1,47.1,55.2,medium,98.01,7.21,13,23.87,52799,1,0.25,0.0875,0.4824,0.408,0.552,0.2884,0.6483,39.6048,0,1,True
2026-07-05,SUP_027,Jakarta Resins,Southeast Asia,Chemicals,17,4.1,0.75,41.3,47.5,51.7,medium,97.25,7.22,14,23.87,52799,1,0.25,0.0875,0.4824,0.4316,0.517,0.2888,0.6271,39.2044,0,1,True
2026-07-06,SUP_027,Jakarta Resins,Southeast Asia,Chemicals,17,4.1,0.75,41.1,52.3,52.2,medium,99.04,7.23,15,23.87,52799,1,0.25,0.0875,0.4824,0.4446,0.522,0.2892,0.6065,39.1842,0,1,True
2026-07-07,SUP_027,Jakarta Resins,Southeast Asia,Chemicals,17,4.1,0.75,49.5,49.2,43.8,medium,97.7,7.24,16,23.87,52799,1,0.25,0.0875,0.4824,0.4941,0.438,0.2896,0.5866,38.5859,0,1,True
2026-07-08,SUP_027,Jakarta Resins,Southeast Asia,Chemicals,17,4.1,0.75,57.1,47.6,52.9,medium,97.32,7.25,17,23.87,52799,1,0.25,0.0875,0.4824,0.5425,0.529,0.29,0.5674,40.4281,0,1,True
2026-07-09,SUP_027,Jakarta Resins,Southeast Asia,Chemicals,17,4.1,0.75,54.0,50.3,56.8,medium,99.11,7.25,18,23.87,52799,1,0.25,0.0875,0.4824,0.5289,0.568,0.29,0.5488,40.4317,1,0,True
2026-07-10,SUP_027,Jakarta Resins,Southeast Asia,Chemicals,17,4.1,0.75,51.6,42.9,43.1,medium,99.33,5.15,1,23.87,52799,1,0.25,0.0875,0.4824,0.4899,0.431,0.206,0.9672,43.4982,0,0,True
2026-07-11,SUP_027,Jakarta Resins,Southeast Asia,Chemicals,17,4.1,0.75,46.8,45.9,57.0,medium,102.23,7.03,2,23.87,52799,1,0.25,0.0875,0.4824,0.4653,0.57,0.2812,0.9355,45.3964,0,0,True
2026-07-12,SUP_027,Jakarta Resins,Southeast Asia,Chemicals,17,4.1,0.75,44.1,43.3,56.6,medium,101.89,7.03,3,23.87,52799,1,0.25,0.0875,0.4824,0.4386,0.566,0.2812,0.9048,44.3691,0,0,True
2026-07-13,SUP_027,Jakarta Resins,Southeast Asia,Chemicals,17,4.1,0.75,36.1,49.5,59.5,medium,102.22,7.02,4,23.87,52799,1,0.25,0.0875,0.4824,0.4012,0.595,0.2808,0.8752,43.6225,0,0,True
2026-07-14,SUP_027,Jakarta Resins,Southeast Asia,Chemicals,17,4.1,0.75,29.4,53.2,67.2,high,104.65,9.47,5,23.87,52799,1,0.25,0.0875,0.4824,0.3654,0.672,0.3788,0.8465,44.773,0,0,True
2026-07-15,SUP_027,Jakarta Resins,Southeast Asia,Chemicals,17,4.1,0.75,22.5,55.7,68.9,high,102.72,9.46,6,23.87,52799,1,0.25,0.0875,0.4824,0.3246,0.689,0.3784,0.8187,43.8278,0,0,True
2026-07-16,SUP_027,Jakarta Resins,Southeast Asia,Chemicals,17,4.1,0.75,30.0,47.1,78.0,high,100.62,9.44,7,23.87,52799,1,0.25,0.0875,0.4824,0.3513,0.78,0.3776,0.7919,45.1434,0,0,True
2026-07-17,SUP_027,Jakarta Resins,Southeast Asia,Chemicals,17,4.1,0.75,23.8,47.8,71.3,high,99.61,9.44,8,23.87,52799,1,0.25,0.0875,0.4824,0.31,0.713,0.3776,0.7659,43.0466,0,0,True
2026-07-18,SUP_027,Jakarta Resins,Southeast Asia,Chemicals,17,4.1,0.75,35.1,42.6,78.5,high,100.65,9.43,9,23.87,52799,1,0.25,0.0875,0.4824,0.3735,0.785,0.3772,0.7408,44.791,0,0,True
2026-07-19,SUP_027,Jakarta Resins,Southeast Asia,Chemicals,17,4.1,0.75,32.1,44.3,75.5,high,98.59,9.42,10,23.87,52799,1,0.25,0.0875,0.4824,0.3576,0.755,0.3768,0.7165,43.6914,0,0,True
2026-07-20,SUP_027,Jakarta Resins,Southeast Asia,Chemicals,17,4.1,0.75,41.2,33.7,76.9,high,99.35,9.42,11,23.87,52799,1,0.25,0.0875,0.4824,0.3895,0.769,0.3768,0.693,44.0858,0,0,True
2026-07-21,SUP_027,Jakarta Resins,Southeast Asia,Chemicals,17,4.1,0.75,39.0,28.8,76.9,high,100.02,9.41,12,23.87,52799,1,0.25,0.0875,0.4824,0.3594,0.769,0.3764,0.6703,43.1757,0,0,True
2026-07-22,SUP_027,Jakarta Resins,Southeast Asia,Chemicals,17,4.1,0.75,31.4,39.0,84.6,high,102.6,9.39,13,23.87,52799,1,0.25,0.0875,0.4824,0.3368,0.846,0.3756,0.6483,43.4856,0,0,True
2026-07-23,SUP_027,Jakarta Resins,Southeast Asia,Chemicals,17,4.1,0.75,38.5,43.3,85.7,high,103.94,9.37,14,23.87,52799,1,0.25,0.0875,0.4824,0.3994,0.857,0.3748,0.6271,44.4168,0,0,True
2026-07-24,SUP_027,Jakarta Resins,Southeast Asia,Chemicals,17,4.1,0.75,45.1,43.2,75.6,high,104.4,9.35,15,23.87,52799,1,0.25,0.0875,0.4824,0.4453,0.756,0.374,0.6065,43.4904,0,0,True
2026-07-25,SUP_027,Jakarta Resins,Southeast Asia,Chemicals,17,4.1,0.75,39.7,40.2,66.3,high,106.14,10.81,16,23.87,52799,1,0.25,0.0875,0.4824,0.3985,0.663,0.4324,0.5866,41.7287,0,0,True
2026-07-26,SUP_027,Jakarta Resins,Southeast Asia,Chemicals,17,4.1,0.75,37.9,36.7,64.8,medium,106.83,10.61,17,23.87,52799,1,0.25,0.0875,0.4824,0.3754,0.648,0.4244,0.5674,40.6991,0,0,True
2026-07-27,SUP_027,Jakarta Resins,Southeast Asia,Chemicals,17,4.1,0.75,33.6,40.5,57.0,medium,106.24,10.58,18,23.87,52799,1,0.25,0.0875,0.4824,0.3567,0.57,0.4232,0.5488,38.9585,0,0,True
2026-07-28,SUP_027,Jakarta Resins,Southeast Asia,Chemicals,17,4.1,0.75,33.7,40.9,48.5,medium,104.78,10.55,19,23.87,52799,1,0.25,0.0875,0.4824,0.3586,0.485,0.422,0.5308,37.5004,0,0,True
2026-07-29,SUP_027,Jakarta Resins,Southeast Asia,Chemicals,17,4.1,0.75,34.9,51.1,59.9,medium,104.05,10.37,20,23.87,52799,1,0.25,0.0875,0.4824,0.3976,0.599,0.4148,0.5134,39.4336,0,0,True
2026-07-30,SUP_027,Jakarta Resins,Southeast Asia,Chemicals,17,4.1,0.75,33.7,50.7,53.0,medium,104.0,10.34,21,23.87,52799,1,0.25,0.0875,0.4824,0.388,0.53,0.4136,0.4966,38.0111,0,0,True
2026-07-31,SUP_027,Jakarta Resins,Southeast Asia,Chemicals,17,4.1,0.75,25.7,51.7,80.6,high,104.22,10.32,22,23.87,52799,1,0.25,0.0875,0.4824,0.335,0.806,0.4128,0.4803,40.651,0,0,True
2026-08-01,SUP_027,Jakarta Resins,Southeast Asia,Chemicals,17,4.1,0.75,24.8,44.9,76.8,high,101.49,10.3,23,23.87,52799,1,0.25,0.0875,0.4824,0.3083,0.768,0.412,0.4646,39.3769,0,0,True
2026-08-02,SUP_027,Jakarta Resins,Southeast Asia,Chemicals,17,4.1,0.75,30.1,44.5,97.6,high,101.21,9.42,24,23.87,52799,1,0.25,0.0875,0.4824,0.3442,0.976,0.3768,0.4493,42.269,0,0,True
2026-08-03,SUP_027,Jakarta Resins,Southeast Asia,Chemicals,17,4.1,0.75,30.3,47.0,99.4,high,101.25,9.41,25,23.87,52799,1,0.25,0.0875,0.4824,0.3531,0.994,0.3764,0.4346,42.4407,0,0,True
2026-08-04,SUP_027,Jakarta Resins,Southeast Asia,Chemicals,17,4.1,0.75,29.9,46.2,96.5,high,101.95,9.33,26,23.87,52799,1,0.25,0.0875,0.4824,0.3479,0.965,0.3732,0.4204,41.6747,0,0,True
2026-08-05,SUP_027,Jakarta Resins,Southeast Asia,Chemicals,17,4.1,0.75,26.7,45.0,53.2,medium,104.03,9.31,27,23.87,52799,1,0.25,0.0875,0.4824,0.3219,0.532,0.3724,0.4066,34.9146,0,0,True
2026-08-06,SUP_027,Jakarta Resins,Southeast Asia,Chemicals,17,4.1,0.75,25.5,48.2,55.4,medium,104.27,9.29,28,23.87,52799,1,0.25,0.0875,0.4824,0.3231,0.554,0.3716,0.3932,35.0214,0,0,True
2026-08-07,SUP_027,Jakarta Resins,Southeast Asia,Chemicals,17,4.1,0.75,34.1,57.2,74.6,high,103.1,8.04,29,23.87,52799,1,0.25,0.0875,0.4824,0.4103,0.746,0.3216,0.3803,38.4727,0,0,True
2026-08-08,SUP_027,Jakarta Resins,Southeast Asia,Chemicals,17,4.1,0.75,29.2,57.6,85.9,high,100.78,8.03,30,23.87,52799,1,0.25,0.0875,0.4824,0.3772,0.859,0.3212,0.3679,39.2546,0,0,True
2026-08-09,SUP_027,Jakarta Resins,Southeast Asia,Chemicals,17,4.1,0.75,34.0,63.3,82.4,high,101.66,8.03,31,23.87,52799,1,0.25,0.0875,0.4824,0.4279,0.824,0.3212,0.3558,39.4842,0,0,True
2026-08-10,SUP_027,Jakarta Resins,Southeast Asia,Chemicals,17,4.1,0.75,34.8,65.3,66.7,high,100.55,8.03,32,23.87,52799,1,0.25,0.0875,0.4824,0.4395,0.667,0.3212,0.3442,37.3084,0,0,True
2026-08-11,SUP_027,Jakarta Resins,Southeast Asia,Chemicals,17,4.1,0.75,36.4,69.5,56.7,medium,101.65,8.03,33,23.87,52799,1,0.25,0.0875,0.4824,0.4633,0.567,0.3212,0.3329,36.1563,0,0,True
2026-08-12,SUP_027,Jakarta Resins,Southeast Asia,Chemicals,17,4.1,0.75,33.2,64.1,50.1,medium,103.44,8.03,34,23.87,52799,1,0.25,0.0875,0.4824,0.4247,0.501,0.3212,0.322,34.3629,0,0,True
2026-08-13,SUP_027,Jakarta Resins,Southeast Asia,Chemicals,17,4.1,0.75,32.3,61.6,64.9,medium,101.47,8.04,35,23.87,52799,1,0.25,0.0875,0.4824,0.4109,0.649,0.3216,0.3114,36.0224,0,0,True
2026-08-14,SUP_027,Jakarta Resins,Southeast Asia,Chemicals,17,4.1,0.75,33.1,59.6,79.3,high,102.17,8.04,36,23.87,52799,1,0.25,0.0875,0.4824,0.4105,0.793,0.3216,0.3012,37.8678,0,0,True
2026-08-15,SUP_027,Jakarta Resins,Southeast Asia,Chemicals,17,4.1,0.75,31.4,61.8,76.8,high,103.83,8.03,37,23.87,52799,1,0.25,0.0875,0.4824,0.4052,0.768,0.3212,0.2913,37.2596,0,1,True
2026-08-16,SUP_027,Jakarta Resins,Southeast Asia,Chemicals,17,4.1,0.75,33.9,64.9,70.3,high,105.13,8.02,38,23.87,52799,1,0.25,0.0875,0.4824,0.432,0.703,0.3208,0.2818,36.6744,0,1,True
2026-08-17,SUP_027,Jakarta Resins,Southeast Asia,Chemicals,17,4.1,0.75,36.7,64.1,82.6,high,102.45,8.01,39,23.87,52799,1,0.25,0.0875,0.4824,0.4492,0.826,0.3204,0.2725,38.5534,0,1,True
2026-08-18,SUP_027,Jakarta Resins,Southeast Asia,Chemicals,17,4.1,0.75,47.2,67.3,68.4,high,101.36,7.27,40,23.87,52799,1,0.25,0.0875,0.4824,0.5323,0.684,0.2908,0.2636,37.5631,0,1,True
2026-08-19,SUP_027,Jakarta Resins,Southeast Asia,Chemicals,17,4.1,0.75,47.1,62.5,67.2,high,99.72,6.91,41,23.87,52799,1,0.25,0.0875,0.4824,0.5172,0.672,0.2764,0.255,36.8122,0,1,True
2026-08-20,SUP_027,Jakarta Resins,Southeast Asia,Chemicals,17,4.1,0.75,36.7,66.1,70.2,high,100.39,6.9,42,23.87,52799,1,0.25,0.0875,0.4824,0.4552,0.702,0.276,0.2466,35.9777,0,1,True
2026-08-21,SUP_027,Jakarta Resins,Southeast Asia,Chemicals,17,4.1,0.75,42.4,69.8,60.2,medium,100.92,6.91,43,23.87,52799,1,0.25,0.0875,0.4824,0.5062,0.602,0.2764,0.2385,35.3711,0,1,True
2026-08-22,SUP_027,Jakarta Resins,Southeast Asia,Chemicals,17,4.1,0.75,40.8,71.1,54.7,medium,97.47,9.11,44,23.87,52799,1,0.25,0.0875,0.4824,0.4989,0.547,0.3644,0.2307,35.4006,1,0,True
2026-08-23,SUP_027,Jakarta Resins,Southeast Asia,Chemicals,17,4.1,0.75,49.9,69.4,49.9,medium,97.08,9.52,1,23.87,52799,1,0.25,0.0875,0.4824,0.5575,0.499,0.3808,0.9672,47.7646,0,0,True
2026-08-24,SUP_027,Jakarta Resins,Southeast Asia,Chemicals,17,4.1,0.75,55.1,71.0,66.1,high,98.11,9.54,2,23.87,52799,1,0.25,0.0875,0.4824,0.5987,0.661,0.3816,0.9355,50.2764,0,0,True
2026-08-25,SUP_027,Jakarta Resins,Southeast Asia,Chemicals,17,4.1,0.75,50.1,63.9,82.8,high,98.3,8.99,3,23.87,52799,1,0.25,0.0875,0.4824,0.5424,0.828,0.3596,0.9048,50.8463,0,1,True
2026-08-26,SUP_027,Jakarta Resins,Southeast Asia,Chemicals,17,4.1,0.75,51.7,63.6,78.7,high,98.48,7.92,4,23.87,52799,1,0.25,0.0875,0.4824,0.5527,0.787,0.3168,0.8752,49.4695,0,1,True
2026-08-27,SUP_027,Jakarta Resins,Southeast Asia,Chemicals,17,4.1,0.75,46.9,63.9,72.0,high,98.02,7.94,5,23.87,52799,1,0.25,0.0875,0.4824,0.52,0.72,0.3176,0.8465,47.4934,0,1,True
2026-08-28,SUP_027,Jakarta Resins,Southeast Asia,Chemicals,17,4.1,0.75,45.5,55.6,64.0,medium,96.66,8.37,6,23.87,52799,1,0.25,0.0875,0.4824,0.4853,0.64,0.3348,0.8187,45.5112,0,1,True
2026-08-29,SUP_027,Jakarta Resins,Southeast Asia,Chemicals,17,4.1,0.75,47.6,58.0,63.5,medium,96.64,8.41,7,23.87,52799,1,0.25,0.0875,0.4824,0.5072,0.635,0.3364,0.7919,45.4252,0,1,True
2026-08-30,SUP_027,Jakarta Resins,Southeast Asia,Chemicals,17,4.1,0.75,51.5,50.9,58.0,medium,96.71,8.43,8,23.87,52799,1,0.25,0.0875,0.4824,0.5132,0.58,0.3372,0.7659,44.3574,0,1,True
2026-08-31,SUP_027,Jakarta Resins,Southeast Asia,Chemicals,17,4.1,0.75,53.7,49.3,58.1,medium,97.5,8.44,9,23.87,52799,1,0.25,0.0875,0.4824,0.5238,0.581,0.3376,0.7408,44.1652,0,1,True
2026-09-01,SUP_027,Jakarta Resins,Southeast Asia,Chemicals,17,4.1,0.75,51.7,50.4,62.9,medium,98.39,8.45,10,23.87,52799,1,0.25,0.0875,0.4824,0.5131,0.629,0.338,0.7165,44.2608,1,1,True
2026-09-02,SUP_027,Jakarta Resins,Southeast Asia,Chemicals,17,4.1,0.75,61.4,47.2,58.9,medium,98.5,8.46,1,23.87,52799,1,0.25,0.0875,0.4824,0.5714,0.589,0.3384,0.9672,48.766,0,1,True
2026-09-03,SUP_027,Jakarta Resins,Southeast Asia,Chemicals,17,4.1,0.75,56.2,48.8,57.9,medium,99.9,8.47,2,23.87,52799,1,0.25,0.0875,0.4824,0.5398,0.579,0.3388,0.9355,47.5546,0,1,True
2026-09-04,SUP_027,Jakarta Resins,Southeast Asia,Chemicals,17,4.1,0.75,45.8,50.1,57.2,medium,99.42,8.48,3,23.87,52799,1,0.25,0.0875,0.4824,0.4709,0.572,0.3392,0.9048,45.7305,1,1,True
2026-09-05,SUP_027,Jakarta Resins,Southeast Asia,Chemicals,17,4.1,0.75,37.9,46.5,55.5,medium,97.57,8.5,1,23.87,52799,1,0.25,0.0875,0.4824,0.4048,0.555,0.34,0.9672,45.3104,0,1,True
2026-09-06,SUP_027,Jakarta Resins,Southeast Asia,Chemicals,17,4.1,0.75,44.9,50.8,53.0,medium,98.18,8.51,2,23.87,52799,1,0.25,0.0875,0.4824,0.4667,0.53,0.3404,0.9355,45.572,0,1,True
2026-09-07,SUP_027,Jakarta Resins,Southeast Asia,Chemicals,17,4.1,0.75,43.5,47.4,62.3,medium,98.34,8.52,3,23.87,52799,1,0.25,0.0875,0.4824,0.4467,0.623,0.3408,0.9048,46.0281,1,1,True
2026-09-08,SUP_027,Jakarta Resins,Southeast Asia,Chemicals,17,4.1,0.75,43.5,60.6,45.8,medium,98.98,8.53,1,23.87,52799,1,0.25,0.0875,0.4824,0.4863,0.458,0.3412,0.9672,45.4338,0,1,True
2026-09-09,SUP_027,Jakarta Resins,Southeast Asia,Chemicals,17,4.1,0.75,40.1,59.2,64.5,medium,97.36,8.54,2,23.87,52799,1,0.25,0.0875,0.4824,0.4583,0.645,0.3416,0.9355,47.0452,1,0,True
2026-09-10,SUP_027,Jakarta Resins,Southeast Asia,Chemicals,17,4.1,0.75,37.6,52.4,65.1,high,99.65,8.54,1,23.87,52799,1,0.25,0.0875,0.4824,0.4204,0.651,0.3416,0.9672,46.9544,0,0,True
2026-09-11,SUP_027,Jakarta Resins,Southeast Asia,Chemicals,17,4.1,0.75,33.9,47.6,70.0,high,100.56,8.55,2,23.87,52799,1,0.25,0.0875,0.4824,0.3801,0.7,0.342,0.9355,46.4124,0,0,True
2026-09-12,SUP_027,Jakarta Resins,Southeast Asia,Chemicals,17,4.1,0.75,36.8,54.7,74.7,high,100.19,8.55,3,23.87,52799,1,0.25,0.0875,0.4824,0.4217,0.747,0.342,0.9048,47.3285,0,0,True
2026-09-13,SUP_027,Jakarta Resins,Southeast Asia,Chemicals,17,4.1,0.75,36.5,52.6,65.0,medium,98.99,8.56,4,23.87,52799,1,0.25,0.0875,0.4824,0.4133,0.65,0.3424,0.8752,45.3495,0,0,True
2026-09-14,SUP_027,Jakarta Resins,Southeast Asia,Chemicals,17,4.1,0.75,38.8,45.8,55.8,medium,100.37,8.57,5,23.87,52799,1,0.25,0.0875,0.4824,0.409,0.558,0.3428,0.8465,43.5298,0,0,True
2026-09-15,SUP_027,Jakarta Resins,Southeast Asia,Chemicals,17,4.1,0.75,40.3,51.7,47.8,medium,98.96,5.88,6,23.87,52799,1,0.25,0.0875,0.4824,0.4372,0.478,0.2352,0.8187,41.1822,0,0,True
2026-09-16,SUP_027,Jakarta Resins,Southeast Asia,Chemicals,17,4.1,0.75,37.9,50.0,49.0,medium,101.85,5.27,7,23.87,52799,1,0.25,0.0875,0.4824,0.4153,0.49,0.2108,0.7919,40.2338,0,0,True
2026-09-17,SUP_027,Jakarta Resins,Southeast Asia,Chemicals,17,4.1,0.75,31.0,54.2,58.7,medium,101.07,5.27,8,23.87,52799,1,0.25,0.0875,0.4824,0.3796,0.587,0.2108,0.7659,40.5338,0,0,False
2026-09-18,SUP_027,Jakarta Resins,Southeast Asia,Chemicals,17,4.1,0.75,24.7,59.2,54.2,medium,103.27,6.7,9,23.87,52799,1,0.25,0.0875,0.4824,0.3505,0.542,0.268,0.7408,39.6646,0,0,False
2026-09-19,SUP_027,Jakarta Resins,Southeast Asia,Chemicals,17,4.1,0.75,41.1,60.0,61.7,medium,103.03,6.7,10,23.87,52799,1,0.25,0.0875,0.4824,0.4677,0.617,0.268,0.7165,42.4356,0,0,False
2026-09-20,SUP_027,Jakarta Resins,Southeast Asia,Chemicals,17,4.1,0.75,47.6,71.9,39.9,low,105.06,8.49,11,23.87,52799,1,0.25,0.0875,0.4824,0.5489,0.399,0.3396,0.693,41.3286,0,0,False
2026-09-21,SUP_027,Jakarta Resins,Southeast Asia,Chemicals,17,4.1,0.75,52.5,60.3,41.8,medium,104.12,8.47,12,23.87,52799,1,0.25,0.0875,0.4824,0.5484,0.418,0.3388,0.6703,41.2125,0,0,False
2026-09-22,SUP_027,Jakarta Resins,Southeast Asia,Chemicals,17,4.1,0.75,47.2,55.2,57.7,medium,104.14,8.45,13,23.87,52799,1,0.25,0.0875,0.4824,0.496,0.577,0.338,0.6483,42.134,0,0,False
2026-09-23,SUP_027,Jakarta Resins,Southeast Asia,Chemicals,17,4.1,0.75,45.8,53.8,57.2,medium,105.17,8.54,14,23.87,52799,1,0.25,0.0875,0.4824,0.482,0.572,0.3416,0.6271,41.5152,0,0,False
2026-06-01,SUP_028,Doha Petrochem,Middle East,Chemicals,81,8.3,0.91,68.0,26.7,33.8,low,100.69,0.0,999,32.99,94656,0,0.09,0.8875,0.2049,0.5561,0.338,0.0,0.0,27.4662,0,1,True
2026-06-02,SUP_028,Doha Petrochem,Middle East,Chemicals,81,8.3,0.91,72.3,27.2,27.1,low,100.4,0.0,999,32.99,94656,0,0.09,0.8875,0.2049,0.5877,0.271,0.0,0.0,27.097,0,1,True
2026-06-03,SUP_028,Doha Petrochem,Middle East,Chemicals,81,8.3,0.91,68.4,31.1,29.5,low,100.27,0.0,999,32.99,94656,0,0.09,0.8875,0.2049,0.5721,0.295,0.0,0.0,27.1522,0,1,True
2026-06-04,SUP_028,Doha Petrochem,Middle East,Chemicals,81,8.3,0.91,67.9,29.7,53.2,medium,99.76,0.0,999,32.99,94656,0,0.09,0.8875,0.2049,0.5644,0.532,0.0,0.0,30.3316,1,0,True
2026-06-05,SUP_028,Doha Petrochem,Middle East,Chemicals,81,8.3,0.91,72.9,28.8,58.2,medium,100.06,0.93,1,32.99,94656,0,0.09,0.8875,0.2049,0.5967,0.582,0.0372,0.9672,47.5348,0,0,True
2026-06-06,SUP_028,Doha Petrochem,Middle East,Chemicals,81,8.3,0.91,67.9,29.9,48.5,medium,99.82,0.93,2,32.99,94656,0,0.09,0.8875,0.2049,0.565,0.485,0.0372,0.9355,45.0989,0,0,True
2026-06-07,SUP_028,Doha Petrochem,Middle East,Chemicals,81,8.3,0.91,69.8,25.0,39.0,low,99.62,1.07,3,32.99,94656,0,0.09,0.8875,0.2049,0.5636,0.39,0.0428,0.9048,43.3202,0,0,True
2026-06-08,SUP_028,Doha Petrochem,Middle East,Chemicals,81,8.3,0.91,67.6,14.8,10.3,low,99.41,1.28,4,32.99,94656,0,0.09,0.8875,0.2049,0.5176,0.103,0.0512,0.8752,38.1004,0,0,True
2026-06-09,SUP_028,Doha Petrochem,Middle East,Chemicals,81,8.3,0.91,67.7,19.1,25.1,low,99.44,1.28,5,32.99,94656,0,0.09,0.8875,0.2049,0.5312,0.251,0.0512,0.8465,39.9581,0,0,True
2026-06-10,SUP_028,Doha Petrochem,Middle East,Chemicals,81,8.3,0.91,67.2,11.0,33.6,low,98.92,1.77,6,32.99,94656,0,0.09,0.8875,0.2049,0.5034,0.336,0.0708,0.8187,40.4389,0,0,True
2026-06-11,SUP_028,Doha Petrochem,Middle East,Chemicals,81,8.3,0.91,62.7,9.4,27.7,low,98.0,2.7,7,32.99,94656,0,0.09,0.8875,0.2049,0.4671,0.277,0.108,0.7919,38.9764,0,0,True
2026-06-12,SUP_028,Doha Petrochem,Middle East,Chemicals,81,8.3,0.91,61.4,3.9,15.0,low,98.19,2.7,8,32.99,94656,0,0.09,0.8875,0.2049,0.4415,0.15,0.108,0.7659,36.3222,0,0,True
2026-06-13,SUP_028,Doha Petrochem,Middle East,Chemicals,81,8.3,0.91,62.2,0.0,8.1,low,97.32,3.39,9,32.99,94656,0,0.09,0.8875,0.2049,0.4354,0.081,0.1356,0.7408,35.1759,0,0,True
2026-06-14,SUP_028,Doha Petrochem,Middle East,Chemicals,81,8.3,0.91,61.6,7.4,17.7,low,97.67,3.4,10,32.99,94656,0,0.09,0.8875,0.2049,0.4534,0.177,0.136,0.7165,36.4601,0,0,True
2026-06-15,SUP_028,Doha Petrochem,Middle East,Chemicals,81,8.3,0.91,69.2,10.3,19.9,low,98.31,3.4,11,32.99,94656,0,0.09,0.8875,0.2049,0.5153,0.199,0.136,0.693,37.5064,0,0,True
2026-06-16,SUP_028,Doha Petrochem,Middle East,Chemicals,81,8.3,0.91,72.9,12.7,28.8,low,98.25,3.4,12,32.99,94656,0,0.09,0.8875,0.2049,0.5484,0.288,0.136,0.6703,38.9847,0,0,True
2026-06-17,SUP_028,Doha Petrochem,Middle East,Chemicals,81,8.3,0.91,72.6,9.1,29.9,low,98.78,3.4,13,32.99,94656,0,0.09,0.8875,0.2049,0.5355,0.299,0.136,0.6483,38.5549,0,0,True
2026-06-18,SUP_028,Doha Petrochem,Middle East,Chemicals,81,8.3,0.91,67.4,9.5,38.9,low,98.77,3.4,14,32.99,94656,0,0.09,0.8875,0.2049,0.5003,0.389,0.136,0.6271,38.8412,0,0,True
2026-06-19,SUP_028,Doha Petrochem,Middle East,Chemicals,81,8.3,0.91,62.7,15.3,40.1,medium,99.43,3.4,15,32.99,94656,0,0.09,0.8875,0.2049,0.4848,0.401,0.136,0.6065,38.4013,0,0,True
2026-06-20,SUP_028,Doha Petrochem,Middle East,Chemicals,81,8.3,0.91,71.9,18.0,45.2,medium,99.24,3.4,16,32.99,94656,0,0.09,0.8875,0.2049,0.5573,0.452,0.136,0.5866,40.1021,0,0,True
2026-06-21,SUP_028,Doha Petrochem,Middle East,Chemicals,81,8.3,0.91,65.7,24.9,22.1,low,98.27,3.4,17,32.99,94656,0,0.09,0.8875,0.2049,0.5346,0.221,0.136,0.5674,36.1518,0,0,True
2026-06-22,SUP_028,Doha Petrochem,Middle East,Chemicals,81,8.3,0.91,65.7,31.5,12.6,low,98.23,3.4,18,32.99,94656,0,0.09,0.8875,0.2049,0.5544,0.126,0.136,0.5488,34.8806,0,0,True
2026-06-23,SUP_028,Doha Petrochem,Middle East,Chemicals,81,8.3,0.91,66.8,30.7,13.6,low,98.94,3.4,19,32.99,94656,0,0.09,0.8875,0.2049,0.5597,0.136,0.136,0.5308,34.8281,0,0,True
2026-06-24,SUP_028,Doha Petrochem,Middle East,Chemicals,81,8.3,0.91,64.6,21.6,27.7,low,99.16,3.4,20,32.99,94656,0,0.09,0.8875,0.2049,0.517,0.277,0.136,0.5134,35.7551,0,0,True
2026-06-25,SUP_028,Doha Petrochem,Middle East,Chemicals,81,8.3,0.91,59.5,19.6,45.7,medium,98.94,3.4,21,32.99,94656,0,0.09,0.8875,0.2049,0.4753,0.457,0.136,0.4966,37.2551,0,0,True
2026-06-26,SUP_028,Doha Petrochem,Middle East,Chemicals,81,8.3,0.91,56.1,21.4,40.2,medium,99.08,3.4,22,32.99,94656,0,0.09,0.8875,0.2049,0.4569,0.402,0.136,0.4803,35.8935,0,0,True
2026-06-27,SUP_028,Doha Petrochem,Middle East,Chemicals,81,8.3,0.91,54.4,19.3,32.0,low,99.48,3.4,23,32.99,94656,0,0.09,0.8875,0.2049,0.4387,0.32,0.136,0.4646,34.1659,0,0,True
2026-06-28,SUP_028,Doha Petrochem,Middle East,Chemicals,81,8.3,0.91,52.2,16.1,13.4,low,99.44,3.4,24,32.99,94656,0,0.09,0.8875,0.2049,0.4137,0.134,0.136,0.4493,30.8682,0,0,True
2026-06-29,SUP_028,Doha Petrochem,Middle East,Chemicals,81,8.3,0.91,60.0,19.3,25.6,low,100.52,3.4,25,32.99,94656,0,0.09,0.8875,0.2049,0.4779,0.256,0.136,0.4346,33.4962,0,0,True
2026-06-30,SUP_028,Doha Petrochem,Middle East,Chemicals,81,8.3,0.91,60.2,34.5,21.6,low,100.31,3.4,26,32.99,94656,0,0.09,0.8875,0.2049,0.5249,0.216,0.136,0.4204,33.5542,0,0,True
2026-07-01,SUP_028,Doha Petrochem,Middle East,Chemicals,81,8.3,0.91,58.0,32.0,51.1,medium,100.72,3.43,27,32.99,94656,0,0.09,0.8875,0.2049,0.502,0.511,0.1372,0.4066,37.0659,0,0,True
2026-07-02,SUP_028,Doha Petrochem,Middle East,Chemicals,81,8.3,0.91,59.1,32.4,39.0,low,101.03,3.74,28,32.99,94656,0,0.09,0.8875,0.2049,0.5109,0.39,0.1496,0.3932,35.4676,0,0,True
2026-07-03,SUP_028,Doha Petrochem,Middle East,Chemicals,81,8.3,0.91,62.7,25.9,56.2,medium,100.75,3.74,29,32.99,94656,0,0.09,0.8875,0.2049,0.5166,0.562,0.1496,0.3803,37.772,0,0,True
2026-07-04,SUP_028,Doha Petrochem,Middle East,Chemicals,81,8.3,0.91,61.0,33.8,56.6,medium,100.57,3.74,30,32.99,94656,0,0.09,0.8875,0.2049,0.5284,0.566,0.1496,0.3679,37.8409,0,0,True
2026-07-05,SUP_028,Doha Petrochem,Middle East,Chemicals,81,8.3,0.91,65.4,38.6,40.4,medium,100.99,3.74,31,32.99,94656,0,0.09,0.8875,0.2049,0.5736,0.404,0.1496,0.3558,36.1935,0,1,True
2026-07-06,SUP_028,Doha Petrochem,Middle East,Chemicals,81,8.3,0.91,58.9,42.3,40.0,low,101.05,3.76,32,32.99,94656,0,0.09,0.8875,0.2049,0.5392,0.4,0.1504,0.3442,35.3412,0,1,True
2026-07-07,SUP_028,Doha Petrochem,Middle East,Chemicals,81,8.3,0.91,64.9,48.4,44.6,medium,101.19,3.9,33,32.99,94656,0,0.09,0.8875,0.2049,0.5995,0.446,0.156,0.3329,36.9573,0,1,True
2026-07-08,SUP_028,Doha Petrochem,Middle East,Chemicals,81,8.3,0.91,64.4,44.1,38.9,low,100.52,3.89,34,32.99,94656,0,0.09,0.8875,0.2049,0.5831,0.389,0.1556,0.322,35.6847,0,1,True
2026-07-09,SUP_028,Doha Petrochem,Middle East,Chemicals,81,8.3,0.91,63.8,41.2,44.4,medium,100.79,3.89,35,32.99,94656,0,0.09,0.8875,0.2049,0.5702,0.444,0.1556,0.3114,36.0536,0,1,True
2026-07-10,SUP_028,Doha Petrochem,Middle East,Chemicals,81,8.3,0.91,60.3,49.2,48.4,medium,100.9,3.89,36,32.99,94656,0,0.09,0.8875,0.2049,0.5697,0.484,0.1556,0.3012,36.4413,0,1,True
2026-07-11,SUP_028,Doha Petrochem,Middle East,Chemicals,81,8.3,0.91,54.7,50.4,49.3,medium,100.88,3.89,37,32.99,94656,0,0.09,0.8875,0.2049,0.5341,0.493,0.1556,0.2913,35.7685,0,1,True
2026-07-12,SUP_028,Doha Petrochem,Middle East,Chemicals,81,8.3,0.91,47.9,36.4,44.3,medium,101.03,3.88,38,32.99,94656,0,0.09,0.8875,0.2049,0.4445,0.443,0.1552,0.2818,33.2981,1,0,True
2026-07-13,SUP_028,Doha Petrochem,Middle East,Chemicals,81,8.3,0.91,46.4,38.6,29.9,low,100.86,3.53,1,32.99,94656,0,0.09,0.8875,0.2049,0.4406,0.299,0.1412,0.9672,42.011,0,0,True
2026-07-14,SUP_028,Doha Petrochem,Middle East,Chemicals,81,8.3,0.91,51.5,35.0,29.2,low,100.62,2.96,2,32.99,94656,0,0.09,0.8875,0.2049,0.4655,0.292,0.1184,0.9355,41.5803,0,0,True
2026-07-15,SUP_028,Doha Petrochem,Middle East,Chemicals,81,8.3,0.91,48.5,39.7,31.0,low,100.52,2.96,3,32.99,94656,0,0.09,0.8875,0.2049,0.4586,0.31,0.1184,0.9048,41.2174,0,1,True
2026-07-16,SUP_028,Doha Petrochem,Middle East,Chemicals,81,8.3,0.91,43.2,41.2,13.4,low,100.33,2.96,4,32.99,94656,0,0.09,0.8875,0.2049,0.426,0.134,0.1184,0.8752,37.692,0,1,True
2026-07-17,SUP_028,Doha Petrochem,Middle East,Chemicals,81,8.3,0.91,41.7,31.1,19.1,low,101.22,2.99,5,32.99,94656,0,0.09,0.8875,0.2049,0.3852,0.191,0.1196,0.8465,37.3109,0,1,True
2026-07-18,SUP_028,Doha Petrochem,Middle East,Chemicals,81,8.3,0.91,42.9,33.1,20.9,low,101.6,3.36,6,32.99,94656,0,0.09,0.8875,0.2049,0.3996,0.209,0.1344,0.8187,37.5557,0,1,True
2026-07-19,SUP_028,Doha Petrochem,Middle East,Chemicals,81,8.3,0.91,44.2,34.5,11.2,low,101.2,3.36,7,32.99,94656,0,0.09,0.8875,0.2049,0.4129,0.112,0.1344,0.7919,36.0076,0,1,True
2026-07-20,SUP_028,Doha Petrochem,Middle East,Chemicals,81,8.3,0.91,46.2,36.5,12.8,low,102.03,3.79,8,32.99,94656,0,0.09,0.8875,0.2049,0.4329,0.128,0.1516,0.7659,36.3826,0,1,True
2026-07-21,SUP_028,Doha Petrochem,Middle East,Chemicals,81,8.3,0.91,53.5,39.3,14.2,low,101.86,3.78,9,32.99,94656,0,0.09,0.8875,0.2049,0.4924,0.142,0.1512,0.7408,37.2431,0,1,True
2026-07-22,SUP_028,Doha Petrochem,Middle East,Chemicals,81,8.3,0.91,60.7,46.5,36.0,low,101.87,3.07,10,32.99,94656,0,0.09,0.8875,0.2049,0.5644,0.36,0.1228,0.7165,40.8617,1,0,True
2026-07-23,SUP_028,Doha Petrochem,Middle East,Chemicals,81,8.3,0.91,70.4,47.0,36.6,low,102.24,3.28,1,32.99,94656,0,0.09,0.8875,0.2049,0.6338,0.366,0.1312,0.9672,46.3066,0,0,True
2026-07-24,SUP_028,Doha Petrochem,Middle East,Chemicals,81,8.3,0.91,61.4,45.3,44.5,medium,101.43,3.27,2,32.99,94656,0,0.09,0.8875,0.2049,0.5657,0.445,0.1308,0.9355,45.6747,0,0,True
2026-07-25,SUP_028,Doha Petrochem,Middle East,Chemicals,81,8.3,0.91,57.5,49.8,39.8,low,101.33,3.13,3,32.99,94656,0,0.09,0.8875,0.2049,0.5519,0.398,0.1252,0.9048,44.2104,0,0,True
2026-07-26,SUP_028,Doha Petrochem,Middle East,Chemicals,81,8.3,0.91,61.5,59.4,20.0,low,101.1,2.77,4,32.99,94656,0,0.09,0.8875,0.2049,0.6087,0.2,0.1108,0.8752,41.8134,0,0,True
2026-07-27,SUP_028,Doha Petrochem,Middle East,Chemicals,81,8.3,0.91,59.4,60.6,28.7,low,101.18,2.77,5,32.99,94656,0,0.09,0.8875,0.2049,0.5976,0.287,0.1108,0.8465,42.3725,0,0,True
2026-07-28,SUP_028,Doha Petrochem,Middle East,Chemicals,81,8.3,0.91,63.9,57.8,22.9,low,101.33,1.91,6,32.99,94656,0,0.09,0.8875,0.2049,0.6207,0.229,0.0764,0.8187,41.1195,0,0,True
2026-07-29,SUP_028,Doha Petrochem,Middle East,Chemicals,81,8.3,0.91,64.6,56.7,21.6,low,101.3,1.91,7,32.99,94656,0,0.09,0.8875,0.2049,0.6223,0.216,0.0764,0.7919,40.5368,0,0,True
2026-07-30,SUP_028,Doha Petrochem,Middle East,Chemicals,81,8.3,0.91,71.7,54.8,14.0,low,101.25,1.89,8,32.99,94656,0,0.09,0.8875,0.2049,0.6663,0.14,0.0756,0.7659,39.8398,0,0,True
2026-07-31,SUP_028,Doha Petrochem,Middle East,Chemicals,81,8.3,0.91,75.2,51.9,18.6,low,101.69,1.89,9,32.99,94656,0,0.09,0.8875,0.2049,0.6821,0.186,0.0756,0.7408,40.3665,0,0,True
2026-08-01,SUP_028,Doha Petrochem,Middle East,Chemicals,81,8.3,0.91,78.2,60.8,31.3,low,101.81,1.89,10,32.99,94656,0,0.09,0.8875,0.2049,0.7298,0.313,0.0756,0.7165,42.6145,0,0,True
2026-08-02,SUP_028,Doha Petrochem,Middle East,Chemicals,81,8.3,0.91,73.8,53.0,39.6,low,101.83,1.89,11,32.99,94656,0,0.09,0.8875,0.2049,0.6756,0.396,0.0756,0.693,42.425,0,0,True
2026-08-03,SUP_028,Doha Petrochem,Middle East,Chemicals,81,8.3,0.91,71.6,56.3,51.9,medium,101.89,1.89,12,32.99,94656,0,0.09,0.8875,0.2049,0.6701,0.519,0.0756,0.6703,43.6845,0,0,True
2026-08-04,SUP_028,Doha Petrochem,Middle East,Chemicals,81,8.3,0.91,68.7,52.5,62.4,medium,102.64,2.28,13,32.99,94656,0,0.09,0.8875,0.2049,0.6384,0.624,0.0912,0.6483,44.4195,0,0,True
2026-08-05,SUP_028,Doha Petrochem,Middle East,Chemicals,81,8.3,0.91,60.6,42.1,35.4,low,102.71,2.35,14,32.99,94656,0,0.09,0.8875,0.2049,0.5505,0.354,0.094,0.6271,38.7508,0,0,True
2026-08-06,SUP_028,Doha Petrochem,Middle East,Chemicals,81,8.3,0.91,67.8,40.0,23.0,low,102.5,2.35,15,32.99,94656,0,0.09,0.8875,0.2049,0.5946,0.23,0.094,0.6065,37.4797,0,0,True
2026-08-07,SUP_028,Doha Petrochem,Middle East,Chemicals,81,8.3,0.91,70.4,36.4,8.0,low,101.72,2.35,16,32.99,94656,0,0.09,0.8875,0.2049,0.602,0.08,0.094,0.5866,35.1947,0,0,True
2026-08-08,SUP_028,Doha Petrochem,Middle East,Chemicals,81,8.3,0.91,67.5,39.2,19.3,low,101.13,2.35,17,32.99,94656,0,0.09,0.8875,0.2049,0.5901,0.193,0.094,0.5674,36.2548,0,0,True
2026-08-09,SUP_028,Doha Petrochem,Middle East,Chemicals,81,8.3,0.91,72.9,39.1,15.6,low,100.94,2.35,18,32.99,94656,0,0.09,0.8875,0.2049,0.6276,0.156,0.094,0.5488,36.1142,0,0,True
2026-08-10,SUP_028,Doha Petrochem,Middle East,Chemicals,81,8.3,0.91,68.3,33.1,14.7,low,100.89,2.35,19,32.99,94656,0,0.09,0.8875,0.2049,0.5774,0.147,0.094,0.5308,34.7967,0,0,True
2026-08-11,SUP_028,Doha Petrochem,Middle East,Chemicals,81,8.3,0.91,58.6,41.1,16.5,low,100.66,2.35,20,32.99,94656,0,0.09,0.8875,0.2049,0.5335,0.165,0.094,0.5134,33.9801,0,0,True
2026-08-12,SUP_028,Doha Petrochem,Middle East,Chemicals,81,8.3,0.91,63.9,45.9,23.4,low,100.81,2.35,21,32.99,94656,0,0.09,0.8875,0.2049,0.585,0.234,0.094,0.4966,35.6037,0,0,True
2026-08-13,SUP_028,Doha Petrochem,Middle East,Chemicals,81,8.3,0.91,57.5,52.6,11.3,low,100.57,2.35,22,32.99,94656,0,0.09,0.8875,0.2049,0.5603,0.113,0.094,0.4803,33.2047,0,0,True
2026-08-14,SUP_028,Doha Petrochem,Middle East,Chemicals,81,8.3,0.91,57.3,51.3,4.3,low,100.2,2.47,23,32.99,94656,0,0.09,0.8875,0.2049,0.555,0.043,0.0988,0.4646,31.9349,0,0,True
2026-08-15,SUP_028,Doha Petrochem,Middle East,Chemicals,81,8.3,0.91,59.0,48.6,10.8,low,100.45,2.47,24,32.99,94656,0,0.09,0.8875,0.2049,0.5588,0.108,0.0988,0.4493,32.6696,0,0,True
2026-08-16,SUP_028,Doha Petrochem,Middle East,Chemicals,81,8.3,0.91,61.3,50.3,26.7,low,101.01,2.47,25,32.99,94656,0,0.09,0.8875,0.2049,0.58,0.267,0.0988,0.4346,35.0416,0,0,True
2026-08-17,SUP_028,Doha Petrochem,Middle East,Chemicals,81,8.3,0.91,65.4,45.0,27.3,low,100.56,2.48,26,32.99,94656,0,0.09,0.8875,0.2049,0.5928,0.273,0.0992,0.4204,35.1328,0,0,True
2026-08-18,SUP_028,Doha Petrochem,Middle East,Chemicals,81,8.3,0.91,67.6,44.1,20.6,low,100.66,2.48,27,32.99,94656,0,0.09,0.8875,0.2049,0.6055,0.206,0.0992,0.4066,34.2029,0,0,True
2026-08-19,SUP_028,Doha Petrochem,Middle East,Chemicals,81,8.3,0.91,69.4,41.8,3.1,low,99.88,2.79,28,32.99,94656,0,0.09,0.8875,0.2049,0.6112,0.031,0.1116,0.3932,31.791,0,0,True
2026-08-20,SUP_028,Doha Petrochem,Middle East,Chemicals,81,8.3,0.91,64.5,33.1,18.6,low,99.27,3.4,29,32.99,94656,0,0.09,0.8875,0.2049,0.5508,0.186,0.136,0.3803,32.9604,0,0,True
2026-08-21,SUP_028,Doha Petrochem,Middle East,Chemicals,81,8.3,0.91,65.6,34.1,14.7,low,99.03,3.64,30,32.99,94656,0,0.09,0.8875,0.2049,0.5615,0.147,0.1456,0.3679,32.5227,0,0,True
2026-08-22,SUP_028,Doha Petrochem,Middle East,Chemicals,81,8.3,0.91,57.9,31.9,7.9,low,99.49,3.64,31,32.99,94656,0,0.09,0.8875,0.2049,0.501,0.079,0.1456,0.3558,30.2887,0,0,True
2026-08-23,SUP_028,Doha Petrochem,Middle East,Chemicals,81,8.3,0.91,65.9,31.1,0.0,low,99.17,3.64,32,32.99,94656,0,0.09,0.8875,0.2049,0.5546,0.0,0.1456,0.3442,29.9608,0,0,True
2026-08-24,SUP_028,Doha Petrochem,Middle East,Chemicals,81,8.3,0.91,58.7,33.6,0.0,low,98.84,3.84,33,32.99,94656,0,0.09,0.8875,0.2049,0.5117,0.0,0.1536,0.3329,29.1041,0,0,True
2026-08-25,SUP_028,Doha Petrochem,Middle East,Chemicals,81,8.3,0.91,57.5,40.5,0.0,low,98.85,3.84,34,32.99,94656,0,0.09,0.8875,0.2049,0.524,0.0,0.1536,0.322,29.1509,0,0,True
2026-08-26,SUP_028,Doha Petrochem,Middle East,Chemicals,81,8.3,0.91,51.9,35.2,0.0,low,98.87,3.84,35,32.99,94656,0,0.09,0.8875,0.2049,0.4689,0.0,0.1536,0.3114,27.9902,0,0,True
2026-08-27,SUP_028,Doha Petrochem,Middle East,Chemicals,81,8.3,0.91,50.0,33.4,0.0,low,98.55,4.13,36,32.99,94656,0,0.09,0.8875,0.2049,0.4502,0.0,0.1652,0.3012,27.6295,0,0,True
2026-08-28,SUP_028,Doha Petrochem,Middle East,Chemicals,81,8.3,0.91,51.9,29.6,6.4,low,99.36,4.14,37,32.99,94656,0,0.09,0.8875,0.2049,0.4521,0.064,0.1656,0.2913,28.4065,0,0,True
2026-08-29,SUP_028,Doha Petrochem,Middle East,Chemicals,81,8.3,0.91,50.9,26.0,10.0,low,99.25,4.14,38,32.99,94656,0,0.09,0.8875,0.2049,0.4343,0.1,0.1656,0.2818,28.4373,0,0,True
2026-08-30,SUP_028,Doha Petrochem,Middle East,Chemicals,81,8.3,0.91,58.0,24.3,35.6,low,99.3,4.14,39,32.99,94656,0,0.09,0.8875,0.2049,0.4789,0.356,0.1656,0.2725,32.6763,0,0,True
2026-08-31,SUP_028,Doha Petrochem,Middle East,Chemicals,81,8.3,0.91,59.6,24.8,18.4,low,99.14,4.15,40,32.99,94656,0,0.09,0.8875,0.2049,0.4916,0.184,0.166,0.2636,30.3587,0,0,True
2026-09-01,SUP_028,Doha Petrochem,Middle East,Chemicals,81,8.3,0.91,57.8,29.4,22.8,low,99.32,4.15,41,32.99,94656,0,0.09,0.8875,0.2049,0.4928,0.228,0.166,0.255,30.8581,0,0,True
2026-09-02,SUP_028,Doha Petrochem,Middle East,Chemicals,81,8.3,0.91,57.8,32.0,26.2,low,99.82,4.15,42,32.99,94656,0,0.09,0.8875,0.2049,0.5006,0.262,0.166,0.2466,31.3407,0,0,True
2026-09-03,SUP_028,Doha Petrochem,Middle East,Chemicals,81,8.3,0.91,64.2,26.9,17.6,low,100.51,4.16,43,32.99,94656,0,0.09,0.8875,0.2049,0.5301,0.176,0.1664,0.2385,30.5432,0,0,True
2026-09-04,SUP_028,Doha Petrochem,Middle East,Chemicals,81,8.3,0.91,68.2,34.9,21.6,low,100.19,3.95,44,32.99,94656,0,0.09,0.8875,0.2049,0.5821,0.216,0.158,0.2307,31.8133,0,0,True
2026-09-05,SUP_028,Doha Petrochem,Middle East,Chemicals,81,8.3,0.91,61.9,39.9,30.8,low,100.65,3.17,45,32.99,94656,0,0.09,0.8875,0.2049,0.553,0.308,0.1268,0.2231,32.0821,0,0,True
2026-09-06,SUP_028,Doha Petrochem,Middle East,Chemicals,81,8.3,0.91,58.7,34.4,31.5,low,100.87,2.58,46,32.99,94656,0,0.09,0.8875,0.2049,0.5141,0.315,0.1032,0.2158,31.0796,0,0,True
2026-09-07,SUP_028,Doha Petrochem,Middle East,Chemicals,81,8.3,0.91,61.4,40.9,44.0,medium,101.27,2.72,47,32.99,94656,0,0.09,0.8875,0.2049,0.5525,0.44,0.1088,0.2087,33.4748,0,0,True
2026-09-08,SUP_028,Doha Petrochem,Middle East,Chemicals,81,8.3,0.91,63.2,41.8,20.3,low,101.23,2.72,48,32.99,94656,0,0.09,0.8875,0.2049,0.5678,0.203,0.1088,0.2019,30.3227,0,0,True
2026-09-09,SUP_028,Doha Petrochem,Middle East,Chemicals,81,8.3,0.91,58.0,39.9,42.9,medium,101.16,2.72,49,32.99,94656,0,0.09,0.8875,0.2049,0.5257,0.429,0.1088,0.1953,32.623,0,0,True
2026-09-10,SUP_028,Doha Petrochem,Middle East,Chemicals,81,8.3,0.91,62.2,41.1,87.8,high,101.54,2.99,50,32.99,94656,0,0.09,0.8875,0.2049,0.5587,0.878,0.1196,0.1889,39.5302,0,0,True
2026-09-11,SUP_028,Doha Petrochem,Middle East,Chemicals,81,8.3,0.91,57.9,40.0,95.6,high,101.93,3.38,51,32.99,94656,0,0.09,0.8875,0.2049,0.5253,0.956,0.1352,0.1827,40.1091,0,0,True
2026-09-12,SUP_028,Doha Petrochem,Middle East,Chemicals,81,8.3,0.91,64.7,42.1,98.1,high,102.58,4.03,52,32.99,94656,0,0.09,0.8875,0.2049,0.5792,0.981,0.1612,0.1767,41.6455,0,0,True
2026-09-13,SUP_028,Doha Petrochem,Middle East,Chemicals,81,8.3,0.91,66.8,42.1,100.0,high,102.66,4.1,53,32.99,94656,0,0.09,0.8875,0.2049,0.5939,1.0,0.164,0.1709,42.117,0,0,True
2026-09-14,SUP_028,Doha Petrochem,Middle East,Chemicals,81,8.3,0.91,60.7,39.2,83.3,high,102.62,4.1,54,32.99,94656,0,0.09,0.8875,0.2049,0.5425,0.833,0.164,0.1653,38.7642,0,0,True
2026-09-15,SUP_028,Doha Petrochem,Middle East,Chemicals,81,8.3,0.91,58.4,27.9,91.2,high,101.6,4.1,55,32.99,94656,0,0.09,0.8875,0.2049,0.4925,0.912,0.164,0.1599,38.8835,0,0,True
2026-09-16,SUP_028,Doha Petrochem,Middle East,Chemicals,81,8.3,0.91,56.4,31.8,71.6,high,100.94,4.1,56,32.99,94656,0,0.09,0.8875,0.2049,0.4902,0.716,0.164,0.1546,36.0142,0,0,True
2026-09-17,SUP_028,Doha Petrochem,Middle East,Chemicals,81,8.3,0.91,58.0,30.3,34.6,low,100.78,4.1,57,32.99,94656,0,0.09,0.8875,0.2049,0.4969,0.346,0.164,0.1496,30.8737,0,0,False
2026-09-18,SUP_028,Doha Petrochem,Middle East,Chemicals,81,8.3,0.91,57.6,35.1,57.8,medium,100.33,4.1,58,32.99,94656,0,0.09,0.8875,0.2049,0.5085,0.578,0.164,0.1447,34.252,0,0,False
2026-09-19,SUP_028,Doha Petrochem,Middle East,Chemicals,81,8.3,0.91,52.8,37.6,52.6,medium,100.66,4.1,59,32.99,94656,0,0.09,0.8875,0.2049,0.4824,0.526,0.164,0.1399,32.9783,0,0,False
2026-09-20,SUP_028,Doha Petrochem,Middle East,Chemicals,81,8.3,0.91,47.6,35.4,26.7,low,100.12,4.09,60,32.99,94656,0,0.09,0.8875,0.2049,0.4394,0.267,0.1636,0.1353,28.5001,0,0,False
2026-09-21,SUP_028,Doha Petrochem,Middle East,Chemicals,81,8.3,0.91,52.4,40.7,31.0,low,99.92,4.09,61,32.99,94656,0,0.09,0.8875,0.2049,0.4889,0.31,0.1636,0.1309,29.9222,0,0,False
2026-09-22,SUP_028,Doha Petrochem,Middle East,Chemicals,81,8.3,0.91,55.2,40.9,24.1,low,99.73,4.09,62,32.99,94656,0,0.09,0.8875,0.2049,0.5091,0.241,0.1636,0.1266,29.2511,0,0,False
2026-09-23,SUP_028,Doha Petrochem,Middle East,Chemicals,81,8.3,0.91,56.7,40.9,36.4,low,100.22,4.09,63,32.99,94656,0,0.09,0.8875,0.2049,0.5196,0.364,0.1636,0.1225,31.0957,0,0,False
2026-06-01,SUP_029,Lyon Actuators,Europe,Machinery,47,8.9,0.558,12.5,32.3,27.9,low,98.72,0.0,999,153.33,49331,0,0.442,0.4625,0.3787,0.1844,0.279,0.0,0.0,24.4774,0,0,True
2026-06-02,SUP_029,Lyon Actuators,Europe,Machinery,47,8.9,0.558,15.5,34.8,15.6,low,98.21,0.0,999,153.33,49331,0,0.442,0.4625,0.3787,0.2129,0.156,0.0,0.0,23.2684,0,0,True
2026-06-03,SUP_029,Lyon Actuators,Europe,Machinery,47,8.9,0.558,16.8,35.3,9.6,low,99.02,0.0,999,153.33,49331,0,0.442,0.4625,0.3787,0.2235,0.096,0.0,0.0,22.6192,0,0,True
2026-06-04,SUP_029,Lyon Actuators,Europe,Machinery,47,8.9,0.558,21.3,37.9,23.3,low,99.2,0.0,999,153.33,49331,0,0.442,0.4625,0.3787,0.2628,0.233,0.0,0.0,25.2446,0,0,True
2026-06-05,SUP_029,Lyon Actuators,Europe,Machinery,47,8.9,0.558,24.8,30.4,39.8,low,99.01,1.0,999,153.33,49331,0,0.442,0.4625,0.3787,0.2648,0.398,0.04,0.0,28.0706,0,0,True
2026-06-06,SUP_029,Lyon Actuators,Europe,Machinery,47,8.9,0.558,23.6,34.4,30.4,low,99.21,1.01,999,153.33,49331,0,0.442,0.4625,0.3787,0.2684,0.304,0.0404,0.0,26.8242,0,0,True
2026-06-07,SUP_029,Lyon Actuators,Europe,Machinery,47,8.9,0.558,14.7,39.9,35.2,low,98.23,1.01,999,153.33,49331,0,0.442,0.4625,0.3787,0.2226,0.352,0.0404,0.0,26.6718,0,0,True
2026-06-08,SUP_029,Lyon Actuators,Europe,Machinery,47,8.9,0.558,14.1,40.8,34.4,low,98.37,1.01,999,153.33,49331,0,0.442,0.4625,0.3787,0.2211,0.344,0.0404,0.0,26.5328,0,0,True
2026-06-09,SUP_029,Lyon Actuators,Europe,Machinery,47,8.9,0.558,14.6,43.1,31.0,low,99.01,1.01,999,153.33,49331,0,0.442,0.4625,0.3787,0.2315,0.31,0.0404,0.0,26.244,0,0,True
2026-06-10,SUP_029,Lyon Actuators,Europe,Machinery,47,8.9,0.558,16.5,41.3,46.6,medium,98.95,1.01,999,153.33,49331,0,0.442,0.4625,0.3787,0.2394,0.466,0.0404,0.0,28.5702,0,0,True
2026-06-11,SUP_029,Lyon Actuators,Europe,Machinery,47,8.9,0.558,13.2,45.1,37.0,low,98.07,1.15,999,153.33,49331,0,0.442,0.4625,0.3787,0.2277,0.37,0.046,0.0,27.0828,0,0,True
2026-06-12,SUP_029,Lyon Actuators,Europe,Machinery,47,8.9,0.558,19.3,43.9,45.5,medium,97.86,1.37,999,153.33,49331,0,0.442,0.4625,0.3787,0.2668,0.455,0.0548,0.0,29.0822,0,0,True
2026-06-13,SUP_029,Lyon Actuators,Europe,Machinery,47,8.9,0.558,19.2,36.5,43.9,medium,98.5,1.37,999,153.33,49331,0,0.442,0.4625,0.3787,0.2439,0.439,0.0548,0.0,28.446,0,0,True
2026-06-14,SUP_029,Lyon Actuators,Europe,Machinery,47,8.9,0.558,14.7,40.6,39.0,low,98.63,1.37,999,153.33,49331,0,0.442,0.4625,0.3787,0.2247,0.39,0.0548,0.0,27.4144,0,0,True
2026-06-15,SUP_029,Lyon Actuators,Europe,Machinery,47,8.9,0.558,13.0,31.2,48.2,medium,97.92,1.37,999,153.33,49331,0,0.442,0.4625,0.3787,0.1846,0.482,0.0548,0.0,27.9806,0,0,True
2026-06-16,SUP_029,Lyon Actuators,Europe,Machinery,47,8.9,0.558,22.9,33.2,45.1,medium,99.1,1.37,999,153.33,49331,0,0.442,0.4625,0.3787,0.2599,0.451,0.0548,0.0,28.902,0,0,True
2026-06-17,SUP_029,Lyon Actuators,Europe,Machinery,47,8.9,0.558,25.3,31.5,39.2,low,98.48,1.37,999,153.33,49331,0,0.442,0.4625,0.3787,0.2716,0.392,0.0548,0.0,28.2866,0,0,True
2026-06-18,SUP_029,Lyon Actuators,Europe,Machinery,47,8.9,0.558,29.2,29.6,48.4,medium,98.35,1.37,999,153.33,49331,0,0.442,0.4625,0.3787,0.2932,0.484,0.0548,0.0,29.9634,0,0,True
2026-06-19,SUP_029,Lyon Actuators,Europe,Machinery,47,8.9,0.558,22.6,31.3,54.1,medium,97.83,1.4,999,153.33,49331,0,0.442,0.4625,0.3787,0.2521,0.541,0.056,0.0,30.036,0,0,True
2026-06-20,SUP_029,Lyon Actuators,Europe,Machinery,47,8.9,0.558,18.6,28.2,58.0,medium,97.32,1.92,999,153.33,49331,0,0.442,0.4625,0.3787,0.2148,0.58,0.0768,0.0,30.1602,0,0,True
2026-06-21,SUP_029,Lyon Actuators,Europe,Machinery,47,8.9,0.558,15.3,31.9,13.7,low,97.09,2.15,999,153.33,49331,0,0.442,0.4625,0.3787,0.2028,0.137,0.086,0.0,23.8526,0,0,True
2026-06-22,SUP_029,Lyon Actuators,Europe,Machinery,47,8.9,0.558,16.6,32.7,20.6,low,97.41,2.15,999,153.33,49331,0,0.442,0.4625,0.3787,0.2143,0.206,0.086,0.0,25.0256,0,0,True
2026-06-23,SUP_029,Lyon Actuators,Europe,Machinery,47,8.9,0.558,16.0,29.8,23.7,low,98.05,2.16,999,153.33,49331,0,0.442,0.4625,0.3787,0.2014,0.237,0.0864,0.0,25.2322,0,0,True
2026-06-24,SUP_029,Lyon Actuators,Europe,Machinery,47,8.9,0.558,13.9,37.6,23.7,low,97.86,2.16,999,153.33,49331,0,0.442,0.4625,0.3787,0.2101,0.237,0.0864,0.0,25.3888,0,0,True
2026-06-25,SUP_029,Lyon Actuators,Europe,Machinery,47,8.9,0.558,12.8,38.3,29.7,low,97.36,2.16,999,153.33,49331,0,0.442,0.4625,0.3787,0.2045,0.297,0.0864,0.0,26.128,0,0,True
2026-06-26,SUP_029,Lyon Actuators,Europe,Machinery,47,8.9,0.558,9.8,41.1,30.9,low,97.59,2.16,999,153.33,49331,0,0.442,0.4625,0.3787,0.1919,0.309,0.0864,0.0,26.0692,0,0,True
2026-06-27,SUP_029,Lyon Actuators,Europe,Machinery,47,8.9,0.558,10.2,47.7,35.7,low,97.85,2.16,999,153.33,49331,0,0.442,0.4625,0.3787,0.2145,0.357,0.0864,0.0,27.148,0,0,True
2026-06-28,SUP_029,Lyon Actuators,Europe,Machinery,47,8.9,0.558,16.7,53.1,30.6,low,97.97,2.16,999,153.33,49331,0,0.442,0.4625,0.3787,0.2762,0.306,0.0864,0.0,27.5446,0,0,True
2026-06-29,SUP_029,Lyon Actuators,Europe,Machinery,47,8.9,0.558,9.7,53.5,43.0,medium,98.11,2.16,999,153.33,49331,0,0.442,0.4625,0.3787,0.2284,0.43,0.0864,0.0,28.4202,0,0,True
2026-06-30,SUP_029,Lyon Actuators,Europe,Machinery,47,8.9,0.558,12.6,49.1,45.7,medium,98.05,2.16,999,153.33,49331,0,0.442,0.4625,0.3787,0.2355,0.457,0.0864,0.0,28.926,0,0,True
2026-07-01,SUP_029,Lyon Actuators,Europe,Machinery,47,8.9,0.558,19.9,39.5,45.6,medium,98.1,2.16,999,153.33,49331,0,0.442,0.4625,0.3787,0.2578,0.456,0.0864,0.0,29.3134,0,0,True
2026-07-02,SUP_029,Lyon Actuators,Europe,Machinery,47,8.9,0.558,18.8,39.9,45.0,medium,98.01,2.16,999,153.33,49331,0,0.442,0.4625,0.3787,0.2513,0.45,0.0864,0.0,29.1124,0,0,True
2026-07-03,SUP_029,Lyon Actuators,Europe,Machinery,47,8.9,0.558,16.1,44.9,50.7,medium,98.55,2.16,999,153.33,49331,0,0.442,0.4625,0.3787,0.2474,0.507,0.0864,0.0,29.8402,0,0,True
2026-07-04,SUP_029,Lyon Actuators,Europe,Machinery,47,8.9,0.558,20.8,45.3,90.6,high,99.66,2.62,999,153.33,49331,0,0.442,0.4625,0.3787,0.2815,0.906,0.1048,0.0,36.2608,0,0,True
2026-07-05,SUP_029,Lyon Actuators,Europe,Machinery,47,8.9,0.558,15.7,25.6,82.4,high,99.75,2.71,999,153.33,49331,0,0.442,0.4625,0.3787,0.1867,0.824,0.1084,0.0,33.4496,0,1,True
2026-07-06,SUP_029,Lyon Actuators,Europe,Machinery,47,8.9,0.558,16.0,31.6,86.4,high,99.75,2.71,999,153.33,49331,0,0.442,0.4625,0.3787,0.2068,0.864,0.1084,0.0,34.3714,0,1,True
2026-07-07,SUP_029,Lyon Actuators,Europe,Machinery,47,8.9,0.558,11.3,37.0,81.9,high,99.88,2.84,999,153.33,49331,0,0.442,0.4625,0.3787,0.1901,0.819,0.1136,0.0,33.5032,0,1,True
2026-07-08,SUP_029,Lyon Actuators,Europe,Machinery,47,8.9,0.558,3.5,35.1,94.7,high,99.55,2.84,999,153.33,49331,0,0.442,0.4625,0.3787,0.1298,0.947,0.1136,0.0,34.2098,0,1,True
2026-07-09,SUP_029,Lyon Actuators,Europe,Machinery,47,8.9,0.558,4.9,40.3,96.6,high,99.93,2.89,999,153.33,49331,0,0.442,0.4625,0.3787,0.1552,0.966,0.1156,0.0,34.957,0,1,True
2026-07-10,SUP_029,Lyon Actuators,Europe,Machinery,47,8.9,0.558,0.9,42.8,82.1,high,100.15,3.11,999,153.33,49331,0,0.442,0.4625,0.3787,0.1347,0.821,0.1244,0.0,32.6636,0,1,True
2026-07-11,SUP_029,Lyon Actuators,Europe,Machinery,47,8.9,0.558,3.4,38.0,61.8,medium,99.94,3.11,999,153.33,49331,0,0.442,0.4625,0.3787,0.1378,0.618,0.1244,0.0,29.8774,0,1,True
2026-07-12,SUP_029,Lyon Actuators,Europe,Machinery,47,8.9,0.558,10.9,44.3,33.1,low,100.39,3.35,999,153.33,49331,0,0.442,0.4625,0.3787,0.2092,0.331,0.134,0.0,27.2598,1,0,True
2026-07-13,SUP_029,Lyon Actuators,Europe,Machinery,47,8.9,0.558,20.7,36.2,37.0,low,100.4,3.36,1,153.33,49331,0,0.442,0.4625,0.3787,0.2535,0.37,0.1344,0.9672,44.0835,0,0,True
2026-07-14,SUP_029,Lyon Actuators,Europe,Machinery,47,8.9,0.558,20.8,35.7,27.5,low,99.92,3.35,2,153.33,49331,0,0.442,0.4625,0.3787,0.2527,0.275,0.134,0.9355,42.2269,0,0,True
2026-07-15,SUP_029,Lyon Actuators,Europe,Machinery,47,8.9,0.558,25.2,34.8,44.3,medium,100.09,3.35,3,153.33,49331,0,0.442,0.4625,0.3787,0.2808,0.443,0.134,0.9048,44.594,0,0,True
2026-07-16,SUP_029,Lyon Actuators,Europe,Machinery,47,8.9,0.558,26.0,30.5,41.8,medium,100.21,3.35,4,153.33,49331,0,0.442,0.4625,0.3787,0.2735,0.418,0.134,0.8752,43.638,0,0,True
2026-07-17,SUP_029,Lyon Actuators,Europe,Machinery,47,8.9,0.558,23.0,32.8,30.3,low,100.69,3.64,5,153.33,49331,0,0.442,0.4625,0.3787,0.2594,0.303,0.1456,0.8465,41.4543,0,0,True
2026-07-18,SUP_029,Lyon Actuators,Europe,Machinery,47,8.9,0.558,13.1,40.0,26.5,low,101.11,4.06,6,153.33,49331,0,0.442,0.4625,0.3787,0.2117,0.265,0.1624,0.8187,39.8213,0,0,True
2026-07-19,SUP_029,Lyon Actuators,Europe,Machinery,47,8.9,0.558,21.6,45.8,19.5,low,101.05,4.06,7,153.33,49331,0,0.442,0.4625,0.3787,0.2886,0.195,0.1624,0.7919,39.7961,0,0,True
2026-07-20,SUP_029,Lyon Actuators,Europe,Machinery,47,8.9,0.558,16.0,48.0,18.1,low,100.82,4.05,8,153.33,49331,0,0.442,0.4625,0.3787,0.256,0.181,0.162,0.7659,38.5931,0,0,True
2026-07-21,SUP_029,Lyon Actuators,Europe,Machinery,47,8.9,0.558,22.9,37.1,16.7,low,100.82,3.78,9,153.33,49331,0,0.442,0.4625,0.3787,0.2716,0.167,0.1512,0.7408,38.1465,0,0,True
2026-07-22,SUP_029,Lyon Actuators,Europe,Machinery,47,8.9,0.558,24.7,29.8,11.9,low,101.0,3.77,10,153.33,49331,0,0.442,0.4625,0.3787,0.2623,0.119,0.1508,0.7165,36.9137,0,0,True
2026-07-23,SUP_029,Lyon Actuators,Europe,Machinery,47,8.9,0.558,19.1,31.4,17.6,low,101.24,3.9,11,153.33,49331,0,0.442,0.4625,0.3787,0.2279,0.176,0.156,0.693,36.7791,0,0,True
2026-07-24,SUP_029,Lyon Actuators,Europe,Machinery,47,8.9,0.558,20.4,31.8,23.1,low,101.39,4.04,12,153.33,49331,0,0.442,0.4625,0.3787,0.2382,0.231,0.1616,0.6703,37.4382,0,0,True
2026-07-25,SUP_029,Lyon Actuators,Europe,Machinery,47,8.9,0.558,30.1,29.6,14.4,low,101.35,3.81,13,153.33,49331,0,0.442,0.4625,0.3787,0.2995,0.144,0.1524,0.6483,36.8615,0,0,True
2026-07-26,SUP_029,Lyon Actuators,Europe,Machinery,47,8.9,0.558,35.6,40.5,1.7,low,101.85,4.0,14,153.33,49331,0,0.442,0.4625,0.3787,0.3707,0.017,0.16,0.6271,36.1163,0,0,True
2026-07-27,SUP_029,Lyon Actuators,Europe,Machinery,47,8.9,0.558,30.5,40.2,10.4,low,101.51,3.88,15,153.33,49331,0,0.442,0.4625,0.3787,0.3341,0.104,0.1552,0.6065,36.2889,0,0,True
2026-07-28,SUP_029,Lyon Actuators,Europe,Machinery,47,8.9,0.558,25.3,42.3,19.0,low,102.75,4.73,16,153.33,49331,0,0.442,0.4625,0.3787,0.304,0.19,0.1892,0.5866,37.041,0,0,True
2026-07-29,SUP_029,Lyon Actuators,Europe,Machinery,47,8.9,0.558,24.7,46.4,27.2,low,103.13,5.1,17,153.33,49331,0,0.442,0.4625,0.3787,0.3121,0.272,0.204,0.5674,38.2047,0,0,True
2026-07-30,SUP_029,Lyon Actuators,Europe,Machinery,47,8.9,0.558,22.9,45.0,31.8,low,102.57,5.09,18,153.33,49331,0,0.442,0.4625,0.3787,0.2953,0.318,0.2036,0.5488,38.2438,0,0,True
2026-07-31,SUP_029,Lyon Actuators,Europe,Machinery,47,8.9,0.558,27.8,57.1,44.6,medium,102.66,5.09,19,153.33,49331,0,0.442,0.4625,0.3787,0.3659,0.446,0.2036,0.5308,41.0187,0,0,True
2026-08-01,SUP_029,Lyon Actuators,Europe,Machinery,47,8.9,0.558,29.9,48.9,49.0,medium,103.05,4.54,20,153.33,49331,0,0.442,0.4625,0.3787,0.356,0.49,0.1816,0.5134,40.9141,0,0,True
2026-08-02,SUP_029,Lyon Actuators,Europe,Machinery,47,8.9,0.558,20.1,43.6,67.8,high,102.87,3.55,21,153.33,49331,0,0.442,0.4625,0.3787,0.2715,0.678,0.142,0.4966,41.2806,0,0,True
2026-08-03,SUP_029,Lyon Actuators,Europe,Machinery,47,8.9,0.558,21.9,37.3,85.8,high,102.12,3.54,22,153.33,49331,0,0.442,0.4625,0.3787,0.2652,0.858,0.1416,0.4803,43.4219,0,0,True
2026-08-04,SUP_029,Lyon Actuators,Europe,Machinery,47,8.9,0.558,20.5,45.2,54.3,medium,101.6,3.54,23,153.33,49331,0,0.442,0.4625,0.3787,0.2791,0.543,0.1416,0.4646,39.0102,0,0,True
2026-08-05,SUP_029,Lyon Actuators,Europe,Machinery,47,8.9,0.558,20.3,47.9,26.6,low,101.87,3.54,24,153.33,49331,0,0.442,0.4625,0.3787,0.2858,0.266,0.1416,0.4493,35.0091,0,0,True
2026-08-06,SUP_029,Lyon Actuators,Europe,Machinery,47,8.9,0.558,21.1,43.1,26.2,low,101.0,3.54,25,153.33,49331,0,0.442,0.4625,0.3787,0.277,0.262,0.1416,0.4346,34.559,0,0,True
2026-08-07,SUP_029,Lyon Actuators,Europe,Machinery,47,8.9,0.558,26.3,37.3,30.5,low,100.27,3.17,26,153.33,49331,0,0.442,0.4625,0.3787,0.296,0.305,0.1268,0.4204,35.0974,0,0,True
2026-08-08,SUP_029,Lyon Actuators,Europe,Machinery,47,8.9,0.558,29.7,44.3,28.5,low,100.54,3.17,27,153.33,49331,0,0.442,0.4625,0.3787,0.3408,0.285,0.1268,0.4066,35.4033,0,0,True
2026-08-09,SUP_029,Lyon Actuators,Europe,Machinery,47,8.9,0.558,24.4,44.8,34.1,low,100.43,3.17,28,153.33,49331,0,0.442,0.4625,0.3787,0.3052,0.341,0.1268,0.3932,35.3333,0,0,True
2026-08-10,SUP_029,Lyon Actuators,Europe,Machinery,47,8.9,0.558,23.2,50.8,29.3,low,100.08,3.17,29,153.33,49331,0,0.442,0.4625,0.3787,0.3148,0.293,0.1268,0.3803,34.6278,0,0,True
2026-08-11,SUP_029,Lyon Actuators,Europe,Machinery,47,8.9,0.558,20.3,48.1,21.8,low,99.83,3.26,30,153.33,49331,0,0.442,0.4625,0.3787,0.2864,0.218,0.1304,0.3679,32.9103,0,0,True
2026-08-12,SUP_029,Lyon Actuators,Europe,Machinery,47,8.9,0.558,12.0,48.8,17.6,low,99.09,3.99,31,153.33,49331,0,0.442,0.4625,0.3787,0.2304,0.176,0.1596,0.3558,31.4717,0,0,True
2026-08-13,SUP_029,Lyon Actuators,Europe,Machinery,47,8.9,0.558,12.3,48.3,17.6,low,99.34,3.99,32,153.33,49331,0,0.442,0.4625,0.3787,0.231,0.176,0.1596,0.3442,31.2959,0,0,True
2026-08-14,SUP_029,Lyon Actuators,Europe,Machinery,47,8.9,0.558,21.9,43.0,27.3,low,98.93,4.15,33,153.33,49331,0,0.442,0.4625,0.3787,0.2823,0.273,0.166,0.3329,33.4736,0,0,True
2026-08-15,SUP_029,Lyon Actuators,Europe,Machinery,47,8.9,0.558,13.2,41.1,22.2,low,98.67,4.41,34,153.33,49331,0,0.442,0.4625,0.3787,0.2157,0.222,0.1764,0.322,31.511,0,0,True
2026-08-16,SUP_029,Lyon Actuators,Europe,Machinery,47,8.9,0.558,13.8,33.9,20.2,low,98.84,4.41,35,153.33,49331,0,0.442,0.4625,0.3787,0.1983,0.202,0.1764,0.3114,30.7489,0,0,True
2026-08-17,SUP_029,Lyon Actuators,Europe,Machinery,47,8.9,0.558,14.2,36.7,26.7,low,98.71,4.42,36,153.33,49331,0,0.442,0.4625,0.3787,0.2095,0.267,0.1768,0.3012,31.7019,0,0,True
2026-08-18,SUP_029,Lyon Actuators,Europe,Machinery,47,8.9,0.558,16.1,40.4,62.0,medium,98.36,4.73,37,153.33,49331,0,0.442,0.4625,0.3787,0.2339,0.62,0.1892,0.2913,37.074,0,0,True
2026-08-19,SUP_029,Lyon Actuators,Europe,Machinery,47,8.9,0.558,11.8,44.8,72.4,high,97.36,5.73,38,153.33,49331,0,0.442,0.4625,0.3787,0.217,0.724,0.2292,0.2818,38.5529,0,0,True
2026-08-20,SUP_029,Lyon Actuators,Europe,Machinery,47,8.9,0.558,6.0,46.9,61.5,medium,97.55,5.73,39,153.33,49331,0,0.442,0.4625,0.3787,0.1827,0.615,0.2292,0.2725,36.2617,0,0,True
2026-08-21,SUP_029,Lyon Actuators,Europe,Machinery,47,8.9,0.558,1.3,44.4,51.2,medium,97.59,5.74,40,153.33,49331,0,0.442,0.4625,0.3787,0.1423,0.512,0.2296,0.2636,33.9544,0,0,True
2026-08-22,SUP_029,Lyon Actuators,Europe,Machinery,47,8.9,0.558,10.1,51.2,56.9,medium,97.33,5.78,41,153.33,49331,0,0.442,0.4625,0.3787,0.2243,0.569,0.2312,0.255,36.1093,0,0,True
2026-08-23,SUP_029,Lyon Actuators,Europe,Machinery,47,8.9,0.558,6.6,53.5,62.0,medium,96.81,6.3,42,153.33,49331,0,0.442,0.4625,0.3787,0.2067,0.62,0.252,0.2466,36.6224,0,0,True
2026-08-24,SUP_029,Lyon Actuators,Europe,Machinery,47,8.9,0.558,6.0,58.0,54.1,medium,96.81,6.31,43,153.33,49331,0,0.442,0.4625,0.3787,0.216,0.541,0.2524,0.2385,35.5592,0,0,True
2026-08-25,SUP_029,Lyon Actuators,Europe,Machinery,47,8.9,0.558,17.7,62.2,31.1,low,97.05,6.32,44,153.33,49331,0,0.442,0.4625,0.3787,0.3105,0.311,0.2528,0.2307,33.9199,0,0,True
2026-08-26,SUP_029,Lyon Actuators,Europe,Machinery,47,8.9,0.558,14.3,57.5,47.4,medium,97.1,6.33,45,153.33,49331,0,0.442,0.4625,0.3787,0.2726,0.474,0.2532,0.2231,35.4035,0,0,True
2026-08-27,SUP_029,Lyon Actuators,Europe,Machinery,47,8.9,0.558,16.5,56.1,36.0,low,97.92,6.34,46,153.33,49331,0,0.442,0.4625,0.3787,0.2838,0.36,0.2536,0.2158,33.8969,0,0,True
2026-08-28,SUP_029,Lyon Actuators,Europe,Machinery,47,8.9,0.558,21.8,57.0,47.0,medium,98.28,6.27,47,153.33,49331,0,0.442,0.4625,0.3787,0.3236,0.47,0.2508,0.2087,36.0065,0,0,True
2026-08-29,SUP_029,Lyon Actuators,Europe,Machinery,47,8.9,0.558,26.0,47.7,19.5,low,98.22,6.28,48,153.33,49331,0,0.442,0.4625,0.3787,0.3251,0.195,0.2512,0.2019,32.0788,0,0,True
2026-08-30,SUP_029,Lyon Actuators,Europe,Machinery,47,8.9,0.558,18.5,39.8,30.8,low,98.59,6.29,49,153.33,49331,0,0.442,0.4625,0.3787,0.2489,0.308,0.2516,0.1953,32.1881,0,0,True
2026-08-31,SUP_029,Lyon Actuators,Europe,Machinery,47,8.9,0.558,15.0,32.3,21.4,low,98.62,6.12,50,153.33,49331,0,0.442,0.4625,0.3787,0.2019,0.214,0.2448,0.1889,29.842,0,0,True
2026-09-01,SUP_029,Lyon Actuators,Europe,Machinery,47,8.9,0.558,16.9,32.1,31.4,low,98.64,5.37,51,153.33,49331,0,0.442,0.4625,0.3787,0.2146,0.314,0.2148,0.1827,31.0116,0,0,True
2026-09-02,SUP_029,Lyon Actuators,Europe,Machinery,47,8.9,0.558,26.2,30.8,20.9,low,99.29,5.12,52,153.33,49331,0,0.442,0.4625,0.3787,0.2758,0.209,0.2048,0.1767,30.4273,0,0,True
2026-09-03,SUP_029,Lyon Actuators,Europe,Machinery,47,8.9,0.558,21.4,23.9,21.3,low,98.84,5.12,53,153.33,49331,0,0.442,0.4625,0.3787,0.2215,0.213,0.2048,0.1709,29.4133,0,0,True
2026-09-04,SUP_029,Lyon Actuators,Europe,Machinery,47,8.9,0.558,18.5,26.3,14.7,low,98.85,4.25,54,153.33,49331,0,0.442,0.4625,0.3787,0.2084,0.147,0.17,0.1653,27.7462,0,0,True
2026-09-05,SUP_029,Lyon Actuators,Europe,Machinery,47,8.9,0.558,20.4,27.1,15.3,low,99.45,3.78,55,153.33,49331,0,0.442,0.4625,0.3787,0.2241,0.153,0.1512,0.1599,27.8005,0,0,True
2026-09-06,SUP_029,Lyon Actuators,Europe,Machinery,47,8.9,0.558,23.0,34.5,34.7,low,99.6,3.78,56,153.33,49331,0,0.442,0.4625,0.3787,0.2645,0.347,0.1512,0.1546,31.1598,0,0,True
2026-09-07,SUP_029,Lyon Actuators,Europe,Machinery,47,8.9,0.558,25.5,45.2,31.2,low,99.42,3.67,57,153.33,49331,0,0.442,0.4625,0.3787,0.3141,0.312,0.1468,0.1496,31.4287,0,0,True
2026-09-08,SUP_029,Lyon Actuators,Europe,Machinery,47,8.9,0.558,20.4,46.1,49.2,medium,98.56,3.32,58,153.33,49331,0,0.442,0.4625,0.3787,0.2811,0.492,0.1328,0.1447,33.1083,0,0,True
2026-09-09,SUP_029,Lyon Actuators,Europe,Machinery,47,8.9,0.558,17.5,40.7,39.6,low,97.42,3.07,59,153.33,49331,0,0.442,0.4625,0.3787,0.2446,0.396,0.1228,0.1399,30.9114,0,0,True
2026-09-10,SUP_029,Lyon Actuators,Europe,Machinery,47,8.9,0.558,18.6,43.3,49.8,medium,98.46,2.84,60,153.33,49331,0,0.442,0.4625,0.3787,0.2601,0.498,0.1136,0.1353,32.4346,0,0,True
2026-09-11,SUP_029,Lyon Actuators,Europe,Machinery,47,8.9,0.558,24.5,42.1,28.5,low,98.62,2.84,61,153.33,49331,0,0.442,0.4625,0.3787,0.2978,0.285,0.1136,0.1309,30.0602,0,0,True
2026-09-12,SUP_029,Lyon Actuators,Europe,Machinery,47,8.9,0.558,22.4,39.8,25.0,low,98.33,2.84,62,153.33,49331,0,0.442,0.4625,0.3787,0.2762,0.25,0.1136,0.1266,29.1127,0,0,True
2026-09-13,SUP_029,Lyon Actuators,Europe,Machinery,47,8.9,0.558,21.6,34.5,20.0,low,98.5,2.84,63,153.33,49331,0,0.442,0.4625,0.3787,0.2547,0.2,0.1136,0.1225,27.9593,0,0,True
2026-09-14,SUP_029,Lyon Actuators,Europe,Machinery,47,8.9,0.558,16.2,32.1,35.5,low,98.03,2.84,64,153.33,49331,0,0.442,0.4625,0.3787,0.2097,0.355,0.1136,0.1184,29.2551,0,0,True
2026-09-15,SUP_029,Lyon Actuators,Europe,Machinery,47,8.9,0.558,25.3,31.6,34.6,low,97.86,2.84,65,153.33,49331,0,0.442,0.4625,0.3787,0.2719,0.346,0.1136,0.1146,30.1866,0,0,True
2026-09-16,SUP_029,Lyon Actuators,Europe,Machinery,47,8.9,0.558,24.9,36.4,12.9,low,97.39,2.84,66,153.33,49331,0,0.442,0.4625,0.3787,0.2835,0.129,0.1136,0.1108,27.2973,0,0,True
2026-09-17,SUP_029,Lyon Actuators,Europe,Machinery,47,8.9,0.558,29.0,38.9,3.8,low,96.68,2.98,67,153.33,49331,0,0.442,0.4625,0.3787,0.3197,0.038,0.1192,0.1072,26.684,0,0,False
2026-09-18,SUP_029,Lyon Actuators,Europe,Machinery,47,8.9,0.558,27.5,47.9,0.0,low,95.63,4.05,68,153.33,49331,0,0.442,0.4625,0.3787,0.3362,0.0,0.162,0.1037,26.9063,0,0,False
2026-09-19,SUP_029,Lyon Actuators,Europe,Machinery,47,8.9,0.558,26.5,49.5,14.7,low,94.83,4.87,69,153.33,49331,0,0.442,0.4625,0.3787,0.334,0.147,0.1948,0.1003,29.264,0,0,False
2026-09-20,SUP_029,Lyon Actuators,Europe,Machinery,47,8.9,0.558,18.1,49.6,24.7,low,95.34,4.87,70,153.33,49331,0,0.442,0.4625,0.3787,0.2755,0.247,0.1948,0.097,29.5584,0,0,False
2026-09-21,SUP_029,Lyon Actuators,Europe,Machinery,47,8.9,0.558,7.9,45.8,22.0,low,94.85,4.88,71,153.33,49331,0,0.442,0.4625,0.3787,0.1927,0.22,0.1952,0.0938,27.6439,0,0,False
2026-09-22,SUP_029,Lyon Actuators,Europe,Machinery,47,8.9,0.558,15.3,38.7,17.7,low,95.11,4.88,72,153.33,49331,0,0.442,0.4625,0.3787,0.2232,0.177,0.1952,0.0907,27.5417,0,0,False
2026-09-23,SUP_029,Lyon Actuators,Europe,Machinery,47,8.9,0.558,16.1,35.1,26.1,low,95.59,4.88,73,153.33,49331,0,0.442,0.4625,0.3787,0.218,0.261,0.1952,0.0877,28.5765,0,0,False
2026-06-01,SUP_030,Nairobi Agrichem,Africa,Chemicals,60,15.4,0.806,55.1,19.1,46.8,medium,99.86,0.0,999,113.29,27782,0,0.194,0.625,0.5133,0.443,0.468,0.0,0.0,29.7893,0,0,True
2026-06-02,SUP_030,Nairobi Agrichem,Africa,Chemicals,60,15.4,0.806,81.1,35.7,37.9,low,99.8,0.0,999,113.29,27782,0,0.194,0.625,0.5133,0.6748,0.379,0.0,0.0,32.7157,0,0,True
2026-06-03,SUP_030,Nairobi Agrichem,Africa,Chemicals,60,15.4,0.806,81.9,33.6,32.2,low,100.97,0.0,999,113.29,27782,0,0.194,0.625,0.5133,0.6741,0.322,0.0,0.0,31.9051,0,0,True
2026-06-04,SUP_030,Nairobi Agrichem,Africa,Chemicals,60,15.4,0.806,80.0,37.5,31.4,low,101.08,0.0,999,113.29,27782,0,0.194,0.625,0.5133,0.6725,0.314,0.0,0.0,31.7643,0,1,True
2026-06-05,SUP_030,Nairobi Agrichem,Africa,Chemicals,60,15.4,0.806,86.1,41.7,27.0,low,101.22,1.41,999,113.29,27782,0,0.194,0.625,0.5133,0.7278,0.27,0.0564,0.0,32.8205,0,1,True
2026-06-06,SUP_030,Nairobi Agrichem,Africa,Chemicals,60,15.4,0.806,94.4,38.1,16.6,low,99.45,1.76,999,113.29,27782,0,0.194,0.625,0.5133,0.7751,0.166,0.0704,0.0,32.3839,0,1,True
2026-06-07,SUP_030,Nairobi Agrichem,Africa,Chemicals,60,15.4,0.806,99.5,41.9,28.7,low,98.49,2.73,999,113.29,27782,0,0.194,0.625,0.5133,0.8222,0.287,0.1092,0.0,35.3913,0,1,True
2026-06-08,SUP_030,Nairobi Agrichem,Africa,Chemicals,60,15.4,0.806,86.7,45.5,34.8,low,99.66,2.73,999,113.29,27782,0,0.194,0.625,0.5133,0.7434,0.348,0.1092,0.0,34.8269,0,1,True
2026-06-09,SUP_030,Nairobi Agrichem,Africa,Chemicals,60,15.4,0.806,84.0,40.2,23.7,low,97.44,3.79,999,113.29,27782,0,0.194,0.625,0.5133,0.7086,0.237,0.1516,0.0,33.1553,0,1,True
2026-06-10,SUP_030,Nairobi Agrichem,Africa,Chemicals,60,15.4,0.806,83.8,35.7,25.5,low,98.88,3.79,999,113.29,27782,0,0.194,0.625,0.5133,0.6937,0.255,0.1516,0.0,33.1391,0,1,True
2026-06-11,SUP_030,Nairobi Agrichem,Africa,Chemicals,60,15.4,0.806,85.8,35.8,27.4,low,99.42,3.79,999,113.29,27782,0,0.194,0.625,0.5133,0.708,0.274,0.1516,0.0,33.6625,1,1,True
2026-06-12,SUP_030,Nairobi Agrichem,Africa,Chemicals,60,15.4,0.806,77.1,35.1,32.3,low,98.62,3.8,1,113.29,27782,0,0.194,0.625,0.5133,0.645,0.323,0.152,0.9672,48.6948,0,1,True
2026-06-13,SUP_030,Nairobi Agrichem,Africa,Chemicals,60,15.4,0.806,69.6,42.4,24.2,low,97.73,3.8,2,113.29,27782,0,0.194,0.625,0.5133,0.6144,0.242,0.152,0.9355,46.5026,0,1,True
2026-06-14,SUP_030,Nairobi Agrichem,Africa,Chemicals,60,15.4,0.806,77.7,45.0,15.6,low,99.75,3.8,3,113.29,27782,0,0.194,0.625,0.5133,0.6789,0.156,0.152,0.9048,45.9689,1,0,True
2026-06-15,SUP_030,Nairobi Agrichem,Africa,Chemicals,60,15.4,0.806,75.8,43.1,26.5,low,101.26,3.84,1,113.29,27782,0,0.194,0.625,0.5133,0.6599,0.265,0.1536,0.9672,48.1702,0,0,True
2026-06-16,SUP_030,Nairobi Agrichem,Africa,Chemicals,60,15.4,0.806,42.3,45.1,15.7,low,101.14,3.83,2,113.29,27782,0,0.194,0.625,0.5133,0.4314,0.157,0.1532,0.9355,42.033,0,0,True
2026-06-17,SUP_030,Nairobi Agrichem,Africa,Chemicals,60,15.4,0.806,39.0,32.8,51.8,medium,101.28,3.85,3,113.29,27782,0,0.194,0.625,0.5133,0.3714,0.518,0.154,0.9048,45.5259,0,0,True
2026-06-18,SUP_030,Nairobi Agrichem,Africa,Chemicals,60,15.4,0.806,43.2,29.9,53.9,medium,100.59,3.85,4,113.29,27782,0,0.194,0.625,0.5133,0.3921,0.539,0.154,0.8752,45.7179,0,0,True
2026-06-19,SUP_030,Nairobi Agrichem,Africa,Chemicals,60,15.4,0.806,41.1,32.2,57.4,medium,100.73,3.85,5,113.29,27782,0,0.194,0.625,0.5133,0.3843,0.574,0.154,0.8465,45.6084,0,0,True
2026-06-20,SUP_030,Nairobi Agrichem,Africa,Chemicals,60,15.4,0.806,44.3,38.5,63.4,medium,100.01,3.85,6,113.29,27782,0,0.194,0.625,0.5133,0.4256,0.634,0.154,0.8187,46.7478,0,0,True
2026-06-21,SUP_030,Nairobi Agrichem,Africa,Chemicals,60,15.4,0.806,41.3,39.0,80.4,high,99.93,3.84,7,113.29,27782,0,0.194,0.625,0.5133,0.4061,0.804,0.1536,0.7919,48.3426,0,0,True
2026-06-22,SUP_030,Nairobi Agrichem,Africa,Chemicals,60,15.4,0.806,35.1,46.1,63.6,medium,101.86,4.42,8,113.29,27782,0,0.194,0.625,0.5133,0.384,0.636,0.1768,0.7659,45.4558,0,0,True
2026-06-23,SUP_030,Nairobi Agrichem,Africa,Chemicals,60,15.4,0.806,44.8,49.0,73.9,high,101.76,4.42,9,113.29,27782,0,0.194,0.625,0.5133,0.4606,0.739,0.1768,0.7408,47.8748,0,0,True
2026-06-24,SUP_030,Nairobi Agrichem,Africa,Chemicals,60,15.4,0.806,48.2,44.3,17.9,low,100.64,4.42,10,113.29,27782,0,0.194,0.625,0.5133,0.4703,0.179,0.1768,0.7165,39.8208,0,0,True
2026-06-25,SUP_030,Nairobi Agrichem,Africa,Chemicals,60,15.4,0.806,47.7,42.2,36.4,low,99.18,4.42,11,113.29,27782,0,0.194,0.625,0.5133,0.4605,0.364,0.1768,0.693,41.8586,0,0,True
2026-06-26,SUP_030,Nairobi Agrichem,Africa,Chemicals,60,15.4,0.806,46.3,43.3,18.4,low,99.32,4.42,12,113.29,27782,0,0.194,0.625,0.5133,0.454,0.184,0.1768,0.6703,38.8581,0,0,True
2026-06-27,SUP_030,Nairobi Agrichem,Africa,Chemicals,60,15.4,0.806,54.5,39.7,46.3,medium,98.5,4.42,13,113.29,27782,0,0.194,0.625,0.5133,0.5006,0.463,0.1768,0.6483,43.2512,0,0,True
2026-06-28,SUP_030,Nairobi Agrichem,Africa,Chemicals,60,15.4,0.806,57.4,47.0,41.1,medium,98.77,4.42,14,113.29,27782,0,0.194,0.625,0.5133,0.5428,0.411,0.1768,0.6271,42.9428,0,0,True
2026-06-29,SUP_030,Nairobi Agrichem,Africa,Chemicals,60,15.4,0.806,62.5,39.4,52.8,medium,97.03,4.84,15,113.29,27782,0,0.194,0.625,0.5133,0.5557,0.528,0.1936,0.6065,44.6856,0,0,True
2026-06-30,SUP_030,Nairobi Agrichem,Africa,Chemicals,60,15.4,0.806,58.6,40.4,59.6,medium,97.77,4.84,16,113.29,27782,0,0.194,0.625,0.5133,0.5314,0.596,0.1936,0.5866,44.8821,0,0,True
2026-07-01,SUP_030,Nairobi Agrichem,Africa,Chemicals,60,15.4,0.806,58.3,43.5,50.7,medium,96.64,5.24,17,113.29,27782,0,0.194,0.625,0.5133,0.5386,0.507,0.2096,0.5674,43.65,0,0,True
2026-07-02,SUP_030,Nairobi Agrichem,Africa,Chemicals,60,15.4,0.806,59.7,40.5,44.7,medium,96.69,5.24,18,113.29,27782,0,0.194,0.625,0.5133,0.5394,0.447,0.2096,0.5488,42.5267,0,0,True
2026-07-03,SUP_030,Nairobi Agrichem,Africa,Chemicals,60,15.4,0.806,56.4,36.9,35.8,low,96.33,5.56,19,113.29,27782,0,0.194,0.625,0.5133,0.5055,0.358,0.2224,0.5308,40.5362,0,0,True
2026-07-04,SUP_030,Nairobi Agrichem,Africa,Chemicals,60,15.4,0.806,55.7,36.2,44.1,medium,98.16,5.57,20,113.29,27782,0,0.194,0.625,0.5133,0.4985,0.441,0.2228,0.5134,41.2986,0,0,True
2026-07-05,SUP_030,Nairobi Agrichem,Africa,Chemicals,60,15.4,0.806,52.9,40.3,39.2,low,98.35,5.58,21,113.29,27782,0,0.194,0.625,0.5133,0.4912,0.392,0.2232,0.4966,40.2167,0,0,True
2026-07-06,SUP_030,Nairobi Agrichem,Africa,Chemicals,60,15.4,0.806,55.1,36.9,31.8,low,100.43,5.57,22,113.29,27782,0,0.194,0.625,0.5133,0.4964,0.318,0.2228,0.4803,39.009,0,0,True
2026-07-07,SUP_030,Nairobi Agrichem,Africa,Chemicals,60,15.4,0.806,48.8,31.0,38.8,low,101.03,5.57,23,113.29,27782,0,0.194,0.625,0.5133,0.4346,0.388,0.2228,0.4646,38.6247,0,0,True
2026-07-08,SUP_030,Nairobi Agrichem,Africa,Chemicals,60,15.4,0.806,52.4,37.6,30.8,low,102.55,6.26,24,113.29,27782,0,0.194,0.625,0.5133,0.4796,0.308,0.2504,0.4493,38.4022,0,0,True
2026-07-09,SUP_030,Nairobi Agrichem,Africa,Chemicals,60,15.4,0.806,54.3,39.3,30.1,low,102.33,6.25,25,113.29,27782,0,0.194,0.625,0.5133,0.498,0.301,0.25,0.4346,38.3949,0,0,True
2026-07-10,SUP_030,Nairobi Agrichem,Africa,Chemicals,60,15.4,0.806,53.4,44.0,33.5,low,102.7,6.39,26,113.29,27782,0,0.194,0.625,0.5133,0.5058,0.335,0.2556,0.4204,38.8505,0,0,True
2026-07-11,SUP_030,Nairobi Agrichem,Africa,Chemicals,60,15.4,0.806,55.8,46.6,29.2,low,104.0,7.68,27,113.29,27782,0,0.194,0.625,0.5133,0.5304,0.292,0.3072,0.4066,39.09,0,0,True
2026-07-12,SUP_030,Nairobi Agrichem,Africa,Chemicals,60,15.4,0.806,54.0,56.4,27.3,low,104.97,8.64,28,113.29,27782,0,0.194,0.625,0.5133,0.5472,0.273,0.3456,0.3932,39.374,0,0,True
2026-07-13,SUP_030,Nairobi Agrichem,Africa,Chemicals,60,15.4,0.806,50.9,59.0,44.7,medium,105.54,9.18,29,113.29,27782,0,0.194,0.625,0.5133,0.5333,0.447,0.3672,0.3803,41.6127,0,0,True
2026-07-14,SUP_030,Nairobi Agrichem,Africa,Chemicals,60,15.4,0.806,54.1,51.6,41.7,medium,105.19,9.17,30,113.29,27782,0,0.194,0.625,0.5133,0.5335,0.417,0.3668,0.3679,40.992,0,0,True
2026-07-15,SUP_030,Nairobi Agrichem,Africa,Chemicals,60,15.4,0.806,57.0,51.6,37.9,low,105.02,9.15,31,113.29,27782,0,0.194,0.625,0.5133,0.5538,0.379,0.366,0.3558,40.6228,0,1,True
2026-07-16,SUP_030,Nairobi Agrichem,Africa,Chemicals,60,15.4,0.806,54.3,46.2,36.8,low,106.23,9.82,32,113.29,27782,0,0.194,0.625,0.5133,0.5187,0.368,0.3928,0.3442,39.972,0,1,True
2026-07-17,SUP_030,Nairobi Agrichem,Africa,Chemicals,60,15.4,0.806,51.6,42.1,41.8,medium,107.67,11.23,33,113.29,27782,0,0.194,0.625,0.5133,0.4875,0.418,0.4492,0.3329,40.6067,0,1,True
2026-07-18,SUP_030,Nairobi Agrichem,Africa,Chemicals,60,15.4,0.806,51.3,33.6,31.8,low,107.04,11.2,34,113.29,27782,0,0.194,0.625,0.5133,0.4599,0.318,0.448,0.322,38.5209,0,1,True
2026-07-19,SUP_030,Nairobi Agrichem,Africa,Chemicals,60,15.4,0.806,49.2,32.3,37.8,low,106.24,11.18,35,113.29,27782,0,0.194,0.625,0.5133,0.4413,0.378,0.4472,0.3114,38.8476,0,1,True
2026-07-20,SUP_030,Nairobi Agrichem,Africa,Chemicals,60,15.4,0.806,57.3,35.6,40.7,medium,105.28,11.16,36,113.29,27782,0,0.194,0.625,0.5133,0.5079,0.407,0.4464,0.3012,40.2794,0,1,True
2026-07-21,SUP_030,Nairobi Agrichem,Africa,Chemicals,60,15.4,0.806,58.5,35.1,24.0,low,106.16,11.14,37,113.29,27782,0,0.194,0.625,0.5133,0.5148,0.24,0.4456,0.2913,37.8981,0,1,True
2026-07-22,SUP_030,Nairobi Agrichem,Africa,Chemicals,60,15.4,0.806,58.0,29.3,44.6,medium,105.17,11.13,38,113.29,27782,0,0.194,0.625,0.5133,0.4939,0.446,0.4452,0.2818,40.2482,1,0,True
2026-07-23,SUP_030,Nairobi Agrichem,Africa,Chemicals,60,15.4,0.806,53.1,22.2,57.0,medium,106.04,11.11,1,113.29,27782,0,0.194,0.625,0.5133,0.4383,0.57,0.4444,0.9672,51.941,0,0,True
2026-07-24,SUP_030,Nairobi Agrichem,Africa,Chemicals,60,15.4,0.806,56.9,35.2,45.3,medium,106.63,11.09,2,113.29,27782,0,0.194,0.625,0.5133,0.5039,0.453,0.4436,0.9355,50.9668,0,0,True
2026-07-25,SUP_030,Nairobi Agrichem,Africa,Chemicals,60,15.4,0.806,53.7,36.9,33.6,low,106.04,11.07,3,113.29,27782,0,0.194,0.625,0.5133,0.4866,0.336,0.4428,0.9048,48.5171,0,0,True
2026-07-26,SUP_030,Nairobi Agrichem,Africa,Chemicals,60,15.4,0.806,50.8,32.3,37.3,low,107.72,11.09,4,113.29,27782,0,0.194,0.625,0.5133,0.4525,0.373,0.4436,0.8752,47.9563,0,0,True
2026-07-27,SUP_030,Nairobi Agrichem,Africa,Chemicals,60,15.4,0.806,55.1,35.1,24.8,low,106.15,11.06,5,113.29,27782,0,0.194,0.625,0.5133,0.491,0.248,0.4424,0.8465,46.4258,0,0,True
2026-07-28,SUP_030,Nairobi Agrichem,Africa,Chemicals,60,15.4,0.806,56.9,46.6,41.2,medium,107.93,11.23,6,113.29,27782,0,0.194,0.625,0.5133,0.5381,0.412,0.4492,0.8187,49.2072,0,0,True
2026-07-29,SUP_030,Nairobi Agrichem,Africa,Chemicals,60,15.4,0.806,44.8,48.2,36.6,low,108.27,11.52,7,113.29,27782,0,0.194,0.625,0.5133,0.4582,0.366,0.4608,0.7919,46.8348,0,1,True
2026-07-30,SUP_030,Nairobi Agrichem,Africa,Chemicals,60,15.4,0.806,45.6,31.5,52.4,medium,106.05,11.49,8,113.29,27782,0,0.194,0.625,0.5133,0.4137,0.524,0.4596,0.7659,47.816,0,1,True
2026-07-31,SUP_030,Nairobi Agrichem,Africa,Chemicals,60,15.4,0.806,47.6,46.0,41.7,medium,107.75,11.45,9,113.29,27782,0,0.194,0.625,0.5133,0.4712,0.417,0.458,0.7408,46.932,0,1,True
2026-08-01,SUP_030,Nairobi Agrichem,Africa,Chemicals,60,15.4,0.806,47.1,34.6,40.2,medium,108.79,11.9,10,113.29,27782,0,0.194,0.625,0.5133,0.4335,0.402,0.476,0.7165,45.8708,0,1,True
2026-08-02,SUP_030,Nairobi Agrichem,Africa,Chemicals,60,15.4,0.806,49.0,33.6,51.9,medium,108.34,10.11,11,113.29,27782,0,0.194,0.625,0.5133,0.4438,0.519,0.4044,0.693,46.4592,0,1,True
2026-08-03,SUP_030,Nairobi Agrichem,Africa,Chemicals,60,15.4,0.806,41.3,27.8,45.9,medium,107.3,9.9,12,113.29,27782,0,0.194,0.625,0.5133,0.3725,0.459,0.396,0.6703,43.8715,0,1,True
2026-08-04,SUP_030,Nairobi Agrichem,Africa,Chemicals,60,15.4,0.806,30.0,25.0,47.0,medium,105.63,7.91,13,113.29,27782,0,0.194,0.625,0.5133,0.285,0.47,0.3164,0.6483,41.1436,0,1,True
2026-08-05,SUP_030,Nairobi Agrichem,Africa,Chemicals,60,15.4,0.806,29.1,28.0,55.3,medium,108.21,7.33,14,113.29,27782,0,0.194,0.625,0.5133,0.2877,0.553,0.2932,0.6271,41.7358,1,0,True
2026-08-06,SUP_030,Nairobi Agrichem,Africa,Chemicals,60,15.4,0.806,34.3,18.1,46.4,medium,107.22,6.09,1,113.29,27782,0,0.194,0.625,0.5133,0.2944,0.464,0.2436,0.9672,45.4572,0,0,True
2026-08-07,SUP_030,Nairobi Agrichem,Africa,Chemicals,60,15.4,0.806,22.1,20.2,33.1,low,105.87,6.08,2,113.29,27782,0,0.194,0.625,0.5133,0.2153,0.331,0.2432,0.9355,41.6592,0,0,True
2026-08-08,SUP_030,Nairobi Agrichem,Africa,Chemicals,60,15.4,0.806,23.1,28.5,21.3,low,106.16,5.72,3,113.29,27782,0,0.194,0.625,0.5133,0.2472,0.213,0.2288,0.9048,39.9179,0,0,True
2026-08-09,SUP_030,Nairobi Agrichem,Africa,Chemicals,60,15.4,0.806,18.7,25.0,31.4,low,104.41,4.5,4,113.29,27782,0,0.194,0.625,0.5133,0.2059,0.314,0.18,0.8752,39.5283,0,0,True
2026-08-10,SUP_030,Nairobi Agrichem,Africa,Chemicals,60,15.4,0.806,23.0,19.2,37.1,low,103.36,5.1,5,113.29,27782,0,0.194,0.625,0.5133,0.2186,0.371,0.204,0.8465,40.3838,0,0,True
2026-08-11,SUP_030,Nairobi Agrichem,Africa,Chemicals,60,15.4,0.806,37.1,20.8,47.7,medium,104.42,5.1,6,113.29,27782,0,0.194,0.625,0.5133,0.3221,0.477,0.204,0.8187,43.2868,0,0,True
2026-08-12,SUP_030,Nairobi Agrichem,Africa,Chemicals,60,15.4,0.806,38.8,21.2,43.2,medium,104.92,5.1,7,113.29,27782,0,0.194,0.625,0.5133,0.3352,0.432,0.204,0.7919,42.4632,0,0,True
2026-08-13,SUP_030,Nairobi Agrichem,Africa,Chemicals,60,15.4,0.806,40.7,20.1,29.2,low,104.5,5.11,8,113.29,27782,0,0.194,0.625,0.5133,0.3452,0.292,0.2044,0.7659,40.2726,0,0,True
2026-08-14,SUP_030,Nairobi Agrichem,Africa,Chemicals,60,15.4,0.806,46.8,16.1,10.1,low,104.52,5.11,9,113.29,27782,0,0.194,0.625,0.5133,0.3759,0.101,0.2044,0.7408,37.7494,0,0,True
2026-08-15,SUP_030,Nairobi Agrichem,Africa,Chemicals,60,15.4,0.806,48.1,21.6,44.1,medium,104.05,5.11,10,113.29,27782,0,0.194,0.625,0.5133,0.4015,0.441,0.2044,0.7165,42.5816,0,0,True
2026-08-16,SUP_030,Nairobi Agrichem,Africa,Chemicals,60,15.4,0.806,48.2,26.8,48.0,medium,103.98,5.12,11,113.29,27782,0,0.194,0.625,0.5133,0.4178,0.48,0.2048,0.693,43.05,0,0,True
2026-08-17,SUP_030,Nairobi Agrichem,Africa,Chemicals,60,15.4,0.806,53.6,22.4,47.2,medium,103.17,5.3,12,113.29,27782,0,0.194,0.625,0.5133,0.4424,0.472,0.212,0.6703,43.1037,0,0,True
2026-08-18,SUP_030,Nairobi Agrichem,Africa,Chemicals,60,15.4,0.806,56.0,19.4,48.0,medium,102.55,5.89,13,113.29,27782,0,0.194,0.625,0.5133,0.4502,0.48,0.2356,0.6483,43.2876,0,0,True
2026-08-19,SUP_030,Nairobi Agrichem,Africa,Chemicals,60,15.4,0.806,57.2,22.5,32.8,low,101.89,6.52,14,113.29,27782,0,0.194,0.625,0.5133,0.4679,0.328,0.2608,0.6271,41.4406,0,0,True
2026-08-20,SUP_030,Nairobi Agrichem,Africa,Chemicals,60,15.4,0.806,56.2,19.3,27.2,low,101.12,7.26,15,113.29,27782,0,0.194,0.625,0.5133,0.4513,0.272,0.2904,0.6065,40.384,0,0,True
2026-08-21,SUP_030,Nairobi Agrichem,Africa,Chemicals,60,15.4,0.806,54.4,22.6,46.5,medium,102.23,7.27,16,113.29,27782,0,0.194,0.625,0.5133,0.4486,0.465,0.2908,0.5866,42.7241,0,0,True
2026-08-22,SUP_030,Nairobi Agrichem,Africa,Chemicals,60,15.4,0.806,58.9,32.2,51.0,medium,103.06,7.28,17,113.29,27782,0,0.194,0.625,0.5133,0.5089,0.51,0.2912,0.5674,44.1366,0,0,True
2026-08-23,SUP_030,Nairobi Agrichem,Africa,Chemicals,60,15.4,0.806,56.7,32.3,41.2,medium,102.06,7.29,18,113.29,27782,0,0.194,0.625,0.5133,0.4938,0.412,0.2916,0.5488,42.1999,0,0,True
2026-08-24,SUP_030,Nairobi Agrichem,Africa,Chemicals,60,15.4,0.806,62.3,26.3,29.5,low,100.78,7.62,19,113.29,27782,0,0.194,0.625,0.5133,0.515,0.295,0.3048,0.5308,40.814,0,0,True
2026-08-25,SUP_030,Nairobi Agrichem,Africa,Chemicals,60,15.4,0.806,56.2,29.7,27.4,low,100.62,7.79,20,113.29,27782,0,0.194,0.625,0.5133,0.4825,0.274,0.3116,0.5134,39.7382,0,0,True
2026-08-26,SUP_030,Nairobi Agrichem,Africa,Chemicals,60,15.4,0.806,62.8,29.5,27.6,low,102.92,7.8,21,113.29,27782,0,0.194,0.625,0.5133,0.5281,0.276,0.312,0.4966,40.3225,0,1,True
2026-08-27,SUP_030,Nairobi Agrichem,Africa,Chemicals,60,15.4,0.806,63.9,29.6,49.7,medium,101.82,7.82,22,113.29,27782,0,0.194,0.625,0.5133,0.5361,0.497,0.3128,0.4803,43.3096,0,1,True
2026-08-28,SUP_030,Nairobi Agrichem,Africa,Chemicals,60,15.4,0.806,58.0,32.9,45.5,medium,101.65,7.83,23,113.29,27782,0,0.194,0.625,0.5133,0.5047,0.455,0.3132,0.4646,41.9093,0,1,True
2026-08-29,SUP_030,Nairobi Agrichem,Africa,Chemicals,60,15.4,0.806,59.9,36.8,33.1,low,101.74,7.84,24,113.29,27782,0,0.194,0.625,0.5133,0.5297,0.331,0.3136,0.4493,40.3844,0,1,True
2026-08-30,SUP_030,Nairobi Agrichem,Africa,Chemicals,60,15.4,0.806,56.1,36.7,34.3,low,101.63,7.86,25,113.29,27782,0,0.194,0.625,0.5133,0.5028,0.343,0.3144,0.4346,39.8421,0,1,True
2026-08-31,SUP_030,Nairobi Agrichem,Africa,Chemicals,60,15.4,0.806,56.1,36.2,38.2,low,101.14,7.44,26,113.29,27782,0,0.194,0.625,0.5133,0.5013,0.382,0.2976,0.4204,39.9315,0,1,True
2026-09-01,SUP_030,Nairobi Agrichem,Africa,Chemicals,60,15.4,0.806,53.6,46.9,26.8,low,102.37,7.33,27,113.29,27782,0,0.194,0.625,0.5133,0.5159,0.268,0.2932,0.4066,38.325,0,1,True
2026-09-02,SUP_030,Nairobi Agrichem,Africa,Chemicals,60,15.4,0.806,53.2,51.4,33.8,low,102.86,7.34,28,113.29,27782,0,0.194,0.625,0.5133,0.5266,0.338,0.2936,0.3932,39.2892,1,0,True
2026-09-03,SUP_030,Nairobi Agrichem,Africa,Chemicals,60,15.4,0.806,57.9,53.3,46.5,medium,103.76,7.35,1,113.29,27782,0,0.194,0.625,0.5133,0.5652,0.465,0.294,0.9672,50.9504,0,0,True
2026-09-04,SUP_030,Nairobi Agrichem,Africa,Chemicals,60,15.4,0.806,60.0,51.3,46.2,medium,104.39,6.4,2,113.29,27782,0,0.194,0.625,0.5133,0.5739,0.462,0.256,0.9355,50.1016,0,0,True
2026-09-05,SUP_030,Nairobi Agrichem,Africa,Chemicals,60,15.4,0.806,53.9,43.5,37.3,low,105.35,5.37,3,113.29,27782,0,0.194,0.625,0.5133,0.5078,0.373,0.2148,0.9048,46.6807,0,0,True
2026-09-06,SUP_030,Nairobi Agrichem,Africa,Chemicals,60,15.4,0.806,49.0,48.2,33.1,low,107.04,6.22,4,113.29,27782,0,0.194,0.625,0.5133,0.4876,0.331,0.2488,0.8752,45.6625,0,0,True
2026-09-07,SUP_030,Nairobi Agrichem,Africa,Chemicals,60,15.4,0.806,51.2,47.0,19.4,low,108.47,7.6,5,113.29,27782,0,0.194,0.625,0.5133,0.4994,0.194,0.304,0.8465,44.1602,0,0,True
2026-09-08,SUP_030,Nairobi Agrichem,Africa,Chemicals,60,15.4,0.806,53.4,42.1,23.3,low,110.96,10.0,6,113.29,27782,0,0.194,0.625,0.5133,0.5001,0.233,0.4,0.8187,45.4268,0,0,True
2026-09-09,SUP_030,Nairobi Agrichem,Africa,Chemicals,60,15.4,0.806,50.4,39.8,30.4,low,112.26,11.22,7,113.29,27782,0,0.194,0.625,0.5133,0.4722,0.304,0.4488,0.7919,46.0748,0,0,True
2026-09-10,SUP_030,Nairobi Agrichem,Africa,Chemicals,60,15.4,0.806,58.6,34.0,24.5,low,111.54,11.19,8,113.29,27782,0,0.194,0.625,0.5133,0.5122,0.245,0.4476,0.7659,45.539,0,0,True
2026-09-11,SUP_030,Nairobi Agrichem,Africa,Chemicals,60,15.4,0.806,62.0,39.7,46.3,medium,112.45,11.35,9,113.29,27782,0,0.194,0.625,0.5133,0.5531,0.463,0.454,0.7408,49.0022,0,0,True
2026-09-12,SUP_030,Nairobi Agrichem,Africa,Chemicals,60,15.4,0.806,57.9,42.6,52.1,medium,113.21,12.05,10,113.29,27782,0,0.194,0.625,0.5133,0.5331,0.521,0.482,0.7165,49.4016,0,0,True
2026-09-13,SUP_030,Nairobi Agrichem,Africa,Chemicals,60,15.4,0.806,54.1,42.4,32.5,low,115.26,13.96,11,113.29,27782,0,0.194,0.625,0.5133,0.5059,0.325,0.5584,0.693,46.709,0,0,True
2026-09-14,SUP_030,Nairobi Agrichem,Africa,Chemicals,60,15.4,0.806,53.1,41.1,17.9,low,114.23,13.91,12,113.29,27782,0,0.194,0.625,0.5133,0.495,0.179,0.5564,0.6703,44.0813,0,1,True
2026-09-15,SUP_030,Nairobi Agrichem,Africa,Chemicals,60,15.4,0.806,51.8,36.6,14.3,low,114.82,13.87,13,113.29,27782,0,0.194,0.625,0.5133,0.4724,0.143,0.5548,0.6483,42.7996,0,1,True
2026-09-16,SUP_030,Nairobi Agrichem,Africa,Chemicals,60,15.4,0.806,58.3,25.1,35.3,low,114.09,13.82,14,113.29,27782,0,0.194,0.625,0.5133,0.4834,0.353,0.5528,0.6271,45.5736,0,1,True
2026-09-17,SUP_030,Nairobi Agrichem,Africa,Chemicals,60,15.4,0.806,62.5,19.2,44.7,medium,114.64,13.77,15,113.29,27782,0,0.194,0.625,0.5133,0.4951,0.447,0.5508,0.6065,46.7472,0,1,False
2026-09-18,SUP_030,Nairobi Agrichem,Africa,Chemicals,60,15.4,0.806,61.5,17.6,58.6,medium,114.41,13.71,16,113.29,27782,0,0.194,0.625,0.5133,0.4833,0.586,0.5484,0.5866,48.1339,0,1,False
2026-09-19,SUP_030,Nairobi Agrichem,Africa,Chemicals,60,15.4,0.806,63.7,15.5,54.0,medium,114.93,13.65,17,113.29,27782,0,0.194,0.625,0.5133,0.4924,0.54,0.546,0.5674,47.3172,0,1,False
2026-09-20,SUP_030,Nairobi Agrichem,Africa,Chemicals,60,15.4,0.806,66.3,20.0,48.6,medium,113.42,13.61,18,113.29,27782,0,0.194,0.625,0.5133,0.5241,0.486,0.5444,0.5488,46.8149,0,1,False
2026-09-21,SUP_030,Nairobi Agrichem,Africa,Chemicals,60,15.4,0.806,64.9,26.5,34.9,low,114.27,13.56,19,113.29,27782,0,0.194,0.625,0.5133,0.5338,0.349,0.5424,0.5308,44.7596,1,0,False
2026-09-22,SUP_030,Nairobi Agrichem,Africa,Chemicals,60,15.4,0.806,65.3,27.1,39.4,low,114.49,13.51,1,113.29,27782,0,0.194,0.625,0.5133,0.5384,0.394,0.5404,0.9672,52.4308,0,0,False
2026-09-23,SUP_030,Nairobi Agrichem,Africa,Chemicals,60,15.4,0.806,66.6,35.7,37.7,low,114.65,13.45,2,113.29,27782,0,0.194,0.625,0.5133,0.5733,0.377,0.538,0.9355,52.2848,0,0,False
2026-06-01,SUP_031,Sao Paulo Sensors,Latin America,Electronics,21,2.1,0.732,57.6,28.3,69.1,high,99.47,0.0,999,94.5,27825,0,0.268,0.1375,0.2,0.4881,0.691,0.0,0.0,27.1948,0,0,True
2026-06-02,SUP_031,Sao Paulo Sensors,Latin America,Electronics,21,2.1,0.732,53.1,25.4,62.8,medium,99.48,0.0,999,94.5,27825,0,0.268,0.1375,0.2,0.4479,0.628,0.0,0.0,25.5892,0,0,True
2026-06-03,SUP_031,Sao Paulo Sensors,Latin America,Electronics,21,2.1,0.732,52.8,32.0,41.5,medium,99.96,0.0,999,94.5,27825,0,0.268,0.1375,0.2,0.4656,0.415,0.0,0.0,22.9258,0,0,True
2026-06-04,SUP_031,Sao Paulo Sensors,Latin America,Electronics,21,2.1,0.732,51.3,37.5,44.7,medium,99.36,0.0,999,94.5,27825,0,0.268,0.1375,0.2,0.4716,0.447,0.0,0.0,23.4818,0,0,True
2026-06-05,SUP_031,Sao Paulo Sensors,Latin America,Electronics,21,2.1,0.732,50.6,48.8,55.2,medium,99.94,0.6,999,94.5,27825,0,0.268,0.1375,0.2,0.5006,0.552,0.024,0.0,25.7618,0,0,True
2026-06-06,SUP_031,Sao Paulo Sensors,Latin America,Electronics,21,2.1,0.732,59.5,42.7,53.3,medium,99.9,0.6,999,94.5,27825,0,0.268,0.1375,0.2,0.5446,0.533,0.024,0.0,26.2878,0,0,True
2026-06-07,SUP_031,Sao Paulo Sensors,Latin America,Electronics,21,2.1,0.732,56.9,50.0,42.2,medium,99.41,0.6,999,94.5,27825,0,0.268,0.1375,0.2,0.5483,0.422,0.024,0.0,24.8004,0,1,True
2026-06-08,SUP_031,Sao Paulo Sensors,Latin America,Electronics,21,2.1,0.732,51.7,56.1,32.9,low,99.16,0.8,999,94.5,27825,0,0.268,0.1375,0.2,0.5302,0.329,0.032,0.0,23.2686,0,1,True
2026-06-09,SUP_031,Sao Paulo Sensors,Latin America,Electronics,21,2.1,0.732,58.8,51.7,26.7,low,100.08,0.92,999,94.5,27825,0,0.268,0.1375,0.2,0.5667,0.267,0.0368,0.0,23.1152,0,1,True
2026-06-10,SUP_031,Sao Paulo Sensors,Latin America,Electronics,21,2.1,0.732,54.5,51.7,44.6,medium,99.35,0.92,999,94.5,27825,0,0.268,0.1375,0.2,0.5366,0.446,0.0368,0.0,25.0794,0,1,True
2026-06-11,SUP_031,Sao Paulo Sensors,Latin America,Electronics,21,2.1,0.732,44.7,55.7,43.3,medium,98.97,1.11,999,94.5,27825,0,0.268,0.1375,0.2,0.48,0.433,0.0444,0.0,23.9698,0,1,True
2026-06-12,SUP_031,Sao Paulo Sensors,Latin America,Electronics,21,2.1,0.732,40.5,52.3,27.4,low,99.47,1.12,999,94.5,27825,0,0.268,0.1375,0.2,0.4404,0.274,0.0448,0.0,21.0358,0,1,True
2026-06-13,SUP_031,Sao Paulo Sensors,Latin America,Electronics,21,2.1,0.732,34.5,49.0,34.6,low,99.58,1.12,999,94.5,27825,0,0.268,0.1375,0.2,0.3885,0.346,0.0448,0.0,21.1096,0,1,True
2026-06-14,SUP_031,Sao Paulo Sensors,Latin America,Electronics,21,2.1,0.732,26.8,43.6,37.8,low,99.17,1.12,999,94.5,27825,0,0.268,0.1375,0.2,0.3184,0.378,0.0448,0.0,20.2958,1,1,True
2026-06-15,SUP_031,Sao Paulo Sensors,Latin America,Electronics,21,2.1,0.732,27.1,29.9,34.7,low,99.67,1.12,1,94.5,27825,0,0.268,0.1375,0.2,0.2794,0.347,0.0448,0.9672,34.6353,1,0,True
2026-06-16,SUP_031,Sao Paulo Sensors,Latin America,Electronics,21,2.1,0.732,28.7,31.0,27.1,low,100.2,1.24,1,94.5,27825,0,0.268,0.1375,0.2,0.2939,0.271,0.0496,0.9672,33.8899,0,0,True
2026-06-17,SUP_031,Sao Paulo Sensors,Latin America,Electronics,21,2.1,0.732,36.0,27.9,20.9,low,100.38,1.42,2,94.5,27825,0,0.268,0.1375,0.2,0.3357,0.209,0.0568,0.9355,33.3533,0,0,True
2026-06-18,SUP_031,Sao Paulo Sensors,Latin America,Electronics,21,2.1,0.732,39.6,23.3,36.3,low,100.06,1.42,3,94.5,27825,0,0.268,0.1375,0.2,0.3471,0.363,0.0568,0.9048,35.2238,0,0,True
2026-06-19,SUP_031,Sao Paulo Sensors,Latin America,Electronics,21,2.1,0.732,42.4,27.3,40.0,low,99.82,1.41,4,94.5,27825,0,0.268,0.1375,0.2,0.3787,0.4,0.0564,0.8752,35.8312,0,0,True
2026-06-20,SUP_031,Sao Paulo Sensors,Latin America,Electronics,21,2.1,0.732,37.8,20.8,44.9,medium,99.96,1.41,5,94.5,27825,0,0.268,0.1375,0.2,0.327,0.449,0.0564,0.8465,35.1275,0,0,True
2026-06-21,SUP_031,Sao Paulo Sensors,Latin America,Electronics,21,2.1,0.732,42.3,27.2,46.5,medium,99.28,1.41,6,94.5,27825,0,0.268,0.1375,0.2,0.3777,0.465,0.0564,0.8187,35.8201,0,0,True
2026-06-22,SUP_031,Sao Paulo Sensors,Latin America,Electronics,21,2.1,0.732,48.6,30.9,48.4,medium,99.97,1.41,7,94.5,27825,0,0.268,0.1375,0.2,0.4329,0.484,0.0564,0.7919,36.6502,0,0,True
2026-06-23,SUP_031,Sao Paulo Sensors,Latin America,Electronics,21,2.1,0.732,49.2,29.4,42.4,medium,100.86,1.9,8,94.5,27825,0,0.268,0.1375,0.2,0.4326,0.424,0.076,0.7659,35.6247,0,0,True
2026-06-24,SUP_031,Sao Paulo Sensors,Latin America,Electronics,21,2.1,0.732,49.8,29.9,40.4,medium,100.74,1.89,9,94.5,27825,0,0.268,0.1375,0.2,0.4383,0.404,0.0756,0.7408,35.0407,0,0,True
2026-06-25,SUP_031,Sao Paulo Sensors,Latin America,Electronics,21,2.1,0.732,42.3,24.4,51.6,medium,100.93,1.96,10,94.5,27825,0,0.268,0.1375,0.2,0.3693,0.516,0.0784,0.7165,35.0117,0,0,True
2026-06-26,SUP_031,Sao Paulo Sensors,Latin America,Electronics,21,2.1,0.732,47.0,29.9,62.3,medium,101.55,2.58,11,94.5,27825,0,0.268,0.1375,0.2,0.4187,0.623,0.1032,0.693,37.3206,0,0,True
2026-06-27,SUP_031,Sao Paulo Sensors,Latin America,Electronics,21,2.1,0.732,54.4,31.7,45.9,medium,102.57,3.6,12,94.5,27825,0,0.268,0.1375,0.2,0.4759,0.459,0.144,0.6703,36.1803,0,0,True
2026-06-28,SUP_031,Sao Paulo Sensors,Latin America,Electronics,21,2.1,0.732,53.7,33.6,43.0,medium,103.39,4.42,13,94.5,27825,0,0.268,0.1375,0.2,0.4767,0.43,0.1768,0.6483,35.8307,0,0,True
2026-06-29,SUP_031,Sao Paulo Sensors,Latin America,Electronics,21,2.1,0.732,48.9,36.4,50.5,medium,102.48,4.41,14,94.5,27825,0,0.268,0.1375,0.2,0.4515,0.505,0.1764,0.6271,36.0822,0,0,True
2026-06-30,SUP_031,Sao Paulo Sensors,Latin America,Electronics,21,2.1,0.732,46.8,32.8,65.8,high,102.31,4.41,15,94.5,27825,0,0.268,0.1375,0.2,0.426,0.658,0.1764,0.6065,37.4363,0,0,True
2026-07-01,SUP_031,Sao Paulo Sensors,Latin America,Electronics,21,2.1,0.732,43.8,25.1,76.4,high,102.57,4.4,16,94.5,27825,0,0.268,0.1375,0.2,0.3819,0.764,0.176,0.5866,37.8035,0,0,True
2026-07-02,SUP_031,Sao Paulo Sensors,Latin America,Electronics,21,2.1,0.732,41.5,31.7,60.4,medium,102.32,4.4,17,94.5,27825,0,0.268,0.1375,0.2,0.3856,0.604,0.176,0.5674,35.3224,0,0,True
2026-07-03,SUP_031,Sao Paulo Sensors,Latin America,Electronics,21,2.1,0.732,44.3,35.8,67.6,high,103.25,4.4,18,94.5,27825,0,0.268,0.1375,0.2,0.4175,0.676,0.176,0.5488,36.607,0,0,True
2026-07-04,SUP_031,Sao Paulo Sensors,Latin America,Electronics,21,2.1,0.732,45.0,32.9,61.8,medium,104.1,5.09,19,94.5,27825,0,0.268,0.1375,0.2,0.4137,0.618,0.2036,0.5308,35.7699,0,0,True
2026-07-05,SUP_031,Sao Paulo Sensors,Latin America,Electronics,21,2.1,0.732,49.0,35.3,66.5,high,103.67,5.09,20,94.5,27825,0,0.268,0.1375,0.2,0.4489,0.665,0.2036,0.5134,36.7831,0,0,True
2026-07-06,SUP_031,Sao Paulo Sensors,Latin America,Electronics,21,2.1,0.732,49.4,41.9,67.7,high,103.59,5.08,21,94.5,27825,0,0.268,0.1375,0.2,0.4715,0.677,0.2032,0.4966,37.0838,0,0,True
2026-07-07,SUP_031,Sao Paulo Sensors,Latin America,Electronics,21,2.1,0.732,43.9,46.9,49.5,medium,103.2,5.07,22,94.5,27825,0,0.268,0.1375,0.2,0.448,0.495,0.2028,0.4803,33.8475,0,0,True
2026-07-08,SUP_031,Sao Paulo Sensors,Latin America,Electronics,21,2.1,0.732,41.0,42.1,52.8,medium,103.1,5.07,23,94.5,27825,0,0.268,0.1375,0.2,0.4133,0.528,0.2028,0.4646,33.4329,0,0,True
2026-07-09,SUP_031,Sao Paulo Sensors,Latin America,Electronics,21,2.1,0.732,38.1,33.2,86.0,high,102.98,5.06,24,94.5,27825,0,0.268,0.1375,0.2,0.3663,0.86,0.2024,0.4493,36.9865,0,0,True
2026-07-10,SUP_031,Sao Paulo Sensors,Latin America,Electronics,21,2.1,0.732,37.5,26.5,81.4,high,103.48,5.06,25,94.5,27825,0,0.268,0.1375,0.2,0.342,0.814,0.2024,0.4346,35.6694,0,0,True
2026-07-11,SUP_031,Sao Paulo Sensors,Latin America,Electronics,21,2.1,0.732,46.4,26.2,75.9,high,103.01,4.85,26,94.5,27825,0,0.268,0.1375,0.2,0.4034,0.759,0.194,0.4204,35.6758,0,0,True
2026-07-12,SUP_031,Sao Paulo Sensors,Latin America,Electronics,21,2.1,0.732,54.7,35.2,59.6,medium,101.64,4.85,27,94.5,27825,0,0.268,0.1375,0.2,0.4885,0.596,0.194,0.4066,34.7051,0,0,True
2026-07-13,SUP_031,Sao Paulo Sensors,Latin America,Electronics,21,2.1,0.732,56.5,31.3,68.1,high,100.8,4.85,28,94.5,27825,0,0.268,0.1375,0.2,0.4894,0.681,0.194,0.3932,35.6981,0,0,True
2026-07-14,SUP_031,Sao Paulo Sensors,Latin America,Electronics,21,2.1,0.732,54.6,28.7,70.2,high,100.26,4.74,29,94.5,27825,0,0.268,0.1375,0.2,0.4683,0.702,0.1896,0.3803,35.3532,0,0,True
2026-07-15,SUP_031,Sao Paulo Sensors,Latin America,Electronics,21,2.1,0.732,45.9,26.4,61.3,medium,99.92,4.74,30,94.5,27825,0,0.268,0.1375,0.2,0.4005,0.613,0.1896,0.3679,32.6873,0,0,True
2026-07-16,SUP_031,Sao Paulo Sensors,Latin America,Electronics,21,2.1,0.732,46.1,24.9,33.5,low,100.02,4.74,31,94.5,27825,0,0.268,0.1375,0.2,0.3974,0.335,0.1896,0.3558,28.5465,0,0,True
2026-07-17,SUP_031,Sao Paulo Sensors,Latin America,Electronics,21,2.1,0.732,41.4,26.4,37.0,low,99.45,4.74,32,94.5,27825,0,0.268,0.1375,0.2,0.369,0.37,0.1896,0.3442,28.3387,0,0,True
2026-07-18,SUP_031,Sao Paulo Sensors,Latin America,Electronics,21,2.1,0.732,48.9,20.9,33.1,low,98.82,5.19,33,94.5,27825,0,0.268,0.1375,0.2,0.405,0.331,0.2076,0.3329,28.4761,0,0,True
2026-07-19,SUP_031,Sao Paulo Sensors,Latin America,Electronics,21,2.1,0.732,40.0,28.7,35.4,low,98.33,5.68,34,94.5,27825,0,0.268,0.1375,0.2,0.3661,0.354,0.2272,0.322,28.1585,0,0,True
2026-07-20,SUP_031,Sao Paulo Sensors,Latin America,Electronics,21,2.1,0.732,41.8,28.9,20.8,low,97.75,6.25,35,94.5,27825,0,0.268,0.1375,0.2,0.3793,0.208,0.25,0.3114,26.4569,0,0,True
2026-07-21,SUP_031,Sao Paulo Sensors,Latin America,Electronics,21,2.1,0.732,37.4,42.9,38.6,low,97.46,6.54,36,94.5,27825,0,0.268,0.1375,0.2,0.3905,0.386,0.2616,0.3012,29.1263,0,0,True
2026-07-22,SUP_031,Sao Paulo Sensors,Latin America,Electronics,21,2.1,0.732,37.7,35.5,39.6,low,97.14,6.86,37,94.5,27825,0,0.268,0.1375,0.2,0.3704,0.396,0.2744,0.2913,28.9001,0,0,True
2026-07-23,SUP_031,Sao Paulo Sensors,Latin America,Electronics,21,2.1,0.732,41.2,43.8,30.0,low,97.51,6.87,38,94.5,27825,0,0.268,0.1375,0.2,0.4198,0.3,0.2748,0.2818,28.2973,0,0,True
2026-07-24,SUP_031,Sao Paulo Sensors,Latin America,Electronics,21,2.1,0.732,45.9,49.8,10.2,low,96.99,7.03,39,94.5,27825,0,0.268,0.1375,0.2,0.4707,0.102,0.2812,0.2725,26.3705,0,0,True
2026-07-25,SUP_031,Sao Paulo Sensors,Latin America,Electronics,21,2.1,0.732,44.7,45.4,27.7,low,96.8,7.23,40,94.5,27825,0,0.268,0.1375,0.2,0.4491,0.277,0.2892,0.2636,28.3848,0,0,True
2026-07-26,SUP_031,Sao Paulo Sensors,Latin America,Electronics,21,2.1,0.732,47.6,41.8,36.4,low,96.51,7.53,41,94.5,27825,0,0.268,0.1375,0.2,0.4586,0.364,0.3012,0.255,29.7795,0,0,True
2026-07-27,SUP_031,Sao Paulo Sensors,Latin America,Electronics,21,2.1,0.732,43.3,35.9,39.8,low,96.94,7.54,42,94.5,27825,0,0.268,0.1375,0.2,0.4108,0.398,0.3016,0.2466,29.2662,0,0,True
2026-07-28,SUP_031,Sao Paulo Sensors,Latin America,Electronics,21,2.1,0.732,44.0,31.0,48.3,medium,96.86,7.56,43,94.5,27825,0,0.268,0.1375,0.2,0.401,0.483,0.3024,0.2385,30.16,0,0,True
2026-07-29,SUP_031,Sao Paulo Sensors,Latin America,Electronics,21,2.1,0.732,48.2,31.6,54.7,medium,97.41,7.57,44,94.5,27825,0,0.268,0.1375,0.2,0.4322,0.547,0.3028,0.2307,31.4973,0,0,True
2026-07-30,SUP_031,Sao Paulo Sensors,Latin America,Electronics,21,2.1,0.732,48.5,32.2,53.3,medium,96.8,7.58,45,94.5,27825,0,0.268,0.1375,0.2,0.4361,0.533,0.3032,0.2231,31.2553,0,0,True
2026-07-31,SUP_031,Sao Paulo Sensors,Latin America,Electronics,21,2.1,0.732,44.7,24.2,48.2,medium,96.78,7.6,46,94.5,27825,0,0.268,0.1375,0.2,0.3855,0.482,0.304,0.2158,29.523,0,0,True
2026-08-01,SUP_031,Sao Paulo Sensors,Latin America,Electronics,21,2.1,0.732,42.7,37.9,42.8,medium,96.48,7.64,47,94.5,27825,0,0.268,0.1375,0.2,0.4126,0.428,0.3056,0.2087,29.1608,0,0,True
2026-08-02,SUP_031,Sao Paulo Sensors,Latin America,Electronics,21,2.1,0.732,47.1,36.1,46.5,medium,95.83,8.32,48,94.5,27825,0,0.268,0.1375,0.2,0.438,0.465,0.3328,0.2019,30.3529,0,0,True
2026-08-03,SUP_031,Sao Paulo Sensors,Latin America,Electronics,21,2.1,0.732,40.9,36.3,58.3,medium,95.8,7.94,49,94.5,27825,0,0.268,0.1375,0.2,0.3952,0.583,0.3176,0.1953,30.9462,0,0,True
2026-08-04,SUP_031,Sao Paulo Sensors,Latin America,Electronics,21,2.1,0.732,36.3,32.8,53.3,medium,96.71,7.87,50,94.5,27825,0,0.268,0.1375,0.2,0.3525,0.533,0.3148,0.1889,29.3416,0,0,True
2026-08-05,SUP_031,Sao Paulo Sensors,Latin America,Electronics,21,2.1,0.732,39.7,31.7,64.1,medium,96.26,7.78,51,94.5,27825,0,0.268,0.1375,0.2,0.373,0.641,0.3112,0.1827,31.0803,0,0,True
2026-08-06,SUP_031,Sao Paulo Sensors,Latin America,Electronics,21,2.1,0.732,37.6,30.3,62.0,medium,96.19,7.8,52,94.5,27825,0,0.268,0.1375,0.2,0.3541,0.62,0.312,0.1767,30.3599,0,0,True
2026-08-07,SUP_031,Sao Paulo Sensors,Latin America,Electronics,21,2.1,0.732,31.1,31.0,60.6,medium,95.51,8.11,53,94.5,27825,0,0.268,0.1375,0.2,0.3107,0.606,0.3244,0.1709,29.4388,0,0,True
2026-08-08,SUP_031,Sao Paulo Sensors,Latin America,Electronics,21,2.1,0.732,38.8,31.5,78.2,high,94.74,8.92,54,94.5,27825,0,0.268,0.1375,0.2,0.3661,0.782,0.3568,0.1653,33.1992,0,0,True
2026-08-09,SUP_031,Sao Paulo Sensors,Latin America,Electronics,21,2.1,0.732,33.8,36.3,84.4,high,94.33,8.89,55,94.5,27825,0,0.268,0.1375,0.2,0.3455,0.844,0.3556,0.1599,33.5953,0,0,True
2026-08-10,SUP_031,Sao Paulo Sensors,Latin America,Electronics,21,2.1,0.732,33.8,37.3,89.4,high,94.09,7.76,56,94.5,27825,0,0.268,0.1375,0.2,0.3485,0.894,0.3104,0.1546,33.723,0,0,True
2026-08-11,SUP_031,Sao Paulo Sensors,Latin America,Electronics,21,2.1,0.732,31.8,40.7,70.1,high,93.88,7.13,57,94.5,27825,0,0.268,0.1375,0.2,0.3447,0.701,0.2852,0.1496,30.5691,0,0,True
2026-08-12,SUP_031,Sao Paulo Sensors,Latin America,Electronics,21,2.1,0.732,31.6,39.8,83.4,high,93.76,6.71,58,94.5,27825,0,0.268,0.1375,0.2,0.3406,0.834,0.2684,0.1447,32.0772,0,0,True
2026-08-13,SUP_031,Sao Paulo Sensors,Latin America,Electronics,21,2.1,0.732,28.7,40.3,72.3,high,92.9,7.37,59,94.5,27825,0,0.268,0.1375,0.2,0.3218,0.723,0.2948,0.1399,30.4258,0,0,True
2026-08-14,SUP_031,Sao Paulo Sensors,Latin America,Electronics,21,2.1,0.732,33.8,38.2,62.6,medium,92.57,7.73,60,94.5,27825,0,0.268,0.1375,0.2,0.3512,0.626,0.3092,0.1353,29.6964,0,0,True
2026-08-15,SUP_031,Sao Paulo Sensors,Latin America,Electronics,21,2.1,0.732,35.2,43.0,37.5,low,92.84,7.16,61,94.5,27825,0,0.268,0.1375,0.2,0.3754,0.375,0.2864,0.1309,26.2734,0,0,True
2026-08-16,SUP_031,Sao Paulo Sensors,Latin America,Electronics,21,2.1,0.732,40.6,43.5,41.6,medium,92.12,6.99,62,94.5,27825,0,0.268,0.1375,0.2,0.4147,0.416,0.2796,0.1266,27.4045,0,0,True
2026-08-17,SUP_031,Sao Paulo Sensors,Latin America,Electronics,21,2.1,0.732,37.6,41.4,31.7,low,91.94,6.68,63,94.5,27825,0,0.268,0.1375,0.2,0.3874,0.317,0.2672,0.1225,25.3119,0,0,True
2026-08-18,SUP_031,Sao Paulo Sensors,Latin America,Electronics,21,2.1,0.732,48.1,39.4,38.0,low,92.09,6.09,64,94.5,27825,0,0.268,0.1375,0.2,0.4549,0.38,0.2436,0.1184,27.0615,0,0,True
2026-08-19,SUP_031,Sao Paulo Sensors,Latin America,Electronics,21,2.1,0.732,37.8,38.2,28.3,low,91.68,6.12,65,94.5,27825,0,0.268,0.1375,0.2,0.3792,0.283,0.2448,0.1146,24.2931,0,0,True
2026-08-20,SUP_031,Sao Paulo Sensors,Latin America,Electronics,21,2.1,0.732,30.7,37.9,48.4,medium,91.86,6.13,66,94.5,27825,0,0.268,0.1375,0.2,0.3286,0.484,0.2452,0.1108,26.1411,0,0,True
2026-08-21,SUP_031,Sao Paulo Sensors,Latin America,Electronics,21,2.1,0.732,40.4,37.2,51.9,medium,91.06,6.8,67,94.5,27825,0,0.268,0.1375,0.2,0.3944,0.519,0.272,0.1072,28.0789,0,0,True
2026-08-22,SUP_031,Sao Paulo Sensors,Latin America,Electronics,21,2.1,0.732,42.6,33.9,70.5,high,91.53,6.71,68,94.5,27825,0,0.268,0.1375,0.2,0.3999,0.705,0.2684,0.1037,30.6825,0,0,True
2026-08-23,SUP_031,Sao Paulo Sensors,Latin America,Electronics,21,2.1,0.732,43.8,38.1,53.9,medium,91.72,6.72,69,94.5,27825,0,0.268,0.1375,0.2,0.4209,0.539,0.2688,0.1003,28.6869,0,0,True
2026-08-24,SUP_031,Sao Paulo Sensors,Latin America,Electronics,21,2.1,0.732,45.3,42.0,65.3,high,91.75,6.73,70,94.5,27825,0,0.268,0.1375,0.2,0.4431,0.653,0.2692,0.097,30.6348,0,0,True
2026-08-25,SUP_031,Sao Paulo Sensors,Latin America,Electronics,21,2.1,0.732,47.2,50.3,42.8,medium,92.34,6.74,71,94.5,27825,0,0.268,0.1375,0.2,0.4813,0.428,0.2696,0.0938,28.1263,0,0,True
2026-08-26,SUP_031,Sao Paulo Sensors,Latin America,Electronics,21,2.1,0.732,47.5,44.9,44.5,medium,92.17,6.76,72,94.5,27825,0,0.268,0.1375,0.2,0.4672,0.445,0.2704,0.0907,28.0709,0,0,True
2026-08-27,SUP_031,Sao Paulo Sensors,Latin America,Electronics,21,2.1,0.732,41.8,46.9,38.0,low,91.84,6.77,73,94.5,27825,0,0.268,0.1375,0.2,0.4333,0.38,0.2708,0.0877,26.5079,0,0,True
2026-08-28,SUP_031,Sao Paulo Sensors,Latin America,Electronics,21,2.1,0.732,45.4,35.0,34.9,low,92.56,6.13,74,94.5,27825,0,0.268,0.1375,0.2,0.4228,0.349,0.2452,0.0849,25.5317,0,0,True
2026-08-29,SUP_031,Sao Paulo Sensors,Latin America,Electronics,21,2.1,0.732,47.7,39.4,31.9,low,93.53,6.11,75,94.5,27825,0,0.268,0.1375,0.2,0.4521,0.319,0.2444,0.0821,25.585,0,0,True
2026-08-30,SUP_031,Sao Paulo Sensors,Latin America,Electronics,21,2.1,0.732,53.4,31.1,25.9,low,93.16,6.05,76,94.5,27825,0,0.268,0.1375,0.2,0.4671,0.259,0.242,0.0794,24.9431,0,0,True
2026-08-31,SUP_031,Sao Paulo Sensors,Latin America,Electronics,21,2.1,0.732,59.7,26.5,18.3,low,93.1,6.05,77,94.5,27825,0,0.268,0.1375,0.2,0.4974,0.183,0.242,0.0768,24.3829,0,0,True
2026-09-01,SUP_031,Sao Paulo Sensors,Latin America,Electronics,21,2.1,0.732,58.3,29.5,20.1,low,93.65,6.06,78,94.5,27825,0,0.268,0.1375,0.2,0.4966,0.201,0.2424,0.0743,24.585,0,0,True
2026-09-02,SUP_031,Sao Paulo Sensors,Latin America,Electronics,21,2.1,0.732,49.8,27.1,26.7,low,93.61,6.06,79,94.5,27825,0,0.268,0.1375,0.2,0.4299,0.267,0.2424,0.0718,24.2694,0,0,True
2026-09-03,SUP_031,Sao Paulo Sensors,Latin America,Electronics,21,2.1,0.732,56.7,24.3,41.3,medium,93.92,5.59,80,94.5,27825,0,0.268,0.1375,0.2,0.4698,0.413,0.2236,0.0695,26.7683,0,0,True
2026-09-04,SUP_031,Sao Paulo Sensors,Latin America,Electronics,21,2.1,0.732,49.4,23.3,44.2,medium,94.33,5.51,81,94.5,27825,0,0.268,0.1375,0.2,0.4157,0.442,0.2204,0.0672,26.1257,0,0,True
2026-09-05,SUP_031,Sao Paulo Sensors,Latin America,Electronics,21,2.1,0.732,49.6,28.9,54.4,medium,94.04,4.79,82,94.5,27825,0,0.268,0.1375,0.2,0.4339,0.544,0.1916,0.065,27.5004,0,0,True
2026-09-06,SUP_031,Sao Paulo Sensors,Latin America,Electronics,21,2.1,0.732,46.9,24.9,37.6,low,94.25,3.96,83,94.5,27825,0,0.268,0.1375,0.2,0.403,0.376,0.1584,0.0629,24.1597,0,0,True
2026-09-07,SUP_031,Sao Paulo Sensors,Latin America,Electronics,21,2.1,0.732,43.8,26.1,34.7,low,94.25,3.52,84,94.5,27825,0,0.268,0.1375,0.2,0.3849,0.347,0.1408,0.0608,23.1838,0,0,True
2026-09-08,SUP_031,Sao Paulo Sensors,Latin America,Electronics,21,2.1,0.732,46.9,25.5,43.1,medium,93.61,3.52,85,94.5,27825,0,0.268,0.1375,0.2,0.4048,0.431,0.1408,0.0588,24.6861,0,0,True
2026-09-09,SUP_031,Sao Paulo Sensors,Latin America,Electronics,21,2.1,0.732,47.0,31.2,46.0,medium,93.1,3.52,86,94.5,27825,0,0.268,0.1375,0.2,0.4226,0.46,0.1408,0.0569,25.3816,0,0,True
2026-09-10,SUP_031,Sao Paulo Sensors,Latin America,Electronics,21,2.1,0.732,48.4,36.3,37.0,low,92.75,3.52,87,94.5,27825,0,0.268,0.1375,0.2,0.4477,0.37,0.1408,0.055,24.5436,0,0,True
2026-09-11,SUP_031,Sao Paulo Sensors,Latin America,Electronics,21,2.1,0.732,43.3,26.4,46.9,medium,93.24,3.52,88,94.5,27825,0,0.268,0.1375,0.2,0.3823,0.469,0.1408,0.0532,24.7235,0,0,True
2026-09-12,SUP_031,Sao Paulo Sensors,Latin America,Electronics,21,2.1,0.732,41.9,33.2,40.8,medium,93.74,3.52,89,94.5,27825,0,0.268,0.1375,0.2,0.3929,0.408,0.1408,0.0515,24.0324,0,0,True
2026-09-13,SUP_031,Sao Paulo Sensors,Latin America,Electronics,21,2.1,0.732,38.0,30.2,33.9,low,94.14,3.52,90,94.5,27825,0,0.268,0.1375,0.2,0.3566,0.339,0.1408,0.0498,22.386,0,0,True
2026-09-14,SUP_031,Sao Paulo Sensors,Latin America,Electronics,21,2.1,0.732,37.4,32.2,40.4,medium,94.37,3.56,91,94.5,27825,0,0.268,0.1375,0.2,0.3584,0.404,0.1424,0.0482,23.3215,0,0,True
2026-09-15,SUP_031,Sao Paulo Sensors,Latin America,Electronics,21,2.1,0.732,37.2,27.7,40.9,medium,94.58,3.79,92,94.5,27825,0,0.268,0.1375,0.2,0.3435,0.409,0.1516,0.0466,23.2084,0,0,True
2026-09-16,SUP_031,Sao Paulo Sensors,Latin America,Electronics,21,2.1,0.732,46.4,30.7,36.3,low,94.73,3.94,93,94.5,27825,0,0.268,0.1375,0.2,0.4169,0.363,0.1576,0.045,23.9332,0,0,True
2026-09-17,SUP_031,Sao Paulo Sensors,Latin America,Electronics,21,2.1,0.732,44.2,44.8,32.6,low,94.94,4.16,94,94.5,27825,0,0.268,0.1375,0.2,0.4438,0.326,0.1664,0.0436,23.9814,0,0,False
2026-09-18,SUP_031,Sao Paulo Sensors,Latin America,Electronics,21,2.1,0.732,33.5,44.0,25.0,low,95.19,4.43,95,94.5,27825,0,0.268,0.1375,0.2,0.3665,0.25,0.1772,0.0421,21.6327,0,0,False
2026-09-19,SUP_031,Sao Paulo Sensors,Latin America,Electronics,21,2.1,0.732,41.1,40.2,25.6,low,94.46,4.42,96,94.5,27825,0,0.268,0.1375,0.2,0.4083,0.256,0.1768,0.0408,22.4422,0,0,False
2026-09-20,SUP_031,Sao Paulo Sensors,Latin America,Electronics,21,2.1,0.732,43.0,38.2,39.9,low,94.04,3.91,97,94.5,27825,0,0.268,0.1375,0.2,0.4156,0.399,0.1564,0.0394,24.3094,0,0,False
2026-09-21,SUP_031,Sao Paulo Sensors,Latin America,Electronics,21,2.1,0.732,42.0,30.0,42.7,medium,93.5,3.71,98,94.5,27825,0,0.268,0.1375,0.2,0.384,0.427,0.1484,0.0381,24.0159,0,0,False
2026-09-22,SUP_031,Sao Paulo Sensors,Latin America,Electronics,21,2.1,0.732,39.6,38.4,51.4,medium,94.08,3.67,99,94.5,27825,0,0.268,0.1375,0.2,0.3924,0.514,0.1468,0.0369,25.3459,0,0,False
2026-09-23,SUP_031,Sao Paulo Sensors,Latin America,Electronics,21,2.1,0.732,35.2,39.5,53.8,medium,94.95,3.57,100,94.5,27825,0,0.268,0.1375,0.2,0.3649,0.538,0.1428,0.0357,25.1196,0,0,False
2026-06-01,SUP_032,Ontario Fasteners,North America,Machinery,74,26.2,0.875,0.0,40.6,40.8,medium,99.86,0.0,999,469.01,82714,0,0.125,0.8,0.7081,0.1218,0.408,0.0,0.0,25.4855,0,0,True
2026-06-02,SUP_032,Ontario Fasteners,North America,Machinery,74,26.2,0.875,2.8,44.5,35.2,low,101.08,0.0,999,469.01,82714,0,0.125,0.8,0.7081,0.1531,0.352,0.0,0.0,25.2649,0,0,True
2026-06-03,SUP_032,Ontario Fasteners,North America,Machinery,74,26.2,0.875,4.6,50.7,41.2,medium,100.27,0.0,999,469.01,82714,0,0.125,0.8,0.7081,0.1843,0.412,0.0,0.0,26.6665,0,0,True
2026-06-04,SUP_032,Ontario Fasteners,North America,Machinery,74,26.2,0.875,10.5,44.5,49.5,medium,100.93,0.0,999,469.01,82714,0,0.125,0.8,0.7081,0.207,0.495,0.0,0.0,28.2371,0,0,True
2026-06-05,SUP_032,Ontario Fasteners,North America,Machinery,74,26.2,0.875,13.1,44.2,56.1,medium,100.23,1.21,999,469.01,82714,0,0.125,0.8,0.7081,0.2243,0.561,0.0484,0.0,30.0533,0,0,True
2026-06-06,SUP_032,Ontario Fasteners,North America,Machinery,74,26.2,0.875,19.8,44.2,40.5,medium,100.83,1.21,999,469.01,82714,0,0.125,0.8,0.7081,0.2712,0.405,0.0484,0.0,28.7135,0,0,True
2026-06-07,SUP_032,Ontario Fasteners,North America,Machinery,74,26.2,0.875,19.6,43.2,51.9,medium,100.43,1.21,999,469.01,82714,0,0.125,0.8,0.7081,0.2668,0.519,0.0484,0.0,30.2303,0,0,True
2026-06-08,SUP_032,Ontario Fasteners,North America,Machinery,74,26.2,0.875,12.0,42.6,61.3,medium,100.17,1.21,999,469.01,82714,0,0.125,0.8,0.7081,0.2118,0.613,0.0484,0.0,30.5563,0,0,True
2026-06-09,SUP_032,Ontario Fasteners,North America,Machinery,74,26.2,0.875,11.5,41.7,69.1,high,101.03,1.21,999,469.01,82714,0,0.125,0.8,0.7081,0.2056,0.691,0.0484,0.0,31.5367,0,0,True
2026-06-10,SUP_032,Ontario Fasteners,North America,Machinery,74,26.2,0.875,14.0,41.8,59.1,medium,101.81,1.94,999,469.01,82714,0,0.125,0.8,0.7081,0.2234,0.591,0.0776,0.0,30.8075,0,0,True
2026-06-11,SUP_032,Ontario Fasteners,North America,Machinery,74,26.2,0.875,12.7,44.7,46.1,medium,101.64,1.94,999,469.01,82714,0,0.125,0.8,0.7081,0.223,0.461,0.0776,0.0,28.9803,0,0,True
2026-06-12,SUP_032,Ontario Fasteners,North America,Machinery,74,26.2,0.875,15.7,49.6,34.2,low,101.15,1.93,999,469.01,82714,0,0.125,0.8,0.7081,0.2587,0.342,0.0772,0.0,27.9521,0,0,True
2026-06-13,SUP_032,Ontario Fasteners,North America,Machinery,74,26.2,0.875,14.8,43.5,24.2,low,102.81,2.92,999,469.01,82714,0,0.125,0.8,0.7081,0.2341,0.242,0.1168,0.0,26.5845,0,0,True
2026-06-14,SUP_032,Ontario Fasteners,North America,Machinery,74,26.2,0.875,11.6,41.3,27.0,low,103.43,3.53,999,469.01,82714,0,0.125,0.8,0.7081,0.2051,0.27,0.1412,0.0,26.7473,0,0,True
2026-06-15,SUP_032,Ontario Fasteners,North America,Machinery,74,26.2,0.875,6.5,38.1,36.9,low,103.02,3.53,999,469.01,82714,0,0.125,0.8,0.7081,0.1598,0.369,0.1412,0.0,27.3179,0,0,True
2026-06-16,SUP_032,Ontario Fasteners,North America,Machinery,74,26.2,0.875,5.5,34.7,48.5,medium,102.34,3.52,999,469.01,82714,0,0.125,0.8,0.7081,0.1426,0.485,0.1408,0.0,28.6275,0,0,True
2026-06-17,SUP_032,Ontario Fasteners,North America,Machinery,74,26.2,0.875,7.4,26.2,40.6,medium,103.41,3.52,999,469.01,82714,0,0.125,0.8,0.7081,0.1304,0.406,0.1408,0.0,27.3019,0,0,True
2026-06-18,SUP_032,Ontario Fasteners,North America,Machinery,74,26.2,0.875,0.0,27.7,38.9,low,103.53,3.61,999,469.01,82714,0,0.125,0.8,0.7081,0.0831,0.389,0.1444,0.0,26.2557,0,0,True
2026-06-19,SUP_032,Ontario Fasteners,North America,Machinery,74,26.2,0.875,0.0,31.3,36.9,low,103.36,3.61,999,469.01,82714,0,0.125,0.8,0.7081,0.0939,0.369,0.1444,0.0,26.1701,0,0,True
2026-06-20,SUP_032,Ontario Fasteners,North America,Machinery,74,26.2,0.875,0.0,31.0,30.6,low,103.48,3.61,999,469.01,82714,0,0.125,0.8,0.7081,0.093,0.306,0.1444,0.0,25.2719,0,0,True
2026-06-21,SUP_032,Ontario Fasteners,North America,Machinery,74,26.2,0.875,0.0,31.6,38.5,low,103.83,3.9,999,469.01,82714,0,0.125,0.8,0.7081,0.0948,0.385,0.156,0.0,26.5495,0,0,True
2026-06-22,SUP_032,Ontario Fasteners,North America,Machinery,74,26.2,0.875,0.0,34.3,41.0,medium,103.77,3.89,999,469.01,82714,0,0.125,0.8,0.7081,0.1029,0.41,0.1556,0.0,27.0405,0,0,True
2026-06-23,SUP_032,Ontario Fasteners,North America,Machinery,74,26.2,0.875,0.0,41.8,40.8,medium,105.03,5.07,999,469.01,82714,0,0.125,0.8,0.7081,0.1254,0.408,0.2028,0.0,27.9839,0,0,True
2026-06-24,SUP_032,Ontario Fasteners,North America,Machinery,74,26.2,0.875,1.3,38.6,42.7,medium,106.34,6.34,999,469.01,82714,0,0.125,0.8,0.7081,0.1249,0.427,0.2536,0.0,28.8505,0,0,True
2026-06-25,SUP_032,Ontario Fasteners,North America,Machinery,74,26.2,0.875,16.4,31.9,46.4,medium,106.9,6.87,999,469.01,82714,0,0.125,0.8,0.7081,0.2105,0.464,0.2748,0.0,31.1637,0,0,True
2026-06-26,SUP_032,Ontario Fasteners,North America,Machinery,74,26.2,0.875,22.6,31.9,49.2,medium,108.33,8.25,999,469.01,82714,0,0.125,0.8,0.7081,0.2539,0.492,0.33,0.0,32.9993,0,0,True
2026-06-27,SUP_032,Ontario Fasteners,North America,Machinery,74,26.2,0.875,21.7,42.3,37.9,low,108.34,8.24,999,469.01,82714,0,0.125,0.8,0.7081,0.2788,0.379,0.3296,0.0,31.8607,0,0,True
2026-06-28,SUP_032,Ontario Fasteners,North America,Machinery,74,26.2,0.875,24.3,35.1,45.5,medium,109.06,8.92,999,469.01,82714,0,0.125,0.8,0.7081,0.2754,0.455,0.3568,0.0,33.1899,0,0,True
2026-06-29,SUP_032,Ontario Fasteners,North America,Machinery,74,26.2,0.875,16.0,38.5,45.2,medium,110.11,9.92,999,469.01,82714,0,0.125,0.8,0.7081,0.2275,0.452,0.3968,0.0,32.7657,0,0,True
2026-06-30,SUP_032,Ontario Fasteners,North America,Machinery,74,26.2,0.875,7.9,44.1,38.6,low,111.18,10.93,999,469.01,82714,0,0.125,0.8,0.7081,0.1876,0.386,0.4372,0.0,31.6083,0,0,True
2026-07-01,SUP_032,Ontario Fasteners,North America,Machinery,74,26.2,0.875,8.7,30.2,39.9,low,112.13,11.5,999,469.01,82714,0,0.125,0.8,0.7081,0.1515,0.399,0.46,0.0,31.4141,0,0,True
2026-07-02,SUP_032,Ontario Fasteners,North America,Machinery,74,26.2,0.875,11.0,33.1,41.9,medium,112.79,12.09,999,469.01,82714,0,0.125,0.8,0.7081,0.1763,0.419,0.4836,0.0,32.4237,0,0,True
2026-07-03,SUP_032,Ontario Fasteners,North America,Machinery,74,26.2,0.875,16.4,36.6,50.2,medium,114.83,13.98,999,469.01,82714,0,0.125,0.8,0.7081,0.2246,0.502,0.5592,0.0,35.3623,0,0,True
2026-07-04,SUP_032,Ontario Fasteners,North America,Machinery,74,26.2,0.875,13.0,34.9,36.7,low,114.27,13.92,999,469.01,82714,0,0.125,0.8,0.7081,0.1957,0.367,0.5568,0.0,32.9233,0,0,True
2026-07-05,SUP_032,Ontario Fasteners,North America,Machinery,74,26.2,0.875,13.8,31.5,48.5,medium,114.11,13.86,999,469.01,82714,0,0.125,0.8,0.7081,0.1911,0.485,0.5544,0.0,34.4637,0,0,True
2026-07-06,SUP_032,Ontario Fasteners,North America,Machinery,74,26.2,0.875,14.3,28.9,45.4,medium,113.88,13.8,999,469.01,82714,0,0.125,0.8,0.7081,0.1868,0.454,0.552,0.0,33.9235,0,0,True
2026-07-07,SUP_032,Ontario Fasteners,North America,Machinery,74,26.2,0.875,13.3,28.1,38.1,low,113.5,13.75,999,469.01,82714,0,0.125,0.8,0.7081,0.1774,0.381,0.55,0.0,32.7083,0,0,True
2026-07-08,SUP_032,Ontario Fasteners,North America,Machinery,74,26.2,0.875,12.8,27.6,32.3,low,111.42,12.89,999,469.01,82714,0,0.125,0.8,0.7081,0.1724,0.323,0.5156,0.0,31.3935,0,0,True
2026-07-09,SUP_032,Ontario Fasteners,North America,Machinery,74,26.2,0.875,8.6,26.1,23.7,low,112.86,12.73,999,469.01,82714,0,0.125,0.8,0.7081,0.1385,0.237,0.5092,0.0,29.5025,0,0,True
2026-07-10,SUP_032,Ontario Fasteners,North America,Machinery,74,26.2,0.875,10.4,25.6,10.4,low,111.79,12.7,999,469.01,82714,0,0.125,0.8,0.7081,0.1496,0.104,0.508,0.0,27.8259,0,0,True
2026-07-11,SUP_032,Ontario Fasteners,North America,Machinery,74,26.2,0.875,11.6,33.3,22.8,low,111.97,12.66,999,469.01,82714,0,0.125,0.8,0.7081,0.1811,0.228,0.5064,0.0,30.1097,0,0,True
2026-07-12,SUP_032,Ontario Fasteners,North America,Machinery,74,26.2,0.875,9.6,27.2,44.2,medium,110.48,11.52,999,469.01,82714,0,0.125,0.8,0.7081,0.1488,0.442,0.4608,0.0,31.9771,0,0,True
2026-07-13,SUP_032,Ontario Fasteners,North America,Machinery,74,26.2,0.875,13.1,19.1,26.9,low,111.13,11.49,999,469.01,82714,0,0.125,0.8,0.7081,0.149,0.269,0.4596,0.0,29.5443,0,0,True
2026-07-14,SUP_032,Ontario Fasteners,North America,Machinery,74,26.2,0.875,17.8,27.9,49.7,medium,110.31,11.47,999,469.01,82714,0,0.125,0.8,0.7081,0.2083,0.497,0.4588,0.0,33.7941,0,0,True
2026-07-15,SUP_032,Ontario Fasteners,North America,Machinery,74,26.2,0.875,20.1,27.9,60.4,medium,109.12,11.45,999,469.01,82714,0,0.125,0.8,0.7081,0.2244,0.604,0.458,0.0,35.5723,0,0,True
2026-07-16,SUP_032,Ontario Fasteners,North America,Machinery,74,26.2,0.875,14.0,26.9,61.0,medium,109.33,10.49,999,469.01,82714,0,0.125,0.8,0.7081,0.1787,0.61,0.4196,0.0,34.3729,0,0,True
2026-07-17,SUP_032,Ontario Fasteners,North America,Machinery,74,26.2,0.875,14.2,27.6,69.6,high,108.6,10.47,999,469.01,82714,0,0.125,0.8,0.7081,0.1822,0.696,0.4188,0.0,35.6303,0,0,True
2026-07-18,SUP_032,Ontario Fasteners,North America,Machinery,74,26.2,0.875,9.5,29.8,67.4,high,108.0,10.46,999,469.01,82714,0,0.125,0.8,0.7081,0.1559,0.674,0.4184,0.0,34.8441,0,0,True
2026-07-19,SUP_032,Ontario Fasteners,North America,Machinery,74,26.2,0.875,10.3,27.8,61.3,medium,108.18,10.33,999,469.01,82714,0,0.125,0.8,0.7081,0.1555,0.613,0.4132,0.0,33.9205,0,0,True
2026-07-20,SUP_032,Ontario Fasteners,North America,Machinery,74,26.2,0.875,6.3,31.5,60.0,medium,109.01,10.05,999,469.01,82714,0,0.125,0.8,0.7081,0.1386,0.6,0.402,0.0,33.2999,0,0,True
2026-07-21,SUP_032,Ontario Fasteners,North America,Machinery,74,26.2,0.875,13.2,27.0,9.6,low,108.16,10.04,999,469.01,82714,0,0.125,0.8,0.7081,0.1734,0.096,0.4016,0.0,26.8655,0,0,True
2026-07-22,SUP_032,Ontario Fasteners,North America,Machinery,74,26.2,0.875,16.7,26.6,5.3,low,107.12,8.89,999,469.01,82714,0,0.125,0.8,0.7081,0.1967,0.053,0.3556,0.0,26.1309,0,0,True
2026-07-23,SUP_032,Ontario Fasteners,North America,Machinery,74,26.2,0.875,21.5,16.2,21.5,low,107.15,7.69,999,469.01,82714,0,0.125,0.8,0.7081,0.1991,0.215,0.3076,0.0,27.8661,0,0,True
2026-07-24,SUP_032,Ontario Fasteners,North America,Machinery,74,26.2,0.875,25.1,25.2,35.9,low,107.71,7.18,999,469.01,82714,0,0.125,0.8,0.7081,0.2513,0.359,0.2872,0.0,30.5769,0,0,True
2026-07-25,SUP_032,Ontario Fasteners,North America,Machinery,74,26.2,0.875,21.8,25.7,48.7,medium,109.24,6.98,999,469.01,82714,0,0.125,0.8,0.7081,0.2297,0.487,0.2792,0.0,31.8841,0,0,True
2026-07-26,SUP_032,Ontario Fasteners,North America,Machinery,74,26.2,0.875,18.3,30.7,49.4,medium,108.12,6.98,999,469.01,82714,0,0.125,0.8,0.7081,0.2202,0.494,0.2792,0.0,31.8111,0,0,True
2026-07-27,SUP_032,Ontario Fasteners,North America,Machinery,74,26.2,0.875,25.6,33.8,24.9,low,107.79,6.98,999,469.01,82714,0,0.125,0.8,0.7081,0.2806,0.249,0.2792,0.0,29.4683,0,0,True
2026-07-28,SUP_032,Ontario Fasteners,North America,Machinery,74,26.2,0.875,22.8,36.9,21.5,low,109.01,6.98,999,469.01,82714,0,0.125,0.8,0.7081,0.2703,0.215,0.2792,0.0,28.8069,0,0,True
2026-07-29,SUP_032,Ontario Fasteners,North America,Machinery,74,26.2,0.875,14.8,36.6,37.2,low,111.07,6.98,999,469.01,82714,0,0.125,0.8,0.7081,0.2134,0.372,0.2792,0.0,29.9807,0,0,True
2026-07-30,SUP_032,Ontario Fasteners,North America,Machinery,74,26.2,0.875,19.1,38.4,51.7,medium,110.04,6.98,999,469.01,82714,0,0.125,0.8,0.7081,0.2489,0.517,0.2792,0.0,32.6497,0,0,True
2026-07-31,SUP_032,Ontario Fasteners,North America,Machinery,74,26.2,0.875,18.7,32.8,60.1,medium,109.26,6.99,999,469.01,82714,0,0.125,0.8,0.7081,0.2293,0.601,0.2796,0.0,33.4777,0,0,True
2026-08-01,SUP_032,Ontario Fasteners,North America,Machinery,74,26.2,0.875,24.9,27.0,51.6,medium,109.66,6.99,999,469.01,82714,0,0.125,0.8,0.7081,0.2553,0.516,0.2796,0.0,32.7557,0,0,True
2026-08-02,SUP_032,Ontario Fasteners,North America,Machinery,74,26.2,0.875,24.1,27.6,35.4,low,109.06,6.5,999,469.01,82714,0,0.125,0.8,0.7081,0.2515,0.354,0.26,0.0,30.1841,0,0,True
2026-08-03,SUP_032,Ontario Fasteners,North America,Machinery,74,26.2,0.875,22.2,25.2,34.9,low,108.27,6.36,999,469.01,82714,0,0.125,0.8,0.7081,0.231,0.349,0.2544,0.0,29.6779,0,0,True
2026-08-04,SUP_032,Ontario Fasteners,North America,Machinery,74,26.2,0.875,27.9,34.1,35.1,low,108.52,6.16,999,469.01,82714,0,0.125,0.8,0.7081,0.2976,0.351,0.2464,0.0,30.8087,0,0,True
2026-08-05,SUP_032,Ontario Fasteners,North America,Machinery,74,26.2,0.875,18.2,36.3,49.6,medium,110.14,5.82,999,469.01,82714,0,0.125,0.8,0.7081,0.2363,0.496,0.2328,0.0,31.5721,0,0,True
2026-08-06,SUP_032,Ontario Fasteners,North America,Machinery,74,26.2,0.875,14.5,32.3,48.0,medium,108.77,5.25,999,469.01,82714,0,0.125,0.8,0.7081,0.1984,0.48,0.21,0.0,30.3923,0,0,True
2026-08-07,SUP_032,Ontario Fasteners,North America,Machinery,74,26.2,0.875,9.9,31.3,44.9,medium,110.34,5.25,999,469.01,82714,0,0.125,0.8,0.7081,0.1632,0.449,0.21,0.0,29.3247,0,0,True
2026-08-08,SUP_032,Ontario Fasteners,North America,Machinery,74,26.2,0.875,0.0,32.5,43.1,medium,109.74,4.44,999,469.01,82714,0,0.125,0.8,0.7081,0.0975,0.431,0.1776,0.0,27.5013,0,0,True
2026-08-09,SUP_032,Ontario Fasteners,North America,Machinery,74,26.2,0.875,5.8,32.5,44.8,medium,110.1,4.44,999,469.01,82714,0,0.125,0.8,0.7081,0.1381,0.448,0.1776,0.0,28.4701,0,0,True
2026-08-10,SUP_032,Ontario Fasteners,North America,Machinery,74,26.2,0.875,4.1,34.3,48.1,medium,111.76,4.25,999,469.01,82714,0,0.125,0.8,0.7081,0.1316,0.481,0.17,0.0,28.7239,0,0,True
2026-08-11,SUP_032,Ontario Fasteners,North America,Machinery,74,26.2,0.875,9.6,34.8,38.2,low,112.1,4.56,999,469.01,82714,0,0.125,0.8,0.7081,0.1716,0.382,0.1824,0.0,28.2067,0,0,True
2026-08-12,SUP_032,Ontario Fasteners,North America,Machinery,74,26.2,0.875,11.8,27.5,27.6,low,111.79,4.56,999,469.01,82714,0,0.125,0.8,0.7081,0.1651,0.276,0.1824,0.0,26.6057,0,0,True
2026-08-13,SUP_032,Ontario Fasteners,North America,Machinery,74,26.2,0.875,14.7,17.3,42.1,medium,112.54,4.96,999,469.01,82714,0,0.125,0.8,0.7081,0.1548,0.421,0.1984,0.0,28.6423,0,0,True
2026-08-14,SUP_032,Ontario Fasteners,North America,Machinery,74,26.2,0.875,12.1,18.0,25.1,low,112.36,4.95,999,469.01,82714,0,0.125,0.8,0.7081,0.1387,0.251,0.198,0.0,25.9677,0,0,True
2026-08-15,SUP_032,Ontario Fasteners,North America,Machinery,74,26.2,0.875,8.5,23.5,42.8,medium,112.9,5.28,999,469.01,82714,0,0.125,0.8,0.7081,0.13,0.428,0.2112,0.0,28.4475,0,0,True
2026-08-16,SUP_032,Ontario Fasteners,North America,Machinery,74,26.2,0.875,9.4,23.3,23.1,low,112.69,5.27,999,469.01,82714,0,0.125,0.8,0.7081,0.1357,0.231,0.2108,0.0,25.7873,0,0,True
2026-08-17,SUP_032,Ontario Fasteners,North America,Machinery,74,26.2,0.875,14.2,31.6,20.7,low,113.59,5.89,999,469.01,82714,0,0.125,0.8,0.7081,0.1942,0.207,0.2356,0.0,26.8019,0,0,True
2026-08-18,SUP_032,Ontario Fasteners,North America,Machinery,74,26.2,0.875,13.6,31.8,33.3,low,112.13,5.88,999,469.01,82714,0,0.125,0.8,0.7081,0.1906,0.333,0.2352,0.0,28.4963,0,0,True
2026-08-19,SUP_032,Ontario Fasteners,North America,Machinery,74,26.2,0.875,10.0,39.5,33.7,low,111.07,5.88,999,469.01,82714,0,0.125,0.8,0.7081,0.1885,0.337,0.2352,0.0,28.5145,0,0,True
2026-08-20,SUP_032,Ontario Fasteners,North America,Machinery,74,26.2,0.875,4.7,44.9,21.8,low,109.6,5.88,999,469.01,82714,0,0.125,0.8,0.7081,0.1676,0.218,0.2352,0.0,26.4723,0,0,True
2026-08-21,SUP_032,Ontario Fasteners,North America,Machinery,74,26.2,0.875,6.7,48.9,29.1,low,109.54,5.84,999,469.01,82714,0,0.125,0.8,0.7081,0.1936,0.291,0.2336,0.0,27.9431,0,0,True
2026-08-22,SUP_032,Ontario Fasteners,North America,Machinery,74,26.2,0.875,4.9,40.5,31.2,low,107.95,5.33,999,469.01,82714,0,0.125,0.8,0.7081,0.1558,0.312,0.2132,0.0,27.3119,0,0,True
2026-08-23,SUP_032,Ontario Fasteners,North America,Machinery,74,26.2,0.875,5.6,39.8,30.1,low,107.22,5.78,999,469.01,82714,0,0.125,0.8,0.7081,0.1586,0.301,0.2312,0.0,27.4243,0,0,True
2026-08-24,SUP_032,Ontario Fasteners,North America,Machinery,74,26.2,0.875,5.4,45.5,25.6,low,106.07,6.83,999,469.01,82714,0,0.125,0.8,0.7081,0.1743,0.256,0.2732,0.0,27.5809,0,0,True
2026-08-25,SUP_032,Ontario Fasteners,North America,Machinery,74,26.2,0.875,4.3,45.3,27.6,low,107.61,6.83,999,469.01,82714,0,0.125,0.8,0.7081,0.166,0.276,0.2732,0.0,27.7115,0,0,True
2026-08-26,SUP_032,Ontario Fasteners,North America,Machinery,74,26.2,0.875,6.9,46.7,24.1,low,106.58,6.83,999,469.01,82714,0,0.125,0.8,0.7081,0.1884,0.241,0.2732,0.0,27.6247,0,0,True
2026-08-27,SUP_032,Ontario Fasteners,North America,Machinery,74,26.2,0.875,10.3,37.6,49.3,medium,105.24,7.6,999,469.01,82714,0,0.125,0.8,0.7081,0.1849,0.493,0.304,0.0,31.4593,0,0,True
2026-08-28,SUP_032,Ontario Fasteners,North America,Machinery,74,26.2,0.875,19.8,47.4,43.5,medium,105.49,7.61,999,469.01,82714,0,0.125,0.8,0.7081,0.2808,0.435,0.3044,0.0,32.3783,0,0,True
2026-08-29,SUP_032,Ontario Fasteners,North America,Machinery,74,26.2,0.875,22.3,41.3,37.9,low,107.26,7.62,999,469.01,82714,0,0.125,0.8,0.7081,0.28,0.379,0.3048,0.0,31.5847,0,0,True
2026-08-30,SUP_032,Ontario Fasteners,North America,Machinery,74,26.2,0.875,28.3,29.9,32.2,low,107.13,7.62,999,469.01,82714,0,0.125,0.8,0.7081,0.2878,0.322,0.3048,0.0,30.9271,0,0,True
2026-08-31,SUP_032,Ontario Fasteners,North America,Machinery,74,26.2,0.875,22.0,28.8,49.3,medium,107.09,7.63,999,469.01,82714,0,0.125,0.8,0.7081,0.2404,0.493,0.3052,0.0,32.4727,0,0,True
2026-09-01,SUP_032,Ontario Fasteners,North America,Machinery,74,26.2,0.875,12.9,16.8,30.6,low,108.44,7.63,999,469.01,82714,0,0.125,0.8,0.7081,0.1407,0.306,0.3052,0.0,28.0601,0,0,True
2026-09-02,SUP_032,Ontario Fasteners,North America,Machinery,74,26.2,0.875,12.7,13.8,35.0,low,109.36,7.63,999,469.01,82714,0,0.125,0.8,0.7081,0.1303,0.35,0.3052,0.0,28.4889,0,0,True
2026-09-03,SUP_032,Ontario Fasteners,North America,Machinery,74,26.2,0.875,16.6,30.5,32.8,low,109.8,7.62,999,469.01,82714,0,0.125,0.8,0.7081,0.2077,0.328,0.3048,0.0,29.5693,0,0,True
2026-09-04,SUP_032,Ontario Fasteners,North America,Machinery,74,26.2,0.875,19.3,29.2,20.2,low,109.19,7.62,999,469.01,82714,0,0.125,0.8,0.7081,0.2227,0.202,0.3048,0.0,28.0753,0,0,True
2026-09-05,SUP_032,Ontario Fasteners,North America,Machinery,74,26.2,0.875,23.9,22.5,16.3,low,109.67,7.62,999,469.01,82714,0,0.125,0.8,0.7081,0.2348,0.163,0.3048,0.0,27.7471,0,0,True
2026-09-06,SUP_032,Ontario Fasteners,North America,Machinery,74,26.2,0.875,10.1,24.5,23.9,low,108.25,7.63,999,469.01,82714,0,0.125,0.8,0.7081,0.1442,0.239,0.3052,0.0,27.1851,0,0,True
2026-09-07,SUP_032,Ontario Fasteners,North America,Machinery,74,26.2,0.875,16.3,21.4,18.7,low,107.6,7.63,999,469.01,82714,0,0.125,0.8,0.7081,0.1783,0.187,0.3052,0.0,27.0709,0,0,True
2026-09-08,SUP_032,Ontario Fasteners,North America,Machinery,74,26.2,0.875,17.3,28.0,25.2,low,109.09,7.63,999,469.01,82714,0,0.125,0.8,0.7081,0.2051,0.252,0.3052,0.0,28.4633,0,0,True
2026-09-09,SUP_032,Ontario Fasteners,North America,Machinery,74,26.2,0.875,9.2,24.3,43.6,medium,110.45,7.64,999,469.01,82714,0,0.125,0.8,0.7081,0.1373,0.436,0.3056,0.0,29.8237,0,0,True
2026-09-10,SUP_032,Ontario Fasteners,North America,Machinery,74,26.2,0.875,13.0,27.4,43.1,medium,110.91,7.64,999,469.01,82714,0,0.125,0.8,0.7081,0.1732,0.431,0.3056,0.0,30.3999,0,0,True
2026-09-11,SUP_032,Ontario Fasteners,North America,Machinery,74,26.2,0.875,13.7,22.5,27.6,low,108.89,7.65,999,469.01,82714,0,0.125,0.8,0.7081,0.1634,0.276,0.306,0.0,28.0583,0,0,True
2026-09-12,SUP_032,Ontario Fasteners,North America,Machinery,74,26.2,0.875,15.2,38.0,21.6,low,107.63,7.66,999,469.01,82714,0,0.125,0.8,0.7081,0.2204,0.216,0.3064,0.0,28.2491,0,0,True
2026-09-13,SUP_032,Ontario Fasteners,North America,Machinery,74,26.2,0.875,19.5,40.2,22.3,low,106.92,7.67,999,469.01,82714,0,0.125,0.8,0.7081,0.2571,0.223,0.3068,0.0,29.0125,0,0,True
2026-09-14,SUP_032,Ontario Fasteners,North America,Machinery,74,26.2,0.875,20.4,38.7,22.2,low,106.74,7.69,999,469.01,82714,0,0.125,0.8,0.7081,0.2589,0.222,0.3076,0.0,29.0405,0,0,True
2026-09-15,SUP_032,Ontario Fasteners,North America,Machinery,74,26.2,0.875,12.2,36.6,26.8,low,105.44,7.7,999,469.01,82714,0,0.125,0.8,0.7081,0.1952,0.268,0.308,0.0,28.5427,0,0,True
2026-09-16,SUP_032,Ontario Fasteners,North America,Machinery,74,26.2,0.875,11.5,33.4,31.8,low,105.18,6.43,999,469.01,82714,0,0.125,0.8,0.7081,0.1807,0.318,0.2572,0.0,28.3721,0,0,True
2026-09-17,SUP_032,Ontario Fasteners,North America,Machinery,74,26.2,0.875,3.9,29.7,48.6,medium,107.03,5.46,999,469.01,82714,0,0.125,0.8,0.7081,0.1164,0.486,0.2184,0.0,29.1011,0,0,False
2026-09-18,SUP_032,Ontario Fasteners,North America,Machinery,74,26.2,0.875,8.2,26.3,45.2,medium,107.45,5.31,999,469.01,82714,0,0.125,0.8,0.7081,0.1363,0.452,0.2124,0.0,28.9113,0,0,False
2026-09-19,SUP_032,Ontario Fasteners,North America,Machinery,74,26.2,0.875,15.4,36.5,32.0,low,107.67,5.32,999,469.01,82714,0,0.125,0.8,0.7081,0.2173,0.32,0.2128,0.0,28.5261,0,0,False
2026-09-20,SUP_032,Ontario Fasteners,North America,Machinery,74,26.2,0.875,9.0,33.3,43.4,medium,106.61,5.32,999,469.01,82714,0,0.125,0.8,0.7081,0.1629,0.434,0.2128,0.0,29.1429,0,0,False
2026-09-21,SUP_032,Ontario Fasteners,North America,Machinery,74,26.2,0.875,6.2,22.4,53.0,medium,104.9,5.59,999,469.01,82714,0,0.125,0.8,0.7081,0.1106,0.53,0.2236,0.0,29.6751,0,0,False
2026-09-22,SUP_032,Ontario Fasteners,North America,Machinery,74,26.2,0.875,2.9,18.1,50.6,medium,103.62,6.78,999,469.01,82714,0,0.125,0.8,0.7081,0.0746,0.506,0.2712,0.0,29.2623,0,0,False
2026-09-23,SUP_032,Ontario Fasteners,North America,Machinery,74,26.2,0.875,2.1,25.5,44.5,medium,101.87,8.42,999,469.01,82714,0,0.125,0.8,0.7081,0.0912,0.445,0.3368,0.0,29.4943,0,0,False
2026-06-01,SUP_033,Penang Semis,Southeast Asia,Electronics,40,6.5,0.82,38.7,77.9,45.8,medium,100.5,0.0,999,150.78,45875,0,0.18,0.375,0.325,0.5046,0.458,0.0,0.0,26.0948,0,0,True
2026-06-02,SUP_033,Penang Semis,Southeast Asia,Electronics,40,6.5,0.82,40.4,74.7,38.9,low,100.4,0.0,999,150.78,45875,0,0.18,0.375,0.325,0.5069,0.389,0.0,0.0,25.1702,0,0,True
2026-06-03,SUP_033,Penang Semis,Southeast Asia,Electronics,40,6.5,0.82,35.5,74.2,43.7,medium,100.63,0.0,999,150.78,45875,0,0.18,0.375,0.325,0.4711,0.437,0.0,0.0,25.1978,0,0,True
2026-06-04,SUP_033,Penang Semis,Southeast Asia,Electronics,40,6.5,0.82,36.5,75.6,58.1,medium,99.2,0.0,999,150.78,45875,0,0.18,0.375,0.325,0.4823,0.581,0.0,0.0,27.4154,0,0,True
2026-06-05,SUP_033,Penang Semis,Southeast Asia,Electronics,40,6.5,0.82,43.7,79.2,63.1,medium,98.41,2.22,999,150.78,45875,0,0.18,0.375,0.325,0.5435,0.631,0.0888,0.0,30.2826,0,0,True
2026-06-06,SUP_033,Penang Semis,Southeast Asia,Electronics,40,6.5,0.82,52.1,77.2,67.6,high,99.17,2.23,999,150.78,45875,0,0.18,0.375,0.325,0.5963,0.676,0.0892,0.0,31.8678,0,0,True
2026-06-07,SUP_033,Penang Semis,Southeast Asia,Electronics,40,6.5,0.82,53.7,78.8,65.0,medium,100.09,2.23,999,150.78,45875,0,0.18,0.375,0.325,0.6123,0.65,0.0892,0.0,31.7918,0,0,True
2026-06-08,SUP_033,Penang Semis,Southeast Asia,Electronics,40,6.5,0.82,50.5,77.6,61.1,medium,100.19,2.22,999,150.78,45875,0,0.18,0.375,0.325,0.5863,0.611,0.0888,0.0,30.773,0,0,True
2026-06-09,SUP_033,Penang Semis,Southeast Asia,Electronics,40,6.5,0.82,52.1,77.0,68.7,high,101.8,3.39,999,150.78,45875,0,0.18,0.375,0.325,0.5957,0.687,0.1356,0.0,32.5678,0,0,True
2026-06-10,SUP_033,Penang Semis,Southeast Asia,Electronics,40,6.5,0.82,56.4,68.9,61.8,medium,102.35,3.93,999,150.78,45875,0,0.18,0.375,0.325,0.6015,0.618,0.1572,0.0,31.9654,0,0,True
2026-06-11,SUP_033,Penang Semis,Southeast Asia,Electronics,40,6.5,0.82,44.1,65.0,69.6,high,102.09,3.92,999,150.78,45875,0,0.18,0.375,0.325,0.5037,0.696,0.1568,0.0,31.2922,0,0,True
2026-06-12,SUP_033,Penang Semis,Southeast Asia,Electronics,40,6.5,0.82,50.2,60.8,79.1,high,100.77,3.92,999,150.78,45875,0,0.18,0.375,0.325,0.5338,0.791,0.1568,0.0,33.164,0,0,True
2026-06-13,SUP_033,Penang Semis,Southeast Asia,Electronics,40,6.5,0.82,45.8,53.7,67.0,high,102.33,3.92,999,150.78,45875,0,0.18,0.375,0.325,0.4817,0.67,0.1568,0.0,30.5322,0,0,True
2026-06-14,SUP_033,Penang Semis,Southeast Asia,Electronics,40,6.5,0.82,42.1,45.2,59.4,medium,103.17,4.72,999,150.78,45875,0,0.18,0.375,0.325,0.4303,0.594,0.1888,0.0,28.927,0,0,True
2026-06-15,SUP_033,Penang Semis,Southeast Asia,Electronics,40,6.5,0.82,39.8,44.4,55.0,medium,105.12,6.64,999,150.78,45875,0,0.18,0.375,0.325,0.4118,0.55,0.2656,0.0,28.8996,0,1,True
2026-06-16,SUP_033,Penang Semis,Southeast Asia,Electronics,40,6.5,0.82,41.1,44.6,43.1,medium,107.47,8.93,999,150.78,45875,0,0.18,0.375,0.325,0.4215,0.431,0.3572,0.0,28.5074,0,1,True
2026-06-17,SUP_033,Penang Semis,Southeast Asia,Electronics,40,6.5,0.82,35.3,46.7,43.5,medium,106.08,8.9,999,150.78,45875,0,0.18,0.375,0.325,0.3872,0.435,0.356,0.0,27.9316,0,1,True
2026-06-18,SUP_033,Penang Semis,Southeast Asia,Electronics,40,6.5,0.82,34.4,50.9,60.2,medium,104.68,8.89,999,150.78,45875,0,0.18,0.375,0.325,0.3935,0.602,0.3556,0.0,30.3782,0,1,True
2026-06-19,SUP_033,Penang Semis,Southeast Asia,Electronics,40,6.5,0.82,37.4,52.5,51.0,medium,101.57,8.89,999,150.78,45875,0,0.18,0.375,0.325,0.4193,0.51,0.3556,0.0,29.5546,0,1,True
2026-06-20,SUP_033,Penang Semis,Southeast Asia,Electronics,40,6.5,0.82,38.5,51.5,66.0,high,102.57,8.89,999,150.78,45875,0,0.18,0.375,0.325,0.424,0.66,0.3556,0.0,31.7392,0,1,True
2026-06-21,SUP_033,Penang Semis,Southeast Asia,Electronics,40,6.5,0.82,40.3,47.2,61.0,medium,103.28,8.88,999,150.78,45875,0,0.18,0.375,0.325,0.4237,0.61,0.3552,0.0,31.029,0,1,True
2026-06-22,SUP_033,Penang Semis,Southeast Asia,Electronics,40,6.5,0.82,38.4,53.0,80.8,high,103.39,8.88,999,150.78,45875,0,0.18,0.375,0.325,0.4278,0.808,0.3552,0.0,33.8748,1,0,True
2026-06-23,SUP_033,Penang Semis,Southeast Asia,Electronics,40,6.5,0.82,41.6,52.8,69.8,high,102.06,8.88,1,150.78,45875,0,0.18,0.375,0.325,0.4496,0.698,0.3552,0.9672,48.2027,0,0,True
2026-06-24,SUP_033,Penang Semis,Southeast Asia,Electronics,40,6.5,0.82,46.1,50.8,66.5,high,101.96,8.88,2,150.78,45875,0,0.18,0.375,0.325,0.4751,0.665,0.3552,0.9355,47.6923,0,0,True
2026-06-25,SUP_033,Penang Semis,Southeast Asia,Electronics,40,6.5,0.82,49.6,50.5,57.0,medium,102.16,8.88,3,150.78,45875,0,0.18,0.375,0.325,0.4987,0.57,0.3552,0.9048,46.2964,0,0,True
2026-06-26,SUP_033,Penang Semis,Southeast Asia,Electronics,40,6.5,0.82,49.9,47.3,51.8,medium,103.01,8.87,4,150.78,45875,0,0.18,0.375,0.325,0.4912,0.518,0.3548,0.8752,44.954,0,0,True
2026-06-27,SUP_033,Penang Semis,Southeast Asia,Electronics,40,6.5,0.82,52.6,45.6,66.8,high,103.31,8.87,5,150.78,45875,0,0.18,0.375,0.325,0.505,0.668,0.3548,0.8465,46.8433,0,0,True
2026-06-28,SUP_033,Penang Semis,Southeast Asia,Electronics,40,6.5,0.82,54.5,44.1,70.0,high,104.03,8.86,6,150.78,45875,0,0.18,0.375,0.325,0.5138,0.7,0.3544,0.8187,47.0009,0,0,True
2026-06-29,SUP_033,Penang Semis,Southeast Asia,Electronics,40,6.5,0.82,64.7,44.2,77.5,high,103.89,8.86,7,150.78,45875,0,0.18,0.375,0.325,0.5855,0.775,0.3544,0.7919,48.912,0,1,True
2026-06-30,SUP_033,Penang Semis,Southeast Asia,Electronics,40,6.5,0.82,66.5,49.3,61.5,medium,105.18,8.85,8,150.78,45875,0,0.18,0.375,0.325,0.6134,0.615,0.354,0.7659,46.7541,0,1,True
2026-07-01,SUP_033,Penang Semis,Southeast Asia,Electronics,40,6.5,0.82,61.8,52.3,67.7,high,105.86,8.84,9,150.78,45875,0,0.18,0.375,0.325,0.5895,0.677,0.3536,0.7408,46.7853,0,1,True
2026-07-02,SUP_033,Penang Semis,Southeast Asia,Electronics,40,6.5,0.82,53.9,60.8,57.2,medium,104.57,8.82,10,150.78,45875,0,0.18,0.375,0.325,0.5597,0.572,0.3528,0.7165,44.3807,0,1,True
2026-07-03,SUP_033,Penang Semis,Southeast Asia,Electronics,40,6.5,0.82,50.3,66.3,46.0,medium,106.08,8.81,11,150.78,45875,0,0.18,0.375,0.325,0.551,0.46,0.3524,0.693,42.2754,0,1,True
2026-07-04,SUP_033,Penang Semis,Southeast Asia,Electronics,40,6.5,0.82,46.9,75.0,52.2,medium,107.41,8.78,12,150.78,45875,0,0.18,0.375,0.325,0.5533,0.522,0.3512,0.6703,42.8069,0,1,True
2026-07-05,SUP_033,Penang Semis,Southeast Asia,Electronics,40,6.5,0.82,48.0,74.9,56.8,medium,107.92,8.46,13,150.78,45875,0,0.18,0.375,0.325,0.5607,0.568,0.3384,0.6483,43.0789,0,1,True
2026-07-06,SUP_033,Penang Semis,Southeast Asia,Electronics,40,6.5,0.82,43.1,74.8,58.6,medium,108.22,7.84,14,150.78,45875,0,0.18,0.375,0.325,0.5261,0.586,0.3136,0.6271,42.0704,1,0,True
2026-07-07,SUP_033,Penang Semis,Southeast Asia,Electronics,40,6.5,0.82,48.0,69.2,66.1,high,110.02,9.44,1,150.78,45875,0,0.18,0.375,0.325,0.5436,0.661,0.3776,0.9672,49.6455,0,0,True
2026-07-08,SUP_033,Penang Semis,Southeast Asia,Electronics,40,6.5,0.82,39.9,71.5,73.2,high,108.25,8.86,2,150.78,45875,0,0.18,0.375,0.325,0.4938,0.732,0.3544,0.9355,48.9573,0,0,True
2026-07-09,SUP_033,Penang Semis,Southeast Asia,Electronics,40,6.5,0.82,31.9,65.5,84.0,high,109.6,8.84,3,150.78,45875,0,0.18,0.375,0.325,0.4198,0.84,0.3536,0.9048,48.637,0,0,True
2026-07-10,SUP_033,Penang Semis,Southeast Asia,Electronics,40,6.5,0.82,32.2,56.2,67.5,high,109.08,8.82,4,150.78,45875,0,0.18,0.375,0.325,0.394,0.675,0.3528,0.8752,45.3784,0,0,True
2026-07-11,SUP_033,Penang Semis,Southeast Asia,Electronics,40,6.5,0.82,29.1,64.1,80.0,high,110.27,9.04,5,150.78,45875,0,0.18,0.375,0.325,0.396,0.8,0.3616,0.8465,46.8109,0,0,True
2026-07-12,SUP_033,Penang Semis,Southeast Asia,Electronics,40,6.5,0.82,24.4,56.1,92.9,high,110.4,8.38,6,150.78,45875,0,0.18,0.375,0.325,0.3391,0.929,0.3352,0.8187,46.8319,0,0,True
2026-07-13,SUP_033,Penang Semis,Southeast Asia,Electronics,40,6.5,0.82,23.4,58.3,81.8,high,109.05,8.36,7,150.78,45875,0,0.18,0.375,0.325,0.3387,0.818,0.3344,0.7919,44.8316,0,0,True
2026-07-14,SUP_033,Penang Semis,Southeast Asia,Electronics,40,6.5,0.82,22.0,53.1,100.0,high,108.51,8.34,8,150.78,45875,0,0.18,0.375,0.325,0.3133,1.0,0.3336,0.7659,46.4975,0,0,True
2026-07-15,SUP_033,Penang Semis,Southeast Asia,Electronics,40,6.5,0.82,24.5,59.4,88.3,high,109.62,8.33,9,150.78,45875,0,0.18,0.375,0.325,0.3497,0.883,0.3332,0.7408,45.1081,0,0,True
2026-07-16,SUP_033,Penang Semis,Southeast Asia,Electronics,40,6.5,0.82,23.6,65.4,87.4,high,109.39,8.33,10,150.78,45875,0,0.18,0.375,0.325,0.3614,0.874,0.3332,0.7165,44.8041,0,0,True
2026-07-17,SUP_033,Penang Semis,Southeast Asia,Electronics,40,6.5,0.82,23.2,66.6,100.0,high,108.72,8.32,11,150.78,45875,0,0.18,0.375,0.325,0.3622,1.0,0.3328,0.693,46.2018,0,0,True
2026-07-18,SUP_033,Penang Semis,Southeast Asia,Electronics,40,6.5,0.82,25.4,71.4,100.0,high,108.04,8.31,12,150.78,45875,0,0.18,0.375,0.325,0.392,1.0,0.3324,0.6703,46.3699,0,0,True
2026-07-19,SUP_033,Penang Semis,Southeast Asia,Electronics,40,6.5,0.82,32.1,69.0,100.0,high,108.73,7.93,13,150.78,45875,0,0.18,0.375,0.325,0.4317,1.0,0.3172,0.6483,46.5505,0,0,True
2026-07-20,SUP_033,Penang Semis,Southeast Asia,Electronics,40,6.5,0.82,39.9,78.7,94.4,high,110.63,8.12,14,150.78,45875,0,0.18,0.375,0.325,0.5154,0.944,0.3248,0.6271,47.0242,0,0,True
2026-07-21,SUP_033,Penang Semis,Southeast Asia,Electronics,40,6.5,0.82,40.3,79.0,44.4,medium,108.31,8.11,15,150.78,45875,0,0.18,0.375,0.325,0.5191,0.444,0.3244,0.6065,39.7571,0,0,True
2026-07-22,SUP_033,Penang Semis,Southeast Asia,Electronics,40,6.5,0.82,41.1,70.7,56.9,medium,111.35,8.76,16,150.78,45875,0,0.18,0.375,0.325,0.4998,0.569,0.3504,0.5866,41.1535,0,0,True
2026-07-23,SUP_033,Penang Semis,Southeast Asia,Electronics,40,6.5,0.82,39.7,68.7,57.3,medium,111.57,8.94,17,150.78,45875,0,0.18,0.375,0.325,0.484,0.573,0.3576,0.5674,40.7038,0,0,True
2026-07-24,SUP_033,Penang Semis,Southeast Asia,Electronics,40,6.5,0.82,41.8,65.8,77.9,high,112.2,9.31,18,150.78,45875,0,0.18,0.375,0.325,0.49,0.779,0.3724,0.5488,43.5758,0,0,True
2026-07-25,SUP_033,Penang Semis,Southeast Asia,Electronics,40,6.5,0.82,43.0,62.9,79.8,high,111.73,8.5,19,150.78,45875,0,0.18,0.375,0.325,0.4897,0.798,0.34,0.5308,43.1597,0,0,True
2026-07-26,SUP_033,Penang Semis,Southeast Asia,Electronics,40,6.5,0.82,48.6,53.0,83.0,high,111.72,8.2,20,150.78,45875,0,0.18,0.375,0.325,0.4992,0.83,0.328,0.5134,43.3563,0,0,True
2026-07-27,SUP_033,Penang Semis,Southeast Asia,Electronics,40,6.5,0.82,38.0,55.3,75.5,high,111.93,7.64,21,150.78,45875,0,0.18,0.375,0.325,0.4319,0.755,0.3056,0.4966,40.5568,0,0,True
2026-07-28,SUP_033,Penang Semis,Southeast Asia,Electronics,40,6.5,0.82,36.9,48.0,62.0,medium,110.79,7.63,22,150.78,45875,0,0.18,0.375,0.325,0.4023,0.62,0.3052,0.4803,37.8687,0,0,True
2026-07-29,SUP_033,Penang Semis,Southeast Asia,Electronics,40,6.5,0.82,38.7,35.7,53.9,medium,109.92,6.99,23,150.78,45875,0,0.18,0.375,0.325,0.378,0.539,0.2796,0.4646,35.7381,0,0,True
2026-07-30,SUP_033,Penang Semis,Southeast Asia,Electronics,40,6.5,0.82,38.5,36.8,43.3,medium,111.2,6.98,24,150.78,45875,0,0.18,0.375,0.325,0.3799,0.433,0.2792,0.4493,34.0399,0,0,True
2026-07-31,SUP_033,Penang Semis,Southeast Asia,Electronics,40,6.5,0.82,33.9,35.6,56.4,medium,109.52,6.97,25,150.78,45875,0,0.18,0.375,0.325,0.3441,0.564,0.2788,0.4346,34.989,0,0,True
2026-08-01,SUP_033,Penang Semis,Southeast Asia,Electronics,40,6.5,0.82,28.4,33.9,54.2,medium,110.0,5.58,26,150.78,45875,0,0.18,0.375,0.325,0.3005,0.542,0.2232,0.4204,33.001,0,0,True
2026-08-02,SUP_033,Penang Semis,Southeast Asia,Electronics,40,6.5,0.82,33.7,20.7,65.0,medium,109.6,4.36,27,150.78,45875,0,0.18,0.375,0.325,0.298,0.65,0.1744,0.4066,33.6619,0,0,True
2026-08-03,SUP_033,Penang Semis,Southeast Asia,Electronics,40,6.5,0.82,30.7,21.4,65.5,high,108.55,3.9,28,150.78,45875,0,0.18,0.375,0.325,0.2791,0.655,0.156,0.3932,32.9577,0,0,True
2026-08-04,SUP_033,Penang Semis,Southeast Asia,Electronics,40,6.5,0.82,23.5,25.5,61.9,medium,110.69,3.78,29,150.78,45875,0,0.18,0.375,0.325,0.241,0.619,0.1512,0.3803,31.504,0,1,True
2026-08-05,SUP_033,Penang Semis,Southeast Asia,Electronics,40,6.5,0.82,29.7,26.6,51.1,medium,109.66,3.78,30,150.78,45875,0,0.18,0.375,0.325,0.2877,0.511,0.1512,0.3679,30.6331,0,1,True
2026-08-06,SUP_033,Penang Semis,Southeast Asia,Electronics,40,6.5,0.82,33.1,32.9,56.6,medium,108.43,3.78,31,150.78,45875,0,0.18,0.375,0.325,0.3304,0.566,0.1512,0.3558,31.9787,0,1,True
2026-08-07,SUP_033,Penang Semis,Southeast Asia,Electronics,40,6.5,0.82,33.3,43.6,55.9,medium,108.23,3.78,32,150.78,45875,0,0.18,0.375,0.325,0.3639,0.559,0.1512,0.3442,32.2971,0,1,True
2026-08-08,SUP_033,Penang Semis,Southeast Asia,Electronics,40,6.5,0.82,29.7,48.0,65.8,high,107.39,4.38,33,150.78,45875,0,0.18,0.375,0.325,0.3519,0.658,0.1752,0.3329,33.5745,0,1,True
2026-08-09,SUP_033,Penang Semis,Southeast Asia,Electronics,40,6.5,0.82,50.9,54.5,58.2,medium,107.4,4.38,34,150.78,45875,0,0.18,0.375,0.325,0.5198,0.582,0.1752,0.322,35.3581,0,1,True
2026-08-10,SUP_033,Penang Semis,Southeast Asia,Electronics,40,6.5,0.82,57.8,60.4,64.9,medium,107.57,4.38,35,150.78,45875,0,0.18,0.375,0.325,0.5858,0.649,0.1752,0.3114,37.3153,0,1,True
2026-08-11,SUP_033,Penang Semis,Southeast Asia,Electronics,40,6.5,0.82,50.2,54.2,79.4,high,107.82,4.39,36,150.78,45875,0,0.18,0.375,0.325,0.514,0.794,0.1756,0.3012,37.8943,1,1,True
2026-08-12,SUP_033,Penang Semis,Southeast Asia,Electronics,40,6.5,0.82,44.1,56.6,77.5,high,107.69,4.39,1,150.78,45875,0,0.18,0.375,0.325,0.4785,0.775,0.1756,0.9672,47.6457,1,1,True
2026-08-13,SUP_033,Penang Semis,Southeast Asia,Electronics,40,6.5,0.82,43.3,61.6,80.9,high,106.93,4.81,1,150.78,45875,0,0.18,0.375,0.325,0.4879,0.809,0.1924,0.9672,48.4925,0,1,True
2026-08-14,SUP_033,Penang Semis,Southeast Asia,Electronics,40,6.5,0.82,45.4,58.3,81.5,high,107.63,4.82,2,150.78,45875,0,0.18,0.375,0.325,0.4927,0.815,0.1928,0.9355,48.1603,0,1,True
2026-08-15,SUP_033,Penang Semis,Southeast Asia,Electronics,40,6.5,0.82,45.0,53.7,94.2,high,107.5,4.82,3,150.78,45875,0,0.18,0.375,0.325,0.4761,0.942,0.1928,0.9048,49.1488,0,1,True
2026-08-16,SUP_033,Penang Semis,Southeast Asia,Electronics,40,6.5,0.82,50.1,56.7,89.6,high,106.97,4.82,4,150.78,45875,0,0.18,0.375,0.325,0.5208,0.896,0.1928,0.8752,48.8348,1,0,True
2026-08-17,SUP_033,Penang Semis,Southeast Asia,Electronics,40,6.5,0.82,56.5,48.6,89.2,high,108.57,4.82,1,150.78,45875,0,0.18,0.375,0.325,0.5413,0.892,0.1928,0.9672,50.6205,0,0,True
2026-08-18,SUP_033,Penang Semis,Southeast Asia,Electronics,40,6.5,0.82,58.1,43.8,82.0,high,108.44,4.82,2,150.78,45875,0,0.18,0.375,0.325,0.5381,0.82,0.1928,0.9355,49.0475,0,0,True
2026-08-19,SUP_033,Penang Semis,Southeast Asia,Electronics,40,6.5,0.82,60.8,42.0,69.9,high,109.63,4.82,3,150.78,45875,0,0.18,0.375,0.325,0.5516,0.699,0.1928,0.9048,47.1058,0,0,True
2026-08-20,SUP_033,Penang Semis,Southeast Asia,Electronics,40,6.5,0.82,61.8,46.3,56.7,medium,110.96,4.82,4,150.78,45875,0,0.18,0.375,0.325,0.5715,0.567,0.1928,0.8752,45.1414,0,0,True
2026-08-21,SUP_033,Penang Semis,Southeast Asia,Electronics,40,6.5,0.82,61.3,48.8,69.8,high,112.36,4.96,5,150.78,45875,0,0.18,0.375,0.325,0.5755,0.698,0.1984,0.8465,46.6555,0,0,True
2026-08-22,SUP_033,Penang Semis,Southeast Asia,Electronics,40,6.5,0.82,54.8,55.2,58.5,medium,113.11,5.65,6,150.78,45875,0,0.18,0.375,0.325,0.5492,0.585,0.226,0.8187,44.4873,0,0,True
2026-08-23,SUP_033,Penang Semis,Southeast Asia,Electronics,40,6.5,0.82,30.0,50.3,66.3,high,113.11,5.64,7,150.78,45875,0,0.18,0.375,0.325,0.3609,0.663,0.2256,0.7919,41.7556,0,0,True
2026-08-24,SUP_033,Penang Semis,Southeast Asia,Electronics,40,6.5,0.82,24.8,45.8,69.1,high,113.04,5.64,8,150.78,45875,0,0.18,0.375,0.325,0.311,0.691,0.2256,0.7659,40.8341,0,0,True
2026-08-25,SUP_033,Penang Semis,Southeast Asia,Electronics,40,6.5,0.82,26.0,50.0,75.8,high,112.77,5.64,9,150.78,45875,0,0.18,0.375,0.325,0.332,0.758,0.2256,0.7408,41.7483,0,0,True
2026-08-26,SUP_033,Penang Semis,Southeast Asia,Electronics,40,6.5,0.82,28.9,46.5,67.6,high,110.42,5.64,10,150.78,45875,0,0.18,0.375,0.325,0.3418,0.676,0.2256,0.7165,40.3881,0,0,True
2026-08-27,SUP_033,Penang Semis,Southeast Asia,Electronics,40,6.5,0.82,23.4,44.6,58.9,medium,111.2,5.64,11,150.78,45875,0,0.18,0.375,0.325,0.2976,0.589,0.2256,0.693,37.9986,0,0,True
2026-08-28,SUP_033,Penang Semis,Southeast Asia,Electronics,40,6.5,0.82,26.0,36.4,63.1,medium,111.46,5.64,12,150.78,45875,0,0.18,0.375,0.325,0.2912,0.631,0.2256,0.6703,38.1079,0,0,True
2026-08-29,SUP_033,Penang Semis,Southeast Asia,Electronics,40,6.5,0.82,23.6,40.7,60.2,medium,112.36,5.64,13,150.78,45875,0,0.18,0.375,0.325,0.2873,0.602,0.2256,0.6483,37.2801,0,0,True
2026-08-30,SUP_033,Penang Semis,Southeast Asia,Electronics,40,6.5,0.82,20.7,51.0,49.2,medium,112.23,5.63,14,150.78,45875,0,0.18,0.375,0.325,0.2979,0.492,0.2252,0.6271,35.586,0,0,True
2026-08-31,SUP_033,Penang Semis,Southeast Asia,Electronics,40,6.5,0.82,20.3,46.2,70.4,high,112.96,5.63,15,150.78,45875,0,0.18,0.375,0.325,0.2807,0.704,0.2252,0.6065,37.9155,0,0,True
2026-09-01,SUP_033,Penang Semis,Southeast Asia,Electronics,40,6.5,0.82,17.7,52.9,60.9,medium,111.46,5.62,16,150.78,45875,0,0.18,0.375,0.325,0.2826,0.609,0.2248,0.5866,36.2967,0,0,True
2026-09-02,SUP_033,Penang Semis,Southeast Asia,Electronics,40,6.5,0.82,23.6,52.9,52.0,medium,110.19,5.62,17,150.78,45875,0,0.18,0.375,0.325,0.3239,0.52,0.2248,0.5674,35.4864,0,0,True
2026-09-03,SUP_033,Penang Semis,Southeast Asia,Electronics,40,6.5,0.82,25.0,43.9,52.3,medium,107.5,5.63,18,150.78,45875,0,0.18,0.375,0.325,0.3067,0.523,0.2252,0.5488,34.926,0,0,True
2026-09-04,SUP_033,Penang Semis,Southeast Asia,Electronics,40,6.5,0.82,30.8,40.8,98.4,high,107.36,5.63,19,150.78,45875,0,0.18,0.375,0.325,0.338,0.984,0.2252,0.5308,41.6555,0,0,True
2026-09-05,SUP_033,Penang Semis,Southeast Asia,Electronics,40,6.5,0.82,29.8,37.9,77.3,high,106.52,6.01,20,150.78,45875,0,0.18,0.375,0.325,0.3223,0.773,0.2404,0.5134,38.3229,0,0,True
2026-09-06,SUP_033,Penang Semis,Southeast Asia,Electronics,40,6.5,0.82,29.1,38.8,92.3,high,105.54,6.91,21,150.78,45875,0,0.18,0.375,0.325,0.3201,0.923,0.2764,0.4966,40.546,0,0,True
2026-09-07,SUP_033,Penang Semis,Southeast Asia,Electronics,40,6.5,0.82,39.3,43.5,84.3,high,105.9,6.91,22,150.78,45875,0,0.18,0.375,0.325,0.4056,0.843,0.2764,0.4803,40.7045,0,0,True
2026-09-08,SUP_033,Penang Semis,Southeast Asia,Electronics,40,6.5,0.82,31.4,54.9,89.2,high,105.44,7.01,23,150.78,45875,0,0.18,0.375,0.325,0.3845,0.892,0.2804,0.4646,40.8067,0,0,True
2026-09-09,SUP_033,Penang Semis,Southeast Asia,Electronics,40,6.5,0.82,38.5,47.4,84.2,high,103.88,8.44,24,150.78,45875,0,0.18,0.375,0.325,0.4117,0.842,0.3376,0.4493,41.0391,0,0,True
2026-09-10,SUP_033,Penang Semis,Southeast Asia,Electronics,40,6.5,0.82,46.3,46.0,100.0,high,106.65,8.44,25,150.78,45875,0,0.18,0.375,0.325,0.4621,1.0,0.3376,0.4346,43.9226,0,0,True
2026-09-11,SUP_033,Penang Semis,Southeast Asia,Electronics,40,6.5,0.82,48.6,42.6,71.4,high,106.61,8.45,26,150.78,45875,0,0.18,0.375,0.325,0.468,0.714,0.338,0.4204,39.8016,0,0,True
2026-09-12,SUP_033,Penang Semis,Southeast Asia,Electronics,40,6.5,0.82,45.5,37.8,62.5,medium,105.43,8.45,27,150.78,45875,0,0.18,0.375,0.325,0.4319,0.625,0.338,0.4066,37.6853,0,0,True
2026-09-13,SUP_033,Penang Semis,Southeast Asia,Electronics,40,6.5,0.82,51.1,40.9,59.6,medium,104.7,8.46,28,150.78,45875,0,0.18,0.375,0.325,0.4804,0.596,0.3384,0.3932,37.9439,0,0,True
2026-09-14,SUP_033,Penang Semis,Southeast Asia,Electronics,40,6.5,0.82,47.6,43.0,61.0,medium,104.51,8.46,29,150.78,45875,0,0.18,0.375,0.325,0.4622,0.61,0.3384,0.3803,37.606,0,0,True
2026-09-15,SUP_033,Penang Semis,Southeast Asia,Electronics,40,6.5,0.82,42.8,35.3,62.9,medium,104.32,8.47,30,150.78,45875,0,0.18,0.375,0.325,0.4055,0.629,0.3388,0.3679,36.6567,0,0,True
2026-09-16,SUP_033,Penang Semis,Southeast Asia,Electronics,40,6.5,0.82,40.3,38.3,66.7,high,105.74,8.48,31,150.78,45875,0,0.18,0.375,0.325,0.397,0.667,0.3392,0.3558,36.8475,0,0,True
2026-09-17,SUP_033,Penang Semis,Southeast Asia,Electronics,40,6.5,0.82,37.2,34.5,65.5,high,105.65,8.49,32,150.78,45875,0,0.18,0.375,0.325,0.3639,0.655,0.3396,0.3442,35.9019,0,0,False
2026-09-18,SUP_033,Penang Semis,Southeast Asia,Electronics,40,6.5,0.82,32.9,37.6,51.9,medium,107.67,8.49,33,150.78,45875,0,0.18,0.375,0.325,0.3431,0.519,0.3396,0.3329,33.4429,0,0,False
2026-09-19,SUP_033,Penang Semis,Southeast Asia,Electronics,40,6.5,0.82,38.9,46.9,51.3,medium,107.2,8.5,34,150.78,45875,0,0.18,0.375,0.325,0.413,0.513,0.34,0.322,34.4473,0,0,False
2026-09-20,SUP_033,Penang Semis,Southeast Asia,Electronics,40,6.5,0.82,35.1,50.6,59.6,medium,107.66,8.51,35,150.78,45875,0,0.18,0.375,0.325,0.3975,0.596,0.3404,0.3114,35.1663,0,0,False
2026-09-21,SUP_033,Penang Semis,Southeast Asia,Electronics,40,6.5,0.82,35.4,52.2,54.0,medium,108.77,8.52,36,150.78,45875,0,0.18,0.375,0.325,0.4044,0.54,0.3408,0.3012,34.3479,0,0,False
2026-09-22,SUP_033,Penang Semis,Southeast Asia,Electronics,40,6.5,0.82,28.9,49.8,62.2,medium,110.07,8.47,37,150.78,45875,0,0.18,0.375,0.325,0.3517,0.622,0.3388,0.2913,34.3653,0,0,False
2026-09-23,SUP_033,Penang Semis,Southeast Asia,Electronics,40,6.5,0.82,30.4,50.9,62.5,medium,111.49,8.4,38,150.78,45875,0,0.18,0.375,0.325,0.3655,0.625,0.336,0.2818,34.4693,0,0,False
2026-06-01,SUP_034,Chennai Forgings,South Asia,Machinery,22,3.4,0.927,45.6,37.8,48.0,medium,99.56,0.0,999,141.75,6114,0,0.073,0.15,0.3091,0.4326,0.48,0.0,0.0,20.5577,0,0,True
2026-06-02,SUP_034,Chennai Forgings,South Asia,Machinery,22,3.4,0.927,45.9,39.7,35.7,low,98.73,0.0,999,141.75,6114,0,0.073,0.15,0.3091,0.4404,0.357,0.0,0.0,18.9761,0,0,True
2026-06-03,SUP_034,Chennai Forgings,South Asia,Machinery,22,3.4,0.927,34.5,40.6,49.2,medium,98.36,0.0,999,141.75,6114,0,0.073,0.15,0.3091,0.3633,0.492,0.0,0.0,19.4783,0,0,True
2026-06-04,SUP_034,Chennai Forgings,South Asia,Machinery,22,3.4,0.927,35.6,50.3,53.8,medium,99.1,0.0,999,141.75,6114,0,0.073,0.15,0.3091,0.4001,0.538,0.0,0.0,20.7847,0,0,True
2026-06-05,SUP_034,Chennai Forgings,South Asia,Machinery,22,3.4,0.927,42.6,50.2,56.2,medium,99.07,1.21,999,141.75,6114,0,0.073,0.15,0.3091,0.4488,0.562,0.0484,0.0,22.5781,0,0,True
2026-06-06,SUP_034,Chennai Forgings,South Asia,Machinery,22,3.4,0.927,47.7,54.1,50.2,medium,99.97,1.62,999,141.75,6114,0,0.073,0.15,0.3091,0.4962,0.502,0.0648,0.0,22.7881,0,0,True
2026-06-07,SUP_034,Chennai Forgings,South Asia,Machinery,22,3.4,0.927,47.3,45.0,52.9,medium,98.59,1.63,999,141.75,6114,0,0.073,0.15,0.3091,0.4661,0.529,0.0652,0.0,22.6291,0,0,True
2026-06-08,SUP_034,Chennai Forgings,South Asia,Machinery,22,3.4,0.927,55.5,44.6,58.9,medium,98.32,1.67,999,141.75,6114,0,0.073,0.15,0.3091,0.5223,0.589,0.0668,0.0,24.4999,0,0,True
2026-06-09,SUP_034,Chennai Forgings,South Asia,Machinery,22,3.4,0.927,52.5,41.7,86.1,high,96.55,3.47,999,141.75,6114,0,0.073,0.15,0.3091,0.4926,0.861,0.1388,0.0,28.6373,0,0,True
2026-06-10,SUP_034,Chennai Forgings,South Asia,Machinery,22,3.4,0.927,48.4,56.8,90.6,high,96.16,3.87,999,141.75,6114,0,0.073,0.15,0.3091,0.5092,0.906,0.1548,0.0,29.7581,0,0,True
2026-06-11,SUP_034,Chennai Forgings,South Asia,Machinery,22,3.4,0.927,46.2,53.0,82.6,high,95.2,4.86,999,141.75,6114,0,0.073,0.15,0.3091,0.4824,0.826,0.1944,0.0,28.6309,0,0,True
2026-06-12,SUP_034,Chennai Forgings,South Asia,Machinery,22,3.4,0.927,41.1,53.7,84.8,high,96.37,4.87,999,141.75,6114,0,0.073,0.15,0.3091,0.4488,0.848,0.1948,0.0,28.3389,0,0,True
2026-06-13,SUP_034,Chennai Forgings,South Asia,Machinery,22,3.4,0.927,45.1,54.5,96.1,high,96.75,4.87,999,141.75,6114,0,0.073,0.15,0.3091,0.4792,0.961,0.1948,0.0,30.4681,0,0,True
2026-06-14,SUP_034,Chennai Forgings,South Asia,Machinery,22,3.4,0.927,46.9,46.2,100.0,high,97.67,4.87,999,141.75,6114,0,0.073,0.15,0.3091,0.4669,1.0,0.1948,0.0,30.7927,0,0,True
2026-06-15,SUP_034,Chennai Forgings,South Asia,Machinery,22,3.4,0.927,50.0,44.8,100.0,high,97.28,4.88,999,141.75,6114,0,0.073,0.15,0.3091,0.4844,1.0,0.1952,0.0,31.1125,0,0,True
2026-06-16,SUP_034,Chennai Forgings,South Asia,Machinery,22,3.4,0.927,47.7,48.4,79.8,high,96.35,4.88,999,141.75,6114,0,0.073,0.15,0.3091,0.4791,0.798,0.1952,0.0,28.1891,0,0,True
2026-06-17,SUP_034,Chennai Forgings,South Asia,Machinery,22,3.4,0.927,47.5,49.9,74.6,high,95.39,4.89,999,141.75,6114,0,0.073,0.15,0.3091,0.4822,0.746,0.1956,0.0,27.5217,0,1,True
2026-06-18,SUP_034,Chennai Forgings,South Asia,Machinery,22,3.4,0.927,37.2,38.5,66.3,high,95.63,4.89,999,141.75,6114,0,0.073,0.15,0.3091,0.3759,0.663,0.1956,0.0,24.4463,0,1,True
2026-06-19,SUP_034,Chennai Forgings,South Asia,Machinery,22,3.4,0.927,40.6,38.0,47.5,medium,97.28,4.89,999,141.75,6114,0,0.073,0.15,0.3091,0.3982,0.475,0.1956,0.0,22.2157,0,1,True
2026-06-20,SUP_034,Chennai Forgings,South Asia,Machinery,22,3.4,0.927,42.2,45.9,37.7,low,97.66,4.89,999,141.75,6114,0,0.073,0.15,0.3091,0.4331,0.377,0.1956,0.0,21.4719,0,1,True
2026-06-21,SUP_034,Chennai Forgings,South Asia,Machinery,22,3.4,0.927,37.8,50.4,41.2,medium,97.32,4.89,999,141.75,6114,0,0.073,0.15,0.3091,0.4158,0.412,0.1956,0.0,21.6505,0,1,True
2026-06-22,SUP_034,Chennai Forgings,South Asia,Machinery,22,3.4,0.927,38.9,57.5,44.4,medium,97.15,4.89,999,141.75,6114,0,0.073,0.15,0.3091,0.4448,0.444,0.1956,0.0,22.6205,0,1,True
2026-06-23,SUP_034,Chennai Forgings,South Asia,Machinery,22,3.4,0.927,39.0,51.9,60.9,medium,97.12,4.89,999,141.75,6114,0,0.073,0.15,0.3091,0.4287,0.609,0.1956,0.0,24.6407,0,1,True
2026-06-24,SUP_034,Chennai Forgings,South Asia,Machinery,22,3.4,0.927,48.7,59.1,72.3,high,98.97,4.89,999,141.75,6114,0,0.073,0.15,0.3091,0.5182,0.723,0.1956,0.0,27.8477,1,0,True
2026-06-25,SUP_034,Chennai Forgings,South Asia,Machinery,22,3.4,0.927,43.6,58.3,62.4,medium,100.09,5.01,1,141.75,6114,0,0.073,0.15,0.3091,0.4801,0.624,0.2004,0.9672,41.309,0,0,True
2026-06-26,SUP_034,Chennai Forgings,South Asia,Machinery,22,3.4,0.927,45.8,66.2,68.9,high,100.33,5.25,2,141.75,6114,0,0.073,0.15,0.3091,0.5192,0.689,0.21,0.9355,42.5306,0,0,True
2026-06-27,SUP_034,Chennai Forgings,South Asia,Machinery,22,3.4,0.927,41.0,64.5,61.7,medium,100.43,5.35,3,141.75,6114,0,0.073,0.15,0.3091,0.4805,0.617,0.214,0.9048,40.3833,0,0,True
2026-06-28,SUP_034,Chennai Forgings,South Asia,Machinery,22,3.4,0.927,39.4,52.3,67.1,high,100.7,5.62,4,141.75,6114,0,0.073,0.15,0.3091,0.4327,0.671,0.2248,0.8752,39.9339,0,0,True
2026-06-29,SUP_034,Chennai Forgings,South Asia,Machinery,22,3.4,0.927,42.0,57.2,72.3,high,101.15,6.07,5,141.75,6114,0,0.073,0.15,0.3091,0.4656,0.723,0.2428,0.8465,41.011,0,0,True
2026-06-30,SUP_034,Chennai Forgings,South Asia,Machinery,22,3.4,0.927,41.9,54.5,80.2,high,100.78,6.06,6,141.75,6114,0,0.073,0.15,0.3091,0.4568,0.802,0.2424,0.8187,41.5098,0,0,True
2026-07-01,SUP_034,Chennai Forgings,South Asia,Machinery,22,3.4,0.927,42.8,52.6,70.1,high,100.01,6.06,7,141.75,6114,0,0.073,0.15,0.3091,0.4574,0.701,0.2424,0.7919,39.6771,0,0,True
2026-07-02,SUP_034,Chennai Forgings,South Asia,Machinery,22,3.4,0.927,45.1,45.3,76.5,high,100.95,6.06,8,141.75,6114,0,0.073,0.15,0.3091,0.4516,0.765,0.2424,0.7659,40.0534,0,0,True
2026-07-03,SUP_034,Chennai Forgings,South Asia,Machinery,22,3.4,0.927,43.2,55.3,54.5,medium,100.97,6.05,9,141.75,6114,0,0.073,0.15,0.3091,0.4683,0.545,0.242,0.7408,36.8674,0,0,True
2026-07-04,SUP_034,Chennai Forgings,South Asia,Machinery,22,3.4,0.927,48.1,52.5,67.4,high,101.83,6.74,10,141.75,6114,0,0.073,0.15,0.3091,0.4942,0.674,0.2696,0.7165,39.0822,0,0,True
2026-07-05,SUP_034,Chennai Forgings,South Asia,Machinery,22,3.4,0.927,46.7,61.2,64.8,medium,103.33,8.25,11,141.75,6114,0,0.073,0.15,0.3091,0.5105,0.648,0.33,0.693,39.3606,0,0,True
2026-07-06,SUP_034,Chennai Forgings,South Asia,Machinery,22,3.4,0.927,46.4,58.0,63.1,medium,103.81,8.73,12,141.75,6114,0,0.073,0.15,0.3091,0.4988,0.631,0.3492,0.6703,38.7788,0,0,True
2026-07-07,SUP_034,Chennai Forgings,South Asia,Machinery,22,3.4,0.927,48.4,52.7,42.9,medium,104.14,9.04,13,141.75,6114,0,0.073,0.15,0.3091,0.4969,0.429,0.3616,0.6483,35.7138,0,0,True
2026-07-08,SUP_034,Chennai Forgings,South Asia,Machinery,22,3.4,0.927,49.4,60.0,43.1,medium,107.05,11.95,14,141.75,6114,0,0.073,0.15,0.3091,0.5258,0.431,0.478,0.6271,37.3187,0,0,True
2026-07-09,SUP_034,Chennai Forgings,South Asia,Machinery,22,3.4,0.927,52.2,58.8,59.4,medium,107.24,12.1,15,141.75,6114,0,0.073,0.15,0.3091,0.5418,0.594,0.484,0.6065,39.6318,0,0,True
2026-07-10,SUP_034,Chennai Forgings,South Asia,Machinery,22,3.4,0.927,53.1,57.9,55.1,medium,106.25,12.06,16,141.75,6114,0,0.073,0.15,0.3091,0.5454,0.551,0.4824,0.5866,38.7572,0,0,True
2026-07-11,SUP_034,Chennai Forgings,South Asia,Machinery,22,3.4,0.927,54.6,50.7,62.4,medium,105.99,11.83,17,141.75,6114,0,0.073,0.15,0.3091,0.5343,0.624,0.4732,0.5674,39.1613,0,0,True
2026-07-12,SUP_034,Chennai Forgings,South Asia,Machinery,22,3.4,0.927,52.0,49.0,61.6,medium,107.41,11.95,18,141.75,6114,0,0.073,0.15,0.3091,0.511,0.616,0.478,0.5488,38.3899,0,0,True
2026-07-13,SUP_034,Chennai Forgings,South Asia,Machinery,22,3.4,0.927,46.4,52.1,70.6,high,106.23,11.91,19,141.75,6114,0,0.073,0.15,0.3091,0.4811,0.706,0.4764,0.5308,38.8046,0,0,True
2026-07-14,SUP_034,Chennai Forgings,South Asia,Machinery,22,3.4,0.927,39.8,45.7,69.2,high,105.54,11.88,20,141.75,6114,0,0.073,0.15,0.3091,0.4157,0.692,0.4752,0.5134,37.1386,0,0,True
2026-07-15,SUP_034,Chennai Forgings,South Asia,Machinery,22,3.4,0.927,33.1,44.3,57.8,medium,106.55,11.85,21,141.75,6114,0,0.073,0.15,0.3091,0.3646,0.578,0.474,0.4966,34.3391,0,0,True
2026-07-16,SUP_034,Chennai Forgings,South Asia,Machinery,22,3.4,0.927,43.7,43.7,58.4,medium,106.3,11.81,22,141.75,6114,0,0.073,0.15,0.3091,0.437,0.584,0.4724,0.4803,35.4466,0,0,True
2026-07-17,SUP_034,Chennai Forgings,South Asia,Machinery,22,3.4,0.927,33.9,45.7,73.1,high,106.2,11.53,23,141.75,6114,0,0.073,0.15,0.3091,0.3744,0.731,0.4612,0.4646,35.9915,0,0,True
2026-07-18,SUP_034,Chennai Forgings,South Asia,Machinery,22,3.4,0.927,41.7,54.9,73.9,high,107.18,10.04,24,141.75,6114,0,0.073,0.15,0.3091,0.4566,0.739,0.4016,0.4493,36.6242,0,0,True
2026-07-19,SUP_034,Chennai Forgings,South Asia,Machinery,22,3.4,0.927,38.7,53.3,68.9,high,106.53,10.01,25,141.75,6114,0,0.073,0.15,0.3091,0.4308,0.689,0.4004,0.4346,35.2097,0,0,True
2026-07-20,SUP_034,Chennai Forgings,South Asia,Machinery,22,3.4,0.927,45.7,49.9,87.0,high,105.19,9.98,26,141.75,6114,0,0.073,0.15,0.3091,0.4696,0.87,0.3992,0.4204,38.1997,0,0,True
2026-07-21,SUP_034,Chennai Forgings,South Asia,Machinery,22,3.4,0.927,35.6,65.2,90.5,high,103.92,9.96,27,141.75,6114,0,0.073,0.15,0.3091,0.4448,0.905,0.3984,0.4066,38.0132,0,0,True
2026-07-22,SUP_034,Chennai Forgings,South Asia,Machinery,22,3.4,0.927,36.4,61.4,89.9,high,104.45,9.94,28,141.75,6114,0,0.073,0.15,0.3091,0.439,0.899,0.3976,0.3932,37.602,0,0,True
2026-07-23,SUP_034,Chennai Forgings,South Asia,Machinery,22,3.4,0.927,45.0,59.4,84.9,high,104.69,8.13,29,141.75,6114,0,0.073,0.15,0.3091,0.4932,0.849,0.3252,0.3803,36.8025,0,0,True
2026-07-24,SUP_034,Chennai Forgings,South Asia,Machinery,22,3.4,0.927,48.8,56.9,84.9,high,104.06,7.12,30,141.75,6114,0,0.073,0.15,0.3091,0.5123,0.849,0.2848,0.3679,36.462,0,0,True
2026-07-25,SUP_034,Chennai Forgings,South Asia,Machinery,22,3.4,0.927,47.1,55.1,85.3,high,103.0,7.11,31,141.75,6114,0,0.073,0.15,0.3091,0.495,0.853,0.2844,0.3558,36.0088,0,0,True
2026-07-26,SUP_034,Chennai Forgings,South Asia,Machinery,22,3.4,0.927,38.0,55.5,58.2,medium,102.75,7.1,32,141.75,6114,0,0.073,0.15,0.3091,0.4325,0.582,0.284,0.3442,30.8984,0,0,True
2026-07-27,SUP_034,Chennai Forgings,South Asia,Machinery,22,3.4,0.927,33.3,60.3,61.8,medium,103.77,7.1,33,141.75,6114,0,0.073,0.15,0.3091,0.414,0.618,0.284,0.3329,30.8888,0,0,True
2026-07-28,SUP_034,Chennai Forgings,South Asia,Machinery,22,3.4,0.927,42.1,61.6,59.4,medium,103.01,7.09,34,141.75,6114,0,0.073,0.15,0.3091,0.4795,0.594,0.2836,0.322,31.5524,0,0,True
2026-07-29,SUP_034,Chennai Forgings,South Asia,Machinery,22,3.4,0.927,41.3,66.3,54.4,medium,102.4,7.09,35,141.75,6114,0,0.073,0.15,0.3091,0.488,0.544,0.2836,0.3114,30.8366,0,0,True
2026-07-30,SUP_034,Chennai Forgings,South Asia,Machinery,22,3.4,0.927,42.0,70.1,53.5,medium,101.32,7.09,36,141.75,6114,0,0.073,0.15,0.3091,0.5043,0.535,0.2836,0.3012,30.8406,0,0,True
2026-07-31,SUP_034,Chennai Forgings,South Asia,Machinery,22,3.4,0.927,44.2,68.9,40.2,medium,100.98,6.19,37,141.75,6114,0,0.073,0.15,0.3091,0.5161,0.402,0.2476,0.2913,28.601,0,0,True
2026-08-01,SUP_034,Chennai Forgings,South Asia,Machinery,22,3.4,0.927,38.6,68.8,28.0,low,101.29,6.17,38,141.75,6114,0,0.073,0.15,0.3091,0.4766,0.28,0.2468,0.2818,26.0196,0,0,True
2026-08-02,SUP_034,Chennai Forgings,South Asia,Machinery,22,3.4,0.927,41.9,72.6,47.0,medium,103.22,6.15,39,141.75,6114,0,0.073,0.15,0.3091,0.5111,0.47,0.246,0.2725,29.1432,0,0,True
2026-08-03,SUP_034,Chennai Forgings,South Asia,Machinery,22,3.4,0.927,40.9,64.1,54.0,medium,103.42,6.15,40,141.75,6114,0,0.073,0.15,0.3091,0.4786,0.54,0.246,0.2636,29.3953,0,0,True
2026-08-04,SUP_034,Chennai Forgings,South Asia,Machinery,22,3.4,0.927,43.3,75.9,32.7,low,103.37,6.15,41,141.75,6114,0,0.073,0.15,0.3091,0.5308,0.327,0.246,0.255,27.2146,0,0,True
2026-08-05,SUP_034,Chennai Forgings,South Asia,Machinery,22,3.4,0.927,41.3,70.1,33.7,low,104.16,6.15,42,141.75,6114,0,0.073,0.15,0.3091,0.4994,0.337,0.246,0.2466,26.6557,0,0,True
2026-08-06,SUP_034,Chennai Forgings,South Asia,Machinery,22,3.4,0.927,34.8,66.0,47.9,medium,104.79,6.15,43,141.75,6114,0,0.073,0.15,0.3091,0.4416,0.479,0.246,0.2385,27.4739,0,0,True
2026-08-07,SUP_034,Chennai Forgings,South Asia,Machinery,22,3.4,0.927,34.8,57.9,47.8,medium,104.26,6.15,44,141.75,6114,0,0.073,0.15,0.3091,0.4173,0.478,0.246,0.2307,26.8974,0,0,True
2026-08-08,SUP_034,Chennai Forgings,South Asia,Machinery,22,3.4,0.927,39.8,51.3,61.9,medium,106.36,6.15,45,141.75,6114,0,0.073,0.15,0.3091,0.4325,0.619,0.246,0.2231,29.024,0,0,True
2026-08-09,SUP_034,Chennai Forgings,South Asia,Machinery,22,3.4,0.927,42.9,57.0,70.7,high,106.34,6.15,46,141.75,6114,0,0.073,0.15,0.3091,0.4713,0.707,0.246,0.2158,30.8374,0,0,True
2026-08-10,SUP_034,Chennai Forgings,South Asia,Machinery,22,3.4,0.927,43.8,68.6,54.9,medium,106.56,6.15,47,141.75,6114,0,0.073,0.15,0.3091,0.5124,0.549,0.246,0.2087,29.2519,0,0,True
2026-08-11,SUP_034,Chennai Forgings,South Asia,Machinery,22,3.4,0.927,48.7,63.6,54.4,medium,107.06,5.93,48,141.75,6114,0,0.073,0.15,0.3091,0.5317,0.544,0.2372,0.2019,29.3143,0,0,True
2026-08-12,SUP_034,Chennai Forgings,South Asia,Machinery,22,3.4,0.927,47.6,64.1,51.1,medium,107.38,6.12,49,141.75,6114,0,0.073,0.15,0.3091,0.5255,0.511,0.2448,0.1953,28.726,0,0,True
2026-08-13,SUP_034,Chennai Forgings,South Asia,Machinery,22,3.4,0.927,48.0,63.9,40.0,low,108.77,7.44,50,141.75,6114,0,0.073,0.15,0.3091,0.5277,0.4,0.2976,0.1889,27.7427,0,0,True
2026-08-14,SUP_034,Chennai Forgings,South Asia,Machinery,22,3.4,0.927,45.7,67.9,31.0,low,108.23,7.44,51,141.75,6114,0,0.073,0.15,0.3091,0.5236,0.31,0.2976,0.1827,26.3098,0,0,True
2026-08-15,SUP_034,Chennai Forgings,South Asia,Machinery,22,3.4,0.927,50.6,77.6,57.6,medium,108.94,7.6,52,141.75,6114,0,0.073,0.15,0.3091,0.587,0.576,0.304,0.1767,31.156,0,0,True
2026-08-16,SUP_034,Chennai Forgings,South Asia,Machinery,22,3.4,0.927,51.6,82.2,58.5,medium,109.09,7.73,53,141.75,6114,0,0.073,0.15,0.3091,0.6078,0.585,0.3092,0.1709,31.6261,0,0,True
2026-08-17,SUP_034,Chennai Forgings,South Asia,Machinery,22,3.4,0.927,48.4,76.9,67.8,high,109.99,8.58,54,141.75,6114,0,0.073,0.15,0.3091,0.5695,0.678,0.3432,0.1653,32.5571,0,0,True
2026-08-18,SUP_034,Chennai Forgings,South Asia,Machinery,22,3.4,0.927,41.3,76.4,81.9,high,109.79,8.57,55,141.75,6114,0,0.073,0.15,0.3091,0.5183,0.819,0.3428,0.1599,33.518,0,0,True
2026-08-19,SUP_034,Chennai Forgings,South Asia,Machinery,22,3.4,0.927,47.5,76.5,87.5,high,109.47,8.56,56,141.75,6114,0,0.073,0.15,0.3091,0.562,0.875,0.3424,0.1546,34.9999,0,0,True
2026-08-20,SUP_034,Chennai Forgings,South Asia,Machinery,22,3.4,0.927,44.1,73.2,93.9,high,110.14,8.69,57,141.75,6114,0,0.073,0.15,0.3091,0.5283,0.939,0.3476,0.1496,35.2706,0,0,True
2026-08-21,SUP_034,Chennai Forgings,South Asia,Machinery,22,3.4,0.927,45.0,64.7,89.2,high,110.47,8.98,58,141.75,6114,0,0.073,0.15,0.3091,0.5091,0.892,0.3592,0.1447,34.3278,0,0,True
2026-08-22,SUP_034,Chennai Forgings,South Asia,Machinery,22,3.4,0.927,56.6,59.0,66.6,high,109.72,8.97,59,141.75,6114,0,0.073,0.15,0.3091,0.5732,0.666,0.3588,0.1399,32.2369,0,0,True
2026-08-23,SUP_034,Chennai Forgings,South Asia,Machinery,22,3.4,0.927,59.1,64.5,63.1,medium,110.95,9.4,60,141.75,6114,0,0.073,0.15,0.3091,0.6072,0.631,0.376,0.1353,32.4919,0,0,True
2026-08-24,SUP_034,Chennai Forgings,South Asia,Machinery,22,3.4,0.927,65.1,69.6,57.7,medium,111.62,10.01,61,141.75,6114,0,0.073,0.15,0.3091,0.6645,0.577,0.4004,0.1309,32.9891,0,0,True
2026-08-25,SUP_034,Chennai Forgings,South Asia,Machinery,22,3.4,0.927,60.0,66.3,75.3,high,111.55,9.98,62,141.75,6114,0,0.073,0.15,0.3091,0.6189,0.753,0.3992,0.1266,34.5492,0,0,True
2026-08-26,SUP_034,Chennai Forgings,South Asia,Machinery,22,3.4,0.927,63.3,66.0,49.4,medium,111.12,9.96,63,141.75,6114,0,0.073,0.15,0.3091,0.6411,0.494,0.3984,0.1225,31.2468,0,0,True
2026-08-27,SUP_034,Chennai Forgings,South Asia,Machinery,22,3.4,0.927,61.1,70.7,34.2,low,111.45,9.93,64,141.75,6114,0,0.073,0.15,0.3091,0.6398,0.342,0.3972,0.1184,29.0168,0,0,True
2026-08-28,SUP_034,Chennai Forgings,South Asia,Machinery,22,3.4,0.927,60.9,59.3,43.7,medium,112.06,10.31,65,141.75,6114,0,0.073,0.15,0.3091,0.6042,0.437,0.4124,0.1146,29.8263,0,0,True
2026-08-29,SUP_034,Chennai Forgings,South Asia,Machinery,22,3.4,0.927,68.5,56.3,44.8,medium,110.6,10.28,66,141.75,6114,0,0.073,0.15,0.3091,0.6484,0.448,0.4112,0.1108,30.7014,0,0,True
2026-08-30,SUP_034,Chennai Forgings,South Asia,Machinery,22,3.4,0.927,80.4,66.8,34.8,low,110.94,9.96,67,141.75,6114,0,0.073,0.15,0.3091,0.7632,0.348,0.3984,0.1072,31.156,0,0,True
2026-08-31,SUP_034,Chennai Forgings,South Asia,Machinery,22,3.4,0.927,78.0,66.6,30.8,low,111.54,8.15,68,141.75,6114,0,0.073,0.15,0.3091,0.7458,0.308,0.326,0.1037,29.3578,0,0,True
2026-09-01,SUP_034,Chennai Forgings,South Asia,Machinery,22,3.4,0.927,71.7,58.9,29.1,low,109.39,8.0,69,141.75,6114,0,0.073,0.15,0.3091,0.6786,0.291,0.32,0.1003,27.7839,0,0,True
2026-09-02,SUP_034,Chennai Forgings,South Asia,Machinery,22,3.4,0.927,74.8,58.9,44.6,medium,109.57,7.98,70,141.75,6114,0,0.073,0.15,0.3091,0.7003,0.446,0.3192,0.097,30.2823,0,0,True
2026-09-03,SUP_034,Chennai Forgings,South Asia,Machinery,22,3.4,0.927,70.5,63.7,59.2,medium,110.21,7.24,71,141.75,6114,0,0.073,0.15,0.3091,0.6846,0.592,0.2896,0.0938,31.6376,0,0,True
2026-09-04,SUP_034,Chennai Forgings,South Asia,Machinery,22,3.4,0.927,74.4,49.0,74.0,high,110.74,7.14,72,141.75,6114,0,0.073,0.15,0.3091,0.6678,0.74,0.2856,0.0907,33.31,0,0,True
2026-09-05,SUP_034,Chennai Forgings,South Asia,Machinery,22,3.4,0.927,65.1,50.8,55.3,medium,111.47,7.12,73,141.75,6114,0,0.073,0.15,0.3091,0.6081,0.553,0.2848,0.0877,29.5602,0,0,True
2026-09-06,SUP_034,Chennai Forgings,South Asia,Machinery,22,3.4,0.927,67.6,49.5,43.3,medium,111.17,5.21,74,141.75,6114,0,0.073,0.15,0.3091,0.6217,0.433,0.2084,0.0849,27.1622,0,0,True
2026-09-07,SUP_034,Chennai Forgings,South Asia,Machinery,22,3.4,0.927,64.0,41.7,33.7,low,110.22,5.21,75,141.75,6114,0,0.073,0.15,0.3091,0.5731,0.337,0.2084,0.0821,24.8989,0,0,True
2026-09-08,SUP_034,Chennai Forgings,South Asia,Machinery,22,3.4,0.927,67.5,44.1,51.7,medium,108.58,5.0,76,141.75,6114,0,0.073,0.15,0.3091,0.6048,0.517,0.2,0.0794,27.8456,0,0,True
2026-09-09,SUP_034,Chennai Forgings,South Asia,Machinery,22,3.4,0.927,67.0,45.0,57.1,medium,109.58,4.54,77,141.75,6114,0,0.073,0.15,0.3091,0.604,0.571,0.1816,0.0768,28.3248,0,0,True
2026-09-10,SUP_034,Chennai Forgings,South Asia,Machinery,22,3.4,0.927,64.0,46.4,58.1,medium,110.22,4.25,78,141.75,6114,0,0.073,0.15,0.3091,0.5872,0.581,0.17,0.0743,27.9829,0,0,True
2026-09-11,SUP_034,Chennai Forgings,South Asia,Machinery,22,3.4,0.927,62.2,45.8,60.2,medium,111.28,3.47,79,141.75,6114,0,0.073,0.15,0.3091,0.5728,0.602,0.1388,0.0718,27.6043,0,0,True
2026-09-12,SUP_034,Chennai Forgings,South Asia,Machinery,22,3.4,0.927,58.5,41.8,59.1,medium,110.62,3.47,80,141.75,6114,0,0.073,0.15,0.3091,0.5349,0.591,0.1388,0.0695,26.7304,0,0,True
2026-09-13,SUP_034,Chennai Forgings,South Asia,Machinery,22,3.4,0.927,47.1,36.1,48.5,medium,111.35,3.15,81,141.75,6114,0,0.073,0.15,0.3091,0.438,0.485,0.126,0.0672,23.3122,0,0,True
2026-09-14,SUP_034,Chennai Forgings,South Asia,Machinery,22,3.4,0.927,42.2,35.3,55.6,medium,109.98,3.15,82,141.75,6114,0,0.073,0.15,0.3091,0.4013,0.556,0.126,0.065,23.6103,0,1,True
2026-09-15,SUP_034,Chennai Forgings,South Asia,Machinery,22,3.4,0.927,41.8,42.8,54.5,medium,109.19,3.15,83,141.75,6114,0,0.073,0.15,0.3091,0.421,0.545,0.126,0.0629,23.7768,0,1,True
2026-09-16,SUP_034,Chennai Forgings,South Asia,Machinery,22,3.4,0.927,44.4,45.9,44.2,medium,109.31,3.15,84,141.75,6114,0,0.073,0.15,0.3091,0.4485,0.442,0.126,0.0608,22.7969,0,1,True
2026-09-17,SUP_034,Chennai Forgings,South Asia,Machinery,22,3.4,0.927,52.6,46.9,53.0,medium,109.91,3.15,85,141.75,6114,0,0.073,0.15,0.3091,0.5089,0.53,0.126,0.0588,25.0842,0,1,False
2026-09-18,SUP_034,Chennai Forgings,South Asia,Machinery,22,3.4,0.927,51.9,42.6,50.3,medium,111.44,3.15,86,141.75,6114,0,0.073,0.15,0.3091,0.4911,0.503,0.126,0.0569,24.3549,0,1,False
2026-09-19,SUP_034,Chennai Forgings,South Asia,Machinery,22,3.4,0.927,50.1,42.5,54.3,medium,111.22,3.15,87,141.75,6114,0,0.073,0.15,0.3091,0.4782,0.543,0.126,0.055,24.6529,0,1,False
2026-09-20,SUP_034,Chennai Forgings,South Asia,Machinery,22,3.4,0.927,51.1,48.3,54.1,medium,110.43,3.15,88,141.75,6114,0,0.073,0.15,0.3091,0.5026,0.541,0.126,0.0532,25.0352,0,1,False
2026-09-21,SUP_034,Chennai Forgings,South Asia,Machinery,22,3.4,0.927,40.8,51.9,63.3,medium,109.6,3.15,89,141.75,6114,0,0.073,0.15,0.3091,0.4413,0.633,0.126,0.0515,25.1919,1,0,False
2026-09-22,SUP_034,Chennai Forgings,South Asia,Machinery,22,3.4,0.927,36.2,49.9,64.0,medium,108.97,3.15,1,141.75,6114,0,0.073,0.15,0.3091,0.4031,0.64,0.126,0.9672,39.2542,0,0,False
2026-09-23,SUP_034,Chennai Forgings,South Asia,Machinery,22,3.4,0.927,36.2,36.9,54.3,medium,111.0,3.15,2,141.75,6114,0,0.073,0.15,0.3091,0.3641,0.543,0.126,0.9355,36.6868,0,0,False
2026-06-01,SUP_035,Osaka Ceramics,East Asia,Raw Materials,20,6.2,0.821,48.8,47.7,39.1,low,100.93,0.0,999,13.54,81519,1,0.179,0.125,0.62,0.4847,0.391,0.0,0.0,25.2286,0,0,True
2026-06-02,SUP_035,Osaka Ceramics,East Asia,Raw Materials,20,6.2,0.821,53.1,47.8,85.5,high,100.9,0.0,999,13.54,81519,1,0.179,0.125,0.62,0.5151,0.855,0.0,0.0,32.2718,0,0,True
2026-06-03,SUP_035,Osaka Ceramics,East Asia,Raw Materials,20,6.2,0.821,50.3,40.9,64.6,medium,98.86,0.0,999,13.54,81519,1,0.179,0.125,0.62,0.4748,0.646,0.0,0.0,28.6204,0,0,True
2026-06-04,SUP_035,Osaka Ceramics,East Asia,Raw Materials,20,6.2,0.821,49.0,41.5,65.2,high,97.68,0.0,999,13.54,81519,1,0.179,0.125,0.62,0.4675,0.652,0.0,0.0,28.573,0,0,True
2026-06-05,SUP_035,Osaka Ceramics,East Asia,Raw Materials,20,6.2,0.821,51.3,46.1,75.7,high,98.48,3.27,999,13.54,81519,1,0.179,0.125,0.62,0.4974,0.757,0.1308,0.0,32.1508,0,0,True
2026-06-06,SUP_035,Osaka Ceramics,East Asia,Raw Materials,20,6.2,0.821,47.5,53.6,68.4,high,98.93,3.27,999,13.54,81519,1,0.179,0.125,0.62,0.4933,0.684,0.1308,0.0,31.055,0,0,True
2026-06-07,SUP_035,Osaka Ceramics,East Asia,Raw Materials,20,6.2,0.821,45.3,52.1,68.5,high,96.47,4.51,999,13.54,81519,1,0.179,0.125,0.62,0.4734,0.685,0.1804,0.0,31.306,0,0,True
2026-06-08,SUP_035,Osaka Ceramics,East Asia,Raw Materials,20,6.2,0.821,41.6,55.1,76.3,high,97.27,4.52,999,13.54,81519,1,0.179,0.125,0.62,0.4565,0.763,0.1808,0.0,32.0986,0,0,True
2026-06-09,SUP_035,Osaka Ceramics,East Asia,Raw Materials,20,6.2,0.821,39.5,45.7,58.0,medium,95.29,5.74,999,13.54,81519,1,0.179,0.125,0.62,0.4136,0.58,0.2296,0.0,29.35,0,0,True
2026-06-10,SUP_035,Osaka Ceramics,East Asia,Raw Materials,20,6.2,0.821,40.1,43.9,42.8,medium,97.0,5.74,999,13.54,81519,1,0.179,0.125,0.62,0.4124,0.428,0.2296,0.0,27.2004,0,0,True
2026-06-11,SUP_035,Osaka Ceramics,East Asia,Raw Materials,20,6.2,0.821,36.5,40.8,30.7,low,97.26,5.75,999,13.54,81519,1,0.179,0.125,0.62,0.3779,0.307,0.23,0.0,24.8902,0,0,True
2026-06-12,SUP_035,Osaka Ceramics,East Asia,Raw Materials,20,6.2,0.821,38.7,41.8,25.5,low,96.68,5.76,999,13.54,81519,1,0.179,0.125,0.62,0.3963,0.255,0.2304,0.0,24.4982,0,0,True
2026-06-13,SUP_035,Osaka Ceramics,East Asia,Raw Materials,20,6.2,0.821,40.5,49.2,16.1,low,97.93,5.76,999,13.54,81519,1,0.179,0.125,0.62,0.4311,0.161,0.2304,0.0,23.8086,0,0,True
2026-06-14,SUP_035,Osaka Ceramics,East Asia,Raw Materials,20,6.2,0.821,39.9,48.4,9.8,low,98.37,5.75,999,13.54,81519,1,0.179,0.125,0.62,0.4245,0.098,0.23,0.0,22.803,0,0,True
2026-06-15,SUP_035,Osaka Ceramics,East Asia,Raw Materials,20,6.2,0.821,36.3,41.5,9.6,low,100.04,5.75,999,13.54,81519,1,0.179,0.125,0.62,0.3786,0.096,0.23,0.0,21.9488,0,0,True
2026-06-16,SUP_035,Osaka Ceramics,East Asia,Raw Materials,20,6.2,0.821,37.7,33.8,29.8,low,100.15,5.74,999,13.54,81519,1,0.179,0.125,0.62,0.3653,0.298,0.2296,0.0,24.5326,0,0,True
2026-06-17,SUP_035,Osaka Ceramics,East Asia,Raw Materials,20,6.2,0.821,35.9,42.7,30.7,low,100.32,5.73,999,13.54,81519,1,0.179,0.125,0.62,0.3794,0.307,0.2292,0.0,24.9076,0,0,True
2026-06-18,SUP_035,Osaka Ceramics,East Asia,Raw Materials,20,6.2,0.821,37.0,44.2,34.6,low,99.96,5.73,999,13.54,81519,1,0.179,0.125,0.62,0.3916,0.346,0.2292,0.0,25.6732,0,0,True
2026-06-19,SUP_035,Osaka Ceramics,East Asia,Raw Materials,20,6.2,0.821,43.0,45.2,28.4,low,100.29,5.72,999,13.54,81519,1,0.179,0.125,0.62,0.4366,0.284,0.2288,0.0,25.6104,0,0,True
2026-06-20,SUP_035,Osaka Ceramics,East Asia,Raw Materials,20,6.2,0.821,36.9,41.9,38.4,low,102.43,7.23,999,13.54,81519,1,0.179,0.125,0.62,0.384,0.384,0.2892,0.0,26.7884,0,0,True
2026-06-21,SUP_035,Osaka Ceramics,East Asia,Raw Materials,20,6.2,0.821,48.0,42.2,57.4,medium,101.8,7.22,999,13.54,81519,1,0.179,0.125,0.62,0.4626,0.574,0.2888,0.0,30.8584,0,0,True
2026-06-22,SUP_035,Osaka Ceramics,East Asia,Raw Materials,20,6.2,0.821,46.7,36.0,46.1,medium,102.62,7.4,999,13.54,81519,1,0.179,0.125,0.62,0.4349,0.461,0.296,0.0,28.8642,0,0,True
2026-06-23,SUP_035,Osaka Ceramics,East Asia,Raw Materials,20,6.2,0.821,48.0,37.9,61.8,medium,101.51,7.39,999,13.54,81519,1,0.179,0.125,0.62,0.4497,0.618,0.2956,0.0,31.3238,0,0,True
2026-06-24,SUP_035,Osaka Ceramics,East Asia,Raw Materials,20,6.2,0.821,43.5,31.2,61.0,medium,98.9,7.39,999,13.54,81519,1,0.179,0.125,0.62,0.3981,0.61,0.2956,0.0,30.283,0,0,True
2026-06-25,SUP_035,Osaka Ceramics,East Asia,Raw Materials,20,6.2,0.821,48.7,29.9,57.1,medium,99.16,7.39,999,13.54,81519,1,0.179,0.125,0.62,0.4306,0.571,0.2956,0.0,30.322,0,0,True
2026-06-26,SUP_035,Osaka Ceramics,East Asia,Raw Materials,20,6.2,0.821,47.1,27.3,57.8,medium,99.63,7.39,999,13.54,81519,1,0.179,0.125,0.62,0.4116,0.578,0.2956,0.0,30.078,0,0,True
2026-06-27,SUP_035,Osaka Ceramics,East Asia,Raw Materials,20,6.2,0.821,44.5,11.3,58.2,medium,99.49,7.39,999,13.54,81519,1,0.179,0.125,0.62,0.3454,0.582,0.2956,0.0,28.9424,0,0,True
2026-06-28,SUP_035,Osaka Ceramics,East Asia,Raw Materials,20,6.2,0.821,63.6,13.0,72.1,high,97.6,7.39,999,13.54,81519,1,0.179,0.125,0.62,0.4842,0.721,0.2956,0.0,33.3868,0,0,True
2026-06-29,SUP_035,Osaka Ceramics,East Asia,Raw Materials,20,6.2,0.821,62.4,11.6,70.1,high,97.99,7.4,999,13.54,81519,1,0.179,0.125,0.62,0.4716,0.701,0.296,0.0,32.8848,0,0,True
2026-06-30,SUP_035,Osaka Ceramics,East Asia,Raw Materials,20,6.2,0.821,64.7,14.0,68.9,high,98.32,7.4,999,13.54,81519,1,0.179,0.125,0.62,0.4949,0.689,0.296,0.0,33.1362,0,0,True
2026-07-01,SUP_035,Osaka Ceramics,East Asia,Raw Materials,20,6.2,0.821,65.4,17.1,59.0,medium,97.2,7.41,999,13.54,81519,1,0.179,0.125,0.62,0.5091,0.59,0.2964,0.0,32.0106,0,0,True
2026-07-02,SUP_035,Osaka Ceramics,East Asia,Raw Materials,20,6.2,0.821,65.1,29.1,63.3,medium,95.49,7.42,999,13.54,81519,1,0.179,0.125,0.62,0.543,0.633,0.2968,0.0,33.2276,0,0,True
2026-07-03,SUP_035,Osaka Ceramics,East Asia,Raw Materials,20,6.2,0.821,61.6,31.6,49.8,medium,95.18,7.54,999,13.54,81519,1,0.179,0.125,0.62,0.526,0.498,0.3016,0.0,31.0892,0,0,True
2026-07-04,SUP_035,Osaka Ceramics,East Asia,Raw Materials,20,6.2,0.821,58.3,33.9,49.6,medium,96.0,7.55,999,13.54,81519,1,0.179,0.125,0.62,0.5098,0.496,0.302,0.0,30.7744,0,1,True
2026-07-05,SUP_035,Osaka Ceramics,East Asia,Raw Materials,20,6.2,0.821,57.0,36.7,75.2,high,96.52,7.55,999,13.54,81519,1,0.179,0.125,0.62,0.5091,0.752,0.302,0.0,34.3458,0,1,True
2026-07-06,SUP_035,Osaka Ceramics,East Asia,Raw Materials,20,6.2,0.821,60.3,41.0,44.4,medium,95.41,7.56,999,13.54,81519,1,0.179,0.125,0.62,0.5451,0.444,0.3024,0.0,30.6866,0,1,True
2026-07-07,SUP_035,Osaka Ceramics,East Asia,Raw Materials,20,6.2,0.821,64.0,42.5,46.7,medium,95.59,7.56,999,13.54,81519,1,0.179,0.125,0.62,0.5755,0.467,0.3024,0.0,31.5558,0,1,True
2026-07-08,SUP_035,Osaka Ceramics,East Asia,Raw Materials,20,6.2,0.821,67.8,42.9,48.8,medium,96.71,7.56,999,13.54,81519,1,0.179,0.125,0.62,0.6033,0.488,0.3024,0.0,32.3502,0,1,True
2026-07-09,SUP_035,Osaka Ceramics,East Asia,Raw Materials,20,6.2,0.821,67.3,45.4,45.8,medium,95.23,7.56,999,13.54,81519,1,0.179,0.125,0.62,0.6073,0.458,0.3024,0.0,32.0022,0,1,True
2026-07-10,SUP_035,Osaka Ceramics,East Asia,Raw Materials,20,6.2,0.821,68.6,31.1,43.7,medium,95.31,7.57,999,13.54,81519,1,0.179,0.125,0.62,0.5735,0.437,0.3028,0.0,31.1046,0,1,True
2026-07-11,SUP_035,Osaka Ceramics,East Asia,Raw Materials,20,6.2,0.821,67.2,42.7,44.9,medium,97.0,7.57,999,13.54,81519,1,0.179,0.125,0.62,0.5985,0.449,0.3028,0.0,31.7226,1,0,True
2026-07-12,SUP_035,Osaka Ceramics,East Asia,Raw Materials,20,6.2,0.821,36.2,49.9,42.6,medium,95.39,7.57,1,13.54,81519,1,0.179,0.125,0.62,0.4031,0.426,0.3028,0.9672,43.3589,0,0,True
2026-07-13,SUP_035,Osaka Ceramics,East Asia,Raw Materials,20,6.2,0.821,36.1,48.8,45.2,medium,96.85,7.58,2,13.54,81519,1,0.179,0.125,0.62,0.3991,0.452,0.3032,0.9355,43.1483,0,0,True
2026-07-14,SUP_035,Osaka Ceramics,East Asia,Raw Materials,20,6.2,0.821,35.2,39.3,40.7,medium,98.89,7.57,3,13.54,81519,1,0.179,0.125,0.62,0.3643,0.407,0.3028,0.9048,41.3964,0,0,True
2026-07-15,SUP_035,Osaka Ceramics,East Asia,Raw Materials,20,6.2,0.821,31.3,45.0,60.5,medium,98.61,7.58,4,13.54,81519,1,0.179,0.125,0.62,0.3541,0.605,0.3032,0.8752,43.515,0,0,True
2026-07-16,SUP_035,Osaka Ceramics,East Asia,Raw Materials,20,6.2,0.821,30.2,39.9,54.3,medium,98.17,7.58,5,13.54,81519,1,0.179,0.125,0.62,0.3311,0.543,0.3032,0.8465,41.7739,0,0,True
2026-07-17,SUP_035,Osaka Ceramics,East Asia,Raw Materials,20,6.2,0.821,32.6,41.9,57.2,medium,99.48,7.58,6,13.54,81519,1,0.179,0.125,0.62,0.3539,0.572,0.3032,0.8187,42.1463,0,0,True
2026-07-18,SUP_035,Osaka Ceramics,East Asia,Raw Materials,20,6.2,0.821,28.6,34.1,48.0,medium,99.24,7.59,7,13.54,81519,1,0.179,0.125,0.62,0.3025,0.48,0.3036,0.7919,39.5084,0,0,True
2026-07-19,SUP_035,Osaka Ceramics,East Asia,Raw Materials,20,6.2,0.821,27.3,46.0,55.9,medium,96.27,7.6,8,13.54,81519,1,0.179,0.125,0.62,0.3291,0.559,0.304,0.7659,40.6827,0,0,True
2026-07-20,SUP_035,Osaka Ceramics,East Asia,Raw Materials,20,6.2,0.821,36.8,36.8,59.9,medium,96.15,7.61,9,13.54,81519,1,0.179,0.125,0.62,0.368,0.599,0.3044,0.7408,41.5459,0,0,True
2026-07-21,SUP_035,Osaka Ceramics,East Asia,Raw Materials,20,6.2,0.821,30.0,36.9,60.1,medium,96.74,7.63,10,13.54,81519,1,0.179,0.125,0.62,0.3207,0.601,0.3052,0.7165,40.3435,0,0,True
2026-07-22,SUP_035,Osaka Ceramics,East Asia,Raw Materials,20,6.2,0.821,30.9,25.4,46.8,medium,97.68,6.5,11,13.54,81519,1,0.179,0.125,0.62,0.2925,0.468,0.26,0.693,37.0556,0,0,True
2026-07-23,SUP_035,Osaka Ceramics,East Asia,Raw Materials,20,6.2,0.821,27.1,26.6,39.4,low,96.57,4.58,12,13.54,81519,1,0.179,0.125,0.62,0.2695,0.394,0.1832,0.6703,34.3205,0,0,True
2026-07-24,SUP_035,Osaka Ceramics,East Asia,Raw Materials,20,6.2,0.821,25.7,25.6,56.4,medium,96.23,4.58,13,13.54,81519,1,0.179,0.125,0.62,0.2567,0.564,0.1832,0.6483,36.1185,0,0,True
2026-07-25,SUP_035,Osaka Ceramics,East Asia,Raw Materials,20,6.2,0.821,27.2,33.0,46.5,medium,97.46,4.58,14,13.54,81519,1,0.179,0.125,0.62,0.2894,0.465,0.1832,0.6271,34.981,0,0,True
2026-07-26,SUP_035,Osaka Ceramics,East Asia,Raw Materials,20,6.2,0.821,24.8,31.1,52.0,medium,97.38,4.44,15,13.54,81519,1,0.179,0.125,0.62,0.2669,0.52,0.1776,0.6065,34.9499,0,0,True
2026-07-27,SUP_035,Osaka Ceramics,East Asia,Raw Materials,20,6.2,0.821,30.1,37.7,41.5,medium,95.45,4.44,16,13.54,81519,1,0.179,0.125,0.62,0.3238,0.415,0.1776,0.5866,34.1859,0,0,True
2026-07-28,SUP_035,Osaka Ceramics,East Asia,Raw Materials,20,6.2,0.821,38.3,31.9,51.7,medium,97.02,4.44,17,13.54,81519,1,0.179,0.125,0.62,0.3638,0.517,0.1776,0.5674,36.0262,0,0,True
2026-07-29,SUP_035,Osaka Ceramics,East Asia,Raw Materials,20,6.2,0.821,42.8,30.9,43.7,medium,96.75,4.44,18,13.54,81519,1,0.179,0.125,0.62,0.3923,0.437,0.1776,0.5488,35.1216,0,0,True
2026-07-30,SUP_035,Osaka Ceramics,East Asia,Raw Materials,20,6.2,0.821,47.6,30.1,35.1,low,98.12,4.44,19,13.54,81519,1,0.179,0.125,0.62,0.4235,0.351,0.1776,0.5308,34.1913,0,0,True
2026-07-31,SUP_035,Osaka Ceramics,East Asia,Raw Materials,20,6.2,0.821,40.2,33.4,31.0,low,96.36,4.44,20,13.54,81519,1,0.179,0.125,0.62,0.3816,0.31,0.1776,0.5134,32.5847,0,0,True
2026-08-01,SUP_035,Osaka Ceramics,East Asia,Raw Materials,20,6.2,0.821,39.3,35.6,29.4,low,96.21,4.44,21,13.54,81519,1,0.179,0.125,0.62,0.3819,0.294,0.1776,0.4966,32.0968,0,0,True
2026-08-02,SUP_035,Osaka Ceramics,East Asia,Raw Materials,20,6.2,0.821,41.9,39.3,37.0,low,96.85,4.39,22,13.54,81519,1,0.179,0.125,0.62,0.4112,0.37,0.1756,0.4803,33.4037,0,0,True
2026-08-03,SUP_035,Osaka Ceramics,East Asia,Raw Materials,20,6.2,0.821,46.1,40.1,39.7,low,96.74,4.39,23,13.54,81519,1,0.179,0.125,0.62,0.443,0.397,0.1756,0.4646,34.1021,0,0,True
2026-08-04,SUP_035,Osaka Ceramics,East Asia,Raw Materials,20,6.2,0.821,53.8,42.8,30.8,low,95.25,4.39,24,13.54,81519,1,0.179,0.125,0.62,0.505,0.308,0.1756,0.4493,33.7285,0,0,True
2026-08-05,SUP_035,Osaka Ceramics,East Asia,Raw Materials,20,6.2,0.821,57.1,36.9,34.1,low,92.24,7.48,25,13.54,81519,1,0.179,0.125,0.62,0.5104,0.341,0.2992,0.4346,35.5352,0,0,True
2026-08-06,SUP_035,Osaka Ceramics,East Asia,Raw Materials,20,6.2,0.821,59.1,38.7,26.3,low,94.16,7.49,26,13.54,81519,1,0.179,0.125,0.62,0.5298,0.263,0.2996,0.4204,34.5692,0,0,True
2026-08-07,SUP_035,Osaka Ceramics,East Asia,Raw Materials,20,6.2,0.821,69.0,46.6,36.9,low,94.47,7.49,27,13.54,81519,1,0.179,0.125,0.62,0.6228,0.369,0.2996,0.4066,37.5067,0,0,True
2026-08-08,SUP_035,Osaka Ceramics,East Asia,Raw Materials,20,6.2,0.821,65.4,36.0,46.6,medium,95.95,7.49,28,13.54,81519,1,0.179,0.125,0.62,0.5658,0.466,0.2996,0.3932,37.6255,0,0,True
2026-08-09,SUP_035,Osaka Ceramics,East Asia,Raw Materials,20,6.2,0.821,60.5,38.4,46.0,medium,97.12,7.49,29,13.54,81519,1,0.179,0.125,0.62,0.5387,0.46,0.2996,0.3803,36.8474,0,0,True
2026-08-10,SUP_035,Osaka Ceramics,East Asia,Raw Materials,20,6.2,0.821,58.6,41.5,48.2,medium,97.87,7.49,30,13.54,81519,1,0.179,0.125,0.62,0.5347,0.482,0.2996,0.3679,36.8839,0,0,True
2026-08-11,SUP_035,Osaka Ceramics,East Asia,Raw Materials,20,6.2,0.821,51.8,48.2,63.7,medium,97.46,7.48,31,13.54,81519,1,0.179,0.125,0.62,0.5072,0.637,0.2992,0.3558,38.3611,0,0,True
2026-08-12,SUP_035,Osaka Ceramics,East Asia,Raw Materials,20,6.2,0.821,50.6,50.0,57.5,medium,98.08,7.48,32,13.54,81519,1,0.179,0.125,0.62,0.5042,0.575,0.2992,0.3442,37.2525,0,0,True
2026-08-13,SUP_035,Osaka Ceramics,East Asia,Raw Materials,20,6.2,0.821,41.1,48.3,45.7,medium,99.89,7.9,33,13.54,81519,1,0.179,0.125,0.62,0.4326,0.457,0.316,0.3329,34.3327,0,0,True
2026-08-14,SUP_035,Osaka Ceramics,East Asia,Raw Materials,20,6.2,0.821,38.8,48.6,50.9,medium,99.99,8.0,34,13.54,81519,1,0.179,0.125,0.62,0.4174,0.509,0.32,0.322,34.6605,0,0,True
2026-08-15,SUP_035,Osaka Ceramics,East Asia,Raw Materials,20,6.2,0.821,38.7,42.7,38.9,low,102.39,10.46,35,13.54,81519,1,0.179,0.125,0.62,0.399,0.389,0.4184,0.3114,33.6613,0,0,True
2026-08-16,SUP_035,Osaka Ceramics,East Asia,Raw Materials,20,6.2,0.821,43.7,39.5,38.5,low,100.5,10.45,36,13.54,81519,1,0.179,0.125,0.62,0.4244,0.385,0.418,0.3012,33.8943,0,0,True
2026-08-17,SUP_035,Osaka Ceramics,East Asia,Raw Materials,20,6.2,0.821,48.7,31.8,34.6,low,98.47,10.46,37,13.54,81519,1,0.179,0.125,0.62,0.4363,0.346,0.4184,0.2913,33.4093,0,0,True
2026-08-18,SUP_035,Osaka Ceramics,East Asia,Raw Materials,20,6.2,0.821,43.1,40.1,30.7,low,99.72,10.45,38,13.54,81519,1,0.179,0.125,0.62,0.422,0.307,0.418,0.2818,32.4483,0,0,True
2026-08-19,SUP_035,Osaka Ceramics,East Asia,Raw Materials,20,6.2,0.821,52.8,41.7,31.9,low,98.69,10.44,39,13.54,81519,1,0.179,0.125,0.62,0.4947,0.319,0.4176,0.2725,33.7723,0,0,True
2026-08-20,SUP_035,Osaka Ceramics,East Asia,Raw Materials,20,6.2,0.821,51.9,35.9,43.5,medium,101.27,10.42,40,13.54,81519,1,0.179,0.125,0.62,0.471,0.435,0.4168,0.2636,34.8172,0,0,True
2026-08-21,SUP_035,Osaka Ceramics,East Asia,Raw Materials,20,6.2,0.821,51.5,37.2,54.1,medium,102.95,10.97,41,13.54,81519,1,0.179,0.125,0.62,0.4721,0.541,0.4388,0.255,36.4467,0,0,True
2026-08-22,SUP_035,Osaka Ceramics,East Asia,Raw Materials,20,6.2,0.821,42.4,42.9,60.4,medium,104.96,13.0,42,13.54,81519,1,0.179,0.125,0.62,0.4255,0.604,0.52,0.2466,37.3306,0,0,True
2026-08-23,SUP_035,Osaka Ceramics,East Asia,Raw Materials,20,6.2,0.821,39.4,47.0,59.7,medium,106.07,14.08,43,13.54,81519,1,0.179,0.125,0.62,0.4168,0.597,0.5632,0.2385,37.465,0,0,True
2026-08-24,SUP_035,Osaka Ceramics,East Asia,Raw Materials,20,6.2,0.821,44.8,40.3,53.6,medium,104.91,14.05,44,13.54,81519,1,0.179,0.125,0.62,0.4345,0.536,0.562,0.2307,36.7901,0,0,True
2026-08-25,SUP_035,Osaka Ceramics,East Asia,Raw Materials,20,6.2,0.821,45.2,23.0,29.6,low,102.82,14.02,45,13.54,81519,1,0.179,0.125,0.62,0.3854,0.296,0.5608,0.2231,32.4109,0,0,True
2026-08-26,SUP_035,Osaka Ceramics,East Asia,Raw Materials,20,6.2,0.821,45.2,26.9,36.9,low,104.7,13.98,46,13.54,81519,1,0.179,0.125,0.62,0.3971,0.369,0.5592,0.2158,33.5072,0,0,True
2026-08-27,SUP_035,Osaka Ceramics,East Asia,Raw Materials,20,6.2,0.821,45.8,23.4,17.8,low,102.81,13.95,47,13.54,81519,1,0.179,0.125,0.62,0.3908,0.178,0.558,0.2087,30.5922,0,0,True
2026-08-28,SUP_035,Osaka Ceramics,East Asia,Raw Materials,20,6.2,0.821,38.4,28.4,6.8,low,104.81,13.91,48,13.54,81519,1,0.179,0.125,0.62,0.354,0.068,0.5564,0.2019,28.2611,0,0,True
2026-08-29,SUP_035,Osaka Ceramics,East Asia,Raw Materials,20,6.2,0.821,38.5,34.4,14.8,low,105.65,13.88,49,13.54,81519,1,0.179,0.125,0.62,0.3727,0.148,0.5552,0.1953,29.5974,0,0,True
2026-08-30,SUP_035,Osaka Ceramics,East Asia,Raw Materials,20,6.2,0.821,45.7,40.4,24.8,low,105.56,13.84,50,13.54,81519,1,0.179,0.125,0.62,0.4411,0.248,0.5536,0.1889,32.107,0,0,True
2026-08-31,SUP_035,Osaka Ceramics,East Asia,Raw Materials,20,6.2,0.821,50.3,48.8,25.7,low,106.12,13.84,51,13.54,81519,1,0.179,0.125,0.62,0.4985,0.257,0.5536,0.1827,33.1671,0,0,True
2026-09-01,SUP_035,Osaka Ceramics,East Asia,Raw Materials,20,6.2,0.821,48.4,53.2,44.7,medium,106.7,14.37,52,13.54,81519,1,0.179,0.125,0.62,0.4984,0.447,0.5748,0.1767,35.9839,0,0,True
2026-09-02,SUP_035,Osaka Ceramics,East Asia,Raw Materials,20,6.2,0.821,54.9,59.7,49.1,medium,106.45,14.33,53,13.54,81519,1,0.179,0.125,0.62,0.5634,0.491,0.5732,0.1709,37.658,0,0,True
2026-09-03,SUP_035,Osaka Ceramics,East Asia,Raw Materials,20,6.2,0.821,47.0,63.3,45.8,medium,108.25,15.79,54,13.54,81519,1,0.179,0.125,0.62,0.5189,0.458,0.6316,0.1653,37.0062,0,0,True
2026-09-04,SUP_035,Osaka Ceramics,East Asia,Raw Materials,20,6.2,0.821,41.6,66.7,58.4,medium,110.0,15.54,55,13.54,81519,1,0.179,0.125,0.62,0.4913,0.584,0.6216,0.1599,38.0667,0,0,True
2026-09-05,SUP_035,Osaka Ceramics,East Asia,Raw Materials,20,6.2,0.821,50.5,61.8,69.5,high,110.2,15.35,56,13.54,81519,1,0.179,0.125,0.62,0.5389,0.695,0.614,0.1546,40.3024,0,0,True
2026-09-06,SUP_035,Osaka Ceramics,East Asia,Raw Materials,20,6.2,0.821,52.0,51.0,68.2,high,109.44,13.84,57,13.54,81519,1,0.179,0.125,0.62,0.517,0.682,0.5536,0.1496,38.9203,0,0,True
2026-09-07,SUP_035,Osaka Ceramics,East Asia,Raw Materials,20,6.2,0.821,49.1,61.6,55.2,medium,111.09,13.5,58,13.54,81519,1,0.179,0.125,0.62,0.5285,0.552,0.54,0.1447,37.0656,0,0,True
2026-09-08,SUP_035,Osaka Ceramics,East Asia,Raw Materials,20,6.2,0.821,47.8,58.0,47.5,medium,108.54,13.12,59,13.54,81519,1,0.179,0.125,0.62,0.5086,0.475,0.5248,0.1399,35.3712,0,0,True
2026-09-09,SUP_035,Osaka Ceramics,East Asia,Raw Materials,20,6.2,0.821,43.1,61.0,33.5,low,109.1,13.07,60,13.54,81519,1,0.179,0.125,0.62,0.4847,0.335,0.5228,0.1353,32.8836,0,0,True
2026-09-10,SUP_035,Osaka Ceramics,East Asia,Raw Materials,20,6.2,0.821,44.2,54.2,71.4,high,110.03,12.43,61,13.54,81519,1,0.179,0.125,0.62,0.472,0.714,0.4972,0.1309,37.5828,0,0,True
2026-09-11,SUP_035,Osaka Ceramics,East Asia,Raw Materials,20,6.2,0.821,44.8,56.4,63.9,medium,108.98,12.02,62,13.54,81519,1,0.179,0.125,0.62,0.4828,0.639,0.4808,0.1266,36.4617,0,0,True
2026-09-12,SUP_035,Osaka Ceramics,East Asia,Raw Materials,20,6.2,0.821,44.5,40.3,65.0,medium,110.21,11.98,63,13.54,81519,1,0.179,0.125,0.62,0.4324,0.65,0.4792,0.1225,35.6229,0,0,True
2026-09-13,SUP_035,Osaka Ceramics,East Asia,Raw Materials,20,6.2,0.821,38.6,37.4,71.3,high,110.18,11.94,64,13.54,81519,1,0.179,0.125,0.62,0.3824,0.713,0.4776,0.1184,35.5215,0,0,True
2026-09-14,SUP_035,Osaka Ceramics,East Asia,Raw Materials,20,6.2,0.821,40.4,36.5,55.2,medium,109.49,11.91,65,13.54,81519,1,0.179,0.125,0.62,0.3923,0.552,0.4764,0.1146,33.3691,0,0,True
2026-09-15,SUP_035,Osaka Ceramics,East Asia,Raw Materials,20,6.2,0.821,38.1,38.7,49.8,medium,110.71,11.87,66,13.54,81519,1,0.179,0.125,0.62,0.3828,0.498,0.4748,0.1108,32.3629,0,0,True
2026-09-16,SUP_035,Osaka Ceramics,East Asia,Raw Materials,20,6.2,0.821,34.0,43.8,52.7,medium,109.34,11.63,67,13.54,81519,1,0.179,0.125,0.62,0.3694,0.527,0.4652,0.1072,32.3543,0,0,True
2026-09-17,SUP_035,Osaka Ceramics,East Asia,Raw Materials,20,6.2,0.821,41.2,36.7,23.8,low,110.43,11.59,68,13.54,81519,1,0.179,0.125,0.62,0.3985,0.238,0.4636,0.1037,28.7567,0,0,False
2026-09-18,SUP_035,Osaka Ceramics,East Asia,Raw Materials,20,6.2,0.821,51.6,39.9,24.5,low,107.93,9.15,69,13.54,81519,1,0.179,0.125,0.62,0.4809,0.245,0.366,0.1003,29.1123,0,0,False
2026-09-19,SUP_035,Osaka Ceramics,East Asia,Raw Materials,20,6.2,0.821,59.4,45.7,27.1,low,108.29,7.7,70,13.54,81519,1,0.179,0.125,0.62,0.5529,0.271,0.308,0.097,30.0238,0,0,False
2026-09-20,SUP_035,Osaka Ceramics,East Asia,Raw Materials,20,6.2,0.821,59.9,56.4,25.1,low,108.35,7.69,71,13.54,81519,1,0.179,0.125,0.62,0.5885,0.251,0.3076,0.0938,30.3289,0,0,False
2026-09-21,SUP_035,Osaka Ceramics,East Asia,Raw Materials,20,6.2,0.821,55.9,56.9,16.6,low,107.67,7.68,72,13.54,81519,1,0.179,0.125,0.62,0.562,0.166,0.3072,0.0907,28.6079,0,0,False
2026-09-22,SUP_035,Osaka Ceramics,East Asia,Raw Materials,20,6.2,0.821,53.5,51.2,18.8,low,108.16,7.67,73,13.54,81519,1,0.179,0.125,0.62,0.5281,0.188,0.3068,0.0877,28.2533,0,0,False
2026-09-23,SUP_035,Osaka Ceramics,East Asia,Raw Materials,20,6.2,0.821,53.7,42.1,23.3,low,108.06,7.67,74,13.54,81519,1,0.179,0.125,0.62,0.5022,0.233,0.3068,0.0849,28.3711,0,0,False
2026-06-01,SUP_036,Milano Packaging,Europe,Packaging,66,26.2,0.979,27.5,32.7,26.7,low,100.15,0.0,999,7.29,62014,1,0.021,0.7,0.7939,0.2906,0.267,0.0,0.0,24.3282,0,0,True
2026-06-02,SUP_036,Milano Packaging,Europe,Packaging,66,26.2,0.979,28.7,26.1,35.7,low,99.27,0.0,999,7.29,62014,1,0.021,0.7,0.7939,0.2792,0.357,0.0,0.0,25.383,0,0,True
2026-06-03,SUP_036,Milano Packaging,Europe,Packaging,66,26.2,0.979,29.3,29.1,32.0,low,97.98,0.0,999,7.29,62014,1,0.021,0.7,0.7939,0.2924,0.32,0.0,0.0,25.1026,0,0,True
2026-06-04,SUP_036,Milano Packaging,Europe,Packaging,66,26.2,0.979,29.0,26.0,34.1,low,98.54,0.0,999,7.29,62014,1,0.021,0.7,0.7939,0.281,0.341,0.0,0.0,25.1914,0,0,True
2026-06-05,SUP_036,Milano Packaging,Europe,Packaging,66,26.2,0.979,25.1,24.3,47.1,medium,99.4,2.19,999,7.29,62014,1,0.021,0.7,0.7939,0.2486,0.471,0.0876,0.0,27.4794,0,0,True
2026-06-06,SUP_036,Milano Packaging,Europe,Packaging,66,26.2,0.979,22.6,22.2,39.3,low,98.88,2.19,999,7.29,62014,1,0.021,0.7,0.7939,0.2248,0.393,0.0876,0.0,25.959,0,0,True
2026-06-07,SUP_036,Milano Packaging,Europe,Packaging,66,26.2,0.979,23.1,21.0,28.6,low,98.7,2.19,999,7.29,62014,1,0.021,0.7,0.7939,0.2247,0.286,0.0876,0.0,24.4592,0,0,True
2026-06-08,SUP_036,Milano Packaging,Europe,Packaging,66,26.2,0.979,21.5,18.7,32.1,low,98.35,2.19,999,7.29,62014,1,0.021,0.7,0.7939,0.2066,0.321,0.0876,0.0,24.6234,0,0,True
2026-06-09,SUP_036,Milano Packaging,Europe,Packaging,66,26.2,0.979,26.2,22.5,37.2,low,97.97,2.21,999,7.29,62014,1,0.021,0.7,0.7939,0.2509,0.372,0.0884,0.0,26.1444,0,0,True
2026-06-10,SUP_036,Milano Packaging,Europe,Packaging,66,26.2,0.979,25.4,23.5,35.2,low,98.66,2.21,999,7.29,62014,1,0.021,0.7,0.7939,0.2483,0.352,0.0884,0.0,25.8176,0,0,True
2026-06-11,SUP_036,Milano Packaging,Europe,Packaging,66,26.2,0.979,26.1,25.5,41.9,medium,98.8,2.21,999,7.29,62014,1,0.021,0.7,0.7939,0.2592,0.419,0.0884,0.0,26.9518,0,0,True
2026-06-12,SUP_036,Milano Packaging,Europe,Packaging,66,26.2,0.979,18.2,39.3,35.8,low,98.65,2.21,999,7.29,62014,1,0.021,0.7,0.7939,0.2453,0.358,0.0884,0.0,25.8476,0,0,True
2026-06-13,SUP_036,Milano Packaging,Europe,Packaging,66,26.2,0.979,22.7,37.9,34.3,low,100.36,2.42,999,7.29,62014,1,0.021,0.7,0.7939,0.2726,0.343,0.0968,0.0,26.2298,0,0,True
2026-06-14,SUP_036,Milano Packaging,Europe,Packaging,66,26.2,0.979,19.2,40.6,35.4,low,99.44,2.42,999,7.29,62014,1,0.021,0.7,0.7939,0.2562,0.354,0.0968,0.0,26.0886,0,0,True
2026-06-15,SUP_036,Milano Packaging,Europe,Packaging,66,26.2,0.979,14.1,43.6,35.5,low,99.79,2.41,999,7.29,62014,1,0.021,0.7,0.7939,0.2295,0.355,0.0964,0.0,25.6172,0,0,True
2026-06-16,SUP_036,Milano Packaging,Europe,Packaging,66,26.2,0.979,22.5,41.9,47.8,medium,99.12,2.41,999,7.29,62014,1,0.021,0.7,0.7939,0.2832,0.478,0.0964,0.0,28.3058,0,0,True
2026-06-17,SUP_036,Milano Packaging,Europe,Packaging,66,26.2,0.979,25.1,42.3,81.2,high,99.02,2.41,999,7.29,62014,1,0.021,0.7,0.7939,0.3026,0.812,0.0964,0.0,33.331,0,0,True
2026-06-18,SUP_036,Milano Packaging,Europe,Packaging,66,26.2,0.979,28.7,41.3,73.3,high,99.11,2.41,999,7.29,62014,1,0.021,0.7,0.7939,0.3248,0.733,0.0964,0.0,32.6246,0,0,True
2026-06-19,SUP_036,Milano Packaging,Europe,Packaging,66,26.2,0.979,29.2,41.5,75.0,high,99.65,2.41,999,7.29,62014,1,0.021,0.7,0.7939,0.3289,0.75,0.0964,0.0,32.9364,0,0,True
2026-06-20,SUP_036,Milano Packaging,Europe,Packaging,66,26.2,0.979,27.1,37.4,80.8,high,99.48,2.41,999,7.29,62014,1,0.021,0.7,0.7939,0.3019,0.808,0.0964,0.0,33.2624,0,0,True
2026-06-21,SUP_036,Milano Packaging,Europe,Packaging,66,26.2,0.979,24.4,34.4,82.9,high,99.25,2.41,999,7.29,62014,1,0.021,0.7,0.7939,0.274,0.829,0.0964,0.0,33.0542,0,0,True
2026-06-22,SUP_036,Milano Packaging,Europe,Packaging,66,26.2,0.979,27.1,34.6,84.0,high,99.07,2.41,999,7.29,62014,1,0.021,0.7,0.7939,0.2935,0.84,0.0964,0.0,33.5592,0,0,True
2026-06-23,SUP_036,Milano Packaging,Europe,Packaging,66,26.2,0.979,31.1,24.3,64.3,medium,98.38,2.41,999,7.29,62014,1,0.021,0.7,0.7939,0.2906,0.643,0.0964,0.0,30.749,0,0,True
2026-06-24,SUP_036,Milano Packaging,Europe,Packaging,66,26.2,0.979,28.9,33.8,4.6,low,98.78,2.41,999,7.29,62014,1,0.021,0.7,0.7939,0.3037,0.046,0.0964,0.0,22.6268,0,0,True
2026-06-25,SUP_036,Milano Packaging,Europe,Packaging,66,26.2,0.979,37.0,45.3,21.5,low,98.96,2.41,999,7.29,62014,1,0.021,0.7,0.7939,0.3949,0.215,0.0964,0.0,26.6344,0,0,True
2026-06-26,SUP_036,Milano Packaging,Europe,Packaging,66,26.2,0.979,33.3,44.7,53.7,medium,99.24,2.41,999,7.29,62014,1,0.021,0.7,0.7939,0.3672,0.537,0.0964,0.0,30.6438,0,0,True
2026-06-27,SUP_036,Milano Packaging,Europe,Packaging,66,26.2,0.979,24.4,46.7,53.1,medium,99.2,2.41,999,7.29,62014,1,0.021,0.7,0.7939,0.3109,0.531,0.0964,0.0,29.5464,0,0,True
2026-06-28,SUP_036,Milano Packaging,Europe,Packaging,66,26.2,0.979,15.2,50.7,59.3,medium,99.07,2.41,999,7.29,62014,1,0.021,0.7,0.7939,0.2585,0.593,0.0964,0.0,29.4712,0,0,True
2026-06-29,SUP_036,Milano Packaging,Europe,Packaging,66,26.2,0.979,7.7,41.3,75.4,high,99.83,2.41,999,7.29,62014,1,0.021,0.7,0.7939,0.1778,0.754,0.0964,0.0,30.2726,0,0,True
2026-06-30,SUP_036,Milano Packaging,Europe,Packaging,66,26.2,0.979,7.2,45.3,82.7,high,100.48,2.53,999,7.29,62014,1,0.021,0.7,0.7939,0.1863,0.827,0.1012,0.0,31.5052,0,0,True
2026-07-01,SUP_036,Milano Packaging,Europe,Packaging,66,26.2,0.979,7.8,41.5,84.0,high,101.39,3.45,999,7.29,62014,1,0.021,0.7,0.7939,0.1791,0.84,0.138,0.0,31.9992,0,0,True
2026-07-02,SUP_036,Milano Packaging,Europe,Packaging,66,26.2,0.979,12.5,52.6,67.8,high,101.63,3.69,999,7.29,62014,1,0.021,0.7,0.7939,0.2453,0.678,0.1476,0.0,31.038,0,0,True
2026-07-03,SUP_036,Milano Packaging,Europe,Packaging,66,26.2,0.979,13.2,49.0,29.7,low,102.49,4.55,999,7.29,62014,1,0.021,0.7,0.7939,0.2394,0.297,0.182,0.0,26.0106,0,0,True
2026-07-04,SUP_036,Milano Packaging,Europe,Packaging,66,26.2,0.979,17.9,51.6,6.4,low,102.23,4.54,999,7.29,62014,1,0.021,0.7,0.7939,0.2801,0.064,0.1816,0.0,23.4764,0,0,True
2026-07-05,SUP_036,Milano Packaging,Europe,Packaging,66,26.2,0.979,18.2,48.2,16.9,low,102.1,4.54,999,7.29,62014,1,0.021,0.7,0.7939,0.272,0.169,0.1816,0.0,24.8006,0,0,True
2026-07-06,SUP_036,Milano Packaging,Europe,Packaging,66,26.2,0.979,18.2,57.8,29.2,low,102.86,4.9,999,7.29,62014,1,0.021,0.7,0.7939,0.3008,0.292,0.196,0.0,27.2138,0,0,True
2026-07-07,SUP_036,Milano Packaging,Europe,Packaging,66,26.2,0.979,15.4,51.7,39.2,low,103.4,5.44,999,7.29,62014,1,0.021,0.7,0.7939,0.2629,0.392,0.2176,0.0,28.1908,0,0,True
2026-07-08,SUP_036,Milano Packaging,Europe,Packaging,66,26.2,0.979,22.6,55.3,41.9,medium,103.22,5.43,999,7.29,62014,1,0.021,0.7,0.7939,0.3241,0.419,0.2172,0.0,29.6656,0,0,True
2026-07-09,SUP_036,Milano Packaging,Europe,Packaging,66,26.2,0.979,14.6,55.6,36.2,low,102.55,5.01,999,7.29,62014,1,0.021,0.7,0.7939,0.269,0.362,0.2004,0.0,27.6742,0,0,True
2026-07-10,SUP_036,Milano Packaging,Europe,Packaging,66,26.2,0.979,16.6,54.6,28.2,low,102.42,5.0,999,7.29,62014,1,0.021,0.7,0.7939,0.28,0.282,0.2,0.0,26.7474,0,0,True
2026-07-11,SUP_036,Milano Packaging,Europe,Packaging,66,26.2,0.979,15.9,52.9,19.8,low,101.98,5.0,999,7.29,62014,1,0.021,0.7,0.7939,0.27,0.198,0.2,0.0,25.3914,0,0,True
2026-07-12,SUP_036,Milano Packaging,Europe,Packaging,66,26.2,0.979,19.9,46.7,19.6,low,103.08,4.99,999,7.29,62014,1,0.021,0.7,0.7939,0.2794,0.196,0.1996,0.0,25.5278,0,0,True
2026-07-13,SUP_036,Milano Packaging,Europe,Packaging,66,26.2,0.979,19.5,31.3,11.9,low,103.57,5.15,999,7.29,62014,1,0.021,0.7,0.7939,0.2304,0.119,0.206,0.0,23.6446,0,0,True
2026-07-14,SUP_036,Milano Packaging,Europe,Packaging,66,26.2,0.979,19.3,37.5,31.4,low,103.08,5.15,999,7.29,62014,1,0.021,0.7,0.7939,0.2476,0.314,0.206,0.0,26.6842,0,0,True
2026-07-15,SUP_036,Milano Packaging,Europe,Packaging,66,26.2,0.979,17.9,34.6,17.7,low,102.41,5.14,999,7.29,62014,1,0.021,0.7,0.7939,0.2291,0.177,0.2056,0.0,24.4284,0,0,True
2026-07-16,SUP_036,Milano Packaging,Europe,Packaging,66,26.2,0.979,24.5,40.8,17.7,low,101.91,5.14,999,7.29,62014,1,0.021,0.7,0.7939,0.2939,0.177,0.2056,0.0,25.5948,0,0,True
2026-07-17,SUP_036,Milano Packaging,Europe,Packaging,66,26.2,0.979,23.5,41.8,1.6,low,101.55,5.13,999,7.29,62014,1,0.021,0.7,0.7939,0.2899,0.016,0.2052,0.0,23.264,0,0,True
2026-07-18,SUP_036,Milano Packaging,Europe,Packaging,66,26.2,0.979,32.0,47.1,10.2,low,101.45,5.13,999,7.29,62014,1,0.021,0.7,0.7939,0.3653,0.102,0.2052,0.0,25.8252,0,0,True
2026-07-19,SUP_036,Milano Packaging,Europe,Packaging,66,26.2,0.979,31.2,49.5,13.9,low,102.16,5.13,999,7.29,62014,1,0.021,0.7,0.7939,0.3669,0.139,0.2052,0.0,26.372,0,0,True
2026-07-20,SUP_036,Milano Packaging,Europe,Packaging,66,26.2,0.979,29.4,34.3,13.4,low,101.54,5.12,999,7.29,62014,1,0.021,0.7,0.7939,0.3087,0.134,0.2048,0.0,25.2496,0,0,True
2026-07-21,SUP_036,Milano Packaging,Europe,Packaging,66,26.2,0.979,27.0,37.7,7.6,low,103.01,5.12,999,7.29,62014,1,0.021,0.7,0.7939,0.3021,0.076,0.2048,0.0,24.3188,0,0,True
2026-07-22,SUP_036,Milano Packaging,Europe,Packaging,66,26.2,0.979,28.3,35.5,12.0,low,102.4,5.11,999,7.29,62014,1,0.021,0.7,0.7939,0.3046,0.12,0.2044,0.0,24.975,0,0,True
2026-07-23,SUP_036,Milano Packaging,Europe,Packaging,66,26.2,0.979,24.0,41.5,10.2,low,101.5,4.71,999,7.29,62014,1,0.021,0.7,0.7939,0.2925,0.102,0.1884,0.0,24.3132,0,0,True
2026-07-24,SUP_036,Milano Packaging,Europe,Packaging,66,26.2,0.979,23.8,43.7,12.6,low,102.58,4.53,999,7.29,62014,1,0.021,0.7,0.7939,0.2977,0.126,0.1812,0.0,24.6564,0,0,True
2026-07-25,SUP_036,Milano Packaging,Europe,Packaging,66,26.2,0.979,22.9,45.5,33.9,low,103.43,4.41,999,7.29,62014,1,0.021,0.7,0.7939,0.2968,0.339,0.1764,0.0,27.5646,0,0,True
2026-07-26,SUP_036,Milano Packaging,Europe,Packaging,66,26.2,0.979,23.7,42.5,33.2,low,103.31,4.41,999,7.29,62014,1,0.021,0.7,0.7939,0.2934,0.332,0.1764,0.0,27.4054,0,0,True
2026-07-27,SUP_036,Milano Packaging,Europe,Packaging,66,26.2,0.979,24.5,36.6,36.1,low,103.56,4.4,999,7.29,62014,1,0.021,0.7,0.7939,0.2813,0.361,0.176,0.0,27.5888,0,0,True
2026-07-28,SUP_036,Milano Packaging,Europe,Packaging,66,26.2,0.979,25.5,34.1,29.0,low,103.82,3.9,999,7.29,62014,1,0.021,0.7,0.7939,0.2808,0.29,0.156,0.0,26.3458,0,0,True
2026-07-29,SUP_036,Milano Packaging,Europe,Packaging,66,26.2,0.979,24.8,24.7,20.8,low,103.9,3.34,999,7.29,62014,1,0.021,0.7,0.7939,0.2477,0.208,0.1336,0.0,24.3332,0,0,True
2026-07-30,SUP_036,Milano Packaging,Europe,Packaging,66,26.2,0.979,31.2,23.2,21.6,low,103.07,2.45,999,7.29,62014,1,0.021,0.7,0.7939,0.288,0.216,0.098,0.0,24.7434,0,0,True
2026-07-31,SUP_036,Milano Packaging,Europe,Packaging,66,26.2,0.979,31.2,17.2,45.6,medium,101.48,2.39,999,7.29,62014,1,0.021,0.7,0.7939,0.27,0.456,0.0956,0.0,27.7506,0,0,True
2026-08-01,SUP_036,Milano Packaging,Europe,Packaging,66,26.2,0.979,41.6,12.3,37.8,low,100.94,2.89,999,7.29,62014,1,0.021,0.7,0.7939,0.3281,0.378,0.1156,0.0,27.9444,0,0,True
2026-08-02,SUP_036,Milano Packaging,Europe,Packaging,66,26.2,0.979,38.3,16.3,38.0,low,102.11,2.89,999,7.29,62014,1,0.021,0.7,0.7939,0.317,0.38,0.1156,0.0,27.7726,0,0,True
2026-08-03,SUP_036,Milano Packaging,Europe,Packaging,66,26.2,0.979,39.8,21.9,27.1,low,103.3,2.89,999,7.29,62014,1,0.021,0.7,0.7939,0.3443,0.271,0.1156,0.0,26.738,0,0,True
2026-08-04,SUP_036,Milano Packaging,Europe,Packaging,66,26.2,0.979,33.1,23.7,1.0,low,103.13,2.88,999,7.29,62014,1,0.021,0.7,0.7939,0.3028,0.01,0.1152,0.0,22.3322,0,0,True
2026-08-05,SUP_036,Milano Packaging,Europe,Packaging,66,26.2,0.979,37.5,22.8,0.0,low,102.51,2.88,999,7.29,62014,1,0.021,0.7,0.7939,0.3309,0.0,0.1152,0.0,22.698,0,0,True
2026-08-06,SUP_036,Milano Packaging,Europe,Packaging,66,26.2,0.979,31.2,19.6,28.1,low,102.69,2.89,999,7.29,62014,1,0.021,0.7,0.7939,0.2772,0.281,0.1156,0.0,25.6702,0,0,True
2026-08-07,SUP_036,Milano Packaging,Europe,Packaging,66,26.2,0.979,31.4,20.3,32.8,low,102.97,2.89,999,7.29,62014,1,0.021,0.7,0.7939,0.2807,0.328,0.1156,0.0,26.3912,0,0,True
2026-08-08,SUP_036,Milano Packaging,Europe,Packaging,66,26.2,0.979,28.1,18.1,46.1,medium,103.36,2.88,999,7.29,62014,1,0.021,0.7,0.7939,0.251,0.461,0.1152,0.0,27.7138,0,0,True
2026-08-09,SUP_036,Milano Packaging,Europe,Packaging,66,26.2,0.979,28.7,20.3,37.6,low,101.74,2.89,999,7.29,62014,1,0.021,0.7,0.7939,0.2618,0.376,0.1156,0.0,26.723,0,0,True
2026-08-10,SUP_036,Milano Packaging,Europe,Packaging,66,26.2,0.979,26.0,14.5,12.6,low,103.76,2.88,999,7.29,62014,1,0.021,0.7,0.7939,0.2255,0.126,0.1152,0.0,22.5648,0,0,True
2026-08-11,SUP_036,Milano Packaging,Europe,Packaging,66,26.2,0.979,21.1,21.3,5.4,low,104.49,3.46,999,7.29,62014,1,0.021,0.7,0.7939,0.2116,0.054,0.1384,0.0,21.585,0,0,True
2026-08-12,SUP_036,Milano Packaging,Europe,Packaging,66,26.2,0.979,19.3,20.4,14.0,low,104.36,3.46,999,7.29,62014,1,0.021,0.7,0.7939,0.1963,0.14,0.1384,0.0,22.5136,0,1,True
2026-08-13,SUP_036,Milano Packaging,Europe,Packaging,66,26.2,0.979,26.4,24.5,19.0,low,103.9,3.46,999,7.29,62014,1,0.021,0.7,0.7939,0.2583,0.19,0.1384,0.0,24.3296,0,1,True
2026-08-14,SUP_036,Milano Packaging,Europe,Packaging,66,26.2,0.979,27.4,30.8,20.4,low,104.53,3.49,999,7.29,62014,1,0.021,0.7,0.7939,0.2842,0.204,0.1396,0.0,25.0062,0,1,True
2026-08-15,SUP_036,Milano Packaging,Europe,Packaging,66,26.2,0.979,19.9,33.1,16.6,low,104.85,3.8,999,7.29,62014,1,0.021,0.7,0.7939,0.2386,0.166,0.152,0.0,23.8022,0,1,True
2026-08-16,SUP_036,Milano Packaging,Europe,Packaging,66,26.2,0.979,47.8,37.6,27.4,low,104.91,3.85,999,7.29,62014,1,0.021,0.7,0.7939,0.4474,0.274,0.154,0.0,29.0966,0,1,True
2026-08-17,SUP_036,Milano Packaging,Europe,Packaging,66,26.2,0.979,42.6,26.3,22.2,low,105.2,4.13,999,7.29,62014,1,0.021,0.7,0.7939,0.3771,0.222,0.1652,0.0,27.2376,0,1,True
2026-08-18,SUP_036,Milano Packaging,Europe,Packaging,66,26.2,0.979,45.9,25.1,25.7,low,105.13,4.13,999,7.29,62014,1,0.021,0.7,0.7939,0.3966,0.257,0.1652,0.0,28.0786,0,1,True
2026-08-19,SUP_036,Milano Packaging,Europe,Packaging,66,26.2,0.979,47.8,32.4,27.4,low,105.39,4.3,999,7.29,62014,1,0.021,0.7,0.7939,0.4318,0.274,0.172,0.0,29.0318,1,0,True
2026-08-20,SUP_036,Milano Packaging,Europe,Packaging,66,26.2,0.979,49.7,35.4,23.4,low,105.85,4.75,1,7.29,62014,1,0.021,0.7,0.7939,0.4541,0.234,0.19,0.9672,44.5647,0,0,True
2026-08-21,SUP_036,Milano Packaging,Europe,Packaging,66,26.2,0.979,57.2,45.1,15.6,low,106.07,4.95,2,7.29,62014,1,0.021,0.7,0.7939,0.5357,0.156,0.198,0.9355,44.5301,0,0,True
2026-08-22,SUP_036,Milano Packaging,Europe,Packaging,66,26.2,0.979,50.8,52.6,14.0,low,106.26,5.13,3,7.29,62014,1,0.021,0.7,0.7939,0.5134,0.14,0.2052,0.9048,43.5004,0,0,True
2026-08-23,SUP_036,Milano Packaging,Europe,Packaging,66,26.2,0.979,52.3,51.5,34.1,low,107.15,5.98,4,7.29,62014,1,0.021,0.7,0.7939,0.5206,0.341,0.2392,0.8752,46.3774,0,0,True
2026-08-24,SUP_036,Milano Packaging,Europe,Packaging,66,26.2,0.979,56.6,47.7,42.1,medium,106.13,5.97,5,7.29,62014,1,0.021,0.7,0.7939,0.5393,0.421,0.2388,0.8465,47.3701,0,0,True
2026-08-25,SUP_036,Milano Packaging,Europe,Packaging,66,26.2,0.979,51.2,40.8,47.3,medium,105.62,5.97,6,7.29,62014,1,0.021,0.7,0.7939,0.4808,0.473,0.2388,0.8187,46.6011,0,0,True
2026-08-26,SUP_036,Milano Packaging,Europe,Packaging,66,26.2,0.979,46.1,37.4,34.4,low,105.63,5.96,7,7.29,62014,1,0.021,0.7,0.7939,0.4349,0.344,0.2384,0.7919,43.5346,0,0,True
2026-08-27,SUP_036,Milano Packaging,Europe,Packaging,66,26.2,0.979,44.0,34.9,18.8,low,105.17,5.96,8,7.29,62014,1,0.021,0.7,0.7939,0.4127,0.188,0.2384,0.7659,40.5356,0,0,True
2026-08-28,SUP_036,Milano Packaging,Europe,Packaging,66,26.2,0.979,45.1,31.8,30.5,low,104.91,5.96,9,7.29,62014,1,0.021,0.7,0.7939,0.4111,0.305,0.2384,0.7408,41.7431,0,0,True
2026-08-29,SUP_036,Milano Packaging,Europe,Packaging,66,26.2,0.979,37.8,27.4,37.5,low,105.74,5.95,10,7.29,62014,1,0.021,0.7,0.7939,0.3468,0.375,0.238,0.7165,41.1723,0,0,True
2026-08-30,SUP_036,Milano Packaging,Europe,Packaging,66,26.2,0.979,17.9,30.7,35.6,low,105.64,5.95,11,7.29,62014,1,0.021,0.7,0.7939,0.2174,0.356,0.238,0.693,38.2012,0,0,True
2026-08-31,SUP_036,Milano Packaging,Europe,Packaging,66,26.2,0.979,11.2,40.3,29.5,low,104.47,5.17,12,7.29,62014,1,0.021,0.7,0.7939,0.1993,0.295,0.2068,0.6703,36.2835,0,0,True
2026-09-01,SUP_036,Milano Packaging,Europe,Packaging,66,26.2,0.979,18.4,44.4,14.9,low,104.2,5.17,13,7.29,62014,1,0.021,0.7,0.7939,0.262,0.149,0.2068,0.6483,35.0165,0,0,True
2026-09-02,SUP_036,Milano Packaging,Europe,Packaging,66,26.2,0.979,20.7,41.3,25.4,low,104.24,5.17,14,7.29,62014,1,0.021,0.7,0.7939,0.2688,0.254,0.2068,0.6271,36.2688,0,0,True
2026-09-03,SUP_036,Milano Packaging,Europe,Packaging,66,26.2,0.979,29.4,45.7,36.3,low,104.26,5.17,15,7.29,62014,1,0.021,0.7,0.7939,0.3429,0.363,0.2068,0.6065,38.7997,0,0,True
2026-09-04,SUP_036,Milano Packaging,Europe,Packaging,66,26.2,0.979,30.9,45.9,27.2,low,104.62,5.16,16,7.29,62014,1,0.021,0.7,0.7939,0.354,0.272,0.2064,0.5866,37.4025,0,0,True
2026-09-05,SUP_036,Milano Packaging,Europe,Packaging,66,26.2,0.979,27.5,44.1,19.6,low,104.92,5.16,17,7.29,62014,1,0.021,0.7,0.7939,0.3248,0.196,0.2064,0.5674,35.5052,0,0,True
2026-09-06,SUP_036,Milano Packaging,Europe,Packaging,66,26.2,0.979,22.3,42.2,32.4,low,104.83,5.16,18,7.29,62014,1,0.021,0.7,0.7939,0.2827,0.324,0.2064,0.5488,36.2418,0,0,True
2026-09-07,SUP_036,Milano Packaging,Europe,Packaging,66,26.2,0.979,22.8,40.0,24.6,low,104.07,5.16,19,7.29,62014,1,0.021,0.7,0.7939,0.2796,0.246,0.2064,0.5308,34.8061,0,0,True
2026-09-08,SUP_036,Milano Packaging,Europe,Packaging,66,26.2,0.979,21.9,42.7,41.2,medium,103.79,3.23,20,7.29,62014,1,0.021,0.7,0.7939,0.2814,0.412,0.1292,0.5134,35.9577,0,0,True
2026-09-09,SUP_036,Milano Packaging,Europe,Packaging,66,26.2,0.979,26.9,42.3,36.1,low,103.39,3.58,21,7.29,62014,1,0.021,0.7,0.7939,0.3152,0.361,0.1432,0.4966,35.7508,0,0,True
2026-09-10,SUP_036,Milano Packaging,Europe,Packaging,66,26.2,0.979,21.2,37.4,29.8,low,103.21,3.75,22,7.29,62014,1,0.021,0.7,0.7939,0.2606,0.298,0.15,0.4803,33.7071,0,0,True
2026-09-11,SUP_036,Milano Packaging,Europe,Packaging,66,26.2,0.979,30.3,32.9,29.0,low,103.65,3.76,23,7.29,62014,1,0.021,0.7,0.7939,0.3108,0.29,0.1504,0.4646,34.2515,0,0,True
2026-09-12,SUP_036,Milano Packaging,Europe,Packaging,66,26.2,0.979,34.5,34.8,24.4,low,103.91,3.76,24,7.29,62014,1,0.021,0.7,0.7939,0.3459,0.244,0.1504,0.4493,33.9957,0,0,True
2026-09-13,SUP_036,Milano Packaging,Europe,Packaging,66,26.2,0.979,31.1,37.1,35.0,low,104.44,3.76,25,7.29,62014,1,0.021,0.7,0.7939,0.329,0.35,0.1504,0.4346,34.9398,0,0,True
2026-09-14,SUP_036,Milano Packaging,Europe,Packaging,66,26.2,0.979,37.6,35.1,40.7,medium,104.19,3.76,26,7.29,62014,1,0.021,0.7,0.7939,0.3685,0.407,0.1504,0.4204,36.2208,0,0,True
2026-09-15,SUP_036,Milano Packaging,Europe,Packaging,66,26.2,0.979,31.0,29.2,46.8,medium,105.16,3.76,27,7.29,62014,1,0.021,0.7,0.7939,0.3046,0.468,0.1504,0.4066,35.7041,0,0,True
2026-09-16,SUP_036,Milano Packaging,Europe,Packaging,66,26.2,0.979,30.0,36.6,43.1,medium,105.59,3.76,28,7.29,62014,1,0.021,0.7,0.7939,0.3198,0.431,0.1504,0.3932,35.2464,0,0,True
2026-09-17,SUP_036,Milano Packaging,Europe,Packaging,66,26.2,0.979,22.1,41.9,34.3,low,105.66,3.75,29,7.29,62014,1,0.021,0.7,0.7939,0.2804,0.343,0.15,0.3803,33.0942,0,0,False
2026-09-18,SUP_036,Milano Packaging,Europe,Packaging,66,26.2,0.979,30.3,30.4,31.9,low,106.04,3.75,30,7.29,62014,1,0.021,0.7,0.7939,0.3033,0.319,0.15,0.3679,32.9709,0,0,False
2026-09-19,SUP_036,Milano Packaging,Europe,Packaging,66,26.2,0.979,20.6,38.1,26.3,low,105.61,3.75,31,7.29,62014,1,0.021,0.7,0.7939,0.2585,0.263,0.15,0.3558,31.1875,0,0,False
2026-09-20,SUP_036,Milano Packaging,Europe,Packaging,66,26.2,0.979,13.4,36.5,39.5,low,104.26,3.76,32,7.29,62014,1,0.021,0.7,0.7939,0.2033,0.395,0.1504,0.3442,31.8601,0,0,False
2026-09-21,SUP_036,Milano Packaging,Europe,Packaging,66,26.2,0.979,11.1,37.3,45.2,medium,103.87,3.76,33,7.29,62014,1,0.021,0.7,0.7939,0.1896,0.452,0.1504,0.3329,32.2309,0,0,False
2026-09-22,SUP_036,Milano Packaging,Europe,Packaging,66,26.2,0.979,18.4,43.0,39.3,low,104.35,2.79,34,7.29,62014,1,0.021,0.7,0.7939,0.2578,0.393,0.1116,0.322,31.9923,0,0,False
2026-09-23,SUP_036,Milano Packaging,Europe,Packaging,66,26.2,0.979,22.9,50.5,27.1,low,104.4,2.7,35,7.29,62014,1,0.021,0.7,0.7939,0.3118,0.271,0.108,0.3114,31.0442,0,0,False
2026-06-01,SUP_037,Accra Cocoa Inputs,Africa,Raw Materials,55,11.5,0.976,53.8,38.0,27.0,low,101.62,0.0,999,40.71,44825,1,0.024,0.5625,0.4182,0.4906,0.27,0.0,0.0,22.8976,0,1,True
2026-06-02,SUP_037,Accra Cocoa Inputs,Africa,Raw Materials,55,11.5,0.976,49.9,44.3,32.8,low,100.53,0.0,999,40.71,44825,1,0.024,0.5625,0.4182,0.4822,0.328,0.0,0.0,23.5584,0,1,True
2026-06-03,SUP_037,Accra Cocoa Inputs,Africa,Raw Materials,55,11.5,0.976,41.4,46.2,34.0,low,101.2,0.0,999,40.71,44825,1,0.024,0.5625,0.4182,0.4284,0.34,0.0,0.0,22.758,0,1,True
2026-06-04,SUP_037,Accra Cocoa Inputs,Africa,Raw Materials,55,11.5,0.976,50.2,51.4,36.1,low,100.22,0.0,999,40.71,44825,1,0.024,0.5625,0.4182,0.5056,0.361,0.0,0.0,24.4416,0,1,True
2026-06-05,SUP_037,Accra Cocoa Inputs,Africa,Raw Materials,55,11.5,0.976,49.9,52.0,39.3,low,98.65,2.96,999,40.71,44825,1,0.024,0.5625,0.4182,0.5053,0.393,0.1184,0.0,26.305,0,1,True
2026-06-06,SUP_037,Accra Cocoa Inputs,Africa,Raw Materials,55,11.5,0.976,48.7,50.7,40.0,medium,101.83,3.16,999,40.71,44825,1,0.024,0.5625,0.4182,0.493,0.4,0.1264,0.0,26.2776,0,1,True
2026-06-07,SUP_037,Accra Cocoa Inputs,Africa,Raw Materials,55,11.5,0.976,46.4,54.1,47.4,medium,100.28,3.16,999,40.71,44825,1,0.024,0.5625,0.4182,0.4871,0.474,0.1264,0.0,27.2074,1,1,True
2026-06-08,SUP_037,Accra Cocoa Inputs,Africa,Raw Materials,55,11.5,0.976,53.7,64.3,45.3,medium,98.3,3.52,1,40.71,44825,1,0.024,0.5625,0.4182,0.5688,0.453,0.1408,0.9672,44.0323,0,1,True
2026-06-09,SUP_037,Accra Cocoa Inputs,Africa,Raw Materials,55,11.5,0.976,58.0,58.5,60.1,medium,98.63,3.53,2,40.71,44825,1,0.024,0.5625,0.4182,0.5815,0.601,0.1412,0.9355,45.8303,1,0,True
2026-06-10,SUP_037,Accra Cocoa Inputs,Africa,Raw Materials,55,11.5,0.976,53.0,59.2,55.5,medium,99.05,3.53,1,40.71,44825,1,0.024,0.5625,0.4182,0.5486,0.555,0.1412,0.9672,45.1015,0,0,True
2026-06-11,SUP_037,Accra Cocoa Inputs,Africa,Raw Materials,55,11.5,0.976,58.8,55.5,35.8,low,100.08,3.53,2,40.71,44825,1,0.024,0.5625,0.4182,0.5781,0.358,0.1412,0.9355,42.3671,0,0,True
2026-06-12,SUP_037,Accra Cocoa Inputs,Africa,Raw Materials,55,11.5,0.976,57.6,55.1,42.8,medium,103.18,4.87,3,40.71,44825,1,0.024,0.5625,0.4182,0.5685,0.428,0.1948,0.9048,43.3268,0,0,True
2026-06-13,SUP_037,Accra Cocoa Inputs,Africa,Raw Materials,55,11.5,0.976,54.3,52.3,45.7,medium,101.98,4.86,4,40.71,44825,1,0.024,0.5625,0.4182,0.537,0.457,0.1944,0.8752,42.6864,0,0,True
2026-06-14,SUP_037,Accra Cocoa Inputs,Africa,Raw Materials,55,11.5,0.976,53.0,38.3,44.6,medium,101.08,4.86,5,40.71,44825,1,0.024,0.5625,0.4182,0.4859,0.446,0.1944,0.8465,41.1535,0,0,True
2026-06-15,SUP_037,Accra Cocoa Inputs,Africa,Raw Materials,55,11.5,0.976,49.6,36.8,41.0,medium,103.57,5.23,6,40.71,44825,1,0.024,0.5625,0.4182,0.4576,0.41,0.2092,0.8187,39.8737,0,0,True
2026-06-16,SUP_037,Accra Cocoa Inputs,Africa,Raw Materials,55,11.5,0.976,44.1,41.8,21.2,low,105.03,6.67,7,40.71,44825,1,0.024,0.5625,0.4182,0.4341,0.212,0.2668,0.7919,36.9405,0,0,True
2026-06-17,SUP_037,Accra Cocoa Inputs,Africa,Raw Materials,55,11.5,0.976,49.4,36.7,7.9,low,106.27,7.87,8,40.71,44825,1,0.024,0.5625,0.4182,0.4559,0.079,0.3148,0.7659,35.6315,0,0,True
2026-06-18,SUP_037,Accra Cocoa Inputs,Africa,Raw Materials,55,11.5,0.976,49.2,41.3,31.2,low,105.35,7.85,9,40.71,44825,1,0.024,0.5625,0.4182,0.4683,0.312,0.314,0.7408,38.7053,0,0,True
2026-06-19,SUP_037,Accra Cocoa Inputs,Africa,Raw Materials,55,11.5,0.976,53.0,41.3,27.9,low,107.1,8.65,10,40.71,44825,1,0.024,0.5625,0.4182,0.4949,0.279,0.346,0.7165,38.7175,0,0,True
2026-06-20,SUP_037,Accra Cocoa Inputs,Africa,Raw Materials,55,11.5,0.976,54.7,39.4,39.9,low,108.34,9.83,11,40.71,44825,1,0.024,0.5625,0.4182,0.5011,0.399,0.3932,0.693,40.6997,0,0,True
2026-06-21,SUP_037,Accra Cocoa Inputs,Africa,Raw Materials,55,11.5,0.976,57.3,43.5,25.1,low,108.64,10.1,12,40.71,44825,1,0.024,0.5625,0.4182,0.5316,0.251,0.404,0.6703,38.9427,0,0,True
2026-06-22,SUP_037,Accra Cocoa Inputs,Africa,Raw Materials,55,11.5,0.976,47.3,45.8,19.1,low,107.73,10.07,13,40.71,44825,1,0.024,0.5625,0.4182,0.4685,0.191,0.4028,0.6483,36.6009,0,0,True
2026-06-23,SUP_037,Accra Cocoa Inputs,Africa,Raw Materials,55,11.5,0.976,44.3,46.4,30.6,low,107.9,10.05,14,40.71,44825,1,0.024,0.5625,0.4182,0.4493,0.306,0.402,0.6271,37.5156,0,0,True
2026-06-24,SUP_037,Accra Cocoa Inputs,Africa,Raw Materials,55,11.5,0.976,48.6,50.0,32.0,low,110.45,11.77,15,40.71,44825,1,0.024,0.5625,0.4182,0.4902,0.32,0.4708,0.6065,38.9445,0,1,True
2026-06-25,SUP_037,Accra Cocoa Inputs,Africa,Raw Materials,55,11.5,0.976,43.5,48.9,39.0,low,108.75,11.75,16,40.71,44825,1,0.024,0.5625,0.4182,0.4512,0.39,0.47,0.5866,38.8948,0,1,True
2026-06-26,SUP_037,Accra Cocoa Inputs,Africa,Raw Materials,55,11.5,0.976,47.0,38.1,39.1,low,107.52,11.73,17,40.71,44825,1,0.024,0.5625,0.4182,0.4433,0.391,0.4692,0.5674,38.4492,0,1,True
2026-06-27,SUP_037,Accra Cocoa Inputs,Africa,Raw Materials,55,11.5,0.976,41.6,35.7,37.4,low,106.54,11.72,18,40.71,44825,1,0.024,0.5625,0.4182,0.3983,0.374,0.4688,0.5488,37.0988,0,1,True
2026-06-28,SUP_037,Accra Cocoa Inputs,Africa,Raw Materials,55,11.5,0.976,43.7,26.1,31.8,low,105.91,11.71,19,40.71,44825,1,0.024,0.5625,0.4182,0.3842,0.318,0.4684,0.5308,35.7683,0,1,True
2026-06-29,SUP_037,Accra Cocoa Inputs,Africa,Raw Materials,55,11.5,0.976,53.0,30.9,22.8,low,105.88,11.7,20,40.71,44825,1,0.024,0.5625,0.4182,0.4637,0.228,0.468,0.5134,35.6561,0,1,True
2026-06-30,SUP_037,Accra Cocoa Inputs,Africa,Raw Materials,55,11.5,0.976,57.0,36.2,40.1,medium,107.37,11.69,21,40.71,44825,1,0.024,0.5625,0.4182,0.5076,0.401,0.4676,0.4966,38.5942,0,1,True
2026-07-01,SUP_037,Accra Cocoa Inputs,Africa,Raw Materials,55,11.5,0.976,47.9,41.0,54.6,medium,108.08,11.66,22,40.71,44825,1,0.024,0.5625,0.4182,0.4583,0.546,0.4664,0.4803,39.4619,1,1,True
2026-07-02,SUP_037,Accra Cocoa Inputs,Africa,Raw Materials,55,11.5,0.976,53.0,42.7,41.3,medium,108.18,11.63,1,40.71,44825,1,0.024,0.5625,0.4182,0.4991,0.413,0.4652,0.9672,46.1105,0,1,True
2026-07-03,SUP_037,Accra Cocoa Inputs,Africa,Raw Materials,55,11.5,0.976,62.0,46.6,30.8,low,108.6,11.61,2,40.71,44825,1,0.024,0.5625,0.4182,0.5738,0.308,0.4644,0.9355,45.4681,1,0,True
2026-07-04,SUP_037,Accra Cocoa Inputs,Africa,Raw Materials,55,11.5,0.976,74.2,36.6,29.8,low,109.57,11.57,1,40.71,44825,1,0.024,0.5625,0.4182,0.6292,0.298,0.4628,0.9672,46.8135,0,1,True
2026-07-05,SUP_037,Accra Cocoa Inputs,Africa,Raw Materials,55,11.5,0.976,73.5,35.8,35.5,low,106.97,11.54,2,40.71,44825,1,0.024,0.5625,0.4182,0.6219,0.355,0.4616,0.9355,46.9583,0,1,True
2026-07-06,SUP_037,Accra Cocoa Inputs,Africa,Raw Materials,55,11.5,0.976,64.3,28.2,35.0,low,108.63,11.52,3,40.71,44825,1,0.024,0.5625,0.4182,0.5347,0.35,0.4608,0.9048,44.8184,0,1,True
2026-07-07,SUP_037,Accra Cocoa Inputs,Africa,Raw Materials,55,11.5,0.976,65.0,27.3,40.9,medium,107.35,11.49,4,40.71,44825,1,0.024,0.5625,0.4182,0.5369,0.409,0.4596,0.8752,45.195,0,1,True
2026-07-08,SUP_037,Accra Cocoa Inputs,Africa,Raw Materials,55,11.5,0.976,71.0,37.0,40.2,medium,106.66,11.15,5,40.71,44825,1,0.024,0.5625,0.4182,0.608,0.402,0.446,0.8465,45.7545,0,1,True
2026-07-09,SUP_037,Accra Cocoa Inputs,Africa,Raw Materials,55,11.5,0.976,67.7,42.5,39.1,low,107.19,10.72,6,40.71,44825,1,0.024,0.5625,0.4182,0.6014,0.391,0.4288,0.8187,44.8313,0,1,True
2026-07-10,SUP_037,Accra Cocoa Inputs,Africa,Raw Materials,55,11.5,0.976,70.8,44.8,61.7,medium,107.07,9.73,7,40.71,44825,1,0.024,0.5625,0.4182,0.63,0.617,0.3892,0.7919,47.6055,0,1,True
2026-07-11,SUP_037,Accra Cocoa Inputs,Africa,Raw Materials,55,11.5,0.976,64.4,42.4,51.4,medium,107.82,8.77,8,40.71,44825,1,0.024,0.5625,0.4182,0.578,0.514,0.3508,0.7659,44.3513,1,0,True
2026-07-12,SUP_037,Accra Cocoa Inputs,Africa,Raw Materials,55,11.5,0.976,64.8,36.1,63.7,medium,108.04,8.76,1,40.71,44825,1,0.024,0.5625,0.4182,0.5619,0.637,0.3504,0.9672,48.9993,0,0,True
2026-07-13,SUP_037,Accra Cocoa Inputs,Africa,Raw Materials,55,11.5,0.976,51.5,36.9,71.2,high,107.6,8.74,2,40.71,44825,1,0.024,0.5625,0.4182,0.4712,0.712,0.3496,0.9355,47.8997,0,0,True
2026-07-14,SUP_037,Accra Cocoa Inputs,Africa,Raw Materials,55,11.5,0.976,47.5,42.4,68.1,high,109.96,6.4,3,40.71,44825,1,0.024,0.5625,0.4182,0.4597,0.681,0.256,0.9048,45.6448,0,0,True
2026-07-15,SUP_037,Accra Cocoa Inputs,Africa,Raw Materials,55,11.5,0.976,48.6,43.5,43.2,medium,111.06,5.6,4,40.71,44825,1,0.024,0.5625,0.4182,0.4707,0.432,0.224,0.8752,41.4982,0,0,True
2026-07-16,SUP_037,Accra Cocoa Inputs,Africa,Raw Materials,55,11.5,0.976,47.9,33.9,42.7,medium,111.53,5.73,5,40.71,44825,1,0.024,0.5625,0.4182,0.437,0.427,0.2292,0.8465,40.4249,0,0,True
2026-07-17,SUP_037,Accra Cocoa Inputs,Africa,Raw Materials,55,11.5,0.976,42.8,34.6,37.3,low,112.6,6.7,6,40.71,44825,1,0.024,0.5625,0.4182,0.4034,0.373,0.268,0.8187,39.0857,0,0,True
2026-07-18,SUP_037,Accra Cocoa Inputs,Africa,Raw Materials,55,11.5,0.976,42.2,24.6,38.1,low,111.51,6.2,7,40.71,44825,1,0.024,0.5625,0.4182,0.3692,0.381,0.248,0.7919,37.9127,0,0,True
2026-07-19,SUP_037,Accra Cocoa Inputs,Africa,Raw Materials,55,11.5,0.976,45.7,30.4,28.8,low,114.88,8.29,8,40.71,44825,1,0.024,0.5625,0.4182,0.4111,0.288,0.3316,0.7659,37.9527,0,0,True
2026-07-20,SUP_037,Accra Cocoa Inputs,Africa,Raw Materials,55,11.5,0.976,46.7,27.4,38.6,low,113.19,8.27,9,40.71,44825,1,0.024,0.5625,0.4182,0.4091,0.386,0.3308,0.7408,38.8773,0,0,True
2026-07-21,SUP_037,Accra Cocoa Inputs,Africa,Raw Materials,55,11.5,0.976,48.2,22.1,48.0,medium,113.37,8.26,10,40.71,44825,1,0.024,0.5625,0.4182,0.4037,0.48,0.3304,0.7165,39.7027,0,0,True
2026-07-22,SUP_037,Accra Cocoa Inputs,Africa,Raw Materials,55,11.5,0.976,52.7,28.4,56.9,medium,112.92,8.25,11,40.71,44825,1,0.024,0.5625,0.4182,0.4541,0.569,0.33,0.693,41.4753,0,0,True
2026-07-23,SUP_037,Accra Cocoa Inputs,Africa,Raw Materials,55,11.5,0.976,51.4,32.3,49.1,medium,112.42,8.24,12,40.71,44825,1,0.024,0.5625,0.4182,0.4567,0.491,0.3296,0.6703,40.0617,0,0,True
2026-07-24,SUP_037,Accra Cocoa Inputs,Africa,Raw Materials,55,11.5,0.976,58.4,33.9,37.0,low,111.72,8.23,13,40.71,44825,1,0.024,0.5625,0.4182,0.5105,0.37,0.3292,0.6483,38.9797,0,0,True
2026-07-25,SUP_037,Accra Cocoa Inputs,Africa,Raw Materials,55,11.5,0.976,53.2,45.6,41.0,medium,110.52,8.23,14,40.71,44825,1,0.024,0.5625,0.4182,0.5092,0.41,0.3292,0.6271,39.1762,0,0,True
2026-07-26,SUP_037,Accra Cocoa Inputs,Africa,Raw Materials,55,11.5,0.976,62.6,47.4,57.0,medium,112.36,8.22,15,40.71,44825,1,0.024,0.5625,0.4182,0.5804,0.57,0.3288,0.6065,42.3641,0,0,True
2026-07-27,SUP_037,Accra Cocoa Inputs,Africa,Raw Materials,55,11.5,0.976,66.8,42.1,53.4,medium,110.5,8.21,16,40.71,44825,1,0.024,0.5625,0.4182,0.5939,0.534,0.3284,0.5866,41.7802,0,0,True
2026-07-28,SUP_037,Accra Cocoa Inputs,Africa,Raw Materials,55,11.5,0.976,63.3,43.8,54.2,medium,112.02,8.19,17,40.71,44825,1,0.024,0.5625,0.4182,0.5745,0.542,0.3276,0.5674,41.2256,0,0,True
2026-07-29,SUP_037,Accra Cocoa Inputs,Africa,Raw Materials,55,11.5,0.976,60.7,41.0,48.5,medium,113.03,7.47,18,40.71,44825,1,0.024,0.5625,0.4182,0.5479,0.485,0.2988,0.5488,39.3056,0,0,True
2026-07-30,SUP_037,Accra Cocoa Inputs,Africa,Raw Materials,55,11.5,0.976,60.8,46.7,41.7,medium,112.44,7.46,19,40.71,44825,1,0.024,0.5625,0.4182,0.5657,0.417,0.2984,0.5308,38.3813,0,0,True
2026-07-31,SUP_037,Accra Cocoa Inputs,Africa,Raw Materials,55,11.5,0.976,62.8,46.5,47.4,medium,113.26,7.44,20,40.71,44825,1,0.024,0.5625,0.4182,0.5791,0.474,0.2976,0.5134,39.1325,0,0,True
2026-08-01,SUP_037,Accra Cocoa Inputs,Africa,Raw Materials,55,11.5,0.976,66.8,46.7,44.6,medium,113.02,7.43,21,40.71,44825,1,0.024,0.5625,0.4182,0.6077,0.446,0.2972,0.4966,38.9812,0,0,True
2026-08-02,SUP_037,Accra Cocoa Inputs,Africa,Raw Materials,55,11.5,0.976,58.7,37.4,47.2,medium,111.31,7.43,22,40.71,44825,1,0.024,0.5625,0.4182,0.5231,0.472,0.2972,0.4803,37.5619,0,0,True
2026-08-03,SUP_037,Accra Cocoa Inputs,Africa,Raw Materials,55,11.5,0.976,60.2,37.4,50.1,medium,109.62,7.43,23,40.71,44825,1,0.024,0.5625,0.4182,0.5336,0.501,0.2972,0.4646,37.905,0,0,True
2026-08-04,SUP_037,Accra Cocoa Inputs,Africa,Raw Materials,55,11.5,0.976,49.4,36.7,50.8,medium,110.64,7.42,24,40.71,44825,1,0.024,0.5625,0.4182,0.4559,0.508,0.2968,0.4493,36.3559,0,0,True
2026-08-05,SUP_037,Accra Cocoa Inputs,Africa,Raw Materials,55,11.5,0.976,49.4,31.1,53.2,medium,111.57,7.41,25,40.71,44825,1,0.024,0.5625,0.4182,0.4391,0.532,0.2964,0.4346,36.149,0,0,True
2026-08-06,SUP_037,Accra Cocoa Inputs,Africa,Raw Materials,55,11.5,0.976,57.1,30.5,42.0,medium,111.95,7.4,26,40.71,44825,1,0.024,0.5625,0.4182,0.4912,0.42,0.296,0.4204,35.286,0,0,True
2026-08-07,SUP_037,Accra Cocoa Inputs,Africa,Raw Materials,55,11.5,0.976,50.1,33.5,33.1,low,111.34,7.02,27,40.71,44825,1,0.024,0.5625,0.4182,0.4512,0.331,0.2808,0.4066,32.9171,0,0,True
2026-08-08,SUP_037,Accra Cocoa Inputs,Africa,Raw Materials,55,11.5,0.976,43.2,33.7,34.4,low,111.04,7.01,28,40.71,44825,1,0.024,0.5625,0.4182,0.4035,0.344,0.2804,0.3932,32.0225,0,0,True
2026-08-09,SUP_037,Accra Cocoa Inputs,Africa,Raw Materials,55,11.5,0.976,46.0,26.4,35.6,low,110.54,6.53,29,40.71,44825,1,0.024,0.5625,0.4182,0.4012,0.356,0.2612,0.3803,31.7124,0,0,True
2026-08-10,SUP_037,Accra Cocoa Inputs,Africa,Raw Materials,55,11.5,0.976,54.0,26.3,31.9,low,107.83,6.53,30,40.71,44825,1,0.024,0.5625,0.4182,0.4569,0.319,0.2612,0.3679,31.9975,0,0,True
2026-08-11,SUP_037,Accra Cocoa Inputs,Africa,Raw Materials,55,11.5,0.976,55.7,25.1,36.1,low,107.93,6.53,31,40.71,44825,1,0.024,0.5625,0.4182,0.4652,0.361,0.2612,0.3558,32.5419,0,0,True
2026-08-12,SUP_037,Accra Cocoa Inputs,Africa,Raw Materials,55,11.5,0.976,46.5,27.6,45.5,medium,108.74,6.32,32,40.71,44825,1,0.024,0.5625,0.4182,0.4083,0.455,0.2528,0.3442,32.5463,0,0,True
2026-08-13,SUP_037,Accra Cocoa Inputs,Africa,Raw Materials,55,11.5,0.976,39.8,29.2,55.1,medium,108.84,6.33,33,40.71,44825,1,0.024,0.5625,0.4182,0.3662,0.551,0.2532,0.3329,32.9568,0,0,True
2026-08-14,SUP_037,Accra Cocoa Inputs,Africa,Raw Materials,55,11.5,0.976,42.6,27.9,64.4,medium,111.58,6.32,34,40.71,44825,1,0.024,0.5625,0.4182,0.3819,0.644,0.2528,0.322,34.362,0,0,True
2026-08-15,SUP_037,Accra Cocoa Inputs,Africa,Raw Materials,55,11.5,0.976,38.8,26.6,46.1,medium,110.03,6.33,35,40.71,44825,1,0.024,0.5625,0.4182,0.3514,0.461,0.2532,0.3114,31.0869,0,0,True
2026-08-16,SUP_037,Accra Cocoa Inputs,Africa,Raw Materials,55,11.5,0.976,41.9,28.2,33.8,low,109.0,6.33,36,40.71,44825,1,0.024,0.5625,0.4182,0.3779,0.338,0.2532,0.3012,29.6785,0,0,True
2026-08-17,SUP_037,Accra Cocoa Inputs,Africa,Raw Materials,55,11.5,0.976,44.8,34.3,32.7,low,109.21,6.34,37,40.71,44825,1,0.024,0.5625,0.4182,0.4165,0.327,0.2536,0.2913,30.0661,0,0,True
2026-08-18,SUP_037,Accra Cocoa Inputs,Africa,Raw Materials,55,11.5,0.976,44.0,35.9,35.3,low,109.59,4.99,38,40.71,44825,1,0.024,0.5625,0.4182,0.4157,0.353,0.1996,0.2818,29.6149,0,0,True
2026-08-19,SUP_037,Accra Cocoa Inputs,Africa,Raw Materials,55,11.5,0.976,54.3,43.2,34.2,low,106.64,6.07,39,40.71,44825,1,0.024,0.5625,0.4182,0.5097,0.342,0.2428,0.2725,31.5235,0,0,True
2026-08-20,SUP_037,Accra Cocoa Inputs,Africa,Raw Materials,55,11.5,0.976,57.2,48.0,30.6,low,107.58,5.98,40,40.71,44825,1,0.024,0.5625,0.4182,0.5444,0.306,0.2392,0.2636,31.458,0,0,True
2026-08-21,SUP_037,Accra Cocoa Inputs,Africa,Raw Materials,55,11.5,0.976,62.6,53.9,30.1,low,107.96,5.99,41,40.71,44825,1,0.024,0.5625,0.4182,0.5999,0.301,0.2396,0.255,32.2535,0,1,True
2026-08-22,SUP_037,Accra Cocoa Inputs,Africa,Raw Materials,55,11.5,0.976,65.8,58.3,37.1,low,104.68,7.78,42,40.71,44825,1,0.024,0.5625,0.4182,0.6355,0.371,0.3112,0.2466,34.5998,0,1,True
2026-08-23,SUP_037,Accra Cocoa Inputs,Africa,Raw Materials,55,11.5,0.976,63.5,63.0,25.5,low,104.5,7.97,43,40.71,44825,1,0.024,0.5625,0.4182,0.6335,0.255,0.3188,0.2385,32.9016,0,1,True
2026-08-24,SUP_037,Accra Cocoa Inputs,Africa,Raw Materials,55,11.5,0.976,61.3,52.7,50.8,medium,103.24,9.13,44,40.71,44825,1,0.024,0.5625,0.4182,0.5872,0.508,0.3652,0.2307,36.0419,0,1,True
2026-08-25,SUP_037,Accra Cocoa Inputs,Africa,Raw Materials,55,11.5,0.976,58.9,53.5,48.3,medium,102.54,9.8,45,40.71,44825,1,0.024,0.5625,0.4182,0.5728,0.483,0.392,0.2231,35.6333,0,1,True
2026-08-26,SUP_037,Accra Cocoa Inputs,Africa,Raw Materials,55,11.5,0.976,61.6,57.1,56.0,medium,100.47,11.73,46,40.71,44825,1,0.024,0.5625,0.4182,0.6025,0.56,0.4692,0.2158,38.0553,0,1,True
2026-08-27,SUP_037,Accra Cocoa Inputs,Africa,Raw Materials,55,11.5,0.976,57.5,61.2,46.6,medium,101.11,11.77,47,40.71,44825,1,0.024,0.5625,0.4182,0.5861,0.466,0.4708,0.2087,36.3501,0,1,True
2026-08-28,SUP_037,Accra Cocoa Inputs,Africa,Raw Materials,55,11.5,0.976,65.3,53.2,50.3,medium,103.84,11.8,48,40.71,44825,1,0.024,0.5625,0.4182,0.6167,0.503,0.472,0.2019,37.3238,1,1,True
2026-08-29,SUP_037,Accra Cocoa Inputs,Africa,Raw Materials,55,11.5,0.976,60.2,53.9,48.6,medium,104.25,11.83,1,40.71,44825,1,0.024,0.5625,0.4182,0.5831,0.486,0.4732,0.9672,48.7405,1,1,True
2026-08-30,SUP_037,Accra Cocoa Inputs,Africa,Raw Materials,55,11.5,0.976,60.5,51.5,54.4,medium,100.91,11.65,1,40.71,44825,1,0.024,0.5625,0.4182,0.578,0.544,0.466,0.9672,49.3743,0,1,True
2026-08-31,SUP_037,Accra Cocoa Inputs,Africa,Raw Materials,55,11.5,0.976,58.6,58.7,49.0,medium,101.35,10.7,2,40.71,44825,1,0.024,0.5625,0.4182,0.5863,0.49,0.428,0.9355,47.8043,0,1,True
2026-09-01,SUP_037,Accra Cocoa Inputs,Africa,Raw Materials,55,11.5,0.976,55.9,47.9,61.1,medium,101.05,10.73,3,40.71,44825,1,0.024,0.5625,0.4182,0.535,0.611,0.4292,0.9048,48.0986,0,1,True
2026-09-02,SUP_037,Accra Cocoa Inputs,Africa,Raw Materials,55,11.5,0.976,66.0,41.9,42.0,medium,99.34,11.82,4,40.71,44825,1,0.024,0.5625,0.4182,0.5877,0.42,0.4728,0.8752,46.4218,0,1,True
2026-09-03,SUP_037,Accra Cocoa Inputs,Africa,Raw Materials,55,11.5,0.976,90.0,31.3,50.3,medium,99.89,11.86,5,40.71,44825,1,0.024,0.5625,0.4182,0.7239,0.503,0.4744,0.8465,49.5955,0,1,True
2026-09-04,SUP_037,Accra Cocoa Inputs,Africa,Raw Materials,55,11.5,0.976,87.5,32.6,86.3,high,101.26,11.9,6,40.71,44825,1,0.024,0.5625,0.4182,0.7103,0.863,0.476,0.8187,53.9659,1,1,True
2026-09-05,SUP_037,Accra Cocoa Inputs,Africa,Raw Materials,55,11.5,0.976,83.6,44.9,74.7,high,100.22,11.6,1,40.71,44825,1,0.024,0.5625,0.4182,0.7199,0.747,0.464,0.9672,54.7465,1,1,True
2026-09-06,SUP_037,Accra Cocoa Inputs,Africa,Raw Materials,55,11.5,0.976,83.7,43.2,93.5,high,97.67,13.24,1,40.71,44825,1,0.024,0.5625,0.4182,0.7155,0.935,0.5296,0.9672,58.0865,1,1,True
2026-09-07,SUP_037,Accra Cocoa Inputs,Africa,Raw Materials,55,11.5,0.976,83.1,42.5,100.0,high,94.56,16.28,1,40.71,44825,1,0.024,0.5625,0.4182,0.7092,1.0,0.6512,0.9672,60.3423,0,1,True
2026-09-08,SUP_037,Accra Cocoa Inputs,Africa,Raw Materials,55,11.5,0.976,77.7,44.3,80.1,high,93.53,17.36,2,40.71,44825,1,0.024,0.5625,0.4182,0.6768,0.801,0.6944,0.9355,56.9841,1,1,True
2026-09-09,SUP_037,Accra Cocoa Inputs,Africa,Raw Materials,55,11.5,0.976,76.4,42.3,81.1,high,93.29,17.67,1,40.71,44825,1,0.024,0.5625,0.4182,0.6617,0.811,0.7068,0.9672,57.5085,0,1,True
2026-09-10,SUP_037,Accra Cocoa Inputs,Africa,Raw Materials,55,11.5,0.976,80.3,43.1,86.7,high,92.49,18.54,2,40.71,44825,1,0.024,0.5625,0.4182,0.6914,0.867,0.7416,0.9355,58.7373,1,1,True
2026-09-11,SUP_037,Accra Cocoa Inputs,Africa,Raw Materials,55,11.5,0.976,85.5,44.0,51.0,medium,91.43,19.68,1,40.71,44825,1,0.024,0.5625,0.4182,0.7305,0.51,0.7872,0.9672,55.4977,1,1,True
2026-09-12,SUP_037,Accra Cocoa Inputs,Africa,Raw Materials,55,11.5,0.976,85.2,38.2,62.3,medium,92.31,19.78,1,40.71,44825,1,0.024,0.5625,0.4182,0.711,0.623,0.7912,0.9672,56.7767,0,1,True
2026-09-13,SUP_037,Accra Cocoa Inputs,Africa,Raw Materials,55,11.5,0.976,85.1,37.2,68.8,high,93.02,18.37,2,40.71,44825,1,0.024,0.5625,0.4182,0.7073,0.688,0.7348,0.9355,56.4359,1,1,True
2026-09-14,SUP_037,Accra Cocoa Inputs,Africa,Raw Materials,55,11.5,0.976,83.0,40.8,64.1,medium,93.33,18.04,1,40.71,44825,1,0.024,0.5625,0.4182,0.7034,0.641,0.7216,0.9672,56.0567,0,1,True
2026-09-15,SUP_037,Accra Cocoa Inputs,Africa,Raw Materials,55,11.5,0.976,80.6,44.8,79.1,high,94.6,18.12,2,40.71,44825,1,0.024,0.5625,0.4182,0.6986,0.791,0.7248,0.9355,57.6013,1,1,True
2026-09-16,SUP_037,Accra Cocoa Inputs,Africa,Raw Materials,55,11.5,0.976,76.6,50.2,78.0,high,93.58,18.22,1,40.71,44825,1,0.024,0.5625,0.4182,0.6868,0.78,0.7288,0.9672,57.7903,1,1,True
2026-09-17,SUP_037,Accra Cocoa Inputs,Africa,Raw Materials,55,11.5,0.976,42.4,49.7,65.3,high,91.89,16.68,1,40.71,44825,1,0.024,0.5625,0.4182,0.4459,0.653,0.6672,0.9672,50.9369,1,1,False
2026-09-18,SUP_037,Accra Cocoa Inputs,Africa,Raw Materials,55,11.5,0.976,41.0,49.3,53.8,medium,91.08,17.13,1,40.71,44825,1,0.024,0.5625,0.4182,0.4349,0.538,0.6852,0.9672,49.3449,0,1,False
2026-09-19,SUP_037,Accra Cocoa Inputs,Africa,Raw Materials,55,11.5,0.976,47.3,51.1,61.9,medium,90.16,18.17,2,40.71,44825,1,0.024,0.5625,0.4182,0.4844,0.619,0.7268,0.9355,51.3617,0,1,False
2026-09-20,SUP_037,Accra Cocoa Inputs,Africa,Raw Materials,55,11.5,0.976,46.5,45.6,49.1,medium,86.98,18.19,3,40.71,44825,1,0.024,0.5625,0.4182,0.4623,0.491,0.7276,0.9048,48.6908,1,1,False
2026-09-21,SUP_037,Accra Cocoa Inputs,Africa,Raw Materials,55,11.5,0.976,46.1,40.6,43.0,medium,86.14,18.99,1,40.71,44825,1,0.024,0.5625,0.4182,0.4445,0.43,0.7596,0.9672,48.8985,1,0,False
2026-09-22,SUP_037,Accra Cocoa Inputs,Africa,Raw Materials,55,11.5,0.976,45.7,39.1,40.0,medium,87.85,18.84,1,40.71,44825,1,0.024,0.5625,0.4182,0.4372,0.4,0.7536,0.9672,48.2751,0,0,False
2026-09-23,SUP_037,Accra Cocoa Inputs,Africa,Raw Materials,55,11.5,0.976,53.0,31.8,43.3,medium,89.09,18.94,2,40.71,44825,1,0.024,0.5625,0.4182,0.4664,0.433,0.7576,0.9355,48.8033,0,0,False
2026-06-01,SUP_038,Lima Minerals,Latin America,Raw Materials,81,9.8,0.851,44.7,49.7,30.7,low,99.93,0.0,999,27.65,28529,0,0.149,0.8875,0.242,0.462,0.307,0.0,0.0,26.8888,0,0,True
2026-06-02,SUP_038,Lima Minerals,Latin America,Raw Materials,81,9.8,0.851,44.6,51.1,25.0,low,98.73,0.0,999,27.65,28529,0,0.149,0.8875,0.242,0.4655,0.25,0.0,0.0,26.1538,0,0,True
2026-06-03,SUP_038,Lima Minerals,Latin America,Raw Materials,81,9.8,0.851,50.8,38.7,32.7,low,98.99,0.0,999,27.65,28529,0,0.149,0.8875,0.242,0.4717,0.327,0.0,0.0,27.3434,0,0,True
2026-06-04,SUP_038,Lima Minerals,Latin America,Raw Materials,81,9.8,0.851,44.2,27.9,32.9,low,99.17,0.0,999,27.65,28529,0,0.149,0.8875,0.242,0.3931,0.329,0.0,0.0,25.9566,0,0,True
2026-06-05,SUP_038,Lima Minerals,Latin America,Raw Materials,81,9.8,0.851,39.0,24.6,73.8,high,99.8,1.21,999,27.65,28529,0,0.149,0.8875,0.242,0.3468,0.738,0.0484,0.0,31.43,0,0,True
2026-06-06,SUP_038,Lima Minerals,Latin America,Raw Materials,81,9.8,0.851,44.5,27.4,79.0,high,98.89,1.21,999,27.65,28529,0,0.149,0.8875,0.242,0.3937,0.79,0.0484,0.0,33.0022,0,0,True
2026-06-07,SUP_038,Lima Minerals,Latin America,Raw Materials,81,9.8,0.851,43.9,28.3,68.6,high,98.74,1.21,999,27.65,28529,0,0.149,0.8875,0.242,0.3922,0.686,0.0484,0.0,31.5192,0,0,True
2026-06-08,SUP_038,Lima Minerals,Latin America,Raw Materials,81,9.8,0.851,40.1,32.1,60.5,medium,97.73,2.22,999,27.65,28529,0,0.149,0.8875,0.242,0.377,0.605,0.0888,0.0,30.5964,0,0,True
2026-06-09,SUP_038,Lima Minerals,Latin America,Raw Materials,81,9.8,0.851,42.7,31.6,62.4,medium,97.53,2.43,999,27.65,28529,0,0.149,0.8875,0.242,0.3937,0.624,0.0972,0.0,31.2638,0,0,True
2026-06-10,SUP_038,Lima Minerals,Latin America,Raw Materials,81,9.8,0.851,40.3,39.4,97.4,high,98.71,2.43,999,27.65,28529,0,0.149,0.8875,0.242,0.4003,0.974,0.0972,0.0,36.2826,0,0,True
2026-06-11,SUP_038,Lima Minerals,Latin America,Raw Materials,81,9.8,0.851,36.2,42.8,93.7,high,98.45,2.43,999,27.65,28529,0,0.149,0.8875,0.242,0.3818,0.937,0.0972,0.0,35.4316,0,0,True
2026-06-12,SUP_038,Lima Minerals,Latin America,Raw Materials,81,9.8,0.851,32.7,42.1,80.2,high,97.37,2.59,999,27.65,28529,0,0.149,0.8875,0.242,0.3552,0.802,0.1036,0.0,33.1396,0,0,True
2026-06-13,SUP_038,Lima Minerals,Latin America,Raw Materials,81,9.8,0.851,35.3,47.1,66.1,high,96.83,3.15,999,27.65,28529,0,0.149,0.8875,0.242,0.3884,0.661,0.126,0.0,32.032,0,0,True
2026-06-14,SUP_038,Lima Minerals,Latin America,Raw Materials,81,9.8,0.851,37.0,36.6,88.5,high,95.56,4.44,999,27.65,28529,0,0.149,0.8875,0.242,0.3688,0.885,0.1776,0.0,35.4344,0,0,True
2026-06-15,SUP_038,Lima Minerals,Latin America,Raw Materials,81,9.8,0.851,44.6,35.9,89.2,high,94.54,5.5,999,27.65,28529,0,0.149,0.8875,0.242,0.4199,0.892,0.22,0.0,36.961,0,0,True
2026-06-16,SUP_038,Lima Minerals,Latin America,Raw Materials,81,9.8,0.851,42.6,36.5,96.2,high,95.07,5.51,999,27.65,28529,0,0.149,0.8875,0.242,0.4077,0.962,0.2204,0.0,37.7262,0,0,True
2026-06-17,SUP_038,Lima Minerals,Latin America,Raw Materials,81,9.8,0.851,40.7,39.4,61.7,medium,93.92,6.15,999,27.65,28529,0,0.149,0.8875,0.242,0.4031,0.617,0.246,0.0,33.1206,0,0,True
2026-06-18,SUP_038,Lima Minerals,Latin America,Raw Materials,81,9.8,0.851,47.4,29.7,62.5,medium,94.17,6.17,999,27.65,28529,0,0.149,0.8875,0.242,0.4209,0.625,0.2468,0.0,33.5626,0,0,True
2026-06-19,SUP_038,Lima Minerals,Latin America,Raw Materials,81,9.8,0.851,51.0,29.1,72.8,high,94.19,6.18,999,27.65,28529,0,0.149,0.8875,0.242,0.4443,0.728,0.2472,0.0,35.4306,0,0,True
2026-06-20,SUP_038,Lima Minerals,Latin America,Raw Materials,81,9.8,0.851,50.0,32.1,55.0,medium,93.77,6.34,999,27.65,28529,0,0.149,0.8875,0.242,0.4463,0.55,0.2536,0.0,33.0514,0,0,True
2026-06-21,SUP_038,Lima Minerals,Latin America,Raw Materials,81,9.8,0.851,41.1,35.1,50.3,medium,93.95,6.35,999,27.65,28529,0,0.149,0.8875,0.242,0.393,0.503,0.254,0.0,31.4388,0,0,True
2026-06-22,SUP_038,Lima Minerals,Latin America,Raw Materials,81,9.8,0.851,37.1,41.3,40.4,medium,93.21,6.94,999,27.65,28529,0,0.149,0.8875,0.242,0.3836,0.404,0.2776,0.0,30.1668,0,0,True
2026-06-23,SUP_038,Lima Minerals,Latin America,Raw Materials,81,9.8,0.851,32.5,44.4,25.1,low,93.87,6.95,999,27.65,28529,0,0.149,0.8875,0.242,0.3607,0.251,0.278,0.0,27.6174,0,1,True
2026-06-24,SUP_038,Lima Minerals,Latin America,Raw Materials,81,9.8,0.851,33.8,42.6,23.2,low,93.32,6.96,999,27.65,28529,0,0.149,0.8875,0.242,0.3644,0.232,0.2784,0.0,27.4228,0,1,True
2026-06-25,SUP_038,Lima Minerals,Latin America,Raw Materials,81,9.8,0.851,32.4,45.1,45.2,medium,93.02,7.17,999,27.65,28529,0,0.149,0.8875,0.242,0.3621,0.452,0.2868,0.0,30.5622,0,1,True
2026-06-26,SUP_038,Lima Minerals,Latin America,Raw Materials,81,9.8,0.851,41.1,42.5,42.8,medium,92.62,7.6,999,27.65,28529,0,0.149,0.8875,0.242,0.4152,0.428,0.304,0.0,31.3884,0,1,True
2026-06-27,SUP_038,Lima Minerals,Latin America,Raw Materials,81,9.8,0.851,33.5,42.1,61.0,medium,93.16,7.61,999,27.65,28529,0,0.149,0.8875,0.242,0.3608,0.61,0.3044,0.0,32.962,0,1,True
2026-06-28,SUP_038,Lima Minerals,Latin America,Raw Materials,81,9.8,0.851,29.0,45.3,75.5,high,93.59,7.61,999,27.65,28529,0,0.149,0.8875,0.242,0.3389,0.755,0.3044,0.0,34.5978,0,1,True
2026-06-29,SUP_038,Lima Minerals,Latin America,Raw Materials,81,9.8,0.851,31.8,43.5,94.9,high,91.52,8.77,999,27.65,28529,0,0.149,0.8875,0.242,0.3531,0.949,0.3508,0.0,38.1262,0,1,True
2026-06-30,SUP_038,Lima Minerals,Latin America,Raw Materials,81,9.8,0.851,35.5,44.1,99.3,high,91.72,8.78,999,27.65,28529,0,0.149,0.8875,0.242,0.3808,0.993,0.3512,0.0,39.2456,1,1,True
2026-07-01,SUP_038,Lima Minerals,Latin America,Raw Materials,81,9.8,0.851,23.9,47.8,100.0,high,90.34,9.91,1,27.65,28529,0,0.149,0.8875,0.242,0.3107,1.0,0.3964,0.9672,54.0996,0,1,True
2026-07-02,SUP_038,Lima Minerals,Latin America,Raw Materials,81,9.8,0.851,18.1,49.6,93.6,high,90.07,10.23,2,27.65,28529,0,0.149,0.8875,0.242,0.2755,0.936,0.4092,0.9355,52.2163,0,1,True
2026-07-03,SUP_038,Lima Minerals,Latin America,Raw Materials,81,9.8,0.851,20.1,53.9,82.8,high,89.99,10.35,3,27.65,28529,0,0.149,0.8875,0.242,0.3024,0.828,0.414,0.9048,50.7554,0,1,True
2026-07-04,SUP_038,Lima Minerals,Latin America,Raw Materials,81,9.8,0.851,29.5,63.4,75.4,high,89.71,10.68,4,27.65,28529,0,0.149,0.8875,0.242,0.3967,0.754,0.4272,0.8752,51.1005,0,1,True
2026-07-05,SUP_038,Lima Minerals,Latin America,Raw Materials,81,9.8,0.851,40.0,62.8,67.0,high,90.1,9.75,5,27.65,28529,0,0.149,0.8875,0.242,0.4684,0.67,0.39,0.8465,50.3097,1,0,True
2026-07-06,SUP_038,Lima Minerals,Latin America,Raw Materials,81,9.8,0.851,38.1,56.2,62.1,medium,90.67,9.62,1,27.65,28529,0,0.149,0.8875,0.242,0.4353,0.621,0.3848,0.9672,50.8972,0,0,True
2026-07-07,SUP_038,Lima Minerals,Latin America,Raw Materials,81,9.8,0.851,37.6,55.7,64.1,medium,90.06,9.61,2,27.65,28529,0,0.149,0.8875,0.242,0.4303,0.641,0.3844,0.9355,50.5751,0,0,True
2026-07-08,SUP_038,Lima Minerals,Latin America,Raw Materials,81,9.8,0.851,34.0,55.1,54.2,medium,89.42,9.95,3,27.65,28529,0,0.149,0.8875,0.242,0.4033,0.542,0.398,0.9048,48.3756,0,0,True
2026-07-09,SUP_038,Lima Minerals,Latin America,Raw Materials,81,9.8,0.851,37.9,55.3,38.4,low,89.39,10.01,4,27.65,28529,0,0.149,0.8875,0.242,0.4312,0.384,0.4004,0.8752,46.2199,0,0,True
2026-07-10,SUP_038,Lima Minerals,Latin America,Raw Materials,81,9.8,0.851,45.4,60.1,42.7,medium,88.17,11.09,5,27.65,28529,0,0.149,0.8875,0.242,0.4981,0.427,0.4436,0.8465,48.0855,0,0,True
2026-07-11,SUP_038,Lima Minerals,Latin America,Raw Materials,81,9.8,0.851,50.6,47.5,36.1,low,87.79,10.37,6,27.65,28529,0,0.149,0.8875,0.242,0.4967,0.361,0.4148,0.8187,46.3466,0,0,True
2026-07-12,SUP_038,Lima Minerals,Latin America,Raw Materials,81,9.8,0.851,48.8,53.6,32.1,low,88.86,9.82,7,27.65,28529,0,0.149,0.8875,0.242,0.5024,0.321,0.3928,0.7919,45.1958,0,0,True
2026-07-13,SUP_038,Lima Minerals,Latin America,Raw Materials,81,9.8,0.851,43.5,60.6,33.3,low,87.67,8.6,8,27.65,28529,0,0.149,0.8875,0.242,0.4863,0.333,0.344,0.7659,44.073,0,0,True
2026-07-14,SUP_038,Lima Minerals,Latin America,Raw Materials,81,9.8,0.851,43.1,59.7,32.0,low,87.4,8.38,9,27.65,28529,0,0.149,0.8875,0.242,0.4808,0.32,0.3352,0.7408,43.2846,0,0,True
2026-07-15,SUP_038,Lima Minerals,Latin America,Raw Materials,81,9.8,0.851,49.1,59.1,44.8,medium,86.93,8.92,10,27.65,28529,0,0.149,0.8875,0.242,0.521,0.448,0.3568,0.7165,45.6709,0,0,True
2026-07-16,SUP_038,Lima Minerals,Latin America,Raw Materials,81,9.8,0.851,45.9,54.2,42.5,medium,88.52,7.97,11,27.65,28529,0,0.149,0.8875,0.242,0.4839,0.425,0.3188,0.693,43.8492,0,0,True
2026-07-17,SUP_038,Lima Minerals,Latin America,Raw Materials,81,9.8,0.851,36.4,51.4,53.2,medium,88.09,7.99,12,27.65,28529,0,0.149,0.8875,0.242,0.409,0.532,0.3196,0.6703,43.6451,0,0,True
2026-07-18,SUP_038,Lima Minerals,Latin America,Raw Materials,81,9.8,0.851,35.2,52.6,52.3,medium,87.71,8.01,13,27.65,28529,0,0.149,0.8875,0.242,0.4042,0.523,0.3204,0.6483,43.0907,0,0,True
2026-07-19,SUP_038,Lima Minerals,Latin America,Raw Materials,81,9.8,0.851,34.6,53.3,48.9,medium,86.9,7.8,14,27.65,28529,0,0.149,0.8875,0.242,0.4021,0.489,0.312,0.6271,42.136,0,0,True
2026-07-20,SUP_038,Lima Minerals,Latin America,Raw Materials,81,9.8,0.851,26.8,54.4,48.6,medium,86.91,7.82,15,27.65,28529,0,0.149,0.8875,0.242,0.3508,0.486,0.3128,0.6065,40.8512,0,0,True
2026-07-21,SUP_038,Lima Minerals,Latin America,Raw Materials,81,9.8,0.851,29.9,54.7,35.0,low,87.12,7.75,16,27.65,28529,0,0.149,0.8875,0.242,0.3734,0.35,0.31,0.5866,39.0023,0,0,True
2026-07-22,SUP_038,Lima Minerals,Latin America,Raw Materials,81,9.8,0.851,33.8,56.5,39.9,low,86.42,8.31,17,27.65,28529,0,0.149,0.8875,0.242,0.4061,0.399,0.3324,0.5674,40.238,0,0,True
2026-07-23,SUP_038,Lima Minerals,Latin America,Raw Materials,81,9.8,0.851,43.5,57.4,48.3,medium,87.2,8.01,18,27.65,28529,0,0.149,0.8875,0.242,0.4767,0.483,0.3204,0.5488,42.2431,0,0,True
2026-07-24,SUP_038,Lima Minerals,Latin America,Raw Materials,81,9.8,0.851,36.7,48.7,55.9,medium,87.41,8.03,19,27.65,28529,0,0.149,0.8875,0.242,0.403,0.559,0.3212,0.5308,41.7023,0,0,True
2026-07-25,SUP_038,Lima Minerals,Latin America,Raw Materials,81,9.8,0.851,40.6,51.0,39.9,low,88.09,8.05,20,27.65,28529,0,0.149,0.8875,0.242,0.4372,0.399,0.322,0.5134,39.809,0,0,True
2026-07-26,SUP_038,Lima Minerals,Latin America,Raw Materials,81,9.8,0.851,45.1,58.4,26.4,low,87.83,8.06,21,27.65,28529,0,0.149,0.8875,0.242,0.4909,0.264,0.3224,0.4966,38.6211,0,0,True
2026-07-27,SUP_038,Lima Minerals,Latin America,Raw Materials,81,9.8,0.851,46.8,54.7,25.3,low,88.02,8.08,22,27.65,28529,0,0.149,0.8875,0.242,0.4917,0.253,0.3232,0.4803,38.2306,0,0,True
2026-07-28,SUP_038,Lima Minerals,Latin America,Raw Materials,81,9.8,0.851,41.0,59.7,42.3,medium,87.85,5.98,23,27.65,28529,0,0.149,0.8875,0.242,0.4661,0.423,0.2392,0.4646,38.8899,0,0,True
2026-07-29,SUP_038,Lima Minerals,Latin America,Raw Materials,81,9.8,0.851,35.8,51.1,44.3,medium,89.01,5.99,24,27.65,28529,0,0.149,0.8875,0.242,0.4039,0.443,0.2396,0.4493,37.8114,0,0,True
2026-07-30,SUP_038,Lima Minerals,Latin America,Raw Materials,81,9.8,0.851,36.9,48.6,36.5,low,89.1,4.81,25,27.65,28529,0,0.149,0.8875,0.242,0.4041,0.365,0.1924,0.4346,35.9209,0,0,True
2026-07-31,SUP_038,Lima Minerals,Latin America,Raw Materials,81,9.8,0.851,37.8,43.2,24.4,low,89.1,4.81,26,27.65,28529,0,0.149,0.8875,0.242,0.3942,0.244,0.1924,0.4204,33.8208,0,0,True
2026-08-01,SUP_038,Lima Minerals,Latin America,Raw Materials,81,9.8,0.851,35.5,49.2,22.5,low,88.74,4.81,27,27.65,28529,0,0.149,0.8875,0.242,0.3961,0.225,0.1924,0.4066,33.3685,0,0,True
2026-08-02,SUP_038,Lima Minerals,Latin America,Raw Materials,81,9.8,0.851,42.3,55.7,20.4,low,88.33,4.81,28,27.65,28529,0,0.149,0.8875,0.242,0.4632,0.204,0.1924,0.3932,34.069,0,0,True
2026-08-03,SUP_038,Lima Minerals,Latin America,Raw Materials,81,9.8,0.851,40.0,52.1,34.5,low,88.52,4.82,29,27.65,28529,0,0.149,0.8875,0.242,0.4363,0.345,0.1928,0.3803,35.3573,0,0,True
2026-08-04,SUP_038,Lima Minerals,Latin America,Raw Materials,81,9.8,0.851,31.1,55.7,45.7,medium,89.17,4.82,30,27.65,28529,0,0.149,0.8875,0.242,0.3848,0.457,0.1928,0.3679,35.7988,0,0,True
2026-08-05,SUP_038,Lima Minerals,Latin America,Raw Materials,81,9.8,0.851,31.3,61.3,35.1,low,88.63,4.13,31,27.65,28529,0,0.149,0.8875,0.242,0.403,0.351,0.1652,0.3558,34.1183,0,0,True
2026-08-06,SUP_038,Lima Minerals,Latin America,Raw Materials,81,9.8,0.851,34.9,57.2,43.8,medium,88.73,3.41,32,27.65,28529,0,0.149,0.8875,0.242,0.4159,0.438,0.1364,0.3442,35.0362,0,0,True
2026-08-07,SUP_038,Lima Minerals,Latin America,Raw Materials,81,9.8,0.851,37.3,54.5,49.4,medium,88.87,3.37,33,27.65,28529,0,0.149,0.8875,0.242,0.4246,0.494,0.1348,0.3329,35.7771,0,0,True
2026-08-08,SUP_038,Lima Minerals,Latin America,Raw Materials,81,9.8,0.851,39.3,55.5,36.6,low,89.16,3.12,34,27.65,28529,0,0.149,0.8875,0.242,0.4416,0.366,0.1248,0.322,33.9965,0,0,True
2026-08-09,SUP_038,Lima Minerals,Latin America,Raw Materials,81,9.8,0.851,46.5,48.0,37.2,low,87.81,3.12,35,27.65,28529,0,0.149,0.8875,0.242,0.4695,0.372,0.1248,0.3114,34.4138,0,0,True
2026-08-10,SUP_038,Lima Minerals,Latin America,Raw Materials,81,9.8,0.851,40.2,46.6,41.5,medium,87.08,3.12,36,27.65,28529,0,0.149,0.8875,0.242,0.4212,0.415,0.1248,0.3012,33.9831,0,0,True
2026-08-11,SUP_038,Lima Minerals,Latin America,Raw Materials,81,9.8,0.851,38.2,56.1,43.2,medium,86.0,3.6,37,27.65,28529,0,0.149,0.8875,0.242,0.4357,0.432,0.144,0.2913,34.5545,0,0,True
2026-08-12,SUP_038,Lima Minerals,Latin America,Raw Materials,81,9.8,0.851,45.8,50.3,27.0,low,86.02,3.61,38,27.65,28529,0,0.149,0.8875,0.242,0.4715,0.27,0.1444,0.2818,32.7829,0,0,True
2026-08-13,SUP_038,Lima Minerals,Latin America,Raw Materials,81,9.8,0.851,35.6,52.5,32.0,low,85.31,4.4,39,27.65,28529,0,0.149,0.8875,0.242,0.4067,0.32,0.176,0.2725,32.5479,0,0,True
2026-08-14,SUP_038,Lima Minerals,Latin America,Raw Materials,81,9.8,0.851,36.0,52.7,40.4,medium,84.92,4.84,40,27.65,28529,0,0.149,0.8875,0.242,0.4101,0.404,0.1936,0.2636,33.8533,0,0,True
2026-08-15,SUP_038,Lima Minerals,Latin America,Raw Materials,81,9.8,0.851,42.4,49.1,55.4,medium,83.97,5.94,41,27.65,28529,0,0.149,0.8875,0.242,0.4441,0.554,0.2376,0.255,36.955,0,0,True
2026-08-16,SUP_038,Lima Minerals,Latin America,Raw Materials,81,9.8,0.851,47.8,48.2,45.9,medium,83.65,6.31,42,27.65,28529,0,0.149,0.8875,0.242,0.4792,0.459,0.2524,0.2466,36.3007,0,0,True
2026-08-17,SUP_038,Lima Minerals,Latin America,Raw Materials,81,9.8,0.851,49.8,55.4,39.9,low,82.77,7.33,43,27.65,28529,0,0.149,0.8875,0.242,0.5148,0.399,0.2932,0.2385,36.4618,0,0,True
2026-08-18,SUP_038,Lima Minerals,Latin America,Raw Materials,81,9.8,0.851,51.6,55.3,38.5,low,83.37,7.34,44,27.65,28529,0,0.149,0.8875,0.242,0.5271,0.385,0.2936,0.2307,36.3668,0,0,True
2026-08-19,SUP_038,Lima Minerals,Latin America,Raw Materials,81,9.8,0.851,44.9,56.0,42.0,medium,83.74,7.35,45,27.65,28529,0,0.149,0.8875,0.242,0.4823,0.42,0.294,0.2231,35.9342,0,0,True
2026-08-20,SUP_038,Lima Minerals,Latin America,Raw Materials,81,9.8,0.851,50.7,61.3,42.9,medium,83.86,7.36,46,27.65,28529,0,0.149,0.8875,0.242,0.5388,0.429,0.2944,0.2158,36.965,0,0,True
2026-08-21,SUP_038,Lima Minerals,Latin America,Raw Materials,81,9.8,0.851,43.4,55.8,48.3,medium,83.62,7.37,47,27.65,28529,0,0.149,0.8875,0.242,0.4712,0.483,0.2948,0.2087,36.3958,0,0,True
2026-08-22,SUP_038,Lima Minerals,Latin America,Raw Materials,81,9.8,0.851,37.5,47.2,36.3,low,82.01,8.26,48,27.65,28529,0,0.149,0.8875,0.242,0.4041,0.363,0.3304,0.2019,33.8257,0,0,True
2026-08-23,SUP_038,Lima Minerals,Latin America,Raw Materials,81,9.8,0.851,39.7,54.7,41.4,medium,81.65,8.69,49,27.65,28529,0,0.149,0.8875,0.242,0.442,0.414,0.3476,0.1953,35.3224,0,0,True
2026-08-24,SUP_038,Lima Minerals,Latin America,Raw Materials,81,9.8,0.851,37.4,52.4,34.7,low,81.05,9.41,50,27.65,28529,0,0.149,0.8875,0.242,0.419,0.347,0.3764,0.1889,34.2136,0,0,True
2026-08-25,SUP_038,Lima Minerals,Latin America,Raw Materials,81,9.8,0.851,38.8,54.5,35.2,low,81.24,9.44,51,27.65,28529,0,0.149,0.8875,0.242,0.4351,0.352,0.3776,0.1827,34.4887,0,0,True
2026-08-26,SUP_038,Lima Minerals,Latin America,Raw Materials,81,9.8,0.851,41.0,47.6,52.7,medium,81.73,9.46,52,27.65,28529,0,0.149,0.8875,0.242,0.4298,0.527,0.3784,0.1767,36.7571,0,0,True
2026-08-27,SUP_038,Lima Minerals,Latin America,Raw Materials,81,9.8,0.851,49.3,47.7,37.1,low,81.99,9.48,53,27.65,28529,0,0.149,0.8875,0.242,0.4882,0.371,0.3792,0.1709,35.5412,0,0,True
2026-08-28,SUP_038,Lima Minerals,Latin America,Raw Materials,81,9.8,0.851,49.9,40.1,35.7,low,82.99,9.5,54,27.65,28529,0,0.149,0.8875,0.242,0.4696,0.357,0.38,0.1653,34.9303,0,0,True
2026-08-29,SUP_038,Lima Minerals,Latin America,Raw Materials,81,9.8,0.851,45.5,39.6,25.5,low,82.54,9.53,55,27.65,28529,0,0.149,0.8875,0.242,0.4373,0.255,0.3812,0.1599,32.8486,0,0,True
2026-08-30,SUP_038,Lima Minerals,Latin America,Raw Materials,81,9.8,0.851,47.9,35.5,31.0,low,82.06,9.55,56,27.65,28529,0,0.149,0.8875,0.242,0.4418,0.31,0.382,0.1546,33.6254,0,0,True
2026-08-31,SUP_038,Lima Minerals,Latin America,Raw Materials,81,9.8,0.851,42.8,30.8,43.5,medium,82.88,9.58,57,27.65,28529,0,0.149,0.8875,0.242,0.392,0.435,0.3832,0.1496,34.4123,0,0,True
2026-09-01,SUP_038,Lima Minerals,Latin America,Raw Materials,81,9.8,0.851,46.7,29.9,44.7,medium,83.01,9.6,58,27.65,28529,0,0.149,0.8875,0.242,0.4166,0.447,0.384,0.1447,34.9542,0,0,True
2026-09-02,SUP_038,Lima Minerals,Latin America,Raw Materials,81,9.8,0.851,46.0,18.5,42.9,medium,82.81,9.62,59,27.65,28529,0,0.149,0.8875,0.242,0.3775,0.429,0.3848,0.1399,33.9321,0,0,True
2026-09-03,SUP_038,Lima Minerals,Latin America,Raw Materials,81,9.8,0.851,47.0,14.9,55.0,medium,84.27,9.63,60,27.65,28529,0,0.149,0.8875,0.242,0.3737,0.55,0.3852,0.1353,35.4891,0,0,True
2026-09-04,SUP_038,Lima Minerals,Latin America,Raw Materials,81,9.8,0.851,37.5,22.0,54.8,medium,84.73,9.64,61,27.65,28529,0,0.149,0.8875,0.242,0.3285,0.548,0.3856,0.1309,34.5813,0,0,True
2026-09-05,SUP_038,Lima Minerals,Latin America,Raw Materials,81,9.8,0.851,27.2,25.8,59.2,medium,84.58,9.66,62,27.65,28529,0,0.149,0.8875,0.242,0.2678,0.592,0.3864,0.1266,34.0457,0,0,True
2026-09-06,SUP_038,Lima Minerals,Latin America,Raw Materials,81,9.8,0.851,22.0,21.5,61.5,medium,84.04,9.67,63,27.65,28529,0,0.149,0.8875,0.242,0.2185,0.615,0.3868,0.1225,33.4187,0,0,True
2026-09-07,SUP_038,Lima Minerals,Latin America,Raw Materials,81,9.8,0.851,33.0,26.4,30.0,low,85.09,8.08,64,27.65,28529,0,0.149,0.8875,0.242,0.3102,0.3,0.3232,0.1184,29.8318,0,0,True
2026-09-08,SUP_038,Lima Minerals,Latin America,Raw Materials,81,9.8,0.851,28.6,23.1,32.3,low,85.25,7.21,65,27.65,28529,0,0.149,0.8875,0.242,0.2695,0.323,0.2884,0.1146,28.9415,0,0,True
2026-09-09,SUP_038,Lima Minerals,Latin America,Raw Materials,81,9.8,0.851,33.8,28.7,24.7,low,85.27,5.95,66,27.65,28529,0,0.149,0.8875,0.242,0.3227,0.247,0.238,0.1108,28.1702,0,0,True
2026-09-10,SUP_038,Lima Minerals,Latin America,Raw Materials,81,9.8,0.851,31.7,29.0,21.4,low,85.8,5.95,67,27.65,28529,0,0.149,0.8875,0.242,0.3089,0.214,0.238,0.1072,27.4017,0,0,True
2026-09-11,SUP_038,Lima Minerals,Latin America,Raw Materials,81,9.8,0.851,31.8,28.2,40.2,medium,86.5,6.52,68,27.65,28529,0,0.149,0.8875,0.242,0.3072,0.402,0.2608,0.1037,30.2205,0,0,True
2026-09-12,SUP_038,Lima Minerals,Latin America,Raw Materials,81,9.8,0.851,32.8,28.7,37.2,low,86.94,7.04,69,27.65,28529,0,0.149,0.8875,0.242,0.3157,0.372,0.2816,0.1003,30.1487,0,0,True
2026-09-13,SUP_038,Lima Minerals,Latin America,Raw Materials,81,9.8,0.851,41.7,43.2,55.9,medium,87.63,7.86,70,27.65,28529,0,0.149,0.8875,0.242,0.4215,0.559,0.3144,0.097,35.0121,0,0,True
2026-09-14,SUP_038,Lima Minerals,Latin America,Raw Materials,81,9.8,0.851,44.2,37.9,39.4,low,87.99,8.28,71,27.65,28529,0,0.149,0.8875,0.242,0.4231,0.394,0.3312,0.0938,32.8816,0,1,True
2026-09-15,SUP_038,Lima Minerals,Latin America,Raw Materials,81,9.8,0.851,45.4,38.7,30.0,low,88.43,8.79,72,27.65,28529,0,0.149,0.8875,0.242,0.4339,0.3,0.3516,0.0907,31.9556,0,1,True
2026-09-16,SUP_038,Lima Minerals,Latin America,Raw Materials,81,9.8,0.851,50.7,42.3,40.1,medium,87.85,8.77,73,27.65,28529,0,0.149,0.8875,0.242,0.4818,0.401,0.3508,0.0877,34.1747,0,1,True
2026-09-17,SUP_038,Lima Minerals,Latin America,Raw Materials,81,9.8,0.851,46.1,36.1,37.4,low,89.28,9.76,74,27.65,28529,0,0.149,0.8875,0.242,0.431,0.374,0.3904,0.0849,33.3114,0,1,False
2026-09-18,SUP_038,Lima Minerals,Latin America,Raw Materials,81,9.8,0.851,50.3,27.5,41.4,medium,88.31,9.74,75,27.65,28529,0,0.149,0.8875,0.242,0.4346,0.414,0.3896,0.0821,33.8821,0,1,False
2026-09-19,SUP_038,Lima Minerals,Latin America,Raw Materials,81,9.8,0.851,53.0,25.5,40.5,medium,88.55,9.72,76,27.65,28529,0,0.149,0.8875,0.242,0.4475,0.405,0.3888,0.0794,33.9357,0,1,False
2026-09-20,SUP_038,Lima Minerals,Latin America,Raw Materials,81,9.8,0.851,55.3,30.9,39.6,low,87.5,9.71,77,27.65,28529,0,0.149,0.8875,0.242,0.4798,0.396,0.3884,0.0768,34.3446,0,1,False
2026-09-21,SUP_038,Lima Minerals,Latin America,Raw Materials,81,9.8,0.851,52.2,29.7,37.3,low,87.42,9.68,78,27.65,28529,0,0.149,0.8875,0.242,0.4545,0.373,0.3872,0.0743,33.5125,1,0,False
2026-09-22,SUP_038,Lima Minerals,Latin America,Raw Materials,81,9.8,0.851,48.3,29.3,40.2,medium,86.97,9.66,1,27.65,28529,0,0.149,0.8875,0.242,0.426,0.402,0.3864,0.9672,47.683,0,0,False
2026-09-23,SUP_038,Lima Minerals,Latin America,Raw Materials,81,9.8,0.851,43.0,35.0,46.6,medium,87.07,9.42,2,27.65,28529,0,0.149,0.8875,0.242,0.406,0.466,0.3768,0.9355,47.5965,0,0,False
2026-06-01,SUP_039,Texas Petro Films,North America,Packaging,82,7.0,0.857,15.1,36.5,51.8,medium,100.41,0.0,999,21.2,59127,1,0.143,0.9,0.1707,0.2152,0.518,0.0,0.0,24.6929,0,0,True
2026-06-02,SUP_039,Texas Petro Films,North America,Packaging,82,7.0,0.857,10.1,41.1,63.6,medium,101.03,0.0,999,21.2,59127,1,0.143,0.9,0.1707,0.194,0.636,0.0,0.0,25.9633,0,0,True
2026-06-03,SUP_039,Texas Petro Films,North America,Packaging,82,7.0,0.857,10.2,35.0,52.0,medium,102.43,0.0,999,21.2,59127,1,0.143,0.9,0.1707,0.1764,0.52,0.0,0.0,24.0225,0,0,True
2026-06-04,SUP_039,Texas Petro Films,North America,Packaging,82,7.0,0.857,17.1,33.0,61.5,medium,104.03,0.0,999,21.2,59127,1,0.143,0.9,0.1707,0.2187,0.615,0.0,0.0,26.1139,0,0,True
2026-06-05,SUP_039,Texas Petro Films,North America,Packaging,82,7.0,0.857,10.1,42.0,52.5,medium,105.05,4.52,999,21.2,59127,1,0.143,0.9,0.1707,0.1967,0.525,0.1808,0.0,26.6275,0,1,True
2026-06-06,SUP_039,Texas Petro Films,North America,Packaging,82,7.0,0.857,6.3,30.7,57.5,medium,104.39,4.51,999,21.2,59127,1,0.143,0.9,0.1707,0.1362,0.575,0.1804,0.0,26.2337,0,1,True
2026-06-07,SUP_039,Texas Petro Films,North America,Packaging,82,7.0,0.857,11.3,29.0,58.5,medium,103.24,4.51,999,21.2,59127,1,0.143,0.9,0.1707,0.1661,0.585,0.1804,0.0,26.9119,0,1,True
2026-06-08,SUP_039,Texas Petro Films,North America,Packaging,82,7.0,0.857,11.8,24.3,34.3,low,103.84,4.5,999,21.2,59127,1,0.143,0.9,0.1707,0.1555,0.343,0.18,0.0,23.3283,0,1,True
2026-06-09,SUP_039,Texas Petro Films,North America,Packaging,82,7.0,0.857,12.5,24.8,25.5,low,102.95,4.5,999,21.2,59127,1,0.143,0.9,0.1707,0.1619,0.255,0.18,0.0,22.2115,0,1,True
2026-06-10,SUP_039,Texas Petro Films,North America,Packaging,82,7.0,0.857,17.3,24.1,16.6,low,104.6,4.5,999,21.2,59127,1,0.143,0.9,0.1707,0.1934,0.166,0.18,0.0,21.5325,0,1,True
2026-06-11,SUP_039,Texas Petro Films,North America,Packaging,82,7.0,0.857,12.7,28.9,4.7,low,102.69,4.5,999,21.2,59127,1,0.143,0.9,0.1707,0.1756,0.047,0.18,0.0,19.5461,0,1,True
2026-06-12,SUP_039,Texas Petro Films,North America,Packaging,82,7.0,0.857,10.2,31.1,20.4,low,103.33,4.5,999,21.2,59127,1,0.143,0.9,0.1707,0.1647,0.204,0.18,0.0,21.5479,1,0,True
2026-06-13,SUP_039,Texas Petro Films,North America,Packaging,82,7.0,0.857,7.4,24.8,43.2,medium,103.68,4.5,1,21.2,59127,1,0.143,0.9,0.1707,0.1262,0.432,0.18,0.9672,39.5224,0,0,True
2026-06-14,SUP_039,Texas Petro Films,North America,Packaging,82,7.0,0.857,6.4,23.3,38.8,low,103.45,4.5,2,21.2,59127,1,0.143,0.9,0.1707,0.1147,0.388,0.18,0.9355,38.192,0,0,True
2026-06-15,SUP_039,Texas Petro Films,North America,Packaging,82,7.0,0.857,13.6,25.0,45.7,medium,102.42,4.5,3,21.2,59127,1,0.143,0.9,0.1707,0.1702,0.457,0.18,0.9048,39.6663,0,0,True
2026-06-16,SUP_039,Texas Petro Films,North America,Packaging,82,7.0,0.857,5.3,30.4,56.8,medium,100.11,4.8,4,21.2,59127,1,0.143,0.9,0.1707,0.1283,0.568,0.192,0.8752,40.1355,0,0,True
2026-06-17,SUP_039,Texas Petro Films,North America,Packaging,82,7.0,0.857,0.6,43.9,53.3,medium,99.52,5.38,5,21.2,59127,1,0.143,0.9,0.1707,0.1359,0.533,0.2152,0.8465,39.6016,0,0,True
2026-06-18,SUP_039,Texas Petro Films,North America,Packaging,82,7.0,0.857,0.0,46.3,48.5,medium,98.94,5.96,6,21.2,59127,1,0.143,0.9,0.1707,0.1389,0.485,0.2384,0.8187,38.818,0,0,True
2026-06-19,SUP_039,Texas Petro Films,North America,Packaging,82,7.0,0.857,4.9,39.3,42.8,medium,100.19,5.96,7,21.2,59127,1,0.143,0.9,0.1707,0.1522,0.428,0.2384,0.7919,37.83,0,0,True
2026-06-20,SUP_039,Texas Petro Films,North America,Packaging,82,7.0,0.857,3.1,38.1,45.9,medium,99.31,5.97,8,21.2,59127,1,0.143,0.9,0.1707,0.136,0.459,0.2388,0.7659,37.5618,0,0,True
2026-06-21,SUP_039,Texas Petro Films,North America,Packaging,82,7.0,0.857,2.9,38.6,51.2,medium,99.82,5.98,9,21.2,59127,1,0.143,0.9,0.1707,0.1361,0.512,0.2392,0.7408,37.9086,0,0,True
2026-06-22,SUP_039,Texas Petro Films,North America,Packaging,82,7.0,0.857,0.0,35.3,51.5,medium,98.37,6.55,10,21.2,59127,1,0.143,0.9,0.1707,0.1059,0.515,0.262,0.7165,37.292,0,0,True
2026-06-23,SUP_039,Texas Petro Films,North America,Packaging,82,7.0,0.857,0.0,37.8,51.3,medium,98.91,6.56,11,21.2,59127,1,0.143,0.9,0.1707,0.1134,0.513,0.2624,0.693,37.028,0,0,True
2026-06-24,SUP_039,Texas Petro Films,North America,Packaging,82,7.0,0.857,3.9,25.4,46.8,medium,96.41,8.5,12,21.2,59127,1,0.143,0.9,0.1707,0.1035,0.468,0.34,0.6703,36.7874,0,0,True
2026-06-25,SUP_039,Texas Petro Films,North America,Packaging,82,7.0,0.857,6.3,29.7,29.1,low,98.75,8.51,13,21.2,59127,1,0.143,0.9,0.1707,0.1332,0.291,0.3404,0.6483,34.4972,0,0,True
2026-06-26,SUP_039,Texas Petro Films,North America,Packaging,82,7.0,0.857,6.7,28.0,38.9,low,98.59,8.52,14,21.2,59127,1,0.143,0.9,0.1707,0.1309,0.389,0.3408,0.6271,35.4925,0,0,True
2026-06-27,SUP_039,Texas Petro Films,North America,Packaging,82,7.0,0.857,0.0,28.5,26.0,low,95.47,9.47,15,21.2,59127,1,0.143,0.9,0.1707,0.0855,0.26,0.3788,0.6065,32.9964,0,0,True
2026-06-28,SUP_039,Texas Petro Films,North America,Packaging,82,7.0,0.857,0.3,37.2,34.0,low,94.66,10.29,16,21.2,59127,1,0.143,0.9,0.1707,0.1137,0.34,0.4116,0.5866,34.6995,0,0,True
2026-06-29,SUP_039,Texas Petro Films,North America,Packaging,82,7.0,0.857,2.7,30.2,41.2,medium,93.69,11.28,17,21.2,59127,1,0.143,0.9,0.1707,0.1095,0.412,0.4512,0.5674,35.7993,0,0,True
2026-06-30,SUP_039,Texas Petro Films,North America,Packaging,82,7.0,0.857,0.0,32.4,29.1,low,92.95,12.05,18,21.2,59127,1,0.143,0.9,0.1707,0.0972,0.291,0.482,0.5488,33.9559,0,0,True
2026-07-01,SUP_039,Texas Petro Films,North America,Packaging,82,7.0,0.857,4.4,36.9,25.0,low,92.54,12.49,19,21.2,59127,1,0.143,0.9,0.1707,0.1415,0.25,0.4996,0.5308,34.1026,0,0,True
2026-07-02,SUP_039,Texas Petro Films,North America,Packaging,82,7.0,0.857,9.8,37.5,47.1,medium,91.8,13.27,20,21.2,59127,1,0.143,0.9,0.1707,0.1811,0.471,0.5308,0.5134,38.0054,0,0,True
2026-07-03,SUP_039,Texas Petro Films,North America,Packaging,82,7.0,0.857,7.6,28.7,43.4,medium,90.89,14.23,21,21.2,59127,1,0.143,0.9,0.1707,0.1393,0.434,0.5692,0.4966,36.9265,0,1,True
2026-07-04,SUP_039,Texas Petro Films,North America,Packaging,82,7.0,0.857,11.7,36.7,30.0,low,89.59,15.62,22,21.2,59127,1,0.143,0.9,0.1707,0.192,0.3,0.6248,0.4803,36.4058,0,1,True
2026-07-05,SUP_039,Texas Petro Films,North America,Packaging,82,7.0,0.857,11.2,35.4,38.6,low,90.51,15.24,23,21.2,59127,1,0.143,0.9,0.1707,0.1846,0.386,0.6096,0.4646,37.0423,0,1,True
2026-07-06,SUP_039,Texas Petro Films,North America,Packaging,82,7.0,0.857,16.8,32.5,30.6,low,91.86,15.3,24,21.2,59127,1,0.143,0.9,0.1707,0.2151,0.306,0.612,0.4493,36.2564,0,1,True
2026-07-07,SUP_039,Texas Petro Films,North America,Packaging,82,7.0,0.857,25.7,31.3,13.9,low,91.57,15.36,25,21.2,59127,1,0.143,0.9,0.1707,0.2738,0.139,0.6144,0.4346,34.7681,0,1,True
2026-07-08,SUP_039,Texas Petro Films,North America,Packaging,82,7.0,0.857,18.5,29.8,24.0,low,91.55,15.43,26,21.2,59127,1,0.143,0.9,0.1707,0.2189,0.24,0.6172,0.4204,34.9995,0,1,True
2026-07-09,SUP_039,Texas Petro Films,North America,Packaging,82,7.0,0.857,21.1,24.3,18.3,low,90.29,15.49,27,21.2,59127,1,0.143,0.9,0.1707,0.2206,0.183,0.6196,0.4066,34.0404,0,1,True
2026-07-10,SUP_039,Texas Petro Films,North America,Packaging,82,7.0,0.857,26.0,26.8,25.4,low,90.37,14.62,28,21.2,59127,1,0.143,0.9,0.1707,0.2624,0.254,0.5848,0.3932,35.156,1,0,True
2026-07-11,SUP_039,Texas Petro Films,North America,Packaging,82,7.0,0.857,19.3,24.9,20.3,low,90.63,14.68,1,21.2,59127,1,0.143,0.9,0.1707,0.2098,0.203,0.5872,0.9672,42.7076,0,0,True
2026-07-12,SUP_039,Texas Petro Films,North America,Packaging,82,7.0,0.857,15.4,29.9,30.5,low,90.38,14.74,2,21.2,59127,1,0.143,0.9,0.1707,0.1975,0.305,0.5896,0.9355,43.4356,0,0,True
2026-07-13,SUP_039,Texas Petro Films,North America,Packaging,82,7.0,0.857,12.1,33.4,33.3,low,90.83,14.57,3,21.2,59127,1,0.143,0.9,0.1707,0.1849,0.333,0.5828,0.9048,43.0285,0,0,True
2026-07-14,SUP_039,Texas Petro Films,North America,Packaging,82,7.0,0.857,11.5,42.2,9.8,low,91.17,13.54,4,21.2,59127,1,0.143,0.9,0.1707,0.2071,0.098,0.5416,0.8752,39.1691,0,0,True
2026-07-15,SUP_039,Texas Petro Films,North America,Packaging,82,7.0,0.857,9.9,40.0,19.6,low,89.99,11.24,5,21.2,59127,1,0.143,0.9,0.1707,0.1893,0.196,0.4496,0.8465,38.6576,0,0,True
2026-07-16,SUP_039,Texas Petro Films,North America,Packaging,82,7.0,0.857,9.3,35.0,20.8,low,91.33,11.27,6,21.2,59127,1,0.143,0.9,0.1707,0.1701,0.208,0.4508,0.8187,38.0504,0,0,True
2026-07-17,SUP_039,Texas Petro Films,North America,Packaging,82,7.0,0.857,13.6,27.3,37.5,low,91.1,11.31,7,21.2,59127,1,0.143,0.9,0.1707,0.1771,0.375,0.4524,0.7919,40.1042,0,0,True
2026-07-18,SUP_039,Texas Petro Films,North America,Packaging,82,7.0,0.857,4.4,40.0,40.5,medium,92.97,11.33,8,21.2,59127,1,0.143,0.9,0.1707,0.1508,0.405,0.4532,0.7659,39.645,0,1,True
2026-07-19,SUP_039,Texas Petro Films,North America,Packaging,82,7.0,0.857,0.9,42.7,46.1,medium,93.44,10.96,9,21.2,59127,1,0.143,0.9,0.1707,0.1344,0.461,0.4384,0.7408,39.5544,0,1,True
2026-07-20,SUP_039,Texas Petro Films,North America,Packaging,82,7.0,0.857,5.8,37.9,36.8,low,95.64,10.98,10,21.2,59127,1,0.143,0.9,0.1707,0.1543,0.368,0.4392,0.7165,38.2316,0,1,True
2026-07-21,SUP_039,Texas Petro Films,North America,Packaging,82,7.0,0.857,9.3,46.4,29.0,low,96.96,10.01,11,21.2,59127,1,0.143,0.9,0.1707,0.2043,0.29,0.4004,0.693,37.1982,0,1,True
2026-07-22,SUP_039,Texas Petro Films,North America,Packaging,82,7.0,0.857,4.7,51.8,30.3,low,97.21,10.01,12,21.2,59127,1,0.143,0.9,0.1707,0.1883,0.303,0.4004,0.6703,36.7286,0,1,True
2026-07-23,SUP_039,Texas Petro Films,North America,Packaging,82,7.0,0.857,8.5,42.2,28.1,low,96.4,9.85,13,21.2,59127,1,0.143,0.9,0.1707,0.1861,0.281,0.394,0.6483,35.9526,0,1,True
2026-07-24,SUP_039,Texas Petro Films,North America,Packaging,82,7.0,0.857,15.3,37.1,42.2,medium,95.62,9.85,14,21.2,59127,1,0.143,0.9,0.1707,0.2184,0.422,0.394,0.6271,38.1679,0,1,True
2026-07-25,SUP_039,Texas Petro Films,North America,Packaging,82,7.0,0.857,14.6,36.1,39.0,low,96.21,9.69,15,21.2,59127,1,0.143,0.9,0.1707,0.2105,0.39,0.3876,0.6065,37.172,1,0,True
2026-07-26,SUP_039,Texas Petro Films,North America,Packaging,82,7.0,0.857,9.4,30.3,26.7,low,96.37,8.21,1,21.2,59127,1,0.143,0.9,0.1707,0.1567,0.267,0.3284,0.9672,39.5422,0,0,True
2026-07-27,SUP_039,Texas Petro Films,North America,Packaging,82,7.0,0.857,13.9,30.5,21.1,low,95.72,8.21,2,21.2,59127,1,0.143,0.9,0.1707,0.1888,0.211,0.3284,0.9355,38.8286,0,0,True
2026-07-28,SUP_039,Texas Petro Films,North America,Packaging,82,7.0,0.857,21.8,34.9,33.5,low,96.65,8.2,3,21.2,59127,1,0.143,0.9,0.1707,0.2573,0.335,0.328,0.9048,41.3021,0,0,True
2026-07-29,SUP_039,Texas Petro Films,North America,Packaging,82,7.0,0.857,16.1,27.7,32.3,low,96.69,8.2,4,21.2,59127,1,0.143,0.9,0.1707,0.1958,0.323,0.328,0.8752,39.5525,0,0,True
2026-07-30,SUP_039,Texas Petro Films,North America,Packaging,82,7.0,0.857,15.7,30.4,30.9,low,97.63,8.63,5,21.2,59127,1,0.143,0.9,0.1707,0.2011,0.309,0.3452,0.8465,39.1992,0,0,True
2026-07-31,SUP_039,Texas Petro Films,North America,Packaging,82,7.0,0.857,20.3,37.2,41.8,medium,96.54,8.62,6,21.2,59127,1,0.143,0.9,0.1707,0.2537,0.418,0.3448,0.8187,41.2232,0,0,True
2026-08-01,SUP_039,Texas Petro Films,North America,Packaging,82,7.0,0.857,19.6,39.0,31.6,low,97.66,8.63,7,21.2,59127,1,0.143,0.9,0.1707,0.2542,0.316,0.3452,0.7919,39.3796,0,0,True
2026-08-02,SUP_039,Texas Petro Films,North America,Packaging,82,7.0,0.857,10.2,38.0,11.8,low,98.22,9.21,8,21.2,59127,1,0.143,0.9,0.1707,0.1854,0.118,0.3684,0.7659,35.2322,0,0,True
2026-08-03,SUP_039,Texas Petro Films,North America,Packaging,82,7.0,0.857,12.6,34.0,9.7,low,99.56,10.18,9,21.2,59127,1,0.143,0.9,0.1707,0.1902,0.097,0.4072,0.7408,35.0884,0,0,True
2026-08-04,SUP_039,Texas Petro Films,North America,Packaging,82,7.0,0.857,7.8,38.5,18.2,low,100.65,11.3,10,21.2,59127,1,0.143,0.9,0.1707,0.1701,0.182,0.452,0.7165,36.0656,0,0,True
2026-08-05,SUP_039,Texas Petro Films,North America,Packaging,82,7.0,0.857,2.4,31.8,20.1,low,100.55,11.26,11,21.2,59127,1,0.143,0.9,0.1707,0.1122,0.201,0.4504,0.693,34.8944,0,0,True
2026-08-06,SUP_039,Texas Petro Films,North America,Packaging,82,7.0,0.857,0.0,33.6,9.4,low,100.37,11.23,12,21.2,59127,1,0.143,0.9,0.1707,0.1008,0.094,0.4492,0.6703,32.8132,0,0,True
2026-08-07,SUP_039,Texas Petro Films,North America,Packaging,82,7.0,0.857,3.8,33.9,25.2,low,102.36,12.98,13,21.2,59127,1,0.143,0.9,0.1707,0.1283,0.252,0.5192,0.6483,36.0086,0,0,True
2026-08-08,SUP_039,Texas Petro Films,North America,Packaging,82,7.0,0.857,1.0,40.0,29.2,low,102.04,12.92,14,21.2,59127,1,0.143,0.9,0.1707,0.127,0.292,0.5168,0.6271,36.1763,0,0,True
2026-08-09,SUP_039,Texas Petro Films,North America,Packaging,82,7.0,0.857,4.3,36.2,34.2,low,102.88,13.41,15,21.2,59127,1,0.143,0.9,0.1707,0.1387,0.342,0.5364,0.6065,36.9932,0,0,True
2026-08-10,SUP_039,Texas Petro Films,North America,Packaging,82,7.0,0.857,8.2,33.4,38.3,low,102.45,13.35,16,21.2,59127,1,0.143,0.9,0.1707,0.1576,0.383,0.534,0.5866,37.5605,0,0,True
2026-08-11,SUP_039,Texas Petro Films,North America,Packaging,82,7.0,0.857,9.5,27.1,25.5,low,100.37,13.31,17,21.2,59127,1,0.143,0.9,0.1707,0.1478,0.255,0.5324,0.5674,35.2651,0,0,True
2026-08-12,SUP_039,Texas Petro Films,North America,Packaging,82,7.0,0.857,11.3,30.6,30.6,low,98.99,13.27,18,21.2,59127,1,0.143,0.9,0.1707,0.1709,0.306,0.5308,0.5488,36.0781,0,0,True
2026-08-13,SUP_039,Texas Petro Films,North America,Packaging,82,7.0,0.857,13.2,29.0,40.1,medium,99.45,13.23,19,21.2,59127,1,0.143,0.9,0.1707,0.1794,0.401,0.5292,0.5308,37.254,0,0,True
2026-08-14,SUP_039,Texas Petro Films,North America,Packaging,82,7.0,0.857,13.7,25.4,49.4,medium,100.23,12.05,20,21.2,59127,1,0.143,0.9,0.1707,0.1721,0.494,0.482,0.5134,37.5798,0,0,True
2026-08-15,SUP_039,Texas Petro Films,North America,Packaging,82,7.0,0.857,9.8,22.8,52.5,medium,100.69,12.01,21,21.2,59127,1,0.143,0.9,0.1707,0.137,0.525,0.4804,0.4966,37.0935,0,0,True
2026-08-16,SUP_039,Texas Petro Films,North America,Packaging,82,7.0,0.857,6.1,27.4,52.9,medium,101.97,10.07,22,21.2,59127,1,0.143,0.9,0.1707,0.1249,0.529,0.4028,0.4803,35.74,0,0,True
2026-08-17,SUP_039,Texas Petro Films,North America,Packaging,82,7.0,0.857,6.5,22.8,32.3,low,102.41,9.56,23,21.2,59127,1,0.143,0.9,0.1707,0.1139,0.323,0.3824,0.4646,32.1613,0,0,True
2026-08-18,SUP_039,Texas Petro Films,North America,Packaging,82,7.0,0.857,6.7,19.3,32.8,low,101.54,7.33,24,21.2,59127,1,0.143,0.9,0.1707,0.1048,0.328,0.2932,0.4493,30.7534,0,0,True
2026-08-19,SUP_039,Texas Petro Films,North America,Packaging,82,7.0,0.857,9.6,26.3,24.5,low,102.21,7.32,25,21.2,59127,1,0.143,0.9,0.1707,0.1461,0.245,0.2928,0.4346,30.0943,0,0,True
2026-08-20,SUP_039,Texas Petro Films,North America,Packaging,82,7.0,0.857,15.1,26.8,39.0,low,102.4,7.3,26,21.2,59127,1,0.143,0.9,0.1707,0.1861,0.39,0.292,0.4204,32.6067,0,0,True
2026-08-21,SUP_039,Texas Petro Films,North America,Packaging,82,7.0,0.857,16.3,33.0,48.5,medium,101.75,7.29,27,21.2,59127,1,0.143,0.9,0.1707,0.2131,0.485,0.2916,0.4066,34.1974,0,0,True
2026-08-22,SUP_039,Texas Petro Films,North America,Packaging,82,7.0,0.857,11.8,31.4,36.3,low,102.28,7.28,28,21.2,59127,1,0.143,0.9,0.1707,0.1768,0.363,0.2912,0.3932,31.618,0,0,True
2026-08-23,SUP_039,Texas Petro Films,North America,Packaging,82,7.0,0.857,1.5,32.0,35.6,low,102.37,7.16,29,21.2,59127,1,0.143,0.9,0.1707,0.1065,0.356,0.2864,0.3803,29.9907,0,0,True
2026-08-24,SUP_039,Texas Petro Films,North America,Packaging,82,7.0,0.857,0.0,33.2,37.7,low,101.69,7.15,30,21.2,59127,1,0.143,0.9,0.1707,0.0996,0.377,0.286,0.3679,29.9562,0,0,True
2026-08-25,SUP_039,Texas Petro Films,North America,Packaging,82,7.0,0.857,0.0,40.8,45.4,medium,101.49,7.14,31,21.2,59127,1,0.143,0.9,0.1707,0.1224,0.454,0.2856,0.3558,31.2468,0,0,True
2026-08-26,SUP_039,Texas Petro Films,North America,Packaging,82,7.0,0.857,0.0,46.8,27.3,low,103.07,6.49,32,21.2,59127,1,0.143,0.9,0.1707,0.1404,0.273,0.2596,0.3442,28.5382,0,0,True
2026-08-27,SUP_039,Texas Petro Films,North America,Packaging,82,7.0,0.857,0.0,51.1,8.7,low,104.62,8.01,33,21.2,59127,1,0.143,0.9,0.1707,0.1533,0.087,0.3204,0.3329,26.7155,0,0,True
2026-08-28,SUP_039,Texas Petro Films,North America,Packaging,82,7.0,0.857,0.4,45.4,15.7,low,104.83,8.2,34,21.2,59127,1,0.143,0.9,0.1707,0.139,0.157,0.328,0.322,27.3546,0,0,True
2026-08-29,SUP_039,Texas Petro Films,North America,Packaging,82,7.0,0.857,10.9,38.6,0.0,low,104.89,8.24,35,21.2,59127,1,0.143,0.9,0.1707,0.1921,0.0,0.3296,0.3114,25.9628,0,0,True
2026-08-30,SUP_039,Texas Petro Films,North America,Packaging,82,7.0,0.857,13.4,42.1,8.0,low,103.29,7.12,36,21.2,59127,1,0.143,0.9,0.1707,0.2201,0.08,0.2848,0.3012,26.8858,0,0,True
2026-08-31,SUP_039,Texas Petro Films,North America,Packaging,82,7.0,0.857,22.2,48.3,20.2,low,105.21,6.86,37,21.2,59127,1,0.143,0.9,0.1707,0.3003,0.202,0.2744,0.2913,29.7546,0,0,True
2026-09-01,SUP_039,Texas Petro Films,North America,Packaging,82,7.0,0.857,24.1,52.4,35.4,low,106.37,7.23,38,21.2,59127,1,0.143,0.9,0.1707,0.3259,0.354,0.2892,0.2818,32.3682,0,0,True
2026-09-02,SUP_039,Texas Petro Films,North America,Packaging,82,7.0,0.857,27.4,49.9,29.5,low,107.21,8.03,39,21.2,59127,1,0.143,0.9,0.1707,0.3415,0.295,0.3212,0.2725,32.0592,0,0,True
2026-09-03,SUP_039,Texas Petro Films,North America,Packaging,82,7.0,0.857,23.4,51.5,32.4,low,104.67,8.02,40,21.2,59127,1,0.143,0.9,0.1707,0.3183,0.324,0.3208,0.2636,31.8999,0,0,True
2026-09-04,SUP_039,Texas Petro Films,North America,Packaging,82,7.0,0.857,16.6,52.9,39.1,low,104.72,8.01,41,21.2,59127,1,0.143,0.9,0.1707,0.2749,0.391,0.3204,0.255,31.9136,0,0,True
2026-09-05,SUP_039,Texas Petro Films,North America,Packaging,82,7.0,0.857,13.8,51.0,27.2,low,104.57,8.0,42,21.2,59127,1,0.143,0.9,0.1707,0.2496,0.272,0.32,0.2466,29.6537,0,0,True
2026-09-06,SUP_039,Texas Petro Films,North America,Packaging,82,7.0,0.857,13.5,49.6,37.6,low,105.34,7.99,43,21.2,59127,1,0.143,0.9,0.1707,0.2433,0.376,0.3196,0.2385,30.8621,0,0,True
2026-09-07,SUP_039,Texas Petro Films,North America,Packaging,82,7.0,0.857,10.3,48.0,39.5,low,104.83,7.98,44,21.2,59127,1,0.143,0.9,0.1707,0.2161,0.395,0.3192,0.2307,30.5086,0,0,True
2026-09-08,SUP_039,Texas Petro Films,North America,Packaging,82,7.0,0.857,5.8,41.9,32.8,low,104.57,7.98,45,21.2,59127,1,0.143,0.9,0.1707,0.1663,0.328,0.3192,0.2231,28.5532,0,0,True
2026-09-09,SUP_039,Texas Petro Films,North America,Packaging,82,7.0,0.857,8.7,37.2,34.6,low,105.27,7.97,46,21.2,59127,1,0.143,0.9,0.1707,0.1725,0.346,0.3188,0.2158,28.795,0,0,True
2026-09-10,SUP_039,Texas Petro Films,North America,Packaging,82,7.0,0.857,4.4,33.2,33.4,low,104.4,7.96,47,21.2,59127,1,0.143,0.9,0.1707,0.1304,0.334,0.3184,0.2087,27.7512,0,0,True
2026-09-11,SUP_039,Texas Petro Films,North America,Packaging,82,7.0,0.857,0.0,25.0,41.0,medium,103.76,7.5,48,21.2,59127,1,0.143,0.9,0.1707,0.075,0.41,0.3,0.2019,27.4877,0,0,True
2026-09-12,SUP_039,Texas Petro Films,North America,Packaging,82,7.0,0.857,0.0,27.3,72.6,high,103.98,6.74,49,21.2,59127,1,0.143,0.9,0.1707,0.0819,0.726,0.2696,0.1953,31.5652,0,0,True
2026-09-13,SUP_039,Texas Petro Films,North America,Packaging,82,7.0,0.857,0.0,28.2,74.4,high,105.47,6.29,50,21.2,59127,1,0.143,0.9,0.1707,0.0846,0.744,0.2516,0.1889,31.5473,0,0,True
2026-09-14,SUP_039,Texas Petro Films,North America,Packaging,82,7.0,0.857,0.0,33.3,67.9,high,106.38,5.5,51,21.2,59127,1,0.143,0.9,0.1707,0.0999,0.679,0.22,0.1827,30.4345,0,0,True
2026-09-15,SUP_039,Texas Petro Films,North America,Packaging,82,7.0,0.857,0.0,40.2,60.1,medium,107.58,5.85,52,21.2,59127,1,0.143,0.9,0.1707,0.1206,0.601,0.234,0.1767,29.7872,0,0,True
2026-09-16,SUP_039,Texas Petro Films,North America,Packaging,82,7.0,0.857,1.0,46.4,64.5,medium,107.65,5.91,53,21.2,59127,1,0.143,0.9,0.1707,0.1462,0.645,0.2364,0.1709,30.8001,0,0,True
2026-09-17,SUP_039,Texas Petro Films,North America,Packaging,82,7.0,0.857,5.4,52.1,57.9,medium,109.32,7.49,54,21.2,59127,1,0.143,0.9,0.1707,0.1941,0.579,0.2996,0.1653,31.4071,0,0,False
2026-09-18,SUP_039,Texas Petro Films,North America,Packaging,82,7.0,0.857,3.2,45.6,68.7,high,107.37,7.48,55,21.2,59127,1,0.143,0.9,0.1707,0.1592,0.687,0.2992,0.1599,32.1994,0,0,False
2026-09-19,SUP_039,Texas Petro Films,North America,Packaging,82,7.0,0.857,0.0,36.4,38.5,low,109.64,7.77,56,21.2,59127,1,0.143,0.9,0.1707,0.1092,0.385,0.3108,0.1546,27.1267,0,0,False
2026-09-20,SUP_039,Texas Petro Films,North America,Packaging,82,7.0,0.857,0.0,41.1,30.5,low,112.04,10.02,57,21.2,59127,1,0.143,0.9,0.1707,0.1233,0.305,0.4008,0.1496,27.2594,0,0,False
2026-09-21,SUP_039,Texas Petro Films,North America,Packaging,82,7.0,0.857,2.9,47.5,33.6,low,112.55,10.47,58,21.2,59127,1,0.143,0.9,0.1707,0.1628,0.336,0.4188,0.1447,28.542,0,0,False
2026-09-22,SUP_039,Texas Petro Films,North America,Packaging,82,7.0,0.857,8.5,53.8,26.8,low,113.48,11.31,59,21.2,59127,1,0.143,0.9,0.1707,0.2209,0.268,0.4524,0.1399,28.9631,0,0,False
2026-09-23,SUP_039,Texas Petro Films,North America,Packaging,82,7.0,0.857,10.7,53.5,14.0,low,113.44,11.27,60,21.2,59127,1,0.143,0.9,0.1707,0.2354,0.14,0.4508,0.1353,27.3395,0,0,False
2026-06-01,SUP_040,Manila Assemblies,Southeast Asia,Electronics,60,18.1,0.846,36.1,47.2,48.8,medium,98.87,0.0,999,279.33,51761,0,0.154,0.625,0.6033,0.3943,0.488,0.0,0.0,29.2927,0,0,True
2026-06-02,SUP_040,Manila Assemblies,Southeast Asia,Electronics,60,18.1,0.846,33.5,49.6,39.8,low,99.43,0.0,999,279.33,51761,0,0.154,0.625,0.6033,0.3833,0.398,0.0,0.0,27.8347,0,0,True
2026-06-03,SUP_040,Manila Assemblies,Southeast Asia,Electronics,60,18.1,0.846,33.9,50.2,36.6,low,98.41,0.0,999,279.33,51761,0,0.154,0.625,0.6033,0.3879,0.366,0.0,0.0,27.4695,0,0,True
2026-06-04,SUP_040,Manila Assemblies,Southeast Asia,Electronics,60,18.1,0.846,37.2,47.1,54.5,medium,97.61,0.0,999,279.33,51761,0,0.154,0.625,0.6033,0.4017,0.545,0.0,0.0,30.2239,0,0,True
2026-06-05,SUP_040,Manila Assemblies,Southeast Asia,Electronics,60,18.1,0.846,39.3,49.1,68.3,high,97.46,2.0,999,279.33,51761,0,0.154,0.625,0.6033,0.4224,0.683,0.08,0.0,33.4885,0,0,True
2026-06-06,SUP_040,Manila Assemblies,Southeast Asia,Electronics,60,18.1,0.846,48.5,49.8,66.0,high,95.27,4.25,999,279.33,51761,0,0.154,0.625,0.6033,0.4889,0.66,0.17,0.0,35.4435,0,0,True
2026-06-07,SUP_040,Manila Assemblies,Southeast Asia,Electronics,60,18.1,0.846,47.4,55.5,69.6,high,92.25,7.4,999,279.33,51761,0,0.154,0.625,0.6033,0.4983,0.696,0.296,0.0,37.6287,0,0,True
2026-06-08,SUP_040,Manila Assemblies,Southeast Asia,Electronics,60,18.1,0.846,38.9,48.3,67.6,high,93.6,7.43,999,279.33,51761,0,0.154,0.625,0.6033,0.4172,0.676,0.2972,0.0,35.9033,0,0,True
2026-06-09,SUP_040,Manila Assemblies,Southeast Asia,Electronics,60,18.1,0.846,46.6,45.1,55.2,medium,92.51,7.47,999,279.33,51761,0,0.154,0.625,0.6033,0.4615,0.552,0.2988,0.0,34.9839,0,0,True
2026-06-10,SUP_040,Manila Assemblies,Southeast Asia,Electronics,60,18.1,0.846,39.5,50.4,77.4,high,95.65,7.47,999,279.33,51761,0,0.154,0.625,0.6033,0.4277,0.774,0.2988,0.0,37.4835,0,0,True
2026-06-11,SUP_040,Manila Assemblies,Southeast Asia,Electronics,60,18.1,0.846,36.6,47.7,86.3,high,98.55,7.45,999,279.33,51761,0,0.154,0.625,0.6033,0.3993,0.863,0.298,0.0,38.2087,0,0,True
2026-06-12,SUP_040,Manila Assemblies,Southeast Asia,Electronics,60,18.1,0.846,38.1,44.1,83.5,high,97.8,7.44,999,279.33,51761,0,0.154,0.625,0.6033,0.399,0.835,0.2976,0.0,37.8065,0,0,True
2026-06-13,SUP_040,Manila Assemblies,Southeast Asia,Electronics,60,18.1,0.846,40.1,42.6,70.2,high,101.24,9.29,999,279.33,51761,0,0.154,0.625,0.6033,0.4085,0.702,0.3716,0.0,37.0035,0,0,True
2026-06-14,SUP_040,Manila Assemblies,Southeast Asia,Electronics,60,18.1,0.846,32.9,43.9,66.1,high,102.62,10.67,999,279.33,51761,0,0.154,0.625,0.6033,0.362,0.661,0.4268,0.0,36.2549,0,0,True
2026-06-15,SUP_040,Manila Assemblies,Southeast Asia,Electronics,60,18.1,0.846,30.1,45.1,58.6,medium,101.67,10.63,999,279.33,51761,0,0.154,0.625,0.6033,0.346,0.586,0.4252,0.0,34.8977,0,0,True
2026-06-16,SUP_040,Manila Assemblies,Southeast Asia,Electronics,60,18.1,0.846,24.3,45.5,60.4,medium,97.88,10.63,999,279.33,51761,0,0.154,0.625,0.6033,0.3066,0.604,0.4252,0.0,34.4405,0,0,True
2026-06-17,SUP_040,Manila Assemblies,Southeast Asia,Electronics,60,18.1,0.846,29.3,41.5,63.7,medium,98.89,10.62,999,279.33,51761,0,0.154,0.625,0.6033,0.3296,0.637,0.4248,0.0,35.3117,0,0,True
2026-06-18,SUP_040,Manila Assemblies,Southeast Asia,Electronics,60,18.1,0.846,36.2,47.6,60.1,medium,98.93,10.61,999,279.33,51761,0,0.154,0.625,0.6033,0.3962,0.601,0.4244,0.0,36.0017,0,0,True
2026-06-19,SUP_040,Manila Assemblies,Southeast Asia,Electronics,60,18.1,0.846,30.7,55.7,47.1,medium,99.57,10.6,999,279.33,51761,0,0.154,0.625,0.6033,0.382,0.471,0.424,0.0,33.9213,0,0,True
2026-06-20,SUP_040,Manila Assemblies,Southeast Asia,Electronics,60,18.1,0.846,36.5,45.5,70.6,high,99.23,10.6,999,279.33,51761,0,0.154,0.625,0.6033,0.392,0.706,0.424,0.0,37.3913,0,0,True
2026-06-21,SUP_040,Manila Assemblies,Southeast Asia,Electronics,60,18.1,0.846,41.1,38.7,70.6,high,97.55,10.6,999,279.33,51761,0,0.154,0.625,0.6033,0.4038,0.706,0.424,0.0,37.6037,0,1,True
2026-06-22,SUP_040,Manila Assemblies,Southeast Asia,Electronics,60,18.1,0.846,37.6,46.5,72.7,high,96.92,10.6,999,279.33,51761,0,0.154,0.625,0.6033,0.4027,0.727,0.424,0.0,37.8779,0,1,True
2026-06-23,SUP_040,Manila Assemblies,Southeast Asia,Electronics,60,18.1,0.846,28.2,56.0,66.1,high,97.96,10.6,999,279.33,51761,0,0.154,0.625,0.6033,0.3654,0.661,0.424,0.0,36.2825,0,1,True
2026-06-24,SUP_040,Manila Assemblies,Southeast Asia,Electronics,60,18.1,0.846,24.6,44.6,50.6,medium,97.44,10.6,999,279.33,51761,0,0.154,0.625,0.6033,0.306,0.506,0.424,0.0,33.0433,0,1,True
2026-06-25,SUP_040,Manila Assemblies,Southeast Asia,Electronics,60,18.1,0.846,23.8,50.5,52.7,medium,96.91,10.61,999,279.33,51761,0,0.154,0.625,0.6033,0.3181,0.527,0.4244,0.0,33.5599,0,1,True
2026-06-26,SUP_040,Manila Assemblies,Southeast Asia,Electronics,60,18.1,0.846,33.2,59.8,52.0,medium,94.68,10.62,999,279.33,51761,0,0.154,0.625,0.6033,0.4118,0.52,0.4248,0.0,35.1533,0,1,True
2026-06-27,SUP_040,Manila Assemblies,Southeast Asia,Electronics,60,18.1,0.846,33.4,54.5,61.1,medium,94.81,10.63,999,279.33,51761,0,0.154,0.625,0.6033,0.3973,0.611,0.4252,0.0,36.1711,0,1,True
2026-06-28,SUP_040,Manila Assemblies,Southeast Asia,Electronics,60,18.1,0.846,29.3,62.9,69.7,high,93.18,10.65,999,279.33,51761,0,0.154,0.625,0.6033,0.3938,0.697,0.426,0.0,37.3217,1,1,True
2026-06-29,SUP_040,Manila Assemblies,Southeast Asia,Electronics,60,18.1,0.846,31.3,60.8,74.9,high,94.53,10.66,1,279.33,51761,0,0.154,0.625,0.6033,0.4015,0.749,0.4264,0.9672,53.6686,0,1,True
2026-06-30,SUP_040,Manila Assemblies,Southeast Asia,Electronics,60,18.1,0.846,26.2,61.6,80.8,high,93.45,10.67,2,279.33,51761,0,0.154,0.625,0.6033,0.3682,0.808,0.4268,0.9355,53.3926,0,1,True
2026-07-01,SUP_040,Manila Assemblies,Southeast Asia,Electronics,60,18.1,0.846,30.4,56.8,92.8,high,93.01,10.69,3,279.33,51761,0,0.154,0.625,0.6033,0.3832,0.928,0.4276,0.9048,54.8615,1,0,True
2026-07-02,SUP_040,Manila Assemblies,Southeast Asia,Electronics,60,18.1,0.846,26.9,61.8,88.7,high,96.19,10.71,1,279.33,51761,0,0.154,0.625,0.6033,0.3737,0.887,0.4284,0.9672,55.1242,0,1,True
2026-07-03,SUP_040,Manila Assemblies,Southeast Asia,Electronics,60,18.1,0.846,24.6,65.2,92.2,high,95.74,10.72,2,279.33,51761,0,0.154,0.625,0.6033,0.3678,0.922,0.4288,0.9355,55.0054,0,1,True
2026-07-04,SUP_040,Manila Assemblies,Southeast Asia,Electronics,60,18.1,0.846,28.4,72.7,89.2,high,95.1,10.73,3,279.33,51761,0,0.154,0.625,0.6033,0.4169,0.892,0.4292,0.9048,54.9833,0,1,True
2026-07-05,SUP_040,Manila Assemblies,Southeast Asia,Electronics,60,18.1,0.846,38.1,77.7,64.8,medium,95.96,10.73,4,279.33,51761,0,0.154,0.625,0.6033,0.4998,0.648,0.4292,0.8752,52.5849,0,1,True
2026-07-06,SUP_040,Manila Assemblies,Southeast Asia,Electronics,60,18.1,0.846,48.5,74.2,62.7,medium,93.33,10.74,5,279.33,51761,0,0.154,0.625,0.6033,0.5621,0.627,0.4296,0.8465,52.958,0,1,True
2026-07-07,SUP_040,Manila Assemblies,Southeast Asia,Electronics,60,18.1,0.846,42.0,87.7,54.5,medium,95.17,10.46,6,279.33,51761,0,0.154,0.625,0.6033,0.5571,0.545,0.4184,0.8187,51.1416,0,1,True
2026-07-08,SUP_040,Manila Assemblies,Southeast Asia,Electronics,60,18.1,0.846,38.6,89.9,58.5,medium,96.63,10.45,7,279.33,51761,0,0.154,0.625,0.6033,0.5399,0.585,0.418,0.7919,50.9578,0,1,True
2026-07-09,SUP_040,Manila Assemblies,Southeast Asia,Electronics,60,18.1,0.846,40.9,87.5,52.1,medium,97.4,9.91,8,279.33,51761,0,0.154,0.625,0.6033,0.5488,0.521,0.3964,0.7659,49.5474,1,1,True
2026-07-10,SUP_040,Manila Assemblies,Southeast Asia,Electronics,60,18.1,0.846,46.0,77.4,60.1,medium,92.44,10.51,1,279.33,51761,0,0.154,0.625,0.6033,0.5542,0.601,0.4204,0.9672,54.2732,0,1,True
2026-07-11,SUP_040,Manila Assemblies,Southeast Asia,Electronics,60,18.1,0.846,34.6,66.0,69.7,high,92.06,10.93,2,279.33,51761,0,0.154,0.625,0.6033,0.4402,0.697,0.4372,0.9355,53.2594,0,1,True
2026-07-12,SUP_040,Manila Assemblies,Southeast Asia,Electronics,60,18.1,0.846,35.5,56.7,78.9,high,90.19,12.9,3,279.33,51761,0,0.154,0.625,0.6033,0.4186,0.789,0.516,0.9048,54.6135,0,1,True
2026-07-13,SUP_040,Manila Assemblies,Southeast Asia,Electronics,60,18.1,0.846,33.6,51.5,89.7,high,91.84,12.94,4,279.33,51761,0,0.154,0.625,0.6033,0.3897,0.897,0.5176,0.8752,55.1499,1,1,True
2026-07-14,SUP_040,Manila Assemblies,Southeast Asia,Electronics,60,18.1,0.846,25.1,59.3,67.2,high,93.39,11.99,1,279.33,51761,0,0.154,0.625,0.6033,0.3536,0.672,0.4796,0.9672,52.3668,0,1,True
2026-07-15,SUP_040,Manila Assemblies,Southeast Asia,Electronics,60,18.1,0.846,20.7,61.2,54.8,medium,93.96,9.82,2,279.33,51761,0,0.154,0.625,0.6033,0.3285,0.548,0.3928,0.9355,48.63,0,1,True
2026-07-16,SUP_040,Manila Assemblies,Southeast Asia,Electronics,60,18.1,0.846,20.6,57.1,83.7,high,92.19,9.84,3,279.33,51761,0,0.154,0.625,0.6033,0.3155,0.837,0.3936,0.9048,51.9609,0,1,True
2026-07-17,SUP_040,Manila Assemblies,Southeast Asia,Electronics,60,18.1,0.846,23.5,56.0,87.6,high,94.38,9.86,4,279.33,51761,0,0.154,0.625,0.6033,0.3325,0.876,0.3944,0.8752,52.3479,0,1,True
2026-07-18,SUP_040,Manila Assemblies,Southeast Asia,Electronics,60,18.1,0.846,30.5,54.5,83.3,high,94.0,9.88,5,279.33,51761,0,0.154,0.625,0.6033,0.377,0.833,0.3952,0.8465,52.0974,0,1,True
2026-07-19,SUP_040,Manila Assemblies,Southeast Asia,Electronics,60,18.1,0.846,33.3,58.8,78.3,high,96.65,9.53,6,279.33,51761,0,0.154,0.625,0.6033,0.4095,0.783,0.3812,0.8187,51.3704,1,0,True
2026-07-20,SUP_040,Manila Assemblies,Southeast Asia,Electronics,60,18.1,0.846,38.5,53.6,73.7,high,97.04,8.2,1,279.33,51761,0,0.154,0.625,0.6033,0.4303,0.737,0.328,0.9672,52.8382,0,0,True
2026-07-21,SUP_040,Manila Assemblies,Southeast Asia,Electronics,60,18.1,0.846,38.5,55.7,52.9,medium,97.79,8.2,2,279.33,51761,0,0.154,0.625,0.6033,0.4366,0.529,0.328,0.9355,49.5322,0,0,True
2026-07-22,SUP_040,Manila Assemblies,Southeast Asia,Electronics,60,18.1,0.846,35.1,57.1,48.0,medium,97.11,8.19,3,279.33,51761,0,0.154,0.625,0.6033,0.417,0.48,0.3276,0.9048,47.9979,0,0,True
2026-07-23,SUP_040,Manila Assemblies,Southeast Asia,Electronics,60,18.1,0.846,34.7,52.4,50.5,medium,99.18,9.48,4,279.33,51761,0,0.154,0.625,0.6033,0.4001,0.505,0.3792,0.8752,48.1883,0,0,True
2026-07-24,SUP_040,Manila Assemblies,Southeast Asia,Electronics,60,18.1,0.846,38.5,61.1,46.7,medium,100.07,10.41,5,279.33,51761,0,0.154,0.625,0.6033,0.4528,0.467,0.4164,0.8465,48.5922,0,1,True
2026-07-25,SUP_040,Manila Assemblies,Southeast Asia,Electronics,60,18.1,0.846,43.3,58.6,45.1,medium,102.2,12.63,6,279.33,51761,0,0.154,0.625,0.6033,0.4789,0.451,0.5052,0.8187,49.4596,0,1,True
2026-07-26,SUP_040,Manila Assemblies,Southeast Asia,Electronics,60,18.1,0.846,41.8,52.9,73.0,high,102.46,12.86,7,279.33,51761,0,0.154,0.625,0.6033,0.4513,0.73,0.5144,0.7919,52.5498,0,1,True
2026-07-27,SUP_040,Manila Assemblies,Southeast Asia,Electronics,60,18.1,0.846,36.8,57.7,67.9,high,102.39,12.83,8,279.33,51761,0,0.154,0.625,0.6033,0.4307,0.679,0.5132,0.7659,51.0352,0,1,True
2026-07-28,SUP_040,Manila Assemblies,Southeast Asia,Electronics,60,18.1,0.846,38.6,57.6,69.0,high,103.26,13.62,9,279.33,51761,0,0.154,0.625,0.6033,0.443,0.69,0.5448,0.7408,51.388,0,1,True
2026-07-29,SUP_040,Manila Assemblies,Southeast Asia,Electronics,60,18.1,0.846,40.8,59.3,69.5,high,105.38,15.77,10,279.33,51761,0,0.154,0.625,0.6033,0.4635,0.695,0.6308,0.7165,52.4704,0,1,True
2026-07-30,SUP_040,Manila Assemblies,Southeast Asia,Electronics,60,18.1,0.846,46.2,52.4,73.1,high,106.88,17.25,11,279.33,51761,0,0.154,0.625,0.6033,0.4806,0.731,0.69,0.693,53.6168,0,1,True
2026-07-31,SUP_040,Manila Assemblies,Southeast Asia,Electronics,60,18.1,0.846,41.7,57.1,65.9,high,107.08,17.37,12,279.33,51761,0,0.154,0.625,0.6033,0.4632,0.659,0.6948,0.6703,51.9897,1,1,True
2026-08-01,SUP_040,Manila Assemblies,Southeast Asia,Electronics,60,18.1,0.846,38.0,68.2,76.5,high,104.35,17.32,1,279.33,51761,0,0.154,0.625,0.6033,0.4706,0.765,0.6928,0.9672,58.3332,0,1,True
2026-08-02,SUP_040,Manila Assemblies,Southeast Asia,Electronics,60,18.1,0.846,41.6,59.6,77.0,high,105.54,17.26,2,279.33,51761,0,0.154,0.625,0.6033,0.47,0.77,0.6904,0.9355,57.8562,0,1,True
2026-08-03,SUP_040,Manila Assemblies,Southeast Asia,Electronics,60,18.1,0.846,39.1,60.8,61.3,medium,103.43,17.21,3,279.33,51761,0,0.154,0.625,0.6033,0.4561,0.613,0.6884,0.9048,54.8933,0,1,True
2026-08-04,SUP_040,Manila Assemblies,Southeast Asia,Electronics,60,18.1,0.846,36.8,55.8,60.5,medium,103.48,17.17,4,279.33,51761,0,0.154,0.625,0.6033,0.425,0.605,0.6868,0.8752,53.7277,1,1,True
2026-08-05,SUP_040,Manila Assemblies,Southeast Asia,Electronics,60,18.1,0.846,43.0,69.8,87.6,high,103.31,17.11,1,279.33,51761,0,0.154,0.625,0.6033,0.5104,0.876,0.6844,0.9672,60.5028,0,1,True
2026-08-06,SUP_040,Manila Assemblies,Southeast Asia,Electronics,60,18.1,0.846,35.7,74.1,86.2,high,101.22,17.08,2,279.33,51761,0,0.154,0.625,0.6033,0.4722,0.862,0.6832,0.9355,59.0974,0,1,True
2026-08-07,SUP_040,Manila Assemblies,Southeast Asia,Electronics,60,18.1,0.846,45.8,72.7,91.9,high,101.77,17.05,3,279.33,51761,0,0.154,0.625,0.6033,0.5387,0.919,0.682,0.9048,60.5873,1,1,True
2026-08-08,SUP_040,Manila Assemblies,Southeast Asia,Electronics,60,18.1,0.846,41.7,63.6,97.4,high,104.94,17.0,1,279.33,51761,0,0.154,0.625,0.6033,0.4827,0.974,0.68,0.9672,61.3234,0,1,True
2026-08-09,SUP_040,Manila Assemblies,Southeast Asia,Electronics,60,18.1,0.846,45.3,57.1,100.0,high,104.48,16.94,2,279.33,51761,0,0.154,0.625,0.6033,0.4884,1.0,0.6776,0.9355,61.2538,0,1,True
2026-08-10,SUP_040,Manila Assemblies,Southeast Asia,Electronics,60,18.1,0.846,43.7,60.7,100.0,high,105.61,16.86,3,279.33,51761,0,0.154,0.625,0.6033,0.488,1.0,0.6744,0.9048,60.7175,1,1,True
2026-08-11,SUP_040,Manila Assemblies,Southeast Asia,Electronics,60,18.1,0.846,44.1,52.7,99.1,high,109.07,17.09,1,279.33,51761,0,0.154,0.625,0.6033,0.4668,0.991,0.6836,0.9672,61.3184,0,1,True
2026-08-12,SUP_040,Manila Assemblies,Southeast Asia,Electronics,60,18.1,0.846,41.9,46.0,48.7,medium,110.34,17.89,2,279.33,51761,0,0.154,0.625,0.6033,0.4313,0.487,0.7156,0.9355,53.5,0,1,True
2026-08-13,SUP_040,Manila Assemblies,Southeast Asia,Electronics,60,18.1,0.846,45.4,47.4,59.2,medium,109.39,17.8,3,279.33,51761,0,0.154,0.625,0.6033,0.46,0.592,0.712,0.9048,54.9527,0,1,True
2026-08-14,SUP_040,Manila Assemblies,Southeast Asia,Electronics,60,18.1,0.846,42.7,49.3,64.5,medium,109.74,17.71,4,279.33,51761,0,0.154,0.625,0.6033,0.4468,0.645,0.7084,0.8752,54.9393,0,1,True
2026-08-15,SUP_040,Manila Assemblies,Southeast Asia,Electronics,60,18.1,0.846,39.2,52.1,54.7,medium,110.44,15.95,5,279.33,51761,0,0.154,0.625,0.6033,0.4307,0.547,0.638,0.8465,51.9736,0,1,True
2026-08-16,SUP_040,Manila Assemblies,Southeast Asia,Electronics,60,18.1,0.846,47.7,50.2,59.1,medium,112.55,17.89,6,279.33,51761,0,0.154,0.625,0.6033,0.4845,0.591,0.7156,0.8187,54.0452,0,1,True
2026-08-17,SUP_040,Manila Assemblies,Southeast Asia,Electronics,60,18.1,0.846,46.3,55.8,65.9,high,114.34,16.95,7,279.33,51761,0,0.154,0.625,0.6033,0.4915,0.659,0.678,0.7919,54.2426,1,1,True
2026-08-18,SUP_040,Manila Assemblies,Southeast Asia,Electronics,60,18.1,0.846,41.9,51.1,75.7,high,110.26,16.5,1,279.33,51761,0,0.154,0.625,0.6033,0.4466,0.757,0.66,0.9672,57.3956,1,1,True
2026-08-19,SUP_040,Manila Assemblies,Southeast Asia,Electronics,60,18.1,0.846,34.2,55.0,77.0,high,109.01,16.37,1,279.33,51761,0,0.154,0.625,0.6033,0.4044,0.77,0.6548,0.9672,56.7556,1,1,True
2026-08-20,SUP_040,Manila Assemblies,Southeast Asia,Electronics,60,18.1,0.846,43.6,56.1,76.2,high,108.9,16.32,1,279.33,51761,0,0.154,0.625,0.6033,0.4735,0.762,0.6528,0.9672,57.8634,1,1,True
2026-08-21,SUP_040,Manila Assemblies,Southeast Asia,Electronics,60,18.1,0.846,40.2,59.1,81.5,high,107.41,14.31,1,279.33,51761,0,0.154,0.625,0.6033,0.4587,0.815,0.5724,0.9672,57.3742,0,1,True
2026-08-22,SUP_040,Manila Assemblies,Southeast Asia,Electronics,60,18.1,0.846,49.6,64.7,73.8,high,101.97,13.46,2,279.33,51761,0,0.154,0.625,0.6033,0.5413,0.738,0.5384,0.9355,56.8676,0,1,True
2026-08-23,SUP_040,Manila Assemblies,Southeast Asia,Electronics,60,18.1,0.846,49.8,60.9,74.6,high,100.9,12.67,3,279.33,51761,0,0.154,0.625,0.6033,0.5313,0.746,0.5068,0.9048,55.9297,0,1,True
2026-08-24,SUP_040,Manila Assemblies,Southeast Asia,Electronics,60,18.1,0.846,48.7,56.5,65.7,high,100.9,12.68,4,279.33,51761,0,0.154,0.625,0.6033,0.5104,0.657,0.5072,0.8752,53.8377,1,1,True
2026-08-25,SUP_040,Manila Assemblies,Southeast Asia,Electronics,60,18.1,0.846,47.9,47.4,75.1,high,100.13,13.41,1,279.33,51761,0,0.154,0.625,0.6033,0.4775,0.751,0.5364,0.9672,56.3846,1,0,True
2026-08-26,SUP_040,Manila Assemblies,Southeast Asia,Electronics,60,18.1,0.846,56.9,37.9,56.9,medium,98.66,14.82,1,279.33,51761,0,0.154,0.625,0.6033,0.512,0.569,0.5928,0.9672,55.1344,0,1,True
2026-08-27,SUP_040,Manila Assemblies,Southeast Asia,Electronics,60,18.1,0.846,43.7,39.5,65.7,high,98.72,14.84,2,279.33,51761,0,0.154,0.625,0.6033,0.4244,0.657,0.5936,0.9355,54.2918,0,1,True
2026-08-28,SUP_040,Manila Assemblies,Southeast Asia,Electronics,60,18.1,0.846,43.8,41.3,65.0,medium,99.23,14.87,3,279.33,51761,0,0.154,0.625,0.6033,0.4305,0.65,0.5948,0.9048,53.8273,0,1,True
2026-08-29,SUP_040,Manila Assemblies,Southeast Asia,Electronics,60,18.1,0.846,41.7,37.6,73.2,high,98.54,15.02,4,279.33,51761,0,0.154,0.625,0.6033,0.4047,0.732,0.6008,0.8752,54.1083,0,1,True
2026-08-30,SUP_040,Manila Assemblies,Southeast Asia,Electronics,60,18.1,0.846,57.5,35.6,63.1,medium,100.55,15.05,5,279.33,51761,0,0.154,0.625,0.6033,0.5093,0.631,0.602,0.8465,54.1324,0,1,True
2026-08-31,SUP_040,Manila Assemblies,Southeast Asia,Electronics,60,18.1,0.846,57.8,46.6,63.7,medium,100.64,15.07,6,279.33,51761,0,0.154,0.625,0.6033,0.5444,0.637,0.6028,0.8187,54.4138,0,1,True
2026-09-01,SUP_040,Manila Assemblies,Southeast Asia,Electronics,60,18.1,0.846,56.2,52.5,63.8,medium,99.36,15.1,7,279.33,51761,0,0.154,0.625,0.6033,0.5509,0.638,0.604,0.7919,54.1298,0,1,True
2026-09-02,SUP_040,Manila Assemblies,Southeast Asia,Electronics,60,18.1,0.846,57.0,46.2,67.4,high,97.7,15.93,8,279.33,51761,0,0.154,0.625,0.6033,0.5376,0.674,0.6372,0.7659,54.3774,1,1,True
2026-09-03,SUP_040,Manila Assemblies,Southeast Asia,Electronics,60,18.1,0.846,56.6,45.2,56.3,medium,97.39,16.26,1,279.33,51761,0,0.154,0.625,0.6033,0.5318,0.563,0.6504,0.9672,56.098,0,1,True
2026-09-04,SUP_040,Manila Assemblies,Southeast Asia,Electronics,60,18.1,0.846,50.2,48.8,63.6,medium,99.03,16.28,2,279.33,51761,0,0.154,0.625,0.6033,0.4978,0.636,0.6512,0.9355,56.0102,1,1,True
2026-09-05,SUP_040,Manila Assemblies,Southeast Asia,Electronics,60,18.1,0.846,52.8,46.4,46.1,medium,97.82,16.3,1,279.33,51761,0,0.154,0.625,0.6033,0.5088,0.461,0.652,0.9672,54.2752,0,1,True
2026-09-06,SUP_040,Manila Assemblies,Southeast Asia,Electronics,60,18.1,0.846,56.5,43.4,43.9,medium,98.69,16.32,2,279.33,51761,0,0.154,0.625,0.6033,0.5257,0.439,0.6528,0.9355,53.7736,0,1,True
2026-09-07,SUP_040,Manila Assemblies,Southeast Asia,Electronics,60,18.1,0.846,53.8,43.4,34.0,low,98.83,16.35,3,279.33,51761,0,0.154,0.625,0.6033,0.5068,0.34,0.654,0.9048,51.5711,0,1,True
2026-09-08,SUP_040,Manila Assemblies,Southeast Asia,Electronics,60,18.1,0.846,62.9,50.9,48.6,medium,101.76,16.36,4,279.33,51761,0,0.154,0.625,0.6033,0.593,0.486,0.6544,0.8752,54.6969,0,1,True
2026-09-09,SUP_040,Manila Assemblies,Southeast Asia,Electronics,60,18.1,0.846,68.1,57.7,55.7,medium,102.34,16.38,5,279.33,51761,0,0.154,0.625,0.6033,0.6498,0.557,0.6552,0.8465,56.2638,0,1,True
2026-09-10,SUP_040,Manila Assemblies,Southeast Asia,Electronics,60,18.1,0.846,70.2,53.4,61.5,medium,101.31,16.42,6,279.33,51761,0,0.154,0.625,0.6033,0.6516,0.615,0.6568,0.8187,56.6834,1,1,True
2026-09-11,SUP_040,Manila Assemblies,Southeast Asia,Electronics,60,18.1,0.846,71.9,56.1,75.3,high,102.39,16.46,1,279.33,51761,0,0.154,0.625,0.6033,0.6716,0.753,0.6584,0.9672,61.3704,0,1,True
2026-09-12,SUP_040,Manila Assemblies,Southeast Asia,Electronics,60,18.1,0.846,69.5,55.9,69.0,high,103.52,16.49,2,279.33,51761,0,0.154,0.625,0.6033,0.6542,0.69,0.6596,0.9355,59.6822,0,1,True
2026-09-13,SUP_040,Manila Assemblies,Southeast Asia,Electronics,60,18.1,0.846,55.5,50.5,72.9,high,102.94,16.53,3,279.33,51761,0,0.154,0.625,0.6033,0.54,0.729,0.6612,0.9048,57.7011,1,0,True
2026-09-14,SUP_040,Manila Assemblies,Southeast Asia,Electronics,60,18.1,0.846,60.3,49.6,70.8,high,101.23,16.58,1,279.33,51761,0,0.154,0.625,0.6033,0.5709,0.708,0.6632,0.9672,58.9854,0,0,True
2026-09-15,SUP_040,Manila Assemblies,Southeast Asia,Electronics,60,18.1,0.846,60.8,43.7,67.8,high,102.02,16.64,2,279.33,51761,0,0.154,0.625,0.6033,0.5567,0.678,0.6656,0.9355,57.8312,0,0,True
2026-09-16,SUP_040,Manila Assemblies,Southeast Asia,Electronics,60,18.1,0.846,54.7,51.5,78.4,high,102.11,12.68,3,279.33,51761,0,0.154,0.625,0.6033,0.5374,0.784,0.5072,0.9048,56.5763,0,0,True
2026-09-17,SUP_040,Manila Assemblies,Southeast Asia,Electronics,60,18.1,0.846,52.0,60.2,93.6,high,99.88,11.49,4,279.33,51761,0,0.154,0.625,0.6033,0.5446,0.936,0.4596,0.8752,57.7881,0,0,False
2026-09-18,SUP_040,Manila Assemblies,Southeast Asia,Electronics,60,18.1,0.846,52.6,57.3,81.7,high,100.26,11.41,5,279.33,51761,0,0.154,0.625,0.6033,0.5401,0.817,0.4564,0.8465,55.5436,0,0,False
2026-09-19,SUP_040,Manila Assemblies,Southeast Asia,Electronics,60,18.1,0.846,54.4,53.5,84.5,high,99.32,9.97,6,279.33,51761,0,0.154,0.625,0.6033,0.5413,0.845,0.3988,0.8187,54.822,0,0,False
2026-09-20,SUP_040,Manila Assemblies,Southeast Asia,Electronics,60,18.1,0.846,51.6,59.3,81.8,high,97.09,6.42,7,279.33,51761,0,0.154,0.625,0.6033,0.5391,0.818,0.2568,0.7919,52.271,0,0,False
2026-09-21,SUP_040,Manila Assemblies,Southeast Asia,Electronics,60,18.1,0.846,46.8,65.1,79.9,high,96.57,6.95,8,279.33,51761,0,0.154,0.625,0.6033,0.5229,0.799,0.278,0.7659,51.5524,0,0,False
2026-09-22,SUP_040,Manila Assemblies,Southeast Asia,Electronics,60,18.1,0.846,53.0,57.7,77.7,high,98.46,6.96,9,279.33,51761,0,0.154,0.625,0.6033,0.5441,0.777,0.2784,0.7408,51.229,0,0,False
2026-09-23,SUP_040,Manila Assemblies,Southeast Asia,Electronics,60,18.1,0.846,45.7,56.5,70.7,high,100.23,6.96,10,279.33,51761,0,0.154,0.625,0.6033,0.4894,0.707,0.2784,0.7165,48.8758,0,0,False
2026-06-01,SUP_041,Dhaka Cartons,South Asia,Packaging,50,11.6,0.748,56.5,52.9,61.0,medium,100.08,0.0,999,5.37,44230,0,0.252,0.5,0.464,0.5542,0.61,0.0,0.0,33.1956,0,0,True
2026-06-02,SUP_041,Dhaka Cartons,South Asia,Packaging,50,11.6,0.748,56.5,50.3,73.0,high,97.07,0.0,999,5.37,44230,0,0.252,0.5,0.464,0.5464,0.73,0.0,0.0,34.7352,0,0,True
2026-06-03,SUP_041,Dhaka Cartons,South Asia,Packaging,50,11.6,0.748,58.1,53.0,74.7,high,95.1,0.0,999,5.37,44230,0,0.252,0.5,0.464,0.5657,0.747,0.0,0.0,35.3206,0,0,True
2026-06-04,SUP_041,Dhaka Cartons,South Asia,Packaging,50,11.6,0.748,57.0,60.1,60.6,medium,94.6,0.0,999,5.37,44230,0,0.252,0.5,0.464,0.5793,0.606,0.0,0.0,33.5914,0,0,True
2026-06-05,SUP_041,Dhaka Cartons,South Asia,Packaging,50,11.6,0.748,50.4,51.2,70.1,high,93.5,6.85,999,5.37,44230,0,0.252,0.5,0.464,0.5064,0.701,0.274,0.0,36.8972,0,0,True
2026-06-06,SUP_041,Dhaka Cartons,South Asia,Packaging,50,11.6,0.748,45.8,44.7,64.2,medium,93.2,7.2,999,5.37,44230,0,0.252,0.5,0.464,0.4547,0.642,0.288,0.0,35.3086,0,0,True
2026-06-07,SUP_041,Dhaka Cartons,South Asia,Packaging,50,11.6,0.748,43.2,54.0,43.3,medium,95.03,7.2,999,5.37,44230,0,0.252,0.5,0.464,0.4644,0.433,0.288,0.0,32.5572,0,0,True
2026-06-08,SUP_041,Dhaka Cartons,South Asia,Packaging,50,11.6,0.748,50.6,58.0,56.4,medium,94.93,7.21,999,5.37,44230,0,0.252,0.5,0.464,0.5282,0.564,0.2884,0.0,35.5444,0,0,True
2026-06-09,SUP_041,Dhaka Cartons,South Asia,Packaging,50,11.6,0.748,55.3,56.2,48.0,medium,93.21,7.23,999,5.37,44230,0,0.252,0.5,0.464,0.5557,0.48,0.2892,0.0,34.873,0,0,True
2026-06-10,SUP_041,Dhaka Cartons,South Asia,Packaging,50,11.6,0.748,49.1,65.0,67.0,high,92.18,8.33,999,5.37,44230,0,0.252,0.5,0.464,0.5387,0.67,0.3332,0.0,37.755,0,0,True
2026-06-11,SUP_041,Dhaka Cartons,South Asia,Packaging,50,11.6,0.748,49.2,56.3,75.4,high,94.4,8.33,999,5.37,44230,0,0.252,0.5,0.464,0.5133,0.754,0.3332,0.0,38.4738,0,0,True
2026-06-12,SUP_041,Dhaka Cartons,South Asia,Packaging,50,11.6,0.748,47.1,61.0,68.9,high,96.4,8.32,999,5.37,44230,0,0.252,0.5,0.464,0.5127,0.689,0.3328,0.0,37.5482,0,1,True
2026-06-13,SUP_041,Dhaka Cartons,South Asia,Packaging,50,11.6,0.748,46.5,59.8,70.5,high,97.17,8.3,999,5.37,44230,0,0.252,0.5,0.464,0.5049,0.705,0.332,0.0,37.6222,0,1,True
2026-06-14,SUP_041,Dhaka Cartons,South Asia,Packaging,50,11.6,0.748,44.2,62.3,89.8,high,95.14,8.3,999,5.37,44230,0,0.252,0.5,0.464,0.4963,0.898,0.332,0.0,40.1694,0,1,True
2026-06-15,SUP_041,Dhaka Cartons,South Asia,Packaging,50,11.6,0.748,51.4,48.6,91.1,high,95.54,8.3,999,5.37,44230,0,0.252,0.5,0.464,0.5056,0.911,0.332,0.0,40.5188,0,1,True
2026-06-16,SUP_041,Dhaka Cartons,South Asia,Packaging,50,11.6,0.748,50.8,48.2,85.0,high,96.04,8.3,999,5.37,44230,0,0.252,0.5,0.464,0.5002,0.85,0.332,0.0,39.5676,0,1,True
2026-06-17,SUP_041,Dhaka Cartons,South Asia,Packaging,50,11.6,0.748,51.4,53.1,100.0,high,96.07,8.29,999,5.37,44230,0,0.252,0.5,0.464,0.5191,1.0,0.3316,0.0,42.003,0,1,True
2026-06-18,SUP_041,Dhaka Cartons,South Asia,Packaging,50,11.6,0.748,52.0,53.0,94.4,high,95.33,8.29,999,5.37,44230,0,0.252,0.5,0.464,0.523,0.944,0.3316,0.0,41.2892,0,1,True
2026-06-19,SUP_041,Dhaka Cartons,South Asia,Packaging,50,11.6,0.748,46.5,59.9,90.7,high,94.86,8.29,999,5.37,44230,0,0.252,0.5,0.464,0.5052,0.907,0.3316,0.0,40.4508,1,1,True
2026-06-20,SUP_041,Dhaka Cartons,South Asia,Packaging,50,11.6,0.748,47.2,65.6,73.8,high,94.03,8.3,1,5.37,44230,0,0.252,0.5,0.464,0.5272,0.738,0.332,0.9672,53.9611,1,1,True
2026-06-21,SUP_041,Dhaka Cartons,South Asia,Packaging,50,11.6,0.748,52.4,59.0,54.4,medium,92.54,8.31,1,5.37,44230,0,0.252,0.5,0.464,0.5438,0.544,0.3324,0.9672,51.5487,0,1,True
2026-06-22,SUP_041,Dhaka Cartons,South Asia,Packaging,50,11.6,0.748,58.7,62.7,52.6,medium,94.31,8.31,2,5.37,44230,0,0.252,0.5,0.464,0.599,0.526,0.3324,0.9355,51.7829,0,1,True
2026-06-23,SUP_041,Dhaka Cartons,South Asia,Packaging,50,11.6,0.748,51.7,56.3,54.3,medium,95.46,8.31,3,5.37,44230,0,0.252,0.5,0.464,0.5308,0.543,0.3324,0.9048,50.3026,0,1,True
2026-06-24,SUP_041,Dhaka Cartons,South Asia,Packaging,50,11.6,0.748,43.9,56.4,58.3,medium,95.09,8.31,4,5.37,44230,0,0.252,0.5,0.464,0.4765,0.583,0.3324,0.8752,49.4106,1,1,True
2026-06-25,SUP_041,Dhaka Cartons,South Asia,Packaging,50,11.6,0.748,72.1,59.7,45.1,medium,95.55,8.31,1,5.37,44230,0,0.252,0.5,0.464,0.6838,0.451,0.3324,0.9672,52.7667,0,1,True
2026-06-26,SUP_041,Dhaka Cartons,South Asia,Packaging,50,11.6,0.748,77.9,54.6,54.4,medium,96.05,8.31,2,5.37,44230,0,0.252,0.5,0.464,0.7091,0.544,0.3324,0.9355,54.0167,0,1,True
2026-06-27,SUP_041,Dhaka Cartons,South Asia,Packaging,50,11.6,0.748,79.2,58.8,47.6,medium,99.1,8.29,3,5.37,44230,0,0.252,0.5,0.464,0.7308,0.476,0.3316,0.9048,52.955,0,1,True
2026-06-28,SUP_041,Dhaka Cartons,South Asia,Packaging,50,11.6,0.748,81.8,55.6,55.9,medium,100.24,8.45,4,5.37,44230,0,0.252,0.5,0.464,0.7394,0.559,0.338,0.8752,53.874,1,1,True
2026-06-29,SUP_041,Dhaka Cartons,South Asia,Packaging,50,11.6,0.748,74.4,52.4,65.0,high,101.32,9.56,1,5.37,44230,0,0.252,0.5,0.464,0.678,0.65,0.3824,0.9672,56.0483,0,1,True
2026-06-30,SUP_041,Dhaka Cartons,South Asia,Packaging,50,11.6,0.748,71.8,56.5,59.6,medium,101.37,9.59,2,5.37,44230,0,0.252,0.5,0.464,0.6721,0.596,0.3836,0.9355,54.6931,0,1,True
2026-07-01,SUP_041,Dhaka Cartons,South Asia,Packaging,50,11.6,0.748,61.9,51.9,50.3,medium,100.81,9.59,3,5.37,44230,0,0.252,0.5,0.464,0.589,0.503,0.3836,0.9048,51.4046,0,1,True
2026-07-02,SUP_041,Dhaka Cartons,South Asia,Packaging,50,11.6,0.748,63.3,47.7,66.5,high,102.6,10.85,4,5.37,44230,0,0.252,0.5,0.464,0.5862,0.665,0.434,0.8752,53.7524,1,1,True
2026-07-03,SUP_041,Dhaka Cartons,South Asia,Packaging,50,11.6,0.748,54.8,54.3,72.5,high,103.45,11.7,1,5.37,44230,0,0.252,0.5,0.464,0.5465,0.725,0.468,0.9672,55.7585,0,1,True
2026-07-04,SUP_041,Dhaka Cartons,South Asia,Packaging,50,11.6,0.748,64.2,54.9,70.3,high,102.37,11.67,2,5.37,44230,0,0.252,0.5,0.464,0.6141,0.703,0.4668,0.9355,56.1455,0,1,True
2026-07-05,SUP_041,Dhaka Cartons,South Asia,Packaging,50,11.6,0.748,73.2,47.3,80.8,high,102.96,11.63,3,5.37,44230,0,0.252,0.5,0.464,0.6543,0.808,0.4652,0.9048,57.8292,1,1,True
2026-07-06,SUP_041,Dhaka Cartons,South Asia,Packaging,50,11.6,0.748,74.2,53.0,75.9,high,104.05,12.21,1,5.37,44230,0,0.252,0.5,0.464,0.6784,0.759,0.4884,0.9672,58.8535,1,1,True
2026-07-07,SUP_041,Dhaka Cartons,South Asia,Packaging,50,11.6,0.748,67.2,51.1,65.7,high,101.33,12.18,1,5.37,44230,0,0.252,0.5,0.464,0.6237,0.657,0.4872,0.9672,56.4265,0,1,True
2026-07-08,SUP_041,Dhaka Cartons,South Asia,Packaging,50,11.6,0.748,70.2,44.3,54.5,medium,100.13,12.16,2,5.37,44230,0,0.252,0.5,0.464,0.6243,0.545,0.4864,0.9355,54.3523,0,1,True
2026-07-09,SUP_041,Dhaka Cartons,South Asia,Packaging,50,11.6,0.748,52.5,32.7,54.3,medium,100.6,12.13,3,5.37,44230,0,0.252,0.5,0.464,0.4656,0.543,0.4852,0.9048,50.9626,0,1,True
2026-07-10,SUP_041,Dhaka Cartons,South Asia,Packaging,50,11.6,0.748,54.1,40.8,62.4,medium,98.1,11.74,4,5.37,44230,0,0.252,0.5,0.464,0.5011,0.624,0.4696,0.8752,52.0738,1,1,True
2026-07-11,SUP_041,Dhaka Cartons,South Asia,Packaging,50,11.6,0.748,58.8,38.4,74.2,high,95.8,11.73,1,5.37,44230,0,0.252,0.5,0.464,0.5268,0.742,0.4692,0.9672,55.6563,0,1,True
2026-07-12,SUP_041,Dhaka Cartons,South Asia,Packaging,50,11.6,0.748,54.9,34.3,70.3,high,95.45,11.73,2,5.37,44230,0,0.252,0.5,0.464,0.4872,0.703,0.4692,0.9355,53.8901,0,1,True
2026-07-13,SUP_041,Dhaka Cartons,South Asia,Packaging,50,11.6,0.748,49.7,40.8,78.5,high,96.09,11.74,3,5.37,44230,0,0.252,0.5,0.464,0.4703,0.785,0.4696,0.9048,54.248,1,1,True
2026-07-14,SUP_041,Dhaka Cartons,South Asia,Packaging,50,11.6,0.748,49.1,47.2,71.4,high,96.79,11.73,1,5.37,44230,0,0.252,0.5,0.464,0.4853,0.714,0.4692,0.9672,54.5173,0,1,True
2026-07-15,SUP_041,Dhaka Cartons,South Asia,Packaging,50,11.6,0.748,39.8,44.2,60.8,medium,98.84,11.72,2,5.37,44230,0,0.252,0.5,0.464,0.4112,0.608,0.4688,0.9355,51.1873,0,1,True
2026-07-16,SUP_041,Dhaka Cartons,South Asia,Packaging,50,11.6,0.748,51.8,50.6,48.0,medium,98.95,11.71,3,5.37,44230,0,0.252,0.5,0.464,0.5144,0.48,0.4684,0.9048,50.7574,0,1,True
2026-07-17,SUP_041,Dhaka Cartons,South Asia,Packaging,50,11.6,0.748,51.9,62.1,45.8,medium,98.47,11.7,4,5.37,44230,0,0.252,0.5,0.464,0.5496,0.458,0.468,0.8752,50.6036,0,1,True
2026-07-18,SUP_041,Dhaka Cartons,South Asia,Packaging,50,11.6,0.748,55.4,68.1,37.1,low,96.77,11.69,5,5.37,44230,0,0.252,0.5,0.464,0.5921,0.371,0.4676,0.8465,49.6867,0,1,True
2026-07-19,SUP_041,Dhaka Cartons,South Asia,Packaging,50,11.6,0.748,52.1,72.4,60.9,medium,96.27,11.69,6,5.37,44230,0,0.252,0.5,0.464,0.5819,0.609,0.4676,0.8187,52.3911,1,0,True
2026-07-20,SUP_041,Dhaka Cartons,South Asia,Packaging,50,11.6,0.748,44.2,71.5,64.3,medium,97.19,11.67,1,5.37,44230,0,0.252,0.5,0.464,0.5239,0.643,0.4668,0.9672,54.1893,0,1,True
2026-07-21,SUP_041,Dhaka Cartons,South Asia,Packaging,50,11.6,0.748,51.5,66.7,61.8,medium,98.17,9.86,2,5.37,44230,0,0.252,0.5,0.464,0.5606,0.618,0.3944,0.9355,53.1237,0,1,True
2026-07-22,SUP_041,Dhaka Cartons,South Asia,Packaging,50,11.6,0.748,45.6,64.6,76.8,high,98.51,9.06,3,5.37,44230,0,0.252,0.5,0.464,0.513,0.768,0.3624,0.9048,53.4922,0,1,True
2026-07-23,SUP_041,Dhaka Cartons,South Asia,Packaging,50,11.6,0.748,47.7,65.5,60.0,medium,99.22,9.05,4,5.37,44230,0,0.252,0.5,0.464,0.5304,0.6,0.362,0.8752,50.974,0,1,True
2026-07-24,SUP_041,Dhaka Cartons,South Asia,Packaging,50,11.6,0.748,49.8,57.3,58.3,medium,100.88,8.67,5,5.37,44230,0,0.252,0.5,0.464,0.5205,0.583,0.3468,0.8465,49.9163,0,1,True
2026-07-25,SUP_041,Dhaka Cartons,South Asia,Packaging,50,11.6,0.748,49.9,52.9,76.7,high,100.98,8.65,6,5.37,44230,0,0.252,0.5,0.464,0.508,0.767,0.346,0.8187,51.8137,0,1,True
2026-07-26,SUP_041,Dhaka Cartons,South Asia,Packaging,50,11.6,0.748,45.9,45.7,70.7,high,102.76,8.63,7,5.37,44230,0,0.252,0.5,0.464,0.4584,0.707,0.3452,0.7919,49.6418,0,1,True
2026-07-27,SUP_041,Dhaka Cartons,South Asia,Packaging,50,11.6,0.748,45.5,48.3,90.2,high,101.81,8.62,8,5.37,44230,0,0.252,0.5,0.464,0.4634,0.902,0.3448,0.7659,52.0417,1,1,True
2026-07-28,SUP_041,Dhaka Cartons,South Asia,Packaging,50,11.6,0.748,41.4,49.8,89.4,high,101.72,8.62,1,5.37,44230,0,0.252,0.5,0.464,0.4392,0.894,0.3448,0.9672,54.7147,0,1,True
2026-07-29,SUP_041,Dhaka Cartons,South Asia,Packaging,50,11.6,0.748,46.2,47.1,93.7,high,101.09,8.62,2,5.37,44230,0,0.252,0.5,0.464,0.4647,0.937,0.3448,0.9355,55.2683,0,1,True
2026-07-30,SUP_041,Dhaka Cartons,South Asia,Packaging,50,11.6,0.748,49.2,52.6,97.1,high,102.12,8.62,3,5.37,44230,0,0.252,0.5,0.464,0.5022,0.971,0.3448,0.9048,55.9286,1,1,True
2026-07-31,SUP_041,Dhaka Cartons,South Asia,Packaging,50,11.6,0.748,48.9,47.5,87.3,high,100.8,8.62,1,5.37,44230,0,0.252,0.5,0.464,0.4848,0.873,0.3448,0.9672,55.2415,0,1,True
2026-08-01,SUP_041,Dhaka Cartons,South Asia,Packaging,50,11.6,0.748,46.1,45.0,75.5,high,100.38,8.62,2,5.37,44230,0,0.252,0.5,0.464,0.4577,0.755,0.3448,0.9355,52.5943,0,1,True
2026-08-02,SUP_041,Dhaka Cartons,South Asia,Packaging,50,11.6,0.748,56.3,50.6,70.0,high,97.97,8.64,3,5.37,44230,0,0.252,0.5,0.464,0.5459,0.7,0.3456,0.9048,52.9308,0,1,True
2026-08-03,SUP_041,Dhaka Cartons,South Asia,Packaging,50,11.6,0.748,48.9,56.1,57.9,medium,98.74,8.65,4,5.37,44230,0,0.252,0.5,0.464,0.5106,0.579,0.346,0.8752,50.1316,0,1,True
2026-08-04,SUP_041,Dhaka Cartons,South Asia,Packaging,50,11.6,0.748,41.5,51.8,57.3,medium,100.36,8.66,5,5.37,44230,0,0.252,0.5,0.464,0.4459,0.573,0.3464,0.8465,48.4287,0,1,True
2026-08-05,SUP_041,Dhaka Cartons,South Asia,Packaging,50,11.6,0.748,42.1,53.5,57.4,medium,101.55,7.36,6,5.37,44230,0,0.252,0.5,0.464,0.4552,0.574,0.2944,0.8187,47.5421,1,1,True
2026-08-06,SUP_041,Dhaka Cartons,South Asia,Packaging,50,11.6,0.748,41.7,49.6,73.2,high,102.6,7.36,1,5.37,44230,0,0.252,0.5,0.464,0.4407,0.732,0.2944,0.9672,51.8689,0,1,True
2026-08-07,SUP_041,Dhaka Cartons,South Asia,Packaging,50,11.6,0.748,47.9,49.4,74.9,high,103.69,8.29,2,5.37,44230,0,0.252,0.5,0.464,0.4835,0.749,0.3316,0.9355,52.8163,0,1,True
2026-08-08,SUP_041,Dhaka Cartons,South Asia,Packaging,50,11.6,0.748,51.0,51.0,92.6,high,104.6,9.19,3,5.37,44230,0,0.252,0.5,0.464,0.51,0.926,0.3676,0.9048,55.7126,1,1,True
2026-08-09,SUP_041,Dhaka Cartons,South Asia,Packaging,50,11.6,0.748,50.6,54.5,63.9,medium,105.4,9.97,1,5.37,44230,0,0.252,0.5,0.464,0.5177,0.639,0.3988,0.9672,53.2057,0,1,True
2026-08-10,SUP_041,Dhaka Cartons,South Asia,Packaging,50,11.6,0.748,52.6,56.3,51.2,medium,106.29,10.82,2,5.37,44230,0,0.252,0.5,0.464,0.5371,0.512,0.4328,0.9355,51.6775,0,1,True
2026-08-11,SUP_041,Dhaka Cartons,South Asia,Packaging,50,11.6,0.748,54.2,57.5,86.9,high,105.43,10.15,3,5.37,44230,0,0.252,0.5,0.464,0.5519,0.869,0.406,0.9048,56.1296,1,1,True
2026-08-12,SUP_041,Dhaka Cartons,South Asia,Packaging,50,11.6,0.748,63.3,51.5,100.0,high,105.17,9.94,1,5.37,44230,0,0.252,0.5,0.464,0.5976,1.0,0.3976,0.9672,59.6835,1,1,True
2026-08-13,SUP_041,Dhaka Cartons,South Asia,Packaging,50,11.6,0.748,62.2,54.0,99.9,high,105.26,9.91,1,5.37,44230,0,0.252,0.5,0.464,0.5974,0.999,0.3964,0.9672,59.6515,0,1,True
2026-08-14,SUP_041,Dhaka Cartons,South Asia,Packaging,50,11.6,0.748,56.8,57.1,85.2,high,104.83,9.89,2,5.37,44230,0,0.252,0.5,0.464,0.5689,0.852,0.3956,0.9355,56.5635,0,1,True
2026-08-15,SUP_041,Dhaka Cartons,South Asia,Packaging,50,11.6,0.748,56.4,60.4,85.4,high,102.79,9.88,3,5.37,44230,0,0.252,0.5,0.464,0.576,0.854,0.3952,0.9048,56.2238,0,1,True
2026-08-16,SUP_041,Dhaka Cartons,South Asia,Packaging,50,11.6,0.748,42.8,55.8,76.8,high,101.18,9.87,4,5.37,44230,0,0.252,0.5,0.464,0.467,0.768,0.3948,0.8752,52.5784,1,0,True
2026-08-17,SUP_041,Dhaka Cartons,South Asia,Packaging,50,11.6,0.748,43.4,60.5,68.5,high,101.48,9.86,1,5.37,44230,0,0.252,0.5,0.464,0.4853,0.685,0.3944,0.9672,53.2137,0,0,True
2026-08-18,SUP_041,Dhaka Cartons,South Asia,Packaging,50,11.6,0.748,49.3,52.7,56.4,medium,102.66,8.93,2,5.37,44230,0,0.252,0.5,0.464,0.5032,0.564,0.3572,0.9355,50.8881,0,0,True
2026-08-19,SUP_041,Dhaka Cartons,South Asia,Packaging,50,11.6,0.748,51.9,50.8,53.6,medium,102.67,8.15,3,5.37,44230,0,0.252,0.5,0.464,0.5157,0.536,0.326,0.9048,49.856,0,0,True
2026-08-20,SUP_041,Dhaka Cartons,South Asia,Packaging,50,11.6,0.748,52.8,50.0,56.3,medium,106.27,8.13,4,5.37,44230,0,0.252,0.5,0.464,0.5196,0.563,0.3252,0.8752,49.82,0,1,True
2026-08-21,SUP_041,Dhaka Cartons,South Asia,Packaging,50,11.6,0.748,55.1,44.1,55.8,medium,105.07,8.12,5,5.37,44230,0,0.252,0.5,0.464,0.518,0.558,0.3248,0.8465,49.2573,0,1,True
2026-08-22,SUP_041,Dhaka Cartons,South Asia,Packaging,50,11.6,0.748,59.3,44.2,54.1,medium,105.65,8.1,6,5.37,44230,0,0.252,0.5,0.464,0.5477,0.541,0.324,0.8187,49.1003,0,1,True
2026-08-23,SUP_041,Dhaka Cartons,South Asia,Packaging,50,11.6,0.748,64.3,47.0,47.3,medium,107.33,9.09,7,5.37,44230,0,0.252,0.5,0.464,0.5911,0.473,0.3636,0.7919,48.9752,0,1,True
2026-08-24,SUP_041,Dhaka Cartons,South Asia,Packaging,50,11.6,0.748,64.0,38.6,47.1,medium,108.72,10.42,8,5.37,44230,0,0.252,0.5,0.464,0.5638,0.471,0.4168,0.7659,48.6789,0,1,True
2026-08-25,SUP_041,Dhaka Cartons,South Asia,Packaging,50,11.6,0.748,60.1,39.0,52.9,medium,109.57,11.21,9,5.37,44230,0,0.252,0.5,0.464,0.5377,0.529,0.4484,0.7408,48.9985,0,1,True
2026-08-26,SUP_041,Dhaka Cartons,South Asia,Packaging,50,11.6,0.748,47.3,32.1,67.3,high,110.96,12.52,10,5.37,44230,0,0.252,0.5,0.464,0.4274,0.673,0.5008,0.7165,49.2693,0,1,True
2026-08-27,SUP_041,Dhaka Cartons,South Asia,Packaging,50,11.6,0.748,52.1,46.3,73.8,high,111.03,12.55,11,5.37,44230,0,0.252,0.5,0.464,0.5036,0.738,0.502,0.693,51.1894,1,1,True
2026-08-28,SUP_041,Dhaka Cartons,South Asia,Packaging,50,11.6,0.748,53.9,48.8,58.5,medium,113.19,14.57,1,5.37,44230,0,0.252,0.5,0.464,0.5237,0.585,0.5828,0.9672,54.7657,0,1,True
2026-08-29,SUP_041,Dhaka Cartons,South Asia,Packaging,50,11.6,0.748,53.7,50.4,67.6,high,114.86,16.1,2,5.37,44230,0,0.252,0.5,0.464,0.5271,0.676,0.644,0.9355,56.3279,1,1,True
2026-08-30,SUP_041,Dhaka Cartons,South Asia,Packaging,50,11.6,0.748,49.6,52.3,69.6,high,113.76,16.04,1,5.37,44230,0,0.252,0.5,0.464,0.5041,0.696,0.6416,0.9672,56.6725,0,1,True
2026-08-31,SUP_041,Dhaka Cartons,South Asia,Packaging,50,11.6,0.748,53.9,55.9,60.9,medium,114.17,15.97,2,5.37,44230,0,0.252,0.5,0.464,0.545,0.609,0.6388,0.9355,55.6497,0,1,True
2026-09-01,SUP_041,Dhaka Cartons,South Asia,Packaging,50,11.6,0.748,51.8,60.9,61.9,medium,112.16,15.17,3,5.37,44230,0,0.252,0.5,0.464,0.5453,0.619,0.6068,0.9048,54.9204,1,1,True
2026-09-02,SUP_041,Dhaka Cartons,South Asia,Packaging,50,11.6,0.748,51.1,51.8,66.2,high,114.14,13.58,1,5.37,44230,0,0.252,0.5,0.464,0.5131,0.662,0.5432,0.9672,55.1777,0,1,True
2026-09-03,SUP_041,Dhaka Cartons,South Asia,Packaging,50,11.6,0.748,50.4,59.2,64.6,medium,114.43,12.76,2,5.37,44230,0,0.252,0.5,0.464,0.5304,0.646,0.5104,0.9355,54.3641,1,1,True
2026-09-04,SUP_041,Dhaka Cartons,South Asia,Packaging,50,11.6,0.748,52.1,65.1,67.4,high,116.19,13.93,1,5.37,44230,0,0.252,0.5,0.464,0.56,0.674,0.5572,0.9672,56.3579,0,1,True
2026-09-05,SUP_041,Dhaka Cartons,South Asia,Packaging,50,11.6,0.748,46.1,63.2,57.0,medium,116.04,13.88,2,5.37,44230,0,0.252,0.5,0.464,0.5123,0.57,0.5552,0.9355,53.5119,1,1,True
2026-09-06,SUP_041,Dhaka Cartons,South Asia,Packaging,50,11.6,0.748,49.0,61.4,75.7,high,113.63,13.83,1,5.37,44230,0,0.252,0.5,0.464,0.5272,0.757,0.5532,0.9672,56.8815,0,1,True
2026-09-07,SUP_041,Dhaka Cartons,South Asia,Packaging,50,11.6,0.748,45.5,44.1,53.4,medium,117.06,14.58,2,5.37,44230,0,0.252,0.5,0.464,0.4508,0.534,0.5832,0.9355,52.2369,0,1,True
2026-09-08,SUP_041,Dhaka Cartons,South Asia,Packaging,50,11.6,0.748,42.6,39.2,59.9,medium,117.23,14.68,3,5.37,44230,0,0.252,0.5,0.464,0.4158,0.599,0.5872,0.9048,52.0742,0,1,True
2026-09-09,SUP_041,Dhaka Cartons,South Asia,Packaging,50,11.6,0.748,47.6,44.3,62.8,medium,115.93,14.64,4,5.37,44230,0,0.252,0.5,0.464,0.4661,0.628,0.5856,0.8752,52.8918,0,1,True
2026-09-10,SUP_041,Dhaka Cartons,South Asia,Packaging,50,11.6,0.748,42.9,52.2,67.6,high,117.42,14.76,5,5.37,44230,0,0.252,0.5,0.464,0.4569,0.676,0.5904,0.8465,52.9967,0,1,True
2026-09-11,SUP_041,Dhaka Cartons,South Asia,Packaging,50,11.6,0.748,47.9,56.5,58.6,medium,120.07,17.09,6,5.37,44230,0,0.252,0.5,0.464,0.5048,0.586,0.6836,0.8187,53.2733,1,1,True
2026-09-12,SUP_041,Dhaka Cartons,South Asia,Packaging,50,11.6,0.748,48.4,55.8,69.3,high,119.8,17.02,1,5.37,44230,0,0.252,0.5,0.464,0.5062,0.693,0.6808,0.9672,57.1387,1,0,True
2026-09-13,SUP_041,Dhaka Cartons,South Asia,Packaging,50,11.6,0.748,40.5,65.9,65.5,high,119.67,16.94,1,5.37,44230,0,0.252,0.5,0.464,0.4812,0.655,0.6776,0.9672,56.1183,0,0,True
2026-09-14,SUP_041,Dhaka Cartons,South Asia,Packaging,50,11.6,0.748,48.1,69.5,52.6,medium,119.98,16.85,2,5.37,44230,0,0.252,0.5,0.464,0.5452,0.526,0.674,0.9355,54.9137,0,0,True
2026-09-15,SUP_041,Dhaka Cartons,South Asia,Packaging,50,11.6,0.748,49.6,65.3,43.8,medium,118.54,16.5,3,5.37,44230,0,0.252,0.5,0.464,0.5431,0.438,0.66,0.9048,52.9852,0,0,True
2026-09-16,SUP_041,Dhaka Cartons,South Asia,Packaging,50,11.6,0.748,51.2,75.2,48.5,medium,117.64,15.38,4,5.37,44230,0,0.252,0.5,0.464,0.584,0.485,0.6152,0.8752,53.3672,0,0,True
2026-09-17,SUP_041,Dhaka Cartons,South Asia,Packaging,50,11.6,0.748,55.5,66.4,36.1,low,119.96,15.29,5,5.37,44230,0,0.252,0.5,0.464,0.5877,0.361,0.6116,0.8465,51.1955,0,0,False
2026-09-18,SUP_041,Dhaka Cartons,South Asia,Packaging,50,11.6,0.748,61.5,57.0,58.3,medium,119.79,13.12,6,5.37,44230,0,0.252,0.5,0.464,0.6015,0.583,0.5248,0.8187,53.0663,0,0,False
2026-09-19,SUP_041,Dhaka Cartons,South Asia,Packaging,50,11.6,0.748,60.4,54.4,67.9,high,118.7,13.07,7,5.37,44230,0,0.252,0.5,0.464,0.586,0.679,0.5228,0.7919,53.6778,0,0,False
2026-09-20,SUP_041,Dhaka Cartons,South Asia,Packaging,50,11.6,0.748,61.5,50.5,82.3,high,118.11,12.52,8,5.37,44230,0,0.252,0.5,0.464,0.582,0.823,0.5008,0.7659,54.9425,0,0,False
2026-09-21,SUP_041,Dhaka Cartons,South Asia,Packaging,50,11.6,0.748,61.2,49.3,92.2,high,119.5,11.02,9,5.37,44230,0,0.252,0.5,0.464,0.5763,0.922,0.4408,0.7408,55.1041,0,0,False
2026-09-22,SUP_041,Dhaka Cartons,South Asia,Packaging,50,11.6,0.748,57.6,54.3,80.4,high,116.94,9.79,10,5.37,44230,0,0.252,0.5,0.464,0.5661,0.804,0.3916,0.7165,52.2895,0,0,False
2026-09-23,SUP_041,Dhaka Cartons,South Asia,Packaging,50,11.6,0.748,48.7,54.3,66.7,high,117.27,9.03,11,5.37,44230,0,0.252,0.5,0.464,0.5038,0.667,0.3612,0.693,48.5094,0,0,False
2026-06-01,SUP_042,Muscat Alloys,Middle East,Raw Materials,73,30.8,0.956,84.2,39.3,46.5,medium,102.68,0.0,999,43.8,95884,0,0.044,0.7875,0.8438,0.7073,0.465,0.0,0.0,36.4348,0,0,True
2026-06-02,SUP_042,Muscat Alloys,Middle East,Raw Materials,73,30.8,0.956,90.5,40.3,42.3,medium,102.32,0.0,999,43.8,95884,0,0.044,0.7875,0.8438,0.7544,0.423,0.0,0.0,36.6946,0,0,True
2026-06-03,SUP_042,Muscat Alloys,Middle East,Raw Materials,73,30.8,0.956,88.9,53.6,25.3,low,102.61,0.0,999,43.8,95884,0,0.044,0.7875,0.8438,0.7831,0.253,0.0,0.0,34.8312,0,0,True
2026-06-04,SUP_042,Muscat Alloys,Middle East,Raw Materials,73,30.8,0.956,91.1,56.5,26.7,low,102.02,0.0,999,43.8,95884,0,0.044,0.7875,0.8438,0.8072,0.267,0.0,0.0,35.461,0,0,True
2026-06-05,SUP_042,Muscat Alloys,Middle East,Raw Materials,73,30.8,0.956,92.9,56.0,18.3,low,102.87,0.83,999,43.8,95884,0,0.044,0.7875,0.8438,0.8183,0.183,0.0332,0.0,34.8832,0,0,True
2026-06-06,SUP_042,Muscat Alloys,Middle East,Raw Materials,73,30.8,0.956,87.7,55.8,17.3,low,103.27,1.22,999,43.8,95884,0,0.044,0.7875,0.8438,0.7813,0.173,0.0488,0.0,34.2644,0,0,True
2026-06-07,SUP_042,Muscat Alloys,Middle East,Raw Materials,73,30.8,0.956,88.2,62.4,20.5,low,102.63,1.22,999,43.8,95884,0,0.044,0.7875,0.8438,0.8046,0.205,0.0488,0.0,35.1318,0,0,True
2026-06-08,SUP_042,Muscat Alloys,Middle East,Raw Materials,73,30.8,0.956,92.8,53.2,14.5,low,102.46,1.22,999,43.8,95884,0,0.044,0.7875,0.8438,0.8092,0.145,0.0488,0.0,34.3746,0,0,True
2026-06-09,SUP_042,Muscat Alloys,Middle East,Raw Materials,73,30.8,0.956,82.2,49.5,13.9,low,103.57,1.51,999,43.8,95884,0,0.044,0.7875,0.8438,0.7239,0.139,0.0604,0.0,32.8944,0,0,True
2026-06-10,SUP_042,Muscat Alloys,Middle East,Raw Materials,73,30.8,0.956,81.9,37.3,11.0,low,104.59,2.5,999,43.8,95884,0,0.044,0.7875,0.8438,0.6852,0.11,0.1,0.0,32.267,0,0,True
2026-06-11,SUP_042,Muscat Alloys,Middle East,Raw Materials,73,30.8,0.956,80.6,39.9,9.1,low,103.6,2.5,999,43.8,95884,0,0.044,0.7875,0.8438,0.6839,0.091,0.1,0.0,31.9776,0,0,True
2026-06-12,SUP_042,Muscat Alloys,Middle East,Raw Materials,73,30.8,0.956,78.3,43.6,5.0,low,103.32,2.5,999,43.8,95884,0,0.044,0.7875,0.8438,0.6789,0.05,0.1,0.0,31.3136,0,0,True
2026-06-13,SUP_042,Muscat Alloys,Middle East,Raw Materials,73,30.8,0.956,75.9,37.1,6.8,low,104.77,2.67,999,43.8,95884,0,0.044,0.7875,0.8438,0.6426,0.068,0.1068,0.0,30.9938,0,0,True
2026-06-14,SUP_042,Muscat Alloys,Middle East,Raw Materials,73,30.8,0.956,74.9,44.3,4.3,low,104.72,2.66,999,43.8,95884,0,0.044,0.7875,0.8438,0.6572,0.043,0.1064,0.0,30.9018,0,0,True
2026-06-15,SUP_042,Muscat Alloys,Middle East,Raw Materials,73,30.8,0.956,74.5,39.1,16.2,low,104.93,2.82,999,43.8,95884,0,0.044,0.7875,0.8438,0.6388,0.162,0.1128,0.0,32.3134,0,1,True
2026-06-16,SUP_042,Muscat Alloys,Middle East,Raw Materials,73,30.8,0.956,77.9,36.7,21.5,low,105.78,3.63,999,43.8,95884,0,0.044,0.7875,0.8438,0.6554,0.215,0.1452,0.0,33.743,0,1,True
2026-06-17,SUP_042,Muscat Alloys,Middle East,Raw Materials,73,30.8,0.956,77.8,37.1,34.7,low,104.85,3.63,999,43.8,95884,0,0.044,0.7875,0.8438,0.6559,0.347,0.1452,0.0,35.6,0,1,True
2026-06-18,SUP_042,Muscat Alloys,Middle East,Raw Materials,73,30.8,0.956,74.6,45.2,51.0,medium,104.22,3.63,999,43.8,95884,0,0.044,0.7875,0.8438,0.6578,0.51,0.1452,0.0,37.9162,0,1,True
2026-06-19,SUP_042,Muscat Alloys,Middle East,Raw Materials,73,30.8,0.956,68.7,39.1,52.0,medium,104.05,3.63,999,43.8,95884,0,0.044,0.7875,0.8438,0.5982,0.52,0.1452,0.0,36.9834,0,1,True
2026-06-20,SUP_042,Muscat Alloys,Middle East,Raw Materials,73,30.8,0.956,65.5,40.0,50.7,medium,105.03,3.63,999,43.8,95884,0,0.044,0.7875,0.8438,0.5785,0.507,0.1452,0.0,36.4468,0,1,True
2026-06-21,SUP_042,Muscat Alloys,Middle East,Raw Materials,73,30.8,0.956,66.2,43.4,52.4,medium,105.88,3.72,999,43.8,95884,0,0.044,0.7875,0.8438,0.5936,0.524,0.1488,0.0,36.9998,0,1,True
2026-06-22,SUP_042,Muscat Alloys,Middle East,Raw Materials,73,30.8,0.956,62.2,45.1,51.1,medium,106.49,4.3,999,43.8,95884,0,0.044,0.7875,0.8438,0.5707,0.511,0.172,0.0,36.684,1,1,True
2026-06-23,SUP_042,Muscat Alloys,Middle East,Raw Materials,73,30.8,0.956,66.7,46.8,46.3,medium,106.46,4.3,1,43.8,95884,0,0.044,0.7875,0.8438,0.6073,0.463,0.172,0.9672,52.1462,0,1,True
2026-06-24,SUP_042,Muscat Alloys,Middle East,Raw Materials,73,30.8,0.956,68.0,49.0,41.9,medium,107.39,5.15,2,43.8,95884,0,0.044,0.7875,0.8438,0.623,0.419,0.206,0.9355,51.7135,0,1,True
2026-06-25,SUP_042,Muscat Alloys,Middle East,Raw Materials,73,30.8,0.956,72.5,44.0,29.5,low,107.35,5.15,3,43.8,95884,0,0.044,0.7875,0.8438,0.6395,0.295,0.206,0.9048,49.7838,0,1,True
2026-06-26,SUP_042,Muscat Alloys,Middle East,Raw Materials,73,30.8,0.956,67.9,51.5,37.4,low,107.86,5.59,4,43.8,95884,0,0.044,0.7875,0.8438,0.6298,0.374,0.2236,0.8752,50.4517,0,1,True
2026-06-27,SUP_042,Muscat Alloys,Middle East,Raw Materials,73,30.8,0.956,63.1,48.5,35.3,low,108.62,6.31,5,43.8,95884,0,0.044,0.7875,0.8438,0.5872,0.353,0.2524,0.8465,49.2775,0,1,True
2026-06-28,SUP_042,Muscat Alloys,Middle East,Raw Materials,73,30.8,0.956,68.3,45.2,47.4,medium,109.97,7.59,6,43.8,95884,0,0.044,0.7875,0.8438,0.6137,0.474,0.3036,0.8187,51.6188,1,0,True
2026-06-29,SUP_042,Muscat Alloys,Middle East,Raw Materials,73,30.8,0.956,91.1,50.7,51.5,medium,110.01,7.61,1,43.8,95884,0,0.044,0.7875,0.8438,0.7898,0.515,0.3044,0.9672,57.748,0,0,True
2026-06-30,SUP_042,Muscat Alloys,Middle East,Raw Materials,73,30.8,0.956,89.2,45.1,40.3,medium,109.81,7.6,2,43.8,95884,0,0.044,0.7875,0.8438,0.7597,0.403,0.304,0.9355,55.1261,0,0,True
2026-07-01,SUP_042,Muscat Alloys,Middle East,Raw Materials,73,30.8,0.956,91.9,45.2,49.3,medium,110.86,8.39,3,43.8,95884,0,0.044,0.7875,0.8438,0.7789,0.493,0.3356,0.9048,56.6202,0,0,True
2026-07-02,SUP_042,Muscat Alloys,Middle East,Raw Materials,73,30.8,0.956,94.0,39.9,20.8,low,111.97,9.41,4,43.8,95884,0,0.044,0.7875,0.8438,0.7777,0.208,0.3764,0.8752,52.6235,0,0,True
2026-07-03,SUP_042,Muscat Alloys,Middle East,Raw Materials,73,30.8,0.956,86.7,52.4,40.9,medium,111.63,9.38,5,43.8,95884,0,0.044,0.7875,0.8438,0.7641,0.409,0.3752,0.8465,54.7193,0,0,True
2026-07-04,SUP_042,Muscat Alloys,Middle East,Raw Materials,73,30.8,0.956,93.1,62.0,25.8,low,110.88,8.94,6,43.8,95884,0,0.044,0.7875,0.8438,0.8377,0.258,0.3576,0.8187,53.2748,0,0,True
2026-07-05,SUP_042,Muscat Alloys,Middle East,Raw Materials,73,30.8,0.956,89.9,57.4,31.4,low,111.87,8.92,7,43.8,95884,0,0.044,0.7875,0.8438,0.8015,0.314,0.3568,0.7919,52.9682,0,0,True
2026-07-06,SUP_042,Muscat Alloys,Middle East,Raw Materials,73,30.8,0.956,97.2,56.7,35.0,low,110.71,8.9,8,43.8,95884,0,0.044,0.7875,0.8438,0.8505,0.35,0.356,0.7659,53.9292,0,1,True
2026-07-07,SUP_042,Muscat Alloys,Middle East,Raw Materials,73,30.8,0.956,89.1,53.5,44.2,medium,109.51,8.88,9,43.8,95884,0,0.044,0.7875,0.8438,0.7842,0.442,0.3552,0.7408,53.6124,0,1,True
2026-07-08,SUP_042,Muscat Alloys,Middle East,Raw Materials,73,30.8,0.956,90.0,48.9,37.6,low,109.38,8.06,10,43.8,95884,0,0.044,0.7875,0.8438,0.7767,0.376,0.3224,0.7165,51.7713,0,1,True
2026-07-09,SUP_042,Muscat Alloys,Middle East,Raw Materials,73,30.8,0.956,88.4,47.4,15.8,low,109.46,8.04,11,43.8,95884,0,0.044,0.7875,0.8438,0.761,0.158,0.3216,0.693,48.0512,0,1,True
2026-07-10,SUP_042,Muscat Alloys,Middle East,Raw Materials,73,30.8,0.956,78.5,45.4,16.3,low,108.66,8.03,12,43.8,95884,0,0.044,0.7875,0.8438,0.6857,0.163,0.3212,0.6703,46.3975,0,1,True
2026-07-11,SUP_042,Muscat Alloys,Middle East,Raw Materials,73,30.8,0.956,82.6,35.8,17.7,low,108.83,8.02,13,43.8,95884,0,0.044,0.7875,0.8438,0.6856,0.177,0.3208,0.6483,46.2353,0,1,True
2026-07-12,SUP_042,Muscat Alloys,Middle East,Raw Materials,73,30.8,0.956,73.9,37.1,1.8,low,109.03,7.33,14,43.8,95884,0,0.044,0.7875,0.8438,0.6286,0.018,0.2932,0.6271,42.312,0,1,True
2026-07-13,SUP_042,Muscat Alloys,Middle East,Raw Materials,73,30.8,0.956,51.1,36.5,9.3,low,108.67,7.32,15,43.8,95884,0,0.044,0.7875,0.8438,0.4672,0.093,0.2928,0.6065,40.123,1,0,True
2026-07-14,SUP_042,Muscat Alloys,Middle East,Raw Materials,73,30.8,0.956,58.0,37.9,4.5,low,110.2,7.31,1,43.8,95884,0,0.044,0.7875,0.8438,0.5197,0.045,0.2924,0.9672,46.1622,0,0,True
2026-07-15,SUP_042,Muscat Alloys,Middle East,Raw Materials,73,30.8,0.956,56.1,37.1,16.9,low,110.52,7.3,2,43.8,95884,0,0.044,0.7875,0.8438,0.504,0.169,0.292,0.9355,47.1035,0,0,True
2026-07-16,SUP_042,Muscat Alloys,Middle East,Raw Materials,73,30.8,0.956,52.7,34.9,17.9,low,111.37,7.28,3,43.8,95884,0,0.044,0.7875,0.8438,0.4736,0.179,0.2912,0.9048,46.196,0,0,True
2026-07-17,SUP_042,Muscat Alloys,Middle East,Raw Materials,73,30.8,0.956,57.9,39.5,39.1,low,110.28,7.27,4,43.8,95884,0,0.044,0.7875,0.8438,0.5238,0.391,0.2908,0.8752,49.5881,0,0,True
2026-07-18,SUP_042,Muscat Alloys,Middle East,Raw Materials,73,30.8,0.956,57.3,41.6,34.4,low,109.17,7.26,5,43.8,95884,0,0.044,0.7875,0.8438,0.5259,0.344,0.2904,0.8465,48.5041,0,0,True
2026-07-19,SUP_042,Muscat Alloys,Middle East,Raw Materials,73,30.8,0.956,56.1,48.0,37.3,low,109.52,6.35,6,43.8,95884,0,0.044,0.7875,0.8438,0.5367,0.373,0.254,0.8187,48.2236,0,0,True
2026-07-20,SUP_042,Muscat Alloys,Middle East,Raw Materials,73,30.8,0.956,63.0,48.7,33.5,low,110.92,5.56,7,43.8,95884,0,0.044,0.7875,0.8438,0.5871,0.335,0.2224,0.7919,47.7902,0,0,True
2026-07-21,SUP_042,Muscat Alloys,Middle East,Raw Materials,73,30.8,0.956,57.3,45.6,17.6,low,110.16,5.03,8,43.8,95884,0,0.044,0.7875,0.8438,0.5379,0.176,0.2012,0.7659,44.0088,0,0,True
2026-07-22,SUP_042,Muscat Alloys,Middle East,Raw Materials,73,30.8,0.956,55.8,47.2,18.8,low,110.26,5.02,9,43.8,95884,0,0.044,0.7875,0.8438,0.5322,0.188,0.2008,0.7408,43.6676,0,0,True
2026-07-23,SUP_042,Muscat Alloys,Middle East,Raw Materials,73,30.8,0.956,60.9,35.0,28.6,low,109.34,4.21,10,43.8,95884,0,0.044,0.7875,0.8438,0.5313,0.286,0.1684,0.7165,44.2461,0,0,True
2026-07-24,SUP_042,Muscat Alloys,Middle East,Raw Materials,73,30.8,0.956,55.2,46.0,34.5,low,108.79,4.21,11,43.8,95884,0,0.044,0.7875,0.8438,0.5244,0.345,0.1684,0.693,44.572,0,0,True
2026-07-25,SUP_042,Muscat Alloys,Middle East,Raw Materials,73,30.8,0.956,64.6,45.8,30.7,low,108.94,3.74,12,43.8,95884,0,0.044,0.7875,0.8438,0.5896,0.307,0.1496,0.6703,44.6245,0,0,True
2026-07-26,SUP_042,Muscat Alloys,Middle East,Raw Materials,73,30.8,0.956,63.2,55.7,17.0,low,108.57,3.09,13,43.8,95884,0,0.044,0.7875,0.8438,0.6095,0.17,0.1236,0.6483,42.4011,0,0,True
2026-07-27,SUP_042,Muscat Alloys,Middle East,Raw Materials,73,30.8,0.956,67.2,48.0,26.2,low,107.59,3.99,14,43.8,95884,0,0.044,0.7875,0.8438,0.6144,0.262,0.1596,0.6271,43.8692,0,0,True
2026-07-28,SUP_042,Muscat Alloys,Middle East,Raw Materials,73,30.8,0.956,70.5,40.2,31.1,low,106.59,4.9,15,43.8,95884,0,0.044,0.7875,0.8438,0.6141,0.311,0.196,0.6065,44.6576,0,0,True
2026-07-29,SUP_042,Muscat Alloys,Middle East,Raw Materials,73,30.8,0.956,68.5,41.3,38.6,low,105.17,6.2,16,43.8,95884,0,0.044,0.7875,0.8438,0.6034,0.386,0.248,0.5866,45.8209,0,0,True
2026-07-30,SUP_042,Muscat Alloys,Middle East,Raw Materials,73,30.8,0.956,65.3,42.3,33.9,low,105.53,6.21,17,43.8,95884,0,0.044,0.7875,0.8438,0.584,0.339,0.2484,0.5674,44.5108,0,0,True
2026-07-31,SUP_042,Muscat Alloys,Middle East,Raw Materials,73,30.8,0.956,64.6,43.0,17.3,low,105.98,6.22,18,43.8,95884,0,0.044,0.7875,0.8438,0.5812,0.173,0.2488,0.5488,41.8435,0,0,True
2026-08-01,SUP_042,Muscat Alloys,Middle East,Raw Materials,73,30.8,0.956,67.6,42.8,25.4,low,106.42,6.14,19,43.8,95884,0,0.044,0.7875,0.8438,0.6016,0.254,0.2456,0.5308,43.0185,0,0,True
2026-08-02,SUP_042,Muscat Alloys,Middle East,Raw Materials,73,30.8,0.956,62.1,38.3,26.5,low,105.74,6.15,20,43.8,95884,0,0.044,0.7875,0.8438,0.5496,0.265,0.246,0.5134,41.9628,0,0,True
2026-08-03,SUP_042,Muscat Alloys,Middle East,Raw Materials,73,30.8,0.956,56.4,30.0,40.3,medium,106.49,6.16,21,43.8,95884,0,0.044,0.7875,0.8438,0.4848,0.403,0.2464,0.4966,42.4639,0,0,True
2026-08-04,SUP_042,Muscat Alloys,Middle East,Raw Materials,73,30.8,0.956,64.2,32.2,38.0,low,107.03,5.71,22,43.8,95884,0,0.044,0.7875,0.8438,0.546,0.38,0.2284,0.4803,42.767,0,0,True
2026-08-05,SUP_042,Muscat Alloys,Middle East,Raw Materials,73,30.8,0.956,60.4,25.9,35.6,low,107.03,5.71,23,43.8,95884,0,0.044,0.7875,0.8438,0.5005,0.356,0.2284,0.4646,41.3601,0,0,True
2026-08-06,SUP_042,Muscat Alloys,Middle East,Raw Materials,73,30.8,0.956,62.3,20.0,38.0,low,106.91,5.72,24,43.8,95884,0,0.044,0.7875,0.8438,0.4961,0.38,0.2288,0.4493,41.378,0,0,True
2026-08-07,SUP_042,Muscat Alloys,Middle East,Raw Materials,73,30.8,0.956,61.3,20.2,30.5,low,106.43,5.72,25,43.8,95884,0,0.044,0.7875,0.8438,0.4897,0.305,0.2288,0.4346,39.9771,0,0,True
2026-08-08,SUP_042,Muscat Alloys,Middle East,Raw Materials,73,30.8,0.956,60.7,24.7,24.4,low,106.57,5.73,26,43.8,95884,0,0.044,0.7875,0.8438,0.499,0.244,0.2292,0.4204,39.0674,0,0,True
2026-08-09,SUP_042,Muscat Alloys,Middle East,Raw Materials,73,30.8,0.956,67.7,36.7,24.9,low,107.79,5.73,27,43.8,95884,0,0.044,0.7875,0.8438,0.584,0.249,0.2292,0.4066,40.4469,0,0,True
2026-08-10,SUP_042,Muscat Alloys,Middle East,Raw Materials,73,30.8,0.956,66.4,41.6,17.6,low,108.64,5.73,28,43.8,95884,0,0.044,0.7875,0.8438,0.5896,0.176,0.2292,0.3932,39.3124,0,0,True
2026-08-11,SUP_042,Muscat Alloys,Middle East,Raw Materials,73,30.8,0.956,64.1,48.2,18.6,low,108.45,5.73,29,43.8,95884,0,0.044,0.7875,0.8438,0.5933,0.186,0.2292,0.3803,39.3127,0,0,True
2026-08-12,SUP_042,Muscat Alloys,Middle East,Raw Materials,73,30.8,0.956,62.5,49.7,39.4,low,108.86,5.73,30,43.8,95884,0,0.044,0.7875,0.8438,0.5866,0.394,0.2292,0.3679,41.9046,0,0,True
2026-08-13,SUP_042,Muscat Alloys,Middle East,Raw Materials,73,30.8,0.956,60.0,49.4,46.7,medium,108.03,5.74,31,43.8,95884,0,0.044,0.7875,0.8438,0.5682,0.467,0.2296,0.3558,42.4073,0,0,True
2026-08-14,SUP_042,Muscat Alloys,Middle East,Raw Materials,73,30.8,0.956,57.1,60.4,45.4,medium,108.58,5.74,32,43.8,95884,0,0.044,0.7875,0.8438,0.5809,0.454,0.2296,0.3442,42.2672,0,0,True
2026-08-15,SUP_042,Muscat Alloys,Middle East,Raw Materials,73,30.8,0.956,55.5,49.6,55.9,medium,107.95,5.33,33,43.8,95884,0,0.044,0.7875,0.8438,0.5373,0.559,0.2132,0.3329,42.5751,0,0,True
2026-08-16,SUP_042,Muscat Alloys,Middle East,Raw Materials,73,30.8,0.956,64.4,45.3,41.8,medium,108.47,5.33,34,43.8,95884,0,0.044,0.7875,0.8438,0.5867,0.418,0.2132,0.322,41.3157,0,0,True
2026-08-17,SUP_042,Muscat Alloys,Middle East,Raw Materials,73,30.8,0.956,67.4,42.0,61.9,medium,110.71,5.33,35,43.8,95884,0,0.044,0.7875,0.8438,0.5978,0.619,0.2132,0.3114,44.1606,0,0,True
2026-08-18,SUP_042,Muscat Alloys,Middle East,Raw Materials,73,30.8,0.956,64.9,45.6,49.7,medium,110.28,5.33,36,43.8,95884,0,0.044,0.7875,0.8438,0.5911,0.497,0.2132,0.3012,42.1687,0,0,True
2026-08-19,SUP_042,Muscat Alloys,Middle East,Raw Materials,73,30.8,0.956,69.1,38.9,63.3,medium,112.48,6.77,37,43.8,95884,0,0.044,0.7875,0.8438,0.6004,0.633,0.2708,0.2913,44.7733,0,1,True
2026-08-20,SUP_042,Muscat Alloys,Middle East,Raw Materials,73,30.8,0.956,60.5,42.3,73.5,high,112.85,7.11,38,43.8,95884,0,0.044,0.7875,0.8438,0.5504,0.735,0.2844,0.2818,45.3117,0,1,True
2026-08-21,SUP_042,Muscat Alloys,Middle East,Raw Materials,73,30.8,0.956,67.3,44.3,46.4,medium,112.28,7.1,39,43.8,95884,0,0.044,0.7875,0.8438,0.604,0.464,0.284,0.2725,42.3299,0,1,True
2026-08-22,SUP_042,Muscat Alloys,Middle East,Raw Materials,73,30.8,0.956,72.6,47.2,55.9,medium,111.68,7.1,40,43.8,95884,0,0.044,0.7875,0.8438,0.6498,0.559,0.284,0.2636,44.3413,0,1,True
2026-08-23,SUP_042,Muscat Alloys,Middle East,Raw Materials,73,30.8,0.956,81.6,49.5,46.8,medium,113.46,7.65,41,43.8,95884,0,0.044,0.7875,0.8438,0.7197,0.468,0.306,0.255,44.4512,0,1,True
2026-08-24,SUP_042,Muscat Alloys,Middle East,Raw Materials,73,30.8,0.956,83.5,55.5,37.3,low,113.83,7.98,42,43.8,95884,0,0.044,0.7875,0.8438,0.751,0.373,0.3192,0.2466,43.7093,0,1,True
2026-08-25,SUP_042,Muscat Alloys,Middle East,Raw Materials,73,30.8,0.956,82.3,52.1,40.4,medium,113.41,7.97,43,43.8,95884,0,0.044,0.7875,0.8438,0.7324,0.404,0.3188,0.2385,43.6744,0,1,True
2026-08-26,SUP_042,Muscat Alloys,Middle East,Raw Materials,73,30.8,0.956,85.4,52.4,28.4,low,113.25,7.95,44,43.8,95884,0,0.044,0.7875,0.8438,0.755,0.284,0.318,0.2307,42.2664,1,0,True
2026-08-27,SUP_042,Muscat Alloys,Middle East,Raw Materials,73,30.8,0.956,78.9,45.9,33.5,low,113.58,7.94,1,43.8,95884,0,0.044,0.7875,0.8438,0.69,0.335,0.3176,0.9672,53.59,0,0,True
2026-08-28,SUP_042,Muscat Alloys,Middle East,Raw Materials,73,30.8,0.956,74.5,39.2,23.9,low,113.57,7.59,2,43.8,95884,0,0.044,0.7875,0.8438,0.6391,0.239,0.3036,0.9355,50.6545,0,0,True
2026-08-29,SUP_042,Muscat Alloys,Middle East,Raw Materials,73,30.8,0.956,72.3,47.8,27.1,low,113.83,7.38,3,43.8,95884,0,0.044,0.7875,0.8438,0.6495,0.271,0.2952,0.9048,50.6982,0,0,True
2026-08-30,SUP_042,Muscat Alloys,Middle East,Raw Materials,73,30.8,0.956,77.3,41.6,40.2,medium,115.17,8.57,4,43.8,95884,0,0.044,0.7875,0.8438,0.6659,0.402,0.3428,0.8752,52.9239,0,0,True
2026-08-31,SUP_042,Muscat Alloys,Middle East,Raw Materials,73,30.8,0.956,70.9,44.0,41.2,medium,114.32,8.55,5,43.8,95884,0,0.044,0.7875,0.8438,0.6283,0.412,0.342,0.8465,51.9185,0,0,True
2026-09-01,SUP_042,Muscat Alloys,Middle East,Raw Materials,73,30.8,0.956,65.0,45.5,35.1,low,114.8,7.91,6,43.8,95884,0,0.044,0.7875,0.8438,0.5915,0.351,0.3164,0.8187,49.6508,0,0,True
2026-09-02,SUP_042,Muscat Alloys,Middle East,Raw Materials,73,30.8,0.956,65.7,50.1,38.8,low,114.75,7.89,7,43.8,95884,0,0.044,0.7875,0.8438,0.6102,0.388,0.3156,0.7919,50.0664,0,0,True
2026-09-03,SUP_042,Muscat Alloys,Middle East,Raw Materials,73,30.8,0.956,68.5,39.1,23.6,low,114.37,7.87,8,43.8,95884,0,0.044,0.7875,0.8438,0.5968,0.236,0.3148,0.7659,47.2722,0,0,True
2026-09-04,SUP_042,Muscat Alloys,Middle East,Raw Materials,73,30.8,0.956,64.2,43.2,17.4,low,115.18,7.86,9,43.8,95884,0,0.044,0.7875,0.8438,0.579,0.174,0.3144,0.7408,45.6772,0,1,True
2026-09-05,SUP_042,Muscat Alloys,Middle East,Raw Materials,73,30.8,0.956,67.1,41.6,16.6,low,114.08,7.84,10,43.8,95884,0,0.044,0.7875,0.8438,0.5945,0.166,0.3136,0.7165,45.4461,0,1,True
2026-09-06,SUP_042,Muscat Alloys,Middle East,Raw Materials,73,30.8,0.956,72.8,37.5,27.2,low,112.3,7.7,11,43.8,95884,0,0.044,0.7875,0.8438,0.6221,0.272,0.308,0.693,46.9838,0,1,True
2026-09-07,SUP_042,Muscat Alloys,Middle East,Raw Materials,73,30.8,0.956,76.9,35.8,31.7,low,112.47,6.6,12,43.8,95884,0,0.044,0.7875,0.8438,0.6457,0.317,0.264,0.6703,47.1471,0,1,True
2026-09-08,SUP_042,Muscat Alloys,Middle East,Raw Materials,73,30.8,0.956,76.3,41.1,36.2,low,112.36,6.45,13,43.8,95884,0,0.044,0.7875,0.8438,0.6574,0.362,0.258,0.6483,47.5641,0,1,True
2026-09-09,SUP_042,Muscat Alloys,Middle East,Raw Materials,73,30.8,0.956,73.7,44.1,34.4,low,111.35,6.44,14,43.8,95884,0,0.044,0.7875,0.8438,0.6482,0.344,0.2576,0.6271,46.8016,0,1,True
2026-09-10,SUP_042,Muscat Alloys,Middle East,Raw Materials,73,30.8,0.956,80.2,42.0,26.0,low,110.06,6.44,15,43.8,95884,0,0.044,0.7875,0.8438,0.6874,0.26,0.2576,0.6065,46.0022,0,1,True
2026-09-11,SUP_042,Muscat Alloys,Middle East,Raw Materials,73,30.8,0.956,77.5,35.0,66.2,high,111.51,6.43,16,43.8,95884,0,0.044,0.7875,0.8438,0.6475,0.662,0.2572,0.5866,50.5891,1,1,True
2026-09-12,SUP_042,Muscat Alloys,Middle East,Raw Materials,73,30.8,0.956,79.7,29.3,57.1,medium,111.86,6.43,1,43.8,95884,0,0.044,0.7875,0.8438,0.6458,0.571,0.2572,0.9672,55.3736,0,1,True
2026-09-13,SUP_042,Muscat Alloys,Middle East,Raw Materials,73,30.8,0.956,86.3,34.2,60.6,medium,111.87,6.42,2,43.8,95884,0,0.044,0.7875,0.8438,0.7067,0.606,0.2568,0.9355,56.4477,0,1,True
2026-09-14,SUP_042,Muscat Alloys,Middle East,Raw Materials,73,30.8,0.956,86.6,27.6,58.2,medium,113.53,5.95,3,43.8,95884,0,0.044,0.7875,0.8438,0.689,0.582,0.238,0.9048,55.0768,1,0,True
2026-09-15,SUP_042,Muscat Alloys,Middle East,Raw Materials,73,30.8,0.956,78.2,28.1,62.8,medium,114.3,4.53,1,43.8,95884,0,0.044,0.7875,0.8438,0.6317,0.628,0.1812,0.9672,55.0058,0,0,True
2026-09-16,SUP_042,Muscat Alloys,Middle East,Raw Materials,73,30.8,0.956,69.9,43.2,55.3,medium,115.63,4.92,2,43.8,95884,0,0.044,0.7875,0.8438,0.6189,0.553,0.1968,0.9355,53.4053,0,0,True
2026-09-17,SUP_042,Muscat Alloys,Middle East,Raw Materials,73,30.8,0.956,67.3,44.4,65.1,high,114.74,4.92,3,43.8,95884,0,0.044,0.7875,0.8438,0.6043,0.651,0.1968,0.9048,54.0238,0,0,False
2026-09-18,SUP_042,Muscat Alloys,Middle East,Raw Materials,73,30.8,0.956,69.9,46.9,50.0,medium,113.82,4.91,4,43.8,95884,0,0.044,0.7875,0.8438,0.63,0.5,0.1964,0.8752,51.8929,0,0,False
2026-09-19,SUP_042,Muscat Alloys,Middle East,Raw Materials,73,30.8,0.956,70.8,39.5,54.2,medium,114.29,4.91,5,43.8,95884,0,0.044,0.7875,0.8438,0.6141,0.542,0.1964,0.8465,51.7357,0,0,False
2026-09-20,SUP_042,Muscat Alloys,Middle East,Raw Materials,73,30.8,0.956,79.9,32.4,49.6,medium,114.6,4.91,6,43.8,95884,0,0.044,0.7875,0.8438,0.6565,0.496,0.1964,0.8187,51.4108,0,0,False
2026-09-21,SUP_042,Muscat Alloys,Middle East,Raw Materials,73,30.8,0.956,79.3,37.0,40.7,medium,115.54,4.9,7,43.8,95884,0,0.044,0.7875,0.8438,0.6661,0.407,0.196,0.7919,49.9034,0,0,False
2026-09-22,SUP_042,Muscat Alloys,Middle East,Raw Materials,73,30.8,0.956,75.2,35.2,64.1,medium,114.31,4.9,8,43.8,95884,0,0.044,0.7875,0.8438,0.632,0.641,0.196,0.7659,52.1502,0,0,False
2026-09-23,SUP_042,Muscat Alloys,Middle East,Raw Materials,73,30.8,0.956,67.8,41.3,46.4,medium,114.84,4.9,9,43.8,95884,0,0.044,0.7875,0.8438,0.5985,0.464,0.196,0.7408,48.6674,0,0,False
2026-06-01,SUP_043,Prague Gearworks,Europe,Machinery,36,8.1,0.951,26.9,21.5,26.6,low,100.01,0.0,999,496.32,65443,0,0.049,0.325,0.45,0.2528,0.266,0.0,0.0,17.0044,0,0,True
2026-06-02,SUP_043,Prague Gearworks,Europe,Machinery,36,8.1,0.951,30.0,19.6,25.2,low,100.81,0.0,999,496.32,65443,0,0.049,0.325,0.45,0.2688,0.252,0.0,0.0,17.0964,0,0,True
2026-06-03,SUP_043,Prague Gearworks,Europe,Machinery,36,8.1,0.951,26.3,15.3,30.7,low,101.84,0.0,999,496.32,65443,0,0.049,0.325,0.45,0.23,0.307,0.0,0.0,17.168,0,0,True
2026-06-04,SUP_043,Prague Gearworks,Europe,Machinery,36,8.1,0.951,27.5,26.7,15.8,low,101.78,0.0,999,496.32,65443,0,0.049,0.325,0.45,0.2726,0.158,0.0,0.0,15.8488,0,1,True
2026-06-05,SUP_043,Prague Gearworks,Europe,Machinery,36,8.1,0.951,22.4,20.0,16.4,low,101.64,1.81,999,496.32,65443,0,0.049,0.325,0.45,0.2168,0.164,0.0724,0.0,15.7972,0,1,True
2026-06-06,SUP_043,Prague Gearworks,Europe,Machinery,36,8.1,0.951,20.3,23.0,37.0,low,101.73,1.81,999,496.32,65443,0,0.049,0.325,0.45,0.2111,0.37,0.0724,0.0,18.5786,0,1,True
2026-06-07,SUP_043,Prague Gearworks,Europe,Machinery,36,8.1,0.951,15.0,27.1,43.2,medium,100.11,1.81,999,496.32,65443,0,0.049,0.325,0.45,0.1863,0.432,0.0724,0.0,19.0002,0,1,True
2026-06-08,SUP_043,Prague Gearworks,Europe,Machinery,36,8.1,0.951,11.9,30.2,44.4,medium,100.3,1.81,999,496.32,65443,0,0.049,0.325,0.45,0.1739,0.444,0.0724,0.0,18.945,0,1,True
2026-06-09,SUP_043,Prague Gearworks,Europe,Machinery,36,8.1,0.951,11.7,33.3,43.2,medium,100.78,1.81,999,496.32,65443,0,0.049,0.325,0.45,0.1818,0.432,0.0724,0.0,18.9192,0,1,True
2026-06-10,SUP_043,Prague Gearworks,Europe,Machinery,36,8.1,0.951,10.3,38.5,35.2,low,100.88,1.81,999,496.32,65443,0,0.049,0.325,0.45,0.1876,0.352,0.0724,0.0,17.9036,0,1,True
2026-06-11,SUP_043,Prague Gearworks,Europe,Machinery,36,8.1,0.951,7.8,35.6,16.4,low,101.11,1.81,999,496.32,65443,0,0.049,0.325,0.45,0.1614,0.164,0.0724,0.0,14.8,1,0,True
2026-06-12,SUP_043,Prague Gearworks,Europe,Machinery,36,8.1,0.951,3.2,36.0,22.8,low,101.08,1.81,1,496.32,65443,0,0.049,0.325,0.45,0.1304,0.228,0.0724,0.9672,30.6135,0,0,True
2026-06-13,SUP_043,Prague Gearworks,Europe,Machinery,36,8.1,0.951,14.7,34.3,0.7,low,99.74,2.08,2,496.32,65443,0,0.049,0.325,0.45,0.2058,0.007,0.0832,0.9355,28.4989,0,0,True
2026-06-14,SUP_043,Prague Gearworks,Europe,Machinery,36,8.1,0.951,12.8,41.3,3.7,low,100.86,2.08,3,496.32,65443,0,0.049,0.325,0.45,0.2135,0.037,0.0832,0.9048,28.5668,0,0,True
2026-06-15,SUP_043,Prague Gearworks,Europe,Machinery,36,8.1,0.951,15.2,51.4,9.0,low,100.61,2.08,4,496.32,65443,0,0.049,0.325,0.45,0.2606,0.09,0.0832,0.8752,29.682,0,0,True
2026-06-16,SUP_043,Prague Gearworks,Europe,Machinery,36,8.1,0.951,7.3,42.6,8.9,low,100.19,2.08,5,496.32,65443,0,0.049,0.325,0.45,0.1789,0.089,0.0832,0.8465,27.7383,0,0,True
2026-06-17,SUP_043,Prague Gearworks,Europe,Machinery,36,8.1,0.951,15.3,30.8,33.0,low,101.11,2.08,6,496.32,65443,0,0.049,0.325,0.45,0.1995,0.33,0.0832,0.8187,31.0391,0,0,True
2026-06-18,SUP_043,Prague Gearworks,Europe,Machinery,36,8.1,0.951,16.5,34.4,47.9,medium,101.77,2.08,7,496.32,65443,0,0.049,0.325,0.45,0.2187,0.479,0.0832,0.7919,33.0412,0,0,True
2026-06-19,SUP_043,Prague Gearworks,Europe,Machinery,36,8.1,0.951,14.6,40.1,51.7,medium,101.95,2.19,8,496.32,65443,0,0.049,0.325,0.45,0.2225,0.517,0.0876,0.7659,33.2791,0,0,True
2026-06-20,SUP_043,Prague Gearworks,Europe,Machinery,36,8.1,0.951,13.1,49.7,36.5,low,102.47,2.7,9,496.32,65443,0,0.049,0.325,0.45,0.2408,0.365,0.108,0.7408,31.3235,0,0,True
2026-06-21,SUP_043,Prague Gearworks,Europe,Machinery,36,8.1,0.951,17.9,51.4,51.4,medium,101.69,2.7,10,496.32,65443,0,0.049,0.325,0.45,0.2795,0.514,0.108,0.7165,33.7175,0,0,True
2026-06-22,SUP_043,Prague Gearworks,Europe,Machinery,36,8.1,0.951,3.9,56.3,79.7,high,101.64,2.7,11,496.32,65443,0,0.049,0.325,0.45,0.1962,0.797,0.108,0.693,35.8042,0,0,True
2026-06-23,SUP_043,Prague Gearworks,Europe,Machinery,36,8.1,0.951,2.1,61.8,64.6,medium,102.51,2.74,12,496.32,65443,0,0.049,0.325,0.45,0.2001,0.646,0.1096,0.6703,33.4161,0,0,True
2026-06-24,SUP_043,Prague Gearworks,Europe,Machinery,36,8.1,0.951,4.0,65.5,62.3,medium,102.05,2.74,13,496.32,65443,0,0.049,0.325,0.45,0.2245,0.623,0.1096,0.6483,33.1817,0,0,True
2026-06-25,SUP_043,Prague Gearworks,Europe,Machinery,36,8.1,0.951,5.4,65.6,69.1,high,101.38,2.74,14,496.32,65443,0,0.049,0.325,0.45,0.2346,0.691,0.1096,0.6271,33.9754,0,0,True
2026-06-26,SUP_043,Prague Gearworks,Europe,Machinery,36,8.1,0.951,19.2,54.2,59.8,medium,101.43,2.74,15,496.32,65443,0,0.049,0.325,0.45,0.297,0.598,0.1096,0.6065,33.4677,0,0,True
2026-06-27,SUP_043,Prague Gearworks,Europe,Machinery,36,8.1,0.951,17.4,51.3,59.7,medium,101.5,2.74,16,496.32,65443,0,0.049,0.325,0.45,0.2757,0.597,0.1096,0.5866,32.7521,0,0,True
2026-06-28,SUP_043,Prague Gearworks,Europe,Machinery,36,8.1,0.951,22.2,50.4,61.3,medium,101.94,2.74,17,496.32,65443,0,0.049,0.325,0.45,0.3066,0.613,0.1096,0.5674,33.2246,0,0,True
2026-06-29,SUP_043,Prague Gearworks,Europe,Machinery,36,8.1,0.951,30.2,47.6,20.1,low,101.01,2.74,18,496.32,65443,0,0.049,0.325,0.45,0.3542,0.201,0.1096,0.5488,28.0158,0,0,True
2026-06-30,SUP_043,Prague Gearworks,Europe,Machinery,36,8.1,0.951,31.5,45.5,18.8,low,99.29,3.18,19,496.32,65443,0,0.049,0.325,0.45,0.357,0.188,0.1272,0.5308,27.8075,0,0,True
2026-07-01,SUP_043,Prague Gearworks,Europe,Machinery,36,8.1,0.951,26.3,52.2,10.9,low,99.91,3.18,20,496.32,65443,0,0.049,0.325,0.45,0.3407,0.109,0.1272,0.5134,26.1297,0,0,True
2026-07-02,SUP_043,Prague Gearworks,Europe,Machinery,36,8.1,0.951,19.0,45.6,22.5,low,99.19,3.28,21,496.32,65443,0,0.049,0.325,0.45,0.2698,0.225,0.1312,0.4966,26.2562,0,0,True
2026-07-03,SUP_043,Prague Gearworks,Europe,Machinery,36,8.1,0.951,22.4,48.2,14.7,low,98.77,3.7,22,496.32,65443,0,0.049,0.325,0.45,0.3014,0.147,0.148,0.4803,25.6741,0,0,True
2026-07-04,SUP_043,Prague Gearworks,Europe,Machinery,36,8.1,0.951,29.5,47.9,20.0,low,97.31,5.16,23,496.32,65443,0,0.049,0.325,0.45,0.3502,0.2,0.2064,0.4646,27.7433,0,0,True
2026-07-05,SUP_043,Prague Gearworks,Europe,Machinery,36,8.1,0.951,30.4,41.5,8.4,low,97.99,5.16,24,496.32,65443,0,0.049,0.325,0.45,0.3373,0.084,0.2064,0.4493,25.6435,0,0,True
2026-07-06,SUP_043,Prague Gearworks,Europe,Machinery,36,8.1,0.951,34.4,34.8,2.0,low,98.23,5.17,25,496.32,65443,0,0.049,0.325,0.45,0.3452,0.02,0.2068,0.4346,24.6588,0,0,True
2026-07-07,SUP_043,Prague Gearworks,Europe,Machinery,36,8.1,0.951,44.2,25.9,0.0,low,98.44,5.17,26,496.32,65443,0,0.049,0.325,0.45,0.3871,0.0,0.2068,0.4204,24.905,0,0,True
2026-07-08,SUP_043,Prague Gearworks,Europe,Machinery,36,8.1,0.951,44.2,29.8,1.2,low,98.64,5.17,27,496.32,65443,0,0.049,0.325,0.45,0.3988,0.012,0.2068,0.4066,25.0631,0,0,True
2026-07-09,SUP_043,Prague Gearworks,Europe,Machinery,36,8.1,0.951,35.1,30.3,8.8,low,97.26,5.23,28,496.32,65443,0,0.049,0.325,0.45,0.3366,0.088,0.2092,0.3932,24.8231,0,0,True
2026-07-10,SUP_043,Prague Gearworks,Europe,Machinery,36,8.1,0.951,32.8,26.6,16.2,low,96.59,5.9,29,496.32,65443,0,0.049,0.325,0.45,0.3094,0.162,0.236,0.3803,25.4848,0,0,True
2026-07-11,SUP_043,Prague Gearworks,Europe,Machinery,36,8.1,0.951,37.0,18.0,2.0,low,96.29,6.21,30,496.32,65443,0,0.049,0.325,0.45,0.313,0.02,0.2484,0.3679,23.5109,0,0,True
2026-07-12,SUP_043,Prague Gearworks,Europe,Machinery,36,8.1,0.951,33.0,22.8,6.2,low,95.79,6.73,31,496.32,65443,0,0.049,0.325,0.45,0.2994,0.062,0.2692,0.3558,23.9107,0,0,True
2026-07-13,SUP_043,Prague Gearworks,Europe,Machinery,36,8.1,0.951,37.9,23.7,3.9,low,95.6,6.93,32,496.32,65443,0,0.049,0.325,0.45,0.3364,0.039,0.2772,0.3442,24.1641,0,0,True
2026-07-14,SUP_043,Prague Gearworks,Europe,Machinery,36,8.1,0.951,34.6,21.7,14.2,low,95.77,6.94,33,496.32,65443,0,0.049,0.325,0.45,0.3073,0.142,0.2776,0.3329,24.9065,0,0,True
2026-07-15,SUP_043,Prague Gearworks,Europe,Machinery,36,8.1,0.951,33.7,18.6,14.4,low,96.45,6.95,34,496.32,65443,0,0.049,0.325,0.45,0.2917,0.144,0.278,0.322,24.4839,0,0,True
2026-07-16,SUP_043,Prague Gearworks,Europe,Machinery,36,8.1,0.951,29.7,19.8,16.3,low,95.45,7.11,35,496.32,65443,0,0.049,0.325,0.45,0.2673,0.163,0.2844,0.3114,24.2187,0,0,True
2026-07-17,SUP_043,Prague Gearworks,Europe,Machinery,36,8.1,0.951,28.7,24.5,11.6,low,95.44,7.13,36,496.32,65443,0,0.049,0.325,0.45,0.2744,0.116,0.2852,0.3012,23.5347,0,0,True
2026-07-18,SUP_043,Prague Gearworks,Europe,Machinery,36,8.1,0.951,28.1,24.4,30.9,low,95.92,7.15,37,496.32,65443,0,0.049,0.325,0.45,0.2699,0.309,0.286,0.2913,26.0073,0,0,True
2026-07-19,SUP_043,Prague Gearworks,Europe,Machinery,36,8.1,0.951,18.9,19.7,17.5,low,95.3,7.3,38,496.32,65443,0,0.049,0.325,0.45,0.1914,0.175,0.292,0.2818,22.6375,0,0,True
2026-07-20,SUP_043,Prague Gearworks,Europe,Machinery,36,8.1,0.951,16.7,21.7,15.7,low,95.17,7.45,39,496.32,65443,0,0.049,0.325,0.45,0.182,0.157,0.298,0.2725,22.1405,0,0,True
2026-07-21,SUP_043,Prague Gearworks,Europe,Machinery,36,8.1,0.951,11.1,29.2,19.0,low,95.48,7.47,40,496.32,65443,0,0.049,0.325,0.45,0.1653,0.19,0.2988,0.2636,22.1686,0,0,True
2026-07-22,SUP_043,Prague Gearworks,Europe,Machinery,36,8.1,0.951,10.2,30.3,18.2,low,95.49,7.49,41,496.32,65443,0,0.049,0.325,0.45,0.1623,0.182,0.2996,0.255,21.8739,0,0,True
2026-07-23,SUP_043,Prague Gearworks,Europe,Machinery,36,8.1,0.951,7.6,31.4,12.8,low,95.95,7.03,42,496.32,65443,0,0.049,0.325,0.45,0.1474,0.128,0.2812,0.2466,20.4952,0,0,True
2026-07-24,SUP_043,Prague Gearworks,Europe,Machinery,36,8.1,0.951,13.9,30.2,0.0,low,96.01,6.93,43,496.32,65443,0,0.049,0.325,0.45,0.1879,0.0,0.2772,0.2385,19.2548,0,0,True
2026-07-25,SUP_043,Prague Gearworks,Europe,Machinery,36,8.1,0.951,19.4,26.2,0.0,low,95.8,6.95,44,496.32,65443,0,0.049,0.325,0.45,0.2144,0.0,0.278,0.2307,19.6163,0,0,True
2026-07-26,SUP_043,Prague Gearworks,Europe,Machinery,36,8.1,0.951,21.8,22.7,0.0,low,95.01,7.13,45,496.32,65443,0,0.049,0.325,0.45,0.2207,0.0,0.2852,0.2231,19.6951,0,0,True
2026-07-27,SUP_043,Prague Gearworks,Europe,Machinery,36,8.1,0.951,15.3,15.8,19.4,low,95.18,7.14,46,496.32,65443,0,0.049,0.325,0.45,0.1545,0.194,0.2856,0.2158,21.1072,0,0,True
2026-07-28,SUP_043,Prague Gearworks,Europe,Machinery,36,8.1,0.951,15.2,24.9,41.7,medium,95.24,6.2,47,496.32,65443,0,0.049,0.325,0.45,0.1811,0.417,0.248,0.2087,24.1436,0,0,True
2026-07-29,SUP_043,Prague Gearworks,Europe,Machinery,36,8.1,0.951,9.2,28.8,37.1,low,94.58,5.52,48,496.32,65443,0,0.049,0.325,0.45,0.1508,0.371,0.2208,0.2019,22.5183,0,0,True
2026-07-30,SUP_043,Prague Gearworks,Europe,Machinery,36,8.1,0.951,9.9,30.2,21.1,low,94.97,5.53,49,496.32,65443,0,0.049,0.325,0.45,0.1599,0.211,0.2212,0.1953,20.341,0,0,True
2026-07-31,SUP_043,Prague Gearworks,Europe,Machinery,36,8.1,0.951,14.1,32.5,28.9,low,95.82,4.79,50,496.32,65443,0,0.049,0.325,0.45,0.1962,0.289,0.1916,0.1889,21.6288,0,0,True
2026-08-01,SUP_043,Prague Gearworks,Europe,Machinery,36,8.1,0.951,19.4,34.6,18.8,low,95.38,4.36,51,496.32,65443,0,0.049,0.325,0.45,0.2396,0.188,0.1744,0.1827,20.6905,0,0,True
2026-08-02,SUP_043,Prague Gearworks,Europe,Machinery,36,8.1,0.951,21.5,30.8,15.3,low,94.89,4.23,52,496.32,65443,0,0.049,0.325,0.45,0.2429,0.153,0.1692,0.1767,20.1017,0,1,True
2026-08-03,SUP_043,Prague Gearworks,Europe,Machinery,36,8.1,0.951,26.9,29.7,11.9,low,94.37,4.45,53,496.32,65443,0,0.049,0.325,0.45,0.2774,0.119,0.178,0.1709,20.2596,0,1,True
2026-08-04,SUP_043,Prague Gearworks,Europe,Machinery,36,8.1,0.951,26.8,28.0,10.5,low,93.24,5.64,54,496.32,65443,0,0.049,0.325,0.45,0.2716,0.105,0.2256,0.1653,20.4408,0,1,True
2026-08-05,SUP_043,Prague Gearworks,Europe,Machinery,36,8.1,0.951,24.4,42.3,10.9,low,94.59,5.64,55,496.32,65443,0,0.049,0.325,0.45,0.2977,0.109,0.2256,0.1599,20.8799,0,1,True
2026-08-06,SUP_043,Prague Gearworks,Europe,Machinery,36,8.1,0.951,27.6,46.6,2.2,low,94.29,5.65,56,496.32,65443,0,0.049,0.325,0.45,0.333,0.022,0.226,0.1546,20.2182,0,1,True
2026-08-07,SUP_043,Prague Gearworks,Europe,Machinery,36,8.1,0.951,30.4,45.7,1.4,low,93.71,4.22,57,496.32,65443,0,0.049,0.325,0.45,0.3499,0.014,0.1688,0.1496,19.6429,0,1,True
2026-08-08,SUP_043,Prague Gearworks,Europe,Machinery,36,8.1,0.951,26.1,51.3,16.8,low,92.95,3.82,58,496.32,65443,0,0.049,0.325,0.45,0.3366,0.168,0.1528,0.1447,21.289,0,1,True
2026-08-09,SUP_043,Prague Gearworks,Europe,Machinery,36,8.1,0.951,26.7,55.4,18.5,low,92.69,3.95,59,496.32,65443,0,0.049,0.325,0.45,0.3531,0.185,0.158,0.1399,21.8106,1,0,True
2026-08-10,SUP_043,Prague Gearworks,Europe,Machinery,36,8.1,0.951,24.0,45.1,21.3,low,92.22,4.45,1,496.32,65443,0,0.049,0.325,0.45,0.3033,0.213,0.178,0.9672,34.7829,0,0,True
2026-08-11,SUP_043,Prague Gearworks,Europe,Machinery,36,8.1,0.951,13.5,42.4,1.5,low,93.19,4.46,2,496.32,65443,0,0.049,0.325,0.45,0.2217,0.015,0.1784,0.9355,30.0395,0,0,True
2026-08-12,SUP_043,Prague Gearworks,Europe,Machinery,36,8.1,0.951,16.3,41.2,16.2,low,92.35,4.46,3,496.32,65443,0,0.049,0.325,0.45,0.2377,0.162,0.1784,0.9048,31.8948,0,0,True
2026-08-13,SUP_043,Prague Gearworks,Europe,Machinery,36,8.1,0.951,10.4,43.5,12.0,low,91.32,5.42,4,496.32,65443,0,0.049,0.325,0.45,0.2033,0.12,0.2168,0.8752,30.6738,0,0,True
2026-08-14,SUP_043,Prague Gearworks,Europe,Machinery,36,8.1,0.951,13.1,41.0,25.7,low,91.69,4.97,5,496.32,65443,0,0.049,0.325,0.45,0.2147,0.257,0.1988,0.8465,32.1219,0,0,True
2026-08-15,SUP_043,Prague Gearworks,Europe,Machinery,36,8.1,0.951,6.6,39.6,26.9,low,91.62,4.97,6,496.32,65443,0,0.049,0.325,0.45,0.165,0.269,0.1988,0.8187,30.9513,0,0,True
2026-08-16,SUP_043,Prague Gearworks,Europe,Machinery,36,8.1,0.951,4.9,36.5,21.3,low,91.47,4.98,7,496.32,65443,0,0.049,0.325,0.45,0.1438,0.213,0.1992,0.7919,29.361,0,0,True
2026-08-17,SUP_043,Prague Gearworks,Europe,Machinery,36,8.1,0.951,4.8,41.8,6.7,low,91.84,4.99,8,496.32,65443,0,0.049,0.325,0.45,0.159,0.067,0.1996,0.7659,27.1801,0,0,True
2026-08-18,SUP_043,Prague Gearworks,Europe,Machinery,36,8.1,0.951,12.5,33.2,31.4,low,91.93,4.99,9,496.32,65443,0,0.049,0.325,0.45,0.1871,0.314,0.1996,0.7408,30.7421,0,0,True
2026-08-19,SUP_043,Prague Gearworks,Europe,Machinery,36,8.1,0.951,10.8,31.2,37.2,low,91.9,5.0,10,496.32,65443,0,0.049,0.325,0.45,0.1692,0.372,0.2,0.7165,30.8481,0,0,True
2026-08-20,SUP_043,Prague Gearworks,Europe,Machinery,36,8.1,0.951,6.8,22.0,42.2,medium,90.96,5.39,11,496.32,65443,0,0.049,0.325,0.45,0.1136,0.422,0.2156,0.693,30.3586,0,0,True
2026-08-21,SUP_043,Prague Gearworks,Europe,Machinery,36,8.1,0.951,10.2,18.6,54.7,medium,89.83,6.61,12,496.32,65443,0,0.049,0.325,0.45,0.1272,0.547,0.2644,0.6703,32.5755,0,0,True
2026-08-22,SUP_043,Prague Gearworks,Europe,Machinery,36,8.1,0.951,10.3,22.7,49.4,medium,89.36,7.13,13,496.32,65443,0,0.049,0.325,0.45,0.1402,0.494,0.2852,0.6483,31.9655,0,0,True
2026-08-23,SUP_043,Prague Gearworks,Europe,Machinery,36,8.1,0.951,15.2,26.3,55.8,medium,88.63,7.73,14,496.32,65443,0,0.049,0.325,0.45,0.1853,0.558,0.3092,0.6271,33.6212,0,0,True
2026-08-24,SUP_043,Prague Gearworks,Europe,Machinery,36,8.1,0.951,10.8,26.0,43.7,medium,88.81,7.75,15,496.32,65443,0,0.049,0.325,0.45,0.1536,0.437,0.31,0.6065,31.0373,0,0,True
2026-08-25,SUP_043,Prague Gearworks,Europe,Machinery,36,8.1,0.951,12.9,33.2,45.8,medium,87.6,8.88,16,496.32,65443,0,0.049,0.325,0.45,0.1899,0.458,0.3552,0.5866,32.2089,0,0,True
2026-08-26,SUP_043,Prague Gearworks,Europe,Machinery,36,8.1,0.951,25.4,40.6,34.8,low,87.3,9.23,17,496.32,65443,0,0.049,0.325,0.45,0.2996,0.348,0.3692,0.5674,32.5038,0,0,True
2026-08-27,SUP_043,Prague Gearworks,Europe,Machinery,36,8.1,0.951,23.1,39.4,27.7,low,87.19,9.38,18,496.32,65443,0,0.049,0.325,0.45,0.2799,0.277,0.3752,0.5488,30.9296,0,0,True
2026-08-28,SUP_043,Prague Gearworks,Europe,Machinery,36,8.1,0.951,23.3,40.1,27.9,low,87.16,9.44,19,496.32,65443,0,0.049,0.325,0.45,0.2834,0.279,0.3776,0.5308,30.7615,0,0,True
2026-08-29,SUP_043,Prague Gearworks,Europe,Machinery,36,8.1,0.951,14.6,36.9,15.4,low,87.43,9.46,20,496.32,65443,0,0.049,0.325,0.45,0.2129,0.154,0.3784,0.5134,27.4737,0,0,True
2026-08-30,SUP_043,Prague Gearworks,Europe,Machinery,36,8.1,0.951,11.1,40.0,20.9,low,87.21,9.01,21,496.32,65443,0,0.049,0.325,0.45,0.1977,0.209,0.3604,0.4966,27.4848,0,0,True
2026-08-31,SUP_043,Prague Gearworks,Europe,Machinery,36,8.1,0.951,14.3,32.9,19.0,low,86.76,8.94,22,496.32,65443,0,0.049,0.325,0.45,0.1988,0.19,0.3576,0.4803,26.9445,0,0,True
2026-09-01,SUP_043,Prague Gearworks,Europe,Machinery,36,8.1,0.951,13.3,42.7,2.1,low,87.6,8.63,23,496.32,65443,0,0.049,0.325,0.45,0.2212,0.021,0.3452,0.4646,24.5809,0,0,True
2026-09-02,SUP_043,Prague Gearworks,Europe,Machinery,36,8.1,0.951,16.9,47.5,3.6,low,87.38,8.65,24,496.32,65443,0,0.049,0.325,0.45,0.2608,0.036,0.346,0.4493,25.2697,0,0,True
2026-09-03,SUP_043,Prague Gearworks,Europe,Machinery,36,8.1,0.951,19.1,39.3,5.8,low,88.34,8.67,25,496.32,65443,0,0.049,0.325,0.45,0.2516,0.058,0.3468,0.4346,25.186,0,0,True
2026-09-04,SUP_043,Prague Gearworks,Europe,Machinery,36,8.1,0.951,12.7,34.5,18.5,low,88.12,8.36,26,496.32,65443,0,0.049,0.325,0.45,0.1924,0.185,0.3344,0.4204,25.5216,0,0,True
2026-09-05,SUP_043,Prague Gearworks,Europe,Machinery,36,8.1,0.951,18.3,36.8,22.7,low,88.11,7.73,27,496.32,65443,0,0.049,0.325,0.45,0.2385,0.227,0.3092,0.4066,26.4165,0,0,True
2026-09-06,SUP_043,Prague Gearworks,Europe,Machinery,36,8.1,0.951,12.3,34.8,36.7,low,88.01,7.17,28,496.32,65443,0,0.049,0.325,0.45,0.1905,0.367,0.2868,0.3932,27.0305,0,0,True
2026-09-07,SUP_043,Prague Gearworks,Europe,Machinery,36,8.1,0.951,9.6,37.7,38.6,low,88.17,7.18,29,496.32,65443,0,0.049,0.325,0.45,0.1803,0.386,0.2872,0.3803,26.9114,0,0,True
2026-09-08,SUP_043,Prague Gearworks,Europe,Machinery,36,8.1,0.951,11.9,35.4,55.3,medium,87.89,7.19,30,496.32,65443,0,0.049,0.325,0.45,0.1895,0.553,0.2876,0.3679,29.2203,0,0,True
2026-09-09,SUP_043,Prague Gearworks,Europe,Machinery,36,8.1,0.951,20.3,43.4,53.5,medium,87.95,7.21,31,496.32,65443,0,0.049,0.325,0.45,0.2723,0.535,0.2884,0.3558,30.2753,0,0,True
2026-09-10,SUP_043,Prague Gearworks,Europe,Machinery,36,8.1,0.951,15.2,42.1,49.4,medium,88.98,6.27,32,496.32,65443,0,0.049,0.325,0.45,0.2327,0.494,0.2508,0.3442,28.3507,0,0,True
2026-09-11,SUP_043,Prague Gearworks,Europe,Machinery,36,8.1,0.951,16.3,53.8,54.1,medium,89.69,5.81,33,496.32,65443,0,0.049,0.325,0.45,0.2755,0.541,0.2324,0.3329,29.3777,0,0,True
2026-09-12,SUP_043,Prague Gearworks,Europe,Machinery,36,8.1,0.951,17.3,54.2,53.7,medium,90.4,5.81,34,496.32,65443,0,0.049,0.325,0.45,0.2837,0.537,0.2324,0.322,29.2947,0,0,True
2026-09-13,SUP_043,Prague Gearworks,Europe,Machinery,36,8.1,0.951,20.5,44.2,47.0,medium,89.49,5.82,35,496.32,65443,0,0.049,0.325,0.45,0.2761,0.47,0.2328,0.3114,28.0559,0,0,True
2026-09-14,SUP_043,Prague Gearworks,Europe,Machinery,36,8.1,0.951,25.7,53.8,47.9,medium,88.7,5.82,36,496.32,65443,0,0.049,0.325,0.45,0.3413,0.479,0.2328,0.3012,29.1921,0,0,True
2026-09-15,SUP_043,Prague Gearworks,Europe,Machinery,36,8.1,0.951,22.7,56.8,27.5,low,88.85,5.83,37,496.32,65443,0,0.049,0.325,0.45,0.3293,0.275,0.2332,0.2913,25.9669,0,0,True
2026-09-16,SUP_043,Prague Gearworks,Europe,Machinery,36,8.1,0.951,26.8,55.5,17.6,low,89.37,5.83,38,496.32,65443,0,0.049,0.325,0.45,0.3541,0.176,0.2332,0.2818,24.8745,0,0,True
2026-09-17,SUP_043,Prague Gearworks,Europe,Machinery,36,8.1,0.951,31.8,55.8,22.4,low,89.02,5.81,39,496.32,65443,0,0.049,0.325,0.45,0.39,0.224,0.2324,0.2725,26.0353,0,0,False
2026-09-18,SUP_043,Prague Gearworks,Europe,Machinery,36,8.1,0.951,38.2,46.4,8.4,low,88.55,4.75,40,496.32,65443,0,0.049,0.325,0.45,0.4066,0.084,0.19,0.2636,23.7224,0,0,False
2026-09-19,SUP_043,Prague Gearworks,Europe,Machinery,36,8.1,0.951,37.5,35.2,22.8,low,89.48,4.12,41,496.32,65443,0,0.049,0.325,0.45,0.3681,0.228,0.1648,0.255,24.6047,0,0,False
2026-09-20,SUP_043,Prague Gearworks,Europe,Machinery,36,8.1,0.951,35.3,35.0,28.2,low,89.95,4.12,42,496.32,65443,0,0.049,0.325,0.45,0.3521,0.282,0.1648,0.2466,24.939,0,0,False
2026-09-21,SUP_043,Prague Gearworks,Europe,Machinery,36,8.1,0.951,30.5,42.2,42.5,medium,90.66,4.41,43,496.32,65443,0,0.049,0.325,0.45,0.3401,0.425,0.1764,0.2385,26.7348,0,0,False
2026-09-22,SUP_043,Prague Gearworks,Europe,Machinery,36,8.1,0.951,21.7,43.2,27.8,low,90.36,4.41,44,496.32,65443,0,0.049,0.325,0.45,0.2815,0.278,0.1764,0.2307,23.4969,0,0,False
2026-09-23,SUP_043,Prague Gearworks,Europe,Machinery,36,8.1,0.951,19.8,51.0,37.6,low,90.01,4.41,45,496.32,65443,0,0.049,0.325,0.45,0.2916,0.376,0.1764,0.2231,24.9297,0,0,False
2026-06-01,SUP_044,Casablanca Phosphates,Africa,Chemicals,22,7.2,0.71,63.5,39.1,32.3,low,103.3,0.0,999,45.67,15916,0,0.29,0.15,0.6545,0.5618,0.323,0.0,0.0,28.4799,0,0,True
2026-06-02,SUP_044,Casablanca Phosphates,Africa,Chemicals,22,7.2,0.71,61.0,42.4,33.7,low,101.16,0.0,999,45.67,15916,0,0.29,0.15,0.6545,0.5542,0.337,0.0,0.0,28.5391,0,0,True
2026-06-03,SUP_044,Casablanca Phosphates,Africa,Chemicals,22,7.2,0.71,57.2,33.1,37.9,low,101.91,0.0,999,45.67,15916,0,0.29,0.15,0.6545,0.4997,0.379,0.0,0.0,28.1461,0,0,True
2026-06-04,SUP_044,Casablanca Phosphates,Africa,Chemicals,22,7.2,0.71,52.6,42.3,42.3,medium,98.12,0.0,999,45.67,15916,0,0.29,0.15,0.6545,0.4951,0.423,0.0,0.0,28.6793,0,0,True
2026-06-05,SUP_044,Casablanca Phosphates,Africa,Chemicals,22,7.2,0.71,50.5,53.2,57.0,medium,96.08,7.21,999,45.67,15916,0,0.29,0.15,0.6545,0.5131,0.57,0.2884,0.0,34.5221,0,0,True
2026-06-06,SUP_044,Casablanca Phosphates,Africa,Chemicals,22,7.2,0.71,55.3,55.4,52.5,medium,97.42,7.24,999,45.67,15916,0,0.29,0.15,0.6545,0.5533,0.525,0.2896,0.0,34.6301,0,0,True
2026-06-07,SUP_044,Casablanca Phosphates,Africa,Chemicals,22,7.2,0.71,48.1,56.6,60.2,medium,97.47,7.27,999,45.67,15916,0,0.29,0.15,0.6545,0.5065,0.602,0.2908,0.0,34.8801,0,0,True
2026-06-08,SUP_044,Casablanca Phosphates,Africa,Chemicals,22,7.2,0.71,52.1,56.5,44.4,medium,96.91,7.29,999,45.67,15916,0,0.29,0.15,0.6545,0.5342,0.444,0.2916,0.0,33.1763,0,0,True
2026-06-09,SUP_044,Casablanca Phosphates,Africa,Chemicals,22,7.2,0.71,49.2,51.6,37.4,low,95.68,7.72,999,45.67,15916,0,0.29,0.15,0.6545,0.4992,0.374,0.3088,0.0,31.7727,0,0,True
2026-06-10,SUP_044,Casablanca Phosphates,Africa,Chemicals,22,7.2,0.71,49.1,48.5,18.3,low,92.66,10.85,999,45.67,15916,0,0.29,0.15,0.6545,0.4892,0.183,0.434,0.0,30.4211,0,0,True
2026-06-11,SUP_044,Casablanca Phosphates,Africa,Chemicals,22,7.2,0.71,49.3,51.5,25.1,low,93.71,10.89,999,45.67,15916,0,0.29,0.15,0.6545,0.4996,0.251,0.4356,0.0,31.5795,0,0,True
2026-06-12,SUP_044,Casablanca Phosphates,Africa,Chemicals,22,7.2,0.71,49.1,43.9,34.8,low,93.28,10.93,999,45.67,15916,0,0.29,0.15,0.6545,0.4754,0.348,0.4372,0.0,32.5211,0,0,True
2026-06-13,SUP_044,Casablanca Phosphates,Africa,Chemicals,22,7.2,0.71,48.6,37.0,12.5,low,90.99,12.71,999,45.67,15916,0,0.29,0.15,0.6545,0.4512,0.125,0.5084,0.0,29.8179,0,0,True
2026-06-14,SUP_044,Casablanca Phosphates,Africa,Chemicals,22,7.2,0.71,47.5,34.6,21.1,low,91.03,12.77,999,45.67,15916,0,0.29,0.15,0.6545,0.4363,0.211,0.5108,0.0,30.7825,0,0,True
2026-06-15,SUP_044,Casablanca Phosphates,Africa,Chemicals,22,7.2,0.71,45.9,38.1,31.4,low,91.91,12.81,999,45.67,15916,0,0.29,0.15,0.6545,0.4356,0.314,0.5124,0.0,32.2311,0,0,True
2026-06-16,SUP_044,Casablanca Phosphates,Africa,Chemicals,22,7.2,0.71,53.5,33.1,38.6,low,91.61,12.85,999,45.67,15916,0,0.29,0.15,0.6545,0.4738,0.386,0.514,0.0,33.9459,0,0,True
2026-06-17,SUP_044,Casablanca Phosphates,Africa,Chemicals,22,7.2,0.71,53.9,32.2,27.9,low,91.78,12.88,999,45.67,15916,0,0.29,0.15,0.6545,0.4739,0.279,0.5152,0.0,32.4641,0,0,True
2026-06-18,SUP_044,Casablanca Phosphates,Africa,Chemicals,22,7.2,0.71,53.4,32.1,38.1,low,91.84,12.91,999,45.67,15916,0,0.29,0.15,0.6545,0.4701,0.381,0.5164,0.0,33.8381,0,0,True
2026-06-19,SUP_044,Casablanca Phosphates,Africa,Chemicals,22,7.2,0.71,50.6,27.2,38.6,low,90.77,13.17,999,45.67,15916,0,0.29,0.15,0.6545,0.4358,0.386,0.5268,0.0,33.4155,0,0,True
2026-06-20,SUP_044,Casablanca Phosphates,Africa,Chemicals,22,7.2,0.71,49.3,15.5,44.5,medium,90.85,13.2,999,45.67,15916,0,0.29,0.15,0.6545,0.3916,0.445,0.528,0.0,33.4603,0,0,True
2026-06-21,SUP_044,Casablanca Phosphates,Africa,Chemicals,22,7.2,0.71,47.1,13.0,42.2,medium,91.96,13.22,999,45.67,15916,0,0.29,0.15,0.6545,0.3687,0.422,0.5288,0.0,32.7357,0,0,True
2026-06-22,SUP_044,Casablanca Phosphates,Africa,Chemicals,22,7.2,0.71,51.9,17.7,45.2,medium,93.52,13.23,999,45.67,15916,0,0.29,0.15,0.6545,0.4164,0.452,0.5292,0.0,34.0191,0,0,True
2026-06-23,SUP_044,Casablanca Phosphates,Africa,Chemicals,22,7.2,0.71,48.8,22.8,54.1,medium,94.72,13.23,999,45.67,15916,0,0.29,0.15,0.6545,0.41,0.541,0.5292,0.0,35.1499,0,0,True
2026-06-24,SUP_044,Casablanca Phosphates,Africa,Chemicals,22,7.2,0.71,39.1,27.3,48.7,medium,93.7,13.23,999,45.67,15916,0,0.29,0.15,0.6545,0.3556,0.487,0.5292,0.0,33.4147,0,0,True
2026-06-25,SUP_044,Casablanca Phosphates,Africa,Chemicals,22,7.2,0.71,41.8,31.6,49.2,medium,94.66,13.23,999,45.67,15916,0,0.29,0.15,0.6545,0.3874,0.492,0.5292,0.0,34.0571,0,0,True
2026-06-26,SUP_044,Casablanca Phosphates,Africa,Chemicals,22,7.2,0.71,42.4,28.8,58.5,medium,95.36,13.23,999,45.67,15916,0,0.29,0.15,0.6545,0.3832,0.585,0.5292,0.0,35.2835,0,0,True
2026-06-27,SUP_044,Casablanca Phosphates,Africa,Chemicals,22,7.2,0.71,41.5,25.3,52.6,medium,94.29,13.23,999,45.67,15916,0,0.29,0.15,0.6545,0.3664,0.526,0.5292,0.0,34.1551,0,0,True
2026-06-28,SUP_044,Casablanca Phosphates,Africa,Chemicals,22,7.2,0.71,47.9,28.8,39.0,low,93.59,13.24,999,45.67,15916,0,0.29,0.15,0.6545,0.4217,0.39,0.5296,0.0,33.2513,0,0,True
2026-06-29,SUP_044,Casablanca Phosphates,Africa,Chemicals,22,7.2,0.71,36.0,28.6,45.5,medium,94.62,13.24,999,45.67,15916,0,0.29,0.15,0.6545,0.3378,0.455,0.5296,0.0,32.6511,0,0,True
2026-06-30,SUP_044,Casablanca Phosphates,Africa,Chemicals,22,7.2,0.71,46.3,34.3,57.4,medium,96.69,13.23,999,45.67,15916,0,0.29,0.15,0.6545,0.427,0.574,0.5292,0.0,35.9179,0,0,True
2026-07-01,SUP_044,Casablanca Phosphates,Africa,Chemicals,22,7.2,0.71,52.6,36.4,65.0,high,93.96,11.8,999,45.67,15916,0,0.29,0.15,0.6545,0.4774,0.65,0.472,0.0,37.2027,0,0,True
2026-07-02,SUP_044,Casablanca Phosphates,Africa,Chemicals,22,7.2,0.71,50.0,43.0,65.4,high,96.43,11.82,999,45.67,15916,0,0.29,0.15,0.6545,0.479,0.654,0.4728,0.0,37.2971,0,0,True
2026-07-03,SUP_044,Casablanca Phosphates,Africa,Chemicals,22,7.2,0.71,48.6,39.3,37.3,low,98.19,7.88,999,45.67,15916,0,0.29,0.15,0.6545,0.4581,0.373,0.3152,0.0,31.0957,0,0,True
2026-07-04,SUP_044,Casablanca Phosphates,Africa,Chemicals,22,7.2,0.71,52.0,44.3,32.1,low,98.49,8.2,999,45.67,15916,0,0.29,0.15,0.6545,0.4969,0.321,0.328,0.0,31.2197,0,0,True
2026-07-05,SUP_044,Casablanca Phosphates,Africa,Chemicals,22,7.2,0.71,54.9,53.6,28.7,low,98.13,8.19,999,45.67,15916,0,0.29,0.15,0.6545,0.5451,0.287,0.3276,0.0,31.6065,0,0,True
2026-07-06,SUP_044,Casablanca Phosphates,Africa,Chemicals,22,7.2,0.71,51.9,51.1,31.9,low,98.72,8.43,999,45.67,15916,0,0.29,0.15,0.6545,0.5166,0.319,0.3372,0.0,31.6567,0,0,True
2026-07-07,SUP_044,Casablanca Phosphates,Africa,Chemicals,22,7.2,0.71,44.7,51.3,49.6,medium,97.75,8.43,999,45.67,15916,0,0.29,0.15,0.6545,0.4668,0.496,0.3372,0.0,33.2383,0,0,True
2026-07-08,SUP_044,Casablanca Phosphates,Africa,Chemicals,22,7.2,0.71,56.3,44.0,37.2,low,97.48,8.43,999,45.67,15916,0,0.29,0.15,0.6545,0.5261,0.372,0.3372,0.0,32.5697,0,0,True
2026-07-09,SUP_044,Casablanca Phosphates,Africa,Chemicals,22,7.2,0.71,60.6,47.3,58.6,medium,95.26,8.43,999,45.67,15916,0,0.29,0.15,0.6545,0.5661,0.586,0.3372,0.0,36.2857,0,1,True
2026-07-10,SUP_044,Casablanca Phosphates,Africa,Chemicals,22,7.2,0.71,60.5,51.4,50.4,medium,92.63,8.43,999,45.67,15916,0,0.29,0.15,0.6545,0.5777,0.504,0.3372,0.0,35.3465,0,1,True
2026-07-11,SUP_044,Casablanca Phosphates,Africa,Chemicals,22,7.2,0.71,60.5,46.4,40.7,medium,96.15,8.43,999,45.67,15916,0,0.29,0.15,0.6545,0.5627,0.407,0.3372,0.0,33.7185,0,1,True
2026-07-12,SUP_044,Casablanca Phosphates,Africa,Chemicals,22,7.2,0.71,62.7,47.8,48.4,medium,96.24,8.42,999,45.67,15916,0,0.29,0.15,0.6545,0.5823,0.484,0.3368,0.0,35.1445,0,1,True
2026-07-13,SUP_044,Casablanca Phosphates,Africa,Chemicals,22,7.2,0.71,65.0,47.3,54.8,medium,96.55,8.4,999,45.67,15916,0,0.29,0.15,0.6545,0.5969,0.548,0.336,0.0,36.2937,0,1,True
2026-07-14,SUP_044,Casablanca Phosphates,Africa,Chemicals,22,7.2,0.71,53.6,47.5,57.1,medium,96.5,8.39,999,45.67,15916,0,0.29,0.15,0.6545,0.5177,0.571,0.3356,0.0,35.1853,0,1,True
2026-07-15,SUP_044,Casablanca Phosphates,Africa,Chemicals,22,7.2,0.71,52.2,49.9,78.1,high,95.26,8.38,999,45.67,15916,0,0.29,0.15,0.6545,0.5151,0.781,0.3352,0.0,38.0737,0,1,True
2026-07-16,SUP_044,Casablanca Phosphates,Africa,Chemicals,22,7.2,0.71,50.4,50.4,81.3,high,94.79,8.37,999,45.67,15916,0,0.29,0.15,0.6545,0.504,0.813,0.3348,0.0,38.3171,1,1,True
2026-07-17,SUP_044,Casablanca Phosphates,Africa,Chemicals,22,7.2,0.71,50.4,47.4,69.5,high,94.93,8.36,1,45.67,15916,0,0.29,0.15,0.6545,0.495,0.695,0.3344,0.9672,51.9737,0,1,True
2026-07-18,SUP_044,Casablanca Phosphates,Africa,Chemicals,22,7.2,0.71,54.7,49.9,62.9,medium,94.63,8.35,2,45.67,15916,0,0.29,0.15,0.6545,0.5326,0.629,0.334,0.9355,51.2144,0,1,True
2026-07-19,SUP_044,Casablanca Phosphates,Africa,Chemicals,22,7.2,0.71,46.3,53.5,64.4,medium,93.5,8.26,3,45.67,15916,0,0.29,0.15,0.6545,0.4846,0.644,0.3304,0.9048,50.0265,0,1,True
2026-07-20,SUP_044,Casablanca Phosphates,Africa,Chemicals,22,7.2,0.71,41.2,47.8,58.8,medium,94.22,7.08,4,45.67,15916,0,0.29,0.15,0.6545,0.4318,0.588,0.2832,0.8752,47.251,1,1,True
2026-07-21,SUP_044,Casablanca Phosphates,Africa,Chemicals,22,7.2,0.71,40.0,45.9,71.9,high,94.51,6.38,1,45.67,15916,0,0.29,0.15,0.6545,0.4177,0.719,0.2552,0.9672,49.9679,1,0,True
2026-07-22,SUP_044,Casablanca Phosphates,Africa,Chemicals,22,7.2,0.71,43.0,34.9,34.3,low,95.1,6.37,1,45.67,15916,0,0.29,0.15,0.6545,0.4057,0.343,0.2548,0.9672,44.4831,0,0,True
2026-07-23,SUP_044,Casablanca Phosphates,Africa,Chemicals,22,7.2,0.71,48.7,38.0,33.7,low,96.16,6.37,2,45.67,15916,0,0.29,0.15,0.6545,0.4549,0.337,0.2548,0.9355,44.7774,0,0,True
2026-07-24,SUP_044,Casablanca Phosphates,Africa,Chemicals,22,7.2,0.71,57.4,44.0,27.1,low,95.91,6.36,3,45.67,15916,0,0.29,0.15,0.6545,0.5338,0.271,0.2544,0.9048,44.7781,0,0,True
2026-07-25,SUP_044,Casablanca Phosphates,Africa,Chemicals,22,7.2,0.71,55.7,41.3,39.9,low,95.65,6.36,4,45.67,15916,0,0.29,0.15,0.6545,0.5138,0.399,0.2544,0.8752,45.7354,0,0,True
2026-07-26,SUP_044,Casablanca Phosphates,Africa,Chemicals,22,7.2,0.71,59.5,41.1,33.8,low,97.89,6.36,5,45.67,15916,0,0.29,0.15,0.6545,0.5398,0.338,0.2544,0.8465,44.8904,0,1,True
2026-07-27,SUP_044,Casablanca Phosphates,Africa,Chemicals,22,7.2,0.71,62.2,39.0,45.9,medium,96.46,6.35,6,45.67,15916,0,0.29,0.15,0.6545,0.5524,0.459,0.254,0.8187,46.3623,0,1,True
2026-07-28,SUP_044,Casablanca Phosphates,Africa,Chemicals,22,7.2,0.71,63.7,36.4,54.3,medium,93.64,6.35,7,45.67,15916,0,0.29,0.15,0.6545,0.5551,0.543,0.254,0.7919,47.1575,0,1,True
2026-07-29,SUP_044,Casablanca Phosphates,Africa,Chemicals,22,7.2,0.71,62.3,37.4,46.6,medium,94.47,6.35,8,45.67,15916,0,0.29,0.15,0.6545,0.5483,0.466,0.254,0.7659,45.5417,0,1,True
2026-07-30,SUP_044,Casablanca Phosphates,Africa,Chemicals,22,7.2,0.71,59.3,32.9,45.2,medium,93.52,6.36,9,45.67,15916,0,0.29,0.15,0.6545,0.5138,0.452,0.2544,0.7408,44.3277,0,1,True
2026-07-31,SUP_044,Casablanca Phosphates,Africa,Chemicals,22,7.2,0.71,53.6,32.0,39.5,low,91.9,7.13,10,45.67,15916,0,0.29,0.15,0.6545,0.4712,0.395,0.2852,0.7165,42.744,0,1,True
2026-08-01,SUP_044,Casablanca Phosphates,Africa,Chemicals,22,7.2,0.71,48.4,27.7,44.7,medium,93.23,7.13,11,45.67,15916,0,0.29,0.15,0.6545,0.4219,0.447,0.2852,0.693,42.2087,0,1,True
2026-08-02,SUP_044,Casablanca Phosphates,Africa,Chemicals,22,7.2,0.71,51.1,31.9,41.7,medium,93.02,7.15,12,45.67,15916,0,0.29,0.15,0.6545,0.4534,0.417,0.286,0.6703,42.0018,1,1,True
2026-08-03,SUP_044,Casablanca Phosphates,Africa,Chemicals,22,7.2,0.71,51.4,33.6,37.4,low,91.11,8.0,1,45.67,15916,0,0.29,0.15,0.6545,0.4606,0.374,0.32,0.9672,46.6877,0,1,True
2026-08-04,SUP_044,Casablanca Phosphates,Africa,Chemicals,22,7.2,0.71,50.0,31.5,38.5,low,94.03,8.01,2,45.67,15916,0,0.29,0.15,0.6545,0.4445,0.385,0.3204,0.9355,46.0494,0,1,True
2026-08-05,SUP_044,Casablanca Phosphates,Africa,Chemicals,22,7.2,0.71,53.9,32.3,24.2,low,91.6,7.15,3,45.67,15916,0,0.29,0.15,0.6545,0.4742,0.242,0.286,0.9048,43.6785,1,0,True
2026-08-06,SUP_044,Casablanca Phosphates,Africa,Chemicals,22,7.2,0.71,53.1,31.5,27.5,low,91.47,7.17,1,45.67,15916,0,0.29,0.15,0.6545,0.4662,0.275,0.2868,0.9672,45.0041,0,0,True
2026-08-07,SUP_044,Casablanca Phosphates,Africa,Chemicals,22,7.2,0.71,49.1,38.1,36.6,low,88.62,9.83,2,45.67,15916,0,0.29,0.15,0.6545,0.458,0.366,0.3932,0.9355,46.9,0,0,True
2026-08-08,SUP_044,Casablanca Phosphates,Africa,Chemicals,22,7.2,0.71,48.7,35.3,38.7,low,89.02,9.85,3,45.67,15916,0,0.29,0.15,0.6545,0.4468,0.387,0.394,0.9048,46.5113,0,0,True
2026-08-09,SUP_044,Casablanca Phosphates,Africa,Chemicals,22,7.2,0.71,53.5,38.6,47.9,medium,88.06,10.46,4,45.67,15916,0,0.29,0.15,0.6545,0.4903,0.479,0.4184,0.8752,48.4004,0,0,True
2026-08-10,SUP_044,Casablanca Phosphates,Africa,Chemicals,22,7.2,0.71,48.9,34.3,42.4,medium,89.29,10.49,5,45.67,15916,0,0.29,0.15,0.6545,0.4452,0.424,0.4196,0.8465,46.374,0,0,True
2026-08-11,SUP_044,Casablanca Phosphates,Africa,Chemicals,22,7.2,0.71,50.8,38.7,37.6,low,89.27,10.52,6,45.67,15916,0,0.29,0.15,0.6545,0.4717,0.376,0.4208,0.8187,45.7493,0,0,True
2026-08-12,SUP_044,Casablanca Phosphates,Africa,Chemicals,22,7.2,0.71,51.2,43.6,27.8,low,91.31,10.54,7,45.67,15916,0,0.29,0.15,0.6545,0.4892,0.278,0.4216,0.7919,44.2725,0,0,True
2026-08-13,SUP_044,Casablanca Phosphates,Africa,Chemicals,22,7.2,0.71,48.1,48.0,27.1,low,90.66,10.56,8,45.67,15916,0,0.29,0.15,0.6545,0.4807,0.271,0.4224,0.7659,43.6157,0,0,True
2026-08-14,SUP_044,Casablanca Phosphates,Africa,Chemicals,22,7.2,0.71,47.8,53.8,48.5,medium,88.24,10.58,9,45.67,15916,0,0.29,0.15,0.6545,0.496,0.485,0.4232,0.7408,46.4949,0,0,True
2026-08-15,SUP_044,Casablanca Phosphates,Africa,Chemicals,22,7.2,0.71,41.4,52.5,49.0,medium,88.59,10.61,10,45.67,15916,0,0.29,0.15,0.6545,0.4473,0.49,0.4244,0.7165,45.3142,0,0,True
2026-08-16,SUP_044,Casablanca Phosphates,Africa,Chemicals,22,7.2,0.71,44.0,56.4,41.3,medium,88.21,10.63,11,45.67,15916,0,0.29,0.15,0.6545,0.4772,0.413,0.4252,0.693,44.4081,0,0,True
2026-08-17,SUP_044,Casablanca Phosphates,Africa,Chemicals,22,7.2,0.71,39.1,61.8,31.7,low,85.47,13.48,12,45.67,15916,0,0.29,0.15,0.6545,0.4591,0.317,0.5392,0.6703,43.7428,0,0,True
2026-08-18,SUP_044,Casablanca Phosphates,Africa,Chemicals,22,7.2,0.71,46.6,51.9,18.9,low,83.87,15.27,13,45.67,15916,0,0.29,0.15,0.6545,0.4819,0.189,0.6108,0.6483,42.8688,0,0,True
2026-08-19,SUP_044,Casablanca Phosphates,Africa,Chemicals,22,7.2,0.71,47.4,46.1,16.5,low,82.76,16.55,14,45.67,15916,0,0.29,0.15,0.6545,0.4701,0.165,0.662,0.6271,42.5947,0,0,True
2026-08-20,SUP_044,Casablanca Phosphates,Africa,Chemicals,22,7.2,0.71,45.9,36.6,29.4,low,85.11,16.6,15,45.67,15916,0,0.29,0.15,0.6545,0.4311,0.294,0.664,0.6065,43.3937,0,0,True
2026-08-21,SUP_044,Casablanca Phosphates,Africa,Chemicals,22,7.2,0.71,52.7,41.9,28.1,low,86.18,16.66,16,45.67,15916,0,0.29,0.15,0.6545,0.4946,0.281,0.6664,0.5866,44.0654,0,0,True
2026-08-22,SUP_044,Casablanca Phosphates,Africa,Chemicals,22,7.2,0.71,48.2,33.0,22.2,low,85.65,16.72,17,45.67,15916,0,0.29,0.15,0.6545,0.4364,0.222,0.6688,0.5674,41.9129,0,1,True
2026-08-23,SUP_044,Casablanca Phosphates,Africa,Chemicals,22,7.2,0.71,45.7,23.9,18.8,low,86.36,16.78,18,45.67,15916,0,0.29,0.15,0.6545,0.3916,0.188,0.6712,0.5488,40.3616,0,1,True
2026-08-24,SUP_044,Casablanca Phosphates,Africa,Chemicals,22,7.2,0.71,38.4,19.8,30.1,low,83.28,16.86,19,45.67,15916,0,0.29,0.15,0.6545,0.3282,0.301,0.6744,0.5308,40.553,0,1,True
2026-08-25,SUP_044,Casablanca Phosphates,Africa,Chemicals,22,7.2,0.71,47.1,12.9,31.8,low,82.43,15.72,20,45.67,15916,0,0.29,0.15,0.6545,0.3684,0.318,0.6288,0.5134,40.6889,0,1,True
2026-08-26,SUP_044,Casablanca Phosphates,Africa,Chemicals,22,7.2,0.71,57.2,17.6,28.1,low,83.04,13.56,21,45.67,15916,0,0.29,0.15,0.6545,0.4532,0.281,0.5424,0.4966,40.3912,0,1,True
2026-08-27,SUP_044,Casablanca Phosphates,Africa,Chemicals,22,7.2,0.71,48.9,14.5,28.2,low,83.29,13.61,22,45.67,15916,0,0.29,0.15,0.6545,0.3858,0.282,0.5444,0.4803,38.9555,0,1,True
2026-08-28,SUP_044,Casablanca Phosphates,Africa,Chemicals,22,7.2,0.71,45.9,8.7,51.6,medium,82.47,13.18,23,45.67,15916,0,0.29,0.15,0.6545,0.3474,0.516,0.5272,0.4646,41.082,0,1,True
2026-08-29,SUP_044,Casablanca Phosphates,Africa,Chemicals,22,7.2,0.71,47.6,12.4,60.0,medium,82.42,13.24,24,45.67,15916,0,0.29,0.15,0.6545,0.3704,0.6,0.5296,0.4493,42.4571,1,1,True
2026-08-30,SUP_044,Casablanca Phosphates,Africa,Chemicals,22,7.2,0.71,46.3,15.9,68.6,high,82.93,13.29,1,45.67,15916,0,0.29,0.15,0.6545,0.3718,0.686,0.5316,0.9672,51.9965,0,1,True
2026-08-31,SUP_044,Casablanca Phosphates,Africa,Chemicals,22,7.2,0.71,47.5,8.9,45.2,medium,82.91,13.34,2,45.67,15916,0,0.29,0.15,0.6545,0.3592,0.452,0.5336,0.9355,48.0104,1,0,True
2026-09-01,SUP_044,Casablanca Phosphates,Africa,Chemicals,22,7.2,0.71,48.0,9.1,42.5,medium,84.21,13.39,1,45.67,15916,0,0.29,0.15,0.6545,0.3633,0.425,0.5356,0.9672,48.2375,0,0,True
2026-09-02,SUP_044,Casablanca Phosphates,Africa,Chemicals,22,7.2,0.71,51.0,12.6,35.9,low,84.69,13.42,2,45.67,15916,0,0.29,0.15,0.6545,0.3948,0.359,0.5368,0.9355,47.3876,0,0,True
2026-09-03,SUP_044,Casablanca Phosphates,Africa,Chemicals,22,7.2,0.71,47.0,14.1,75.1,high,85.46,10.65,3,45.67,15916,0,0.29,0.15,0.6545,0.3713,0.751,0.426,0.9048,50.6323,0,0,True
2026-09-04,SUP_044,Casablanca Phosphates,Africa,Chemicals,22,7.2,0.71,49.2,15.5,84.4,high,88.05,10.51,4,45.67,15916,0,0.29,0.15,0.6545,0.3909,0.844,0.4204,0.8752,51.7452,0,0,True
2026-09-05,SUP_044,Casablanca Phosphates,Africa,Chemicals,22,7.2,0.71,44.7,24.6,84.6,high,89.3,10.33,5,45.67,15916,0,0.29,0.15,0.6545,0.3867,0.846,0.4132,0.8465,51.1522,0,0,True
2026-09-06,SUP_044,Casablanca Phosphates,Africa,Chemicals,22,7.2,0.71,44.3,37.5,73.7,high,91.93,11.04,6,45.67,15916,0,0.29,0.15,0.6545,0.4226,0.737,0.4416,0.8187,50.1691,0,0,True
2026-09-07,SUP_044,Casablanca Phosphates,Africa,Chemicals,22,7.2,0.71,37.7,35.4,67.4,high,90.91,11.03,7,45.67,15916,0,0.29,0.15,0.6545,0.3701,0.674,0.4412,0.7919,47.9079,0,0,True
2026-09-08,SUP_044,Casablanca Phosphates,Africa,Chemicals,22,7.2,0.71,38.4,28.4,74.6,high,88.51,11.03,8,45.67,15916,0,0.29,0.15,0.6545,0.354,0.746,0.4412,0.7659,48.2107,0,0,True
2026-09-09,SUP_044,Casablanca Phosphates,Africa,Chemicals,22,7.2,0.71,38.1,28.2,80.9,high,88.3,11.03,9,45.67,15916,0,0.29,0.15,0.6545,0.3513,0.809,0.4412,0.7408,48.6423,0,0,True
2026-09-10,SUP_044,Casablanca Phosphates,Africa,Chemicals,22,7.2,0.71,45.2,30.2,47.1,medium,87.96,11.04,10,45.67,15916,0,0.29,0.15,0.6545,0.407,0.471,0.4416,0.7165,44.5292,0,0,True
2026-09-11,SUP_044,Casablanca Phosphates,Africa,Chemicals,22,7.2,0.71,46.3,30.7,46.5,medium,90.16,11.04,11,45.67,15916,0,0.29,0.15,0.6545,0.4162,0.465,0.4416,0.693,44.2349,0,0,True
2026-09-12,SUP_044,Casablanca Phosphates,Africa,Chemicals,22,7.2,0.71,48.2,34.5,45.4,medium,88.45,11.05,12,45.67,15916,0,0.29,0.15,0.6545,0.4409,0.454,0.442,0.6703,44.1668,0,0,True
2026-09-13,SUP_044,Casablanca Phosphates,Africa,Chemicals,22,7.2,0.71,49.1,46.2,46.5,medium,88.33,11.05,13,45.67,15916,0,0.29,0.15,0.6545,0.4823,0.465,0.442,0.6483,44.7144,0,0,True
2026-09-14,SUP_044,Casablanca Phosphates,Africa,Chemicals,22,7.2,0.71,39.9,35.5,51.5,medium,88.95,11.05,14,45.67,15916,0,0.29,0.15,0.6545,0.3858,0.515,0.442,0.6271,43.3373,0,0,True
2026-09-15,SUP_044,Casablanca Phosphates,Africa,Chemicals,22,7.2,0.71,32.7,32.8,54.5,medium,89.1,11.05,15,45.67,15916,0,0.29,0.15,0.6545,0.3273,0.545,0.442,0.6065,42.3753,0,0,True
2026-09-16,SUP_044,Casablanca Phosphates,Africa,Chemicals,22,7.2,0.71,34.5,41.2,51.1,medium,88.84,11.03,16,45.67,15916,0,0.29,0.15,0.6545,0.3651,0.511,0.4412,0.5866,42.252,0,0,True
2026-09-17,SUP_044,Casablanca Phosphates,Africa,Chemicals,22,7.2,0.71,38.9,37.5,47.9,medium,89.38,11.01,17,45.67,15916,0,0.29,0.15,0.6545,0.3848,0.479,0.4404,0.5674,41.8413,0,0,False
2026-09-18,SUP_044,Casablanca Phosphates,Africa,Chemicals,22,7.2,0.71,40.2,41.3,45.1,medium,91.01,10.97,18,45.67,15916,0,0.29,0.15,0.6545,0.4053,0.451,0.4388,0.5488,41.5014,0,0,False
2026-09-19,SUP_044,Casablanca Phosphates,Africa,Chemicals,22,7.2,0.71,38.4,43.7,36.6,low,93.33,12.55,19,45.67,15916,0,0.29,0.15,0.6545,0.3999,0.366,0.502,0.5308,40.6848,0,0,False
2026-09-20,SUP_044,Casablanca Phosphates,Africa,Chemicals,22,7.2,0.71,39.7,48.9,30.1,low,93.37,12.56,20,45.67,15916,0,0.29,0.15,0.6545,0.4246,0.301,0.5024,0.5134,39.9457,0,0,False
2026-09-21,SUP_044,Casablanca Phosphates,Africa,Chemicals,22,7.2,0.71,40.5,56.9,37.6,low,92.14,12.53,21,45.67,15916,0,0.29,0.15,0.6545,0.4542,0.376,0.5012,0.4966,41.2448,0,0,False
2026-09-22,SUP_044,Casablanca Phosphates,Africa,Chemicals,22,7.2,0.71,46.3,55.4,31.6,low,94.46,13.74,22,45.67,15916,0,0.29,0.15,0.6545,0.4903,0.316,0.5496,0.4803,41.3749,0,0,False
2026-09-23,SUP_044,Casablanca Phosphates,Africa,Chemicals,22,7.2,0.71,51.1,43.1,41.2,medium,92.83,13.69,23,45.67,15916,0,0.29,0.15,0.6545,0.487,0.412,0.5476,0.4646,42.3836,0,0,False
2026-06-01,SUP_045,Bogota Films,Latin America,Packaging,65,9.2,0.854,56.1,24.1,49.1,medium,100.11,0.0,999,14.17,74623,1,0.146,0.6875,0.2831,0.465,0.491,0.0,0.0,27.8698,0,0,True
2026-06-02,SUP_045,Bogota Films,Latin America,Packaging,65,9.2,0.854,60.1,27.9,47.0,medium,99.82,0.0,999,14.17,74623,1,0.146,0.6875,0.2831,0.5044,0.47,0.0,0.0,28.285,0,0,True
2026-06-03,SUP_045,Bogota Films,Latin America,Packaging,65,9.2,0.854,79.6,27.2,49.9,medium,98.92,0.0,999,14.17,74623,1,0.146,0.6875,0.2831,0.6388,0.499,0.0,0.0,31.1102,0,0,True
2026-06-04,SUP_045,Bogota Films,Latin America,Packaging,65,9.2,0.854,79.2,27.2,47.2,medium,99.12,0.0,999,14.17,74623,1,0.146,0.6875,0.2831,0.636,0.472,0.0,0.0,30.6818,0,0,True
2026-06-05,SUP_045,Bogota Films,Latin America,Packaging,65,9.2,0.854,65.7,32.6,52.5,medium,99.32,1.2,999,14.17,74623,1,0.146,0.6875,0.2831,0.5577,0.525,0.048,0.0,30.5904,0,0,True
2026-06-06,SUP_045,Bogota Films,Latin America,Packaging,65,9.2,0.854,59.2,35.1,70.1,high,99.16,1.2,999,14.17,74623,1,0.146,0.6875,0.2831,0.5197,0.701,0.048,0.0,32.3704,0,0,True
2026-06-07,SUP_045,Bogota Films,Latin America,Packaging,65,9.2,0.854,60.1,34.5,50.6,medium,99.76,1.2,999,14.17,74623,1,0.146,0.6875,0.2831,0.5242,0.506,0.048,0.0,29.7214,0,0,True
2026-06-08,SUP_045,Bogota Films,Latin America,Packaging,65,9.2,0.854,56.2,43.4,19.0,low,99.34,1.2,999,14.17,74623,1,0.146,0.6875,0.2831,0.5236,0.19,0.048,0.0,25.2866,0,0,True
2026-06-09,SUP_045,Bogota Films,Latin America,Packaging,65,9.2,0.854,54.6,46.0,20.9,low,98.31,1.81,999,14.17,74623,1,0.146,0.6875,0.2831,0.5202,0.209,0.0724,0.0,25.7842,0,0,True
2026-06-10,SUP_045,Bogota Films,Latin America,Packaging,65,9.2,0.854,57.6,42.2,21.7,low,97.9,2.23,999,14.17,74623,1,0.146,0.6875,0.2831,0.5298,0.217,0.0892,0.0,26.2706,0,0,True
2026-06-11,SUP_045,Bogota Films,Latin America,Packaging,65,9.2,0.854,56.5,39.2,23.3,low,97.01,3.13,999,14.17,74623,1,0.146,0.6875,0.2831,0.5131,0.233,0.1252,0.0,26.626,0,1,True
2026-06-12,SUP_045,Bogota Films,Latin America,Packaging,65,9.2,0.854,50.6,42.7,19.4,low,97.21,3.14,999,14.17,74623,1,0.146,0.6875,0.2831,0.4823,0.194,0.1256,0.0,25.5304,0,1,True
2026-06-13,SUP_045,Bogota Films,Latin America,Packaging,65,9.2,0.854,55.5,42.6,33.1,low,96.77,3.38,999,14.17,74623,1,0.146,0.6875,0.2831,0.5163,0.331,0.1352,0.0,28.1756,0,1,True
2026-06-14,SUP_045,Bogota Films,Latin America,Packaging,65,9.2,0.854,58.0,35.6,22.5,low,97.34,3.39,999,14.17,74623,1,0.146,0.6875,0.2831,0.5128,0.225,0.1356,0.0,26.6334,0,1,True
2026-06-15,SUP_045,Bogota Films,Latin America,Packaging,65,9.2,0.854,56.4,40.2,31.6,low,97.9,3.39,999,14.17,74623,1,0.146,0.6875,0.2831,0.5154,0.316,0.1356,0.0,27.9542,0,1,True
2026-06-16,SUP_045,Bogota Films,Latin America,Packaging,65,9.2,0.854,59.6,46.0,40.1,medium,97.36,3.39,999,14.17,74623,1,0.146,0.6875,0.2831,0.5552,0.401,0.1356,0.0,29.8606,0,1,True
2026-06-17,SUP_045,Bogota Films,Latin America,Packaging,65,9.2,0.854,44.0,50.6,43.5,medium,96.89,3.4,999,14.17,74623,1,0.146,0.6875,0.2831,0.4598,0.435,0.136,0.0,28.6242,0,1,True
2026-06-18,SUP_045,Bogota Films,Latin America,Packaging,65,9.2,0.854,49.7,56.4,47.6,medium,97.2,3.4,999,14.17,74623,1,0.146,0.6875,0.2831,0.5171,0.476,0.136,0.0,30.2296,1,1,True
2026-06-19,SUP_045,Bogota Films,Latin America,Packaging,65,9.2,0.854,49.0,64.1,55.0,medium,97.77,3.4,1,14.17,74623,1,0.146,0.6875,0.2831,0.5353,0.55,0.136,0.9672,47.0686,0,1,True
2026-06-20,SUP_045,Bogota Films,Latin America,Packaging,65,9.2,0.854,53.9,68.8,52.3,medium,96.61,3.56,2,14.17,74623,1,0.146,0.6875,0.2831,0.5837,0.523,0.1424,0.9355,47.1313,0,1,True
2026-06-21,SUP_045,Bogota Films,Latin America,Packaging,65,9.2,0.854,42.9,65.6,46.5,medium,96.77,3.57,3,14.17,74623,1,0.146,0.6875,0.2831,0.4971,0.465,0.1428,0.9048,44.2746,0,1,True
2026-06-22,SUP_045,Bogota Films,Latin America,Packaging,65,9.2,0.854,44.7,59.9,49.9,medium,95.49,4.71,4,14.17,74623,1,0.146,0.6875,0.2831,0.4926,0.499,0.1884,0.8752,44.7421,0,1,True
2026-06-23,SUP_045,Bogota Films,Latin America,Packaging,65,9.2,0.854,42.1,46.5,53.5,medium,95.17,5.05,5,14.17,74623,1,0.146,0.6875,0.2831,0.4342,0.535,0.202,0.8465,43.8991,1,0,True
2026-06-24,SUP_045,Bogota Films,Latin America,Packaging,65,9.2,0.854,37.7,44.8,58.8,medium,95.81,5.05,1,14.17,74623,1,0.146,0.6875,0.2831,0.3983,0.588,0.202,0.9672,45.9266,0,0,True
2026-06-25,SUP_045,Bogota Films,Latin America,Packaging,65,9.2,0.854,43.5,46.1,38.8,low,97.56,5.05,2,14.17,74623,1,0.146,0.6875,0.2831,0.4428,0.388,0.202,0.9355,43.4203,0,0,True
2026-06-26,SUP_045,Bogota Films,Latin America,Packaging,65,9.2,0.854,47.2,44.7,37.9,low,97.42,5.05,3,14.17,74623,1,0.146,0.6875,0.2831,0.4645,0.379,0.202,0.9048,43.1942,0,0,True
2026-06-27,SUP_045,Bogota Films,Latin America,Packaging,65,9.2,0.854,36.6,33.3,29.0,low,96.69,5.05,4,14.17,74623,1,0.146,0.6875,0.2831,0.3561,0.29,0.202,0.8752,39.5223,0,0,True
2026-06-28,SUP_045,Bogota Films,Latin America,Packaging,65,9.2,0.854,40.5,32.0,37.5,low,96.4,5.06,5,14.17,74623,1,0.146,0.6875,0.2831,0.3795,0.375,0.2024,0.8465,40.6793,0,0,True
2026-06-29,SUP_045,Bogota Films,Latin America,Packaging,65,9.2,0.854,43.3,35.9,45.3,medium,96.43,5.06,6,14.17,74623,1,0.146,0.6875,0.2831,0.4108,0.453,0.2024,0.8187,41.8907,0,0,True
2026-06-30,SUP_045,Bogota Films,Latin America,Packaging,65,9.2,0.854,39.3,30.3,42.0,medium,96.05,5.06,7,14.17,74623,1,0.146,0.6875,0.2831,0.366,0.42,0.2024,0.7919,40.1928,0,1,True
2026-07-01,SUP_045,Bogota Films,Latin America,Packaging,65,9.2,0.854,35.5,31.9,35.2,low,95.51,4.77,8,14.17,74623,1,0.146,0.6875,0.2831,0.3442,0.352,0.1908,0.7659,38.2938,0,1,True
2026-07-02,SUP_045,Bogota Films,Latin America,Packaging,65,9.2,0.854,28.6,34.6,42.4,medium,95.26,4.72,9,14.17,74623,1,0.146,0.6875,0.2831,0.304,0.424,0.1888,0.7408,38.1525,0,1,True
2026-07-03,SUP_045,Bogota Films,Latin America,Packaging,65,9.2,0.854,28.7,40.6,41.1,medium,95.49,4.72,10,14.17,74623,1,0.146,0.6875,0.2831,0.3227,0.411,0.1888,0.7165,37.9185,0,1,True
2026-07-04,SUP_045,Bogota Films,Latin America,Packaging,65,9.2,0.854,29.6,48.8,54.5,medium,95.39,4.73,11,14.17,74623,1,0.146,0.6875,0.2831,0.3536,0.545,0.1892,0.693,39.9796,0,1,True
2026-07-05,SUP_045,Bogota Films,Latin America,Packaging,65,9.2,0.854,34.9,44.7,67.8,high,94.88,5.04,12,14.17,74623,1,0.146,0.6875,0.2831,0.3784,0.678,0.2016,0.6703,42.0733,0,1,True
2026-07-06,SUP_045,Bogota Films,Latin America,Packaging,65,9.2,0.854,37.0,44.2,70.6,high,94.49,5.45,13,14.17,74623,1,0.146,0.6875,0.2831,0.3916,0.706,0.218,0.6483,42.5481,0,1,True
2026-07-07,SUP_045,Bogota Films,Latin America,Packaging,65,9.2,0.854,32.4,44.0,65.6,high,94.25,5.27,14,14.17,74623,1,0.146,0.6875,0.2831,0.3588,0.656,0.2108,0.6271,40.8312,1,1,True
2026-07-08,SUP_045,Bogota Films,Latin America,Packaging,65,9.2,0.854,34.7,46.0,76.6,high,93.67,4.81,1,14.17,74623,1,0.146,0.6875,0.2831,0.3809,0.766,0.1924,0.9672,47.9902,0,1,True
2026-07-09,SUP_045,Bogota Films,Latin America,Packaging,65,9.2,0.854,34.3,47.2,70.2,high,93.26,4.82,2,14.17,74623,1,0.146,0.6875,0.2831,0.3817,0.702,0.1928,0.9355,46.6061,0,1,True
2026-07-10,SUP_045,Bogota Films,Latin America,Packaging,65,9.2,0.854,30.7,52.9,58.7,medium,93.63,4.83,3,14.17,74623,1,0.146,0.6875,0.2831,0.3736,0.587,0.1932,0.9048,44.3644,0,1,True
2026-07-11,SUP_045,Bogota Films,Latin America,Packaging,65,9.2,0.854,24.5,37.9,48.3,medium,93.5,4.84,4,14.17,74623,1,0.146,0.6875,0.2831,0.2852,0.483,0.1936,0.8752,40.8473,1,1,True
2026-07-12,SUP_045,Bogota Films,Latin America,Packaging,65,9.2,0.854,29.8,39.7,40.2,medium,92.48,5.66,1,14.17,74623,1,0.146,0.6875,0.2831,0.3277,0.402,0.2264,0.9672,42.3446,0,1,True
2026-07-13,SUP_045,Bogota Films,Latin America,Packaging,65,9.2,0.854,33.5,41.6,40.6,medium,93.08,5.67,2,14.17,74623,1,0.146,0.6875,0.2831,0.3593,0.406,0.2268,0.9355,42.4669,1,0,True
2026-07-14,SUP_045,Bogota Films,Latin America,Packaging,65,9.2,0.854,37.1,39.3,45.2,medium,93.32,5.67,1,14.17,74623,1,0.146,0.6875,0.2831,0.3776,0.452,0.2268,0.9672,43.9476,0,0,True
2026-07-15,SUP_045,Bogota Films,Latin America,Packaging,65,9.2,0.854,34.1,26.8,31.3,low,92.51,5.55,2,14.17,74623,1,0.146,0.6875,0.2831,0.3191,0.313,0.222,0.9355,40.3837,0,0,True
2026-07-16,SUP_045,Bogota Films,Latin America,Packaging,65,9.2,0.854,35.8,27.7,29.8,low,92.3,5.75,3,14.17,74623,1,0.146,0.6875,0.2831,0.3337,0.298,0.23,0.9048,40.0418,0,0,True
2026-07-17,SUP_045,Bogota Films,Latin America,Packaging,65,9.2,0.854,29.9,25.0,34.8,low,91.84,6.24,4,14.17,74623,1,0.146,0.6875,0.2831,0.2843,0.348,0.2496,0.8752,39.6131,0,0,True
2026-07-18,SUP_045,Bogota Films,Latin America,Packaging,65,9.2,0.854,26.7,35.4,42.6,medium,92.24,6.25,5,14.17,74623,1,0.146,0.6875,0.2831,0.2931,0.426,0.25,0.8465,40.4093,0,0,True
2026-07-19,SUP_045,Bogota Films,Latin America,Packaging,65,9.2,0.854,28.9,37.3,42.2,medium,92.02,6.04,6,14.17,74623,1,0.146,0.6875,0.2831,0.3142,0.422,0.2416,0.8187,40.1883,0,0,True
2026-07-20,SUP_045,Bogota Films,Latin America,Packaging,65,9.2,0.854,31.8,32.8,44.4,medium,91.98,6.05,7,14.17,74623,1,0.146,0.6875,0.2831,0.321,0.444,0.242,0.7919,40.194,0,0,True
2026-07-21,SUP_045,Bogota Films,Latin America,Packaging,65,9.2,0.854,25.3,22.3,32.3,low,91.87,6.06,8,14.17,74623,1,0.146,0.6875,0.2831,0.244,0.323,0.2424,0.7659,36.7034,0,0,True
2026-07-22,SUP_045,Bogota Films,Latin America,Packaging,65,9.2,0.854,22.5,27.3,26.3,low,91.01,6.95,9,14.17,74623,1,0.146,0.6875,0.2831,0.2394,0.263,0.278,0.7408,35.8061,0,0,True
2026-07-23,SUP_045,Bogota Films,Latin America,Packaging,65,9.2,0.854,23.4,32.1,29.7,low,91.82,6.96,10,14.17,74623,1,0.146,0.6875,0.2831,0.2601,0.297,0.2784,0.7165,36.2709,0,0,True
2026-07-24,SUP_045,Bogota Films,Latin America,Packaging,65,9.2,0.854,30.4,31.4,37.5,low,92.21,6.97,11,14.17,74623,1,0.146,0.6875,0.2831,0.307,0.375,0.2788,0.693,37.836,0,0,True
2026-07-25,SUP_045,Bogota Films,Latin America,Packaging,65,9.2,0.854,28.0,35.1,40.8,medium,91.77,6.84,12,14.17,74623,1,0.146,0.6875,0.2831,0.3013,0.408,0.2736,0.6703,37.7695,0,0,True
2026-07-26,SUP_045,Bogota Films,Latin America,Packaging,65,9.2,0.854,30.5,33.3,33.2,low,91.89,6.07,13,14.17,74623,1,0.146,0.6875,0.2831,0.3134,0.332,0.2428,0.6483,36.2021,0,0,True
2026-07-27,SUP_045,Bogota Films,Latin America,Packaging,65,9.2,0.854,33.1,39.2,33.2,low,92.45,5.8,14,14.17,74623,1,0.146,0.6875,0.2831,0.3493,0.332,0.232,0.6271,36.3786,0,0,True
2026-07-28,SUP_045,Bogota Films,Latin America,Packaging,65,9.2,0.854,32.9,43.8,49.4,medium,92.48,5.81,15,14.17,74623,1,0.146,0.6875,0.2831,0.3617,0.494,0.2324,0.6065,38.5457,0,0,True
2026-07-29,SUP_045,Bogota Films,Latin America,Packaging,65,9.2,0.854,35.3,33.8,52.6,medium,93.39,5.41,16,14.17,74623,1,0.146,0.6875,0.2831,0.3485,0.526,0.2164,0.5866,38.2459,0,0,True
2026-07-30,SUP_045,Bogota Films,Latin America,Packaging,65,9.2,0.854,29.6,26.6,48.4,medium,95.08,4.83,17,14.17,74623,1,0.146,0.6875,0.2831,0.287,0.484,0.1932,0.5674,35.9648,0,0,True
2026-07-31,SUP_045,Bogota Films,Latin America,Packaging,65,9.2,0.854,28.0,38.6,37.3,low,95.01,4.81,18,14.17,74623,1,0.146,0.6875,0.2831,0.3118,0.373,0.1924,0.5488,34.55,0,0,True
2026-08-01,SUP_045,Bogota Films,Latin America,Packaging,65,9.2,0.854,36.6,43.0,31.9,low,94.67,4.81,19,14.17,74623,1,0.146,0.6875,0.2831,0.3852,0.319,0.1924,0.5308,34.8273,0,1,True
2026-08-02,SUP_045,Bogota Films,Latin America,Packaging,65,9.2,0.854,44.3,35.1,34.5,low,94.1,4.71,20,14.17,74623,1,0.146,0.6875,0.2831,0.4154,0.345,0.1884,0.5134,35.4084,0,1,True
2026-08-03,SUP_045,Bogota Films,Latin America,Packaging,65,9.2,0.854,47.6,26.8,66.9,high,92.81,4.38,21,14.17,74623,1,0.146,0.6875,0.2831,0.4136,0.669,0.1752,0.4966,39.4843,0,1,True
2026-08-04,SUP_045,Bogota Films,Latin America,Packaging,65,9.2,0.854,51.7,29.2,73.0,high,93.54,4.38,22,14.17,74623,1,0.146,0.6875,0.2831,0.4495,0.73,0.1752,0.4803,40.7241,0,1,True
2026-08-05,SUP_045,Bogota Films,Latin America,Packaging,65,9.2,0.854,41.3,24.0,75.8,high,93.33,4.38,23,14.17,74623,1,0.146,0.6875,0.2831,0.3611,0.758,0.1752,0.4646,39.2729,0,1,True
2026-08-06,SUP_045,Bogota Films,Latin America,Packaging,65,9.2,0.854,36.6,24.0,70.9,high,93.84,4.38,24,14.17,74623,1,0.146,0.6875,0.2831,0.3282,0.709,0.1752,0.4493,37.751,0,1,True
2026-08-07,SUP_045,Bogota Films,Latin America,Packaging,65,9.2,0.854,35.6,25.4,66.0,high,94.46,4.38,25,14.17,74623,1,0.146,0.6875,0.2831,0.3254,0.66,0.1752,0.4346,36.7789,0,1,True
2026-08-08,SUP_045,Bogota Films,Latin America,Packaging,65,9.2,0.854,47.7,26.4,86.0,high,93.84,4.38,26,14.17,74623,1,0.146,0.6875,0.2831,0.4131,0.86,0.1752,0.4204,40.9296,1,0,True
2026-08-09,SUP_045,Bogota Films,Latin America,Packaging,65,9.2,0.854,45.1,33.6,76.8,high,93.3,4.38,1,14.17,74623,1,0.146,0.6875,0.2831,0.4165,0.768,0.1752,0.9672,48.4526,0,0,True
2026-08-10,SUP_045,Bogota Films,Latin America,Packaging,65,9.2,0.854,47.9,43.5,35.1,low,94.31,4.38,2,14.17,74623,1,0.146,0.6875,0.2831,0.4658,0.351,0.1752,0.9355,42.9947,0,0,True
2026-08-11,SUP_045,Bogota Films,Latin America,Packaging,65,9.2,0.854,48.5,39.7,21.7,low,94.27,4.38,3,14.17,74623,1,0.146,0.6875,0.2831,0.4586,0.217,0.1752,0.9048,40.4984,0,0,True
2026-08-12,SUP_045,Bogota Films,Latin America,Packaging,65,9.2,0.854,48.9,33.0,23.5,low,93.89,4.37,4,14.17,74623,1,0.146,0.6875,0.2831,0.4413,0.235,0.1748,0.8752,39.9595,0,0,True
2026-08-13,SUP_045,Bogota Films,Latin America,Packaging,65,9.2,0.854,47.4,35.4,36.8,low,93.28,4.37,5,14.17,74623,1,0.146,0.6875,0.2831,0.438,0.368,0.1748,0.8465,41.3031,0,0,True
2026-08-14,SUP_045,Bogota Films,Latin America,Packaging,65,9.2,0.854,40.6,43.9,32.8,low,93.2,4.37,6,14.17,74623,1,0.146,0.6875,0.2831,0.4159,0.328,0.1748,0.8187,39.9013,0,0,True
2026-08-15,SUP_045,Bogota Films,Latin America,Packaging,65,9.2,0.854,27.7,40.4,48.8,medium,94.07,4.37,7,14.17,74623,1,0.146,0.6875,0.2831,0.3151,0.488,0.1748,0.7919,39.8974,0,0,True
2026-08-16,SUP_045,Bogota Films,Latin America,Packaging,65,9.2,0.854,35.7,44.1,47.0,medium,94.47,4.37,8,14.17,74623,1,0.146,0.6875,0.2831,0.3822,0.47,0.1748,0.7659,40.4378,0,0,True
2026-08-17,SUP_045,Bogota Films,Latin America,Packaging,65,9.2,0.854,33.4,38.3,56.0,medium,94.58,4.36,9,14.17,74623,1,0.146,0.6875,0.2831,0.3487,0.56,0.1744,0.7408,40.6883,0,0,True
2026-08-18,SUP_045,Bogota Films,Latin America,Packaging,65,9.2,0.854,25.5,37.9,45.5,medium,95.5,4.81,10,14.17,74623,1,0.146,0.6875,0.2831,0.2922,0.455,0.1924,0.7165,38.0287,0,0,True
2026-08-19,SUP_045,Bogota Films,Latin America,Packaging,65,9.2,0.854,29.8,31.4,37.8,low,96.31,5.66,11,14.17,74623,1,0.146,0.6875,0.2831,0.3028,0.378,0.2264,0.693,37.1736,0,0,True
2026-08-20,SUP_045,Bogota Films,Latin America,Packaging,65,9.2,0.854,33.3,32.0,39.7,low,96.5,5.86,12,14.17,74623,1,0.146,0.6875,0.2831,0.3291,0.397,0.2344,0.6703,37.6455,0,0,True
2026-08-21,SUP_045,Bogota Films,Latin America,Packaging,65,9.2,0.854,37.9,31.8,44.7,medium,98.11,6.75,13,14.17,74623,1,0.146,0.6875,0.2831,0.3607,0.447,0.27,0.6483,38.9899,0,1,True
2026-08-22,SUP_045,Bogota Films,Latin America,Packaging,65,9.2,0.854,43.5,35.5,42.4,medium,97.97,6.73,14,14.17,74623,1,0.146,0.6875,0.2831,0.411,0.424,0.2692,0.6271,39.2236,0,1,True
2026-08-23,SUP_045,Bogota Films,Latin America,Packaging,65,9.2,0.854,38.7,44.8,45.0,medium,98.61,7.25,15,14.17,74623,1,0.146,0.6875,0.2831,0.4053,0.45,0.29,0.6065,39.4057,0,1,True
2026-08-24,SUP_045,Bogota Films,Latin America,Packaging,65,9.2,0.854,34.7,41.3,49.7,medium,98.38,7.1,16,14.17,74623,1,0.146,0.6875,0.2831,0.3668,0.497,0.284,0.5866,38.9805,0,1,True
2026-08-25,SUP_045,Bogota Films,Latin America,Packaging,65,9.2,0.854,34.0,29.8,34.6,low,98.9,6.8,17,14.17,74623,1,0.146,0.6875,0.2831,0.3274,0.346,0.272,0.5674,35.7056,0,1,True
2026-08-26,SUP_045,Bogota Films,Latin America,Packaging,65,9.2,0.854,38.8,29.5,33.3,low,98.76,6.76,18,14.17,74623,1,0.146,0.6875,0.2831,0.3601,0.333,0.2704,0.5488,35.7954,0,1,True
2026-08-27,SUP_045,Bogota Films,Latin America,Packaging,65,9.2,0.854,29.0,31.9,30.7,low,99.03,6.53,19,14.17,74623,1,0.146,0.6875,0.2831,0.2987,0.307,0.2612,0.5308,33.9279,0,1,True
2026-08-28,SUP_045,Bogota Films,Latin America,Packaging,65,9.2,0.854,31.3,33.4,29.2,low,100.42,7.97,20,14.17,74623,1,0.146,0.6875,0.2831,0.3193,0.292,0.3188,0.5134,34.5014,1,0,True
2026-08-29,SUP_045,Bogota Films,Latin America,Packaging,65,9.2,0.854,37.0,32.8,36.1,low,100.97,8.53,1,14.17,74623,1,0.146,0.6875,0.2831,0.3574,0.361,0.3412,0.9672,43.6828,0,0,True
2026-08-30,SUP_045,Bogota Films,Latin America,Packaging,65,9.2,0.854,41.7,41.0,32.9,low,101.25,8.8,2,14.17,74623,1,0.146,0.6875,0.2831,0.4149,0.329,0.352,0.9355,43.8921,0,0,True
2026-08-31,SUP_045,Bogota Films,Latin America,Packaging,65,9.2,0.854,44.8,40.8,16.6,low,100.8,8.78,3,14.17,74623,1,0.146,0.6875,0.2831,0.436,0.166,0.3512,0.9048,41.4896,0,0,True
2026-09-01,SUP_045,Bogota Films,Latin America,Packaging,65,9.2,0.854,49.1,39.4,20.8,low,100.91,8.76,4,14.17,74623,1,0.146,0.6875,0.2831,0.4619,0.208,0.3504,0.8752,42.0595,0,0,True
2026-09-02,SUP_045,Bogota Films,Latin America,Packaging,65,9.2,0.854,34.7,34.6,53.2,medium,100.32,8.34,5,14.17,74623,1,0.146,0.6875,0.2831,0.3467,0.532,0.3336,0.8465,43.8613,0,0,True
2026-09-03,SUP_045,Bogota Films,Latin America,Packaging,65,9.2,0.854,43.2,25.5,64.3,medium,100.83,8.31,6,14.17,74623,1,0.146,0.6875,0.2831,0.3789,0.643,0.3324,0.8187,45.5365,0,0,True
2026-09-04,SUP_045,Bogota Films,Latin America,Packaging,65,9.2,0.854,44.2,28.7,75.4,high,101.34,8.38,7,14.17,74623,1,0.146,0.6875,0.2831,0.3955,0.754,0.3352,0.7919,46.9934,0,1,True
2026-09-05,SUP_045,Bogota Films,Latin America,Packaging,65,9.2,0.854,49.9,30.9,56.2,medium,101.23,8.36,8,14.17,74623,1,0.146,0.6875,0.2831,0.442,0.562,0.3344,0.7659,44.7174,0,1,True
2026-09-06,SUP_045,Bogota Films,Latin America,Packaging,65,9.2,0.854,42.9,25.9,54.7,medium,102.2,9.22,9,14.17,74623,1,0.146,0.6875,0.2831,0.378,0.547,0.3688,0.7408,43.3665,0,1,True
2026-09-07,SUP_045,Bogota Films,Latin America,Packaging,65,9.2,0.854,34.1,27.1,64.1,medium,103.08,10.09,10,14.17,74623,1,0.146,0.6875,0.2831,0.32,0.641,0.4036,0.7165,43.6675,0,1,True
2026-09-08,SUP_045,Bogota Films,Latin America,Packaging,65,9.2,0.854,43.5,27.5,54.8,medium,103.17,10.15,11,14.17,74623,1,0.146,0.6875,0.2831,0.387,0.548,0.406,0.693,43.2244,0,1,True
2026-09-09,SUP_045,Bogota Films,Latin America,Packaging,65,9.2,0.854,38.6,25.3,31.1,low,103.5,10.45,12,14.17,74623,1,0.146,0.6875,0.2831,0.3461,0.311,0.418,0.6703,38.9507,0,1,True
2026-09-10,SUP_045,Bogota Films,Latin America,Packaging,65,9.2,0.854,37.3,22.6,43.5,medium,103.16,10.42,13,14.17,74623,1,0.146,0.6875,0.2831,0.3289,0.435,0.4168,0.6483,40.0111,0,1,True
2026-09-11,SUP_045,Bogota Films,Latin America,Packaging,65,9.2,0.854,40.2,26.6,41.6,medium,103.0,10.39,14,14.17,74623,1,0.146,0.6875,0.2831,0.3612,0.416,0.4156,0.6271,39.972,1,0,True
2026-09-12,SUP_045,Bogota Films,Latin America,Packaging,65,9.2,0.854,43.8,26.7,34.6,low,102.37,10.36,1,14.17,74623,1,0.146,0.6875,0.2831,0.3867,0.346,0.4144,0.9672,44.8786,0,0,True
2026-09-13,SUP_045,Bogota Films,Latin America,Packaging,65,9.2,0.854,48.4,24.8,15.0,low,102.09,9.46,2,14.17,74623,1,0.146,0.6875,0.2831,0.4132,0.15,0.3784,0.9355,41.6723,0,0,True
2026-09-14,SUP_045,Bogota Films,Latin America,Packaging,65,9.2,0.854,48.2,21.8,29.3,low,102.03,9.03,3,14.17,74623,1,0.146,0.6875,0.2831,0.4028,0.293,0.3612,0.9048,42.79,0,0,True
2026-09-15,SUP_045,Bogota Films,Latin America,Packaging,65,9.2,0.854,42.0,23.1,51.0,medium,101.07,8.9,4,14.17,74623,1,0.146,0.6875,0.2831,0.3633,0.51,0.356,0.8752,44.5799,0,0,True
2026-09-16,SUP_045,Bogota Films,Latin America,Packaging,65,9.2,0.854,45.0,29.7,65.4,high,101.4,7.96,5,14.17,74623,1,0.146,0.6875,0.2831,0.4041,0.654,0.3184,0.8465,46.4201,0,0,True
2026-09-17,SUP_045,Bogota Films,Latin America,Packaging,65,9.2,0.854,47.7,31.6,57.7,medium,102.0,7.14,6,14.17,74623,1,0.146,0.6875,0.2831,0.4287,0.577,0.2856,0.8187,44.9473,0,0,False
2026-09-18,SUP_045,Bogota Films,Latin America,Packaging,65,9.2,0.854,37.9,30.9,43.7,medium,101.99,6.94,7,14.17,74623,1,0.146,0.6875,0.2831,0.358,0.437,0.2776,0.7919,41.1892,0,0,False
2026-09-19,SUP_045,Bogota Films,Latin America,Packaging,65,9.2,0.854,45.0,33.1,51.0,medium,100.43,5.48,8,14.17,74623,1,0.146,0.6875,0.2831,0.4143,0.51,0.2192,0.7659,42.1084,0,0,False
2026-09-20,SUP_045,Bogota Films,Latin America,Packaging,65,9.2,0.854,32.4,40.6,47.6,medium,100.28,5.47,9,14.17,74623,1,0.146,0.6875,0.2831,0.3486,0.476,0.2188,0.7408,40.0433,0,0,False
2026-09-21,SUP_045,Bogota Films,Latin America,Packaging,65,9.2,0.854,38.5,42.3,50.6,medium,99.47,5.06,10,14.17,74623,1,0.146,0.6875,0.2831,0.3964,0.506,0.2024,0.7165,40.7383,0,0,False
2026-09-22,SUP_045,Bogota Films,Latin America,Packaging,65,9.2,0.854,35.7,42.6,51.3,medium,99.12,5.06,11,14.17,74623,1,0.146,0.6875,0.2831,0.3777,0.513,0.2024,0.693,40.1238,0,0,False
2026-09-23,SUP_045,Bogota Films,Latin America,Packaging,65,9.2,0.854,39.7,44.8,49.8,medium,99.96,4.69,12,14.17,74623,1,0.146,0.6875,0.2831,0.4123,0.498,0.1876,0.6703,39.9955,0,0,False
2026-06-01,SUP_046,Taipei Optics,East Asia,Electronics,51,7.0,0.94,20.1,26.8,57.5,medium,96.65,0.0,999,284.45,91045,1,0.06,0.5125,0.2745,0.2211,0.575,0.0,0.0,21.0999,0,0,True
2026-06-02,SUP_046,Taipei Optics,East Asia,Electronics,51,7.0,0.94,19.5,32.5,49.5,medium,98.94,0.0,999,284.45,91045,1,0.06,0.5125,0.2745,0.234,0.495,0.0,0.0,20.2121,0,0,True
2026-06-03,SUP_046,Taipei Optics,East Asia,Electronics,51,7.0,0.94,26.8,27.5,37.6,low,96.7,0.0,999,284.45,91045,1,0.06,0.5125,0.2745,0.2701,0.376,0.0,0.0,19.1959,0,0,True
2026-06-04,SUP_046,Taipei Optics,East Asia,Electronics,51,7.0,0.94,25.8,37.8,42.0,medium,95.06,0.0,999,284.45,91045,1,0.06,0.5125,0.2745,0.294,0.42,0.0,0.0,20.2421,0,0,True
2026-06-05,SUP_046,Taipei Optics,East Asia,Electronics,51,7.0,0.94,24.5,38.5,38.2,low,95.46,4.02,999,284.45,91045,1,0.06,0.5125,0.2745,0.287,0.382,0.1608,0.0,21.5137,0,0,True
2026-06-06,SUP_046,Taipei Optics,East Asia,Electronics,51,7.0,0.94,36.8,23.5,36.0,low,96.31,4.02,999,284.45,91045,1,0.06,0.5125,0.2745,0.3281,0.36,0.1608,0.0,21.9455,0,0,True
2026-06-07,SUP_046,Taipei Optics,East Asia,Electronics,51,7.0,0.94,39.3,34.0,27.8,low,95.92,4.02,999,284.45,91045,1,0.06,0.5125,0.2745,0.3771,0.278,0.1608,0.0,21.6795,0,0,True
2026-06-08,SUP_046,Taipei Optics,East Asia,Electronics,51,7.0,0.94,44.2,34.2,22.7,low,97.15,4.02,999,284.45,91045,1,0.06,0.5125,0.2745,0.412,0.227,0.1608,0.0,21.5937,0,0,True
2026-06-09,SUP_046,Taipei Optics,East Asia,Electronics,51,7.0,0.94,46.2,32.2,29.8,low,96.06,4.02,999,284.45,91045,1,0.06,0.5125,0.2745,0.42,0.298,0.1608,0.0,22.7317,0,0,True
2026-06-10,SUP_046,Taipei Optics,East Asia,Electronics,51,7.0,0.94,46.3,29.4,31.1,low,95.51,4.03,999,284.45,91045,1,0.06,0.5125,0.2745,0.4123,0.311,0.1612,0.0,22.7799,0,0,True
2026-06-11,SUP_046,Taipei Optics,East Asia,Electronics,51,7.0,0.94,51.7,32.6,57.7,medium,95.09,4.03,999,284.45,91045,1,0.06,0.5125,0.2745,0.4597,0.577,0.1612,0.0,27.3571,0,0,True
2026-06-12,SUP_046,Taipei Optics,East Asia,Electronics,51,7.0,0.94,59.3,28.3,60.0,medium,94.36,4.77,999,284.45,91045,1,0.06,0.5125,0.2745,0.5,0.6,0.1908,0.0,28.7597,0,0,True
2026-06-13,SUP_046,Taipei Optics,East Asia,Electronics,51,7.0,0.94,48.7,26.2,45.6,medium,91.71,7.55,999,284.45,91045,1,0.06,0.5125,0.2745,0.4195,0.456,0.302,0.0,26.6291,0,0,True
2026-06-14,SUP_046,Taipei Optics,East Asia,Electronics,51,7.0,0.94,47.5,24.6,31.2,low,91.67,7.61,999,284.45,91045,1,0.06,0.5125,0.2745,0.4063,0.312,0.3044,0.0,24.4043,0,0,True
2026-06-15,SUP_046,Taipei Optics,East Asia,Electronics,51,7.0,0.94,46.5,24.7,38.4,low,91.52,7.79,999,284.45,91045,1,0.06,0.5125,0.2745,0.3996,0.384,0.3116,0.0,25.3781,0,0,True
2026-06-16,SUP_046,Taipei Optics,East Asia,Electronics,51,7.0,0.94,43.8,23.5,36.3,low,92.99,7.8,999,284.45,91045,1,0.06,0.5125,0.2745,0.3771,0.363,0.312,0.0,24.6839,0,0,True
2026-06-17,SUP_046,Taipei Optics,East Asia,Electronics,51,7.0,0.94,48.2,29.7,50.8,medium,91.23,8.13,999,284.45,91045,1,0.06,0.5125,0.2745,0.4265,0.508,0.3252,0.0,27.7615,0,0,True
2026-06-18,SUP_046,Taipei Optics,East Asia,Electronics,51,7.0,0.94,48.5,31.9,52.0,medium,90.36,9.07,999,284.45,91045,1,0.06,0.5125,0.2745,0.4352,0.52,0.3628,0.0,28.5373,0,0,True
2026-06-19,SUP_046,Taipei Optics,East Asia,Electronics,51,7.0,0.94,56.6,34.5,31.9,low,92.0,9.08,999,284.45,91045,1,0.06,0.5125,0.2745,0.4997,0.319,0.3632,0.0,26.8891,0,0,True
2026-06-20,SUP_046,Taipei Optics,East Asia,Electronics,51,7.0,0.94,59.6,37.8,25.7,low,92.41,9.09,999,284.45,91045,1,0.06,0.5125,0.2745,0.5306,0.257,0.3636,0.0,26.5821,0,1,True
2026-06-21,SUP_046,Taipei Optics,East Asia,Electronics,51,7.0,0.94,63.5,36.9,24.3,low,93.16,9.1,999,284.45,91045,1,0.06,0.5125,0.2745,0.5552,0.243,0.364,0.0,26.8337,0,1,True
2026-06-22,SUP_046,Taipei Optics,East Asia,Electronics,51,7.0,0.94,54.6,31.2,33.6,low,93.78,9.1,999,284.45,91045,1,0.06,0.5125,0.2745,0.4758,0.336,0.364,0.0,26.7065,0,1,True
2026-06-23,SUP_046,Taipei Optics,East Asia,Electronics,51,7.0,0.94,48.9,41.3,26.7,low,94.41,9.1,999,284.45,91045,1,0.06,0.5125,0.2745,0.4662,0.267,0.364,0.0,25.5677,0,1,True
2026-06-24,SUP_046,Taipei Optics,East Asia,Electronics,51,7.0,0.94,44.4,45.2,32.7,low,96.9,9.09,999,284.45,91045,1,0.06,0.5125,0.2745,0.4464,0.327,0.3636,0.0,26.0465,0,1,True
2026-06-25,SUP_046,Taipei Optics,East Asia,Electronics,51,7.0,0.94,50.3,52.2,23.4,low,97.03,9.08,999,284.45,91045,1,0.06,0.5125,0.2745,0.5087,0.234,0.3632,0.0,25.8611,0,1,True
2026-06-26,SUP_046,Taipei Optics,East Asia,Electronics,51,7.0,0.94,44.5,55.1,28.8,low,95.64,9.08,999,284.45,91045,1,0.06,0.5125,0.2745,0.4768,0.288,0.3632,0.0,26.0429,0,1,True
2026-06-27,SUP_046,Taipei Optics,East Asia,Electronics,51,7.0,0.94,39.7,49.6,62.1,medium,96.52,9.07,999,284.45,91045,1,0.06,0.5125,0.2745,0.4267,0.621,0.3628,0.0,29.7983,1,1,True
2026-06-28,SUP_046,Taipei Optics,East Asia,Electronics,51,7.0,0.94,34.7,35.1,77.8,high,95.74,9.06,1,284.45,91045,1,0.06,0.5125,0.2745,0.3482,0.778,0.3624,0.9672,46.054,1,1,True
2026-06-29,SUP_046,Taipei Optics,East Asia,Electronics,51,7.0,0.94,48.8,28.6,78.3,high,95.59,9.06,1,284.45,91045,1,0.06,0.5125,0.2745,0.4274,0.783,0.3624,0.9672,47.5496,1,1,True
2026-06-30,SUP_046,Taipei Optics,East Asia,Electronics,51,7.0,0.94,47.1,32.9,68.8,high,96.1,9.06,1,284.45,91045,1,0.06,0.5125,0.2745,0.4284,0.688,0.3624,0.9672,46.2376,1,1,True
2026-07-01,SUP_046,Taipei Optics,East Asia,Electronics,51,7.0,0.94,48.9,32.7,83.1,high,94.97,9.06,1,284.45,91045,1,0.06,0.5125,0.2745,0.4404,0.831,0.3624,0.9672,48.4556,0,1,True
2026-07-02,SUP_046,Taipei Optics,East Asia,Electronics,51,7.0,0.94,42.4,30.8,78.3,high,94.27,7.18,2,284.45,91045,1,0.06,0.5125,0.2745,0.3892,0.783,0.2872,0.9355,45.4522,1,0,True
2026-07-03,SUP_046,Taipei Optics,East Asia,Electronics,51,7.0,0.94,46.9,18.3,83.6,high,94.92,7.19,1,284.45,91045,1,0.06,0.5125,0.2745,0.3832,0.836,0.2876,0.9672,46.5984,0,0,True
2026-07-04,SUP_046,Taipei Optics,East Asia,Electronics,51,7.0,0.94,37.8,20.7,49.0,medium,94.17,7.19,2,284.45,91045,1,0.06,0.5125,0.2745,0.3267,0.49,0.2876,0.9355,40.23,0,0,True
2026-07-05,SUP_046,Taipei Optics,East Asia,Electronics,51,7.0,0.94,33.8,17.2,48.8,medium,95.51,7.19,3,284.45,91045,1,0.06,0.5125,0.2745,0.2882,0.488,0.2876,0.9048,39.0183,0,0,True
2026-07-06,SUP_046,Taipei Optics,East Asia,Electronics,51,7.0,0.94,31.5,16.0,40.4,medium,94.16,7.2,4,284.45,91045,1,0.06,0.5125,0.2745,0.2685,0.404,0.288,0.8752,37.0179,0,0,True
2026-07-07,SUP_046,Taipei Optics,East Asia,Electronics,51,7.0,0.94,34.1,23.4,44.6,medium,92.8,7.2,5,284.45,91045,1,0.06,0.5125,0.2745,0.3089,0.446,0.288,0.8465,37.874,0,0,True
2026-07-08,SUP_046,Taipei Optics,East Asia,Electronics,51,7.0,0.94,31.6,19.7,52.1,medium,95.41,7.08,6,284.45,91045,1,0.06,0.5125,0.2745,0.2803,0.521,0.2832,0.8187,37.9076,0,0,True
2026-07-09,SUP_046,Taipei Optics,East Asia,Electronics,51,7.0,0.94,40.4,17.1,45.8,medium,93.31,7.09,7,284.45,91045,1,0.06,0.5125,0.2745,0.3341,0.458,0.2836,0.7919,37.5693,0,0,True
2026-07-10,SUP_046,Taipei Optics,East Asia,Electronics,51,7.0,0.94,43.0,20.7,40.5,medium,93.28,7.09,8,284.45,91045,1,0.06,0.5125,0.2745,0.3631,0.405,0.2836,0.7659,36.934,0,0,True
2026-07-11,SUP_046,Taipei Optics,East Asia,Electronics,51,7.0,0.94,39.6,27.5,44.9,medium,95.81,7.09,9,284.45,91045,1,0.06,0.5125,0.2745,0.3597,0.449,0.2836,0.7408,37.087,0,0,True
2026-07-12,SUP_046,Taipei Optics,East Asia,Electronics,51,7.0,0.94,44.7,26.5,37.3,low,95.78,7.09,10,284.45,91045,1,0.06,0.5125,0.2745,0.3924,0.373,0.2836,0.7165,36.223,0,0,True
2026-07-13,SUP_046,Taipei Optics,East Asia,Electronics,51,7.0,0.94,42.4,35.5,25.2,low,97.62,7.7,11,284.45,91045,1,0.06,0.5125,0.2745,0.4033,0.252,0.308,0.693,34.6421,0,0,True
2026-07-14,SUP_046,Taipei Optics,East Asia,Electronics,51,7.0,0.94,39.5,28.7,33.4,low,98.51,8.62,12,284.45,91045,1,0.06,0.5125,0.2745,0.3626,0.334,0.3448,0.6703,35.1356,0,0,True
2026-07-15,SUP_046,Taipei Optics,East Asia,Electronics,51,7.0,0.94,44.2,22.0,35.3,low,98.5,8.6,13,284.45,91045,1,0.06,0.5125,0.2745,0.3754,0.353,0.344,0.6483,35.2708,0,1,True
2026-07-16,SUP_046,Taipei Optics,East Asia,Electronics,51,7.0,0.94,32.2,15.8,36.5,low,98.32,8.58,14,284.45,91045,1,0.06,0.5125,0.2745,0.2728,0.365,0.3432,0.6271,33.2423,0,1,True
2026-07-17,SUP_046,Taipei Optics,East Asia,Electronics,51,7.0,0.94,37.2,10.0,43.5,medium,95.42,8.57,15,284.45,91045,1,0.06,0.5125,0.2745,0.2904,0.435,0.3428,0.6065,34.2054,0,1,True
2026-07-18,SUP_046,Taipei Optics,East Asia,Electronics,51,7.0,0.94,34.5,15.5,50.0,medium,94.98,6.84,16,284.45,91045,1,0.06,0.5125,0.2745,0.288,0.5,0.2736,0.5866,33.9236,0,1,True
2026-07-19,SUP_046,Taipei Optics,East Asia,Electronics,51,7.0,0.94,32.2,13.3,47.2,medium,95.3,6.4,17,284.45,91045,1,0.06,0.5125,0.2745,0.2653,0.472,0.256,0.5674,32.6041,0,1,True
2026-07-20,SUP_046,Taipei Optics,East Asia,Electronics,51,7.0,0.94,43.0,9.1,36.3,low,95.62,5.98,18,284.45,91045,1,0.06,0.5125,0.2745,0.3283,0.363,0.2392,0.5488,31.7129,0,1,True
2026-07-21,SUP_046,Taipei Optics,East Asia,Electronics,51,7.0,0.94,40.3,15.0,32.5,low,99.0,6.48,19,284.45,91045,1,0.06,0.5125,0.2745,0.3271,0.325,0.2592,0.5308,31.1114,0,1,True
2026-07-22,SUP_046,Taipei Optics,East Asia,Electronics,51,7.0,0.94,45.1,22.3,41.1,medium,99.38,6.87,20,284.45,91045,1,0.06,0.5125,0.2745,0.3826,0.411,0.2748,0.5134,33.2232,1,0,True
2026-07-23,SUP_046,Taipei Optics,East Asia,Electronics,51,7.0,0.94,46.0,29.8,43.3,medium,100.25,7.76,1,284.45,91045,1,0.06,0.5125,0.2745,0.4114,0.433,0.3104,0.9672,41.7376,0,0,True
2026-07-24,SUP_046,Taipei Optics,East Asia,Electronics,51,7.0,0.94,47.2,35.2,38.7,low,101.84,9.4,2,284.45,91045,1,0.06,0.5125,0.2745,0.436,0.387,0.376,0.9355,41.8162,0,0,True
2026-07-25,SUP_046,Taipei Optics,East Asia,Electronics,51,7.0,0.94,45.2,30.3,33.0,low,102.58,10.15,3,284.45,91045,1,0.06,0.5125,0.2745,0.4073,0.33,0.406,0.9048,40.3709,0,0,True
2026-07-26,SUP_046,Taipei Optics,East Asia,Electronics,51,7.0,0.94,43.3,32.5,41.7,medium,102.46,10.12,4,284.45,91045,1,0.06,0.5125,0.2745,0.4006,0.417,0.4048,0.8752,40.9793,0,0,True
2026-07-27,SUP_046,Taipei Optics,East Asia,Electronics,51,7.0,0.94,50.3,35.5,40.5,medium,102.35,10.1,5,284.45,91045,1,0.06,0.5125,0.2745,0.4586,0.405,0.404,0.8465,41.3866,0,0,True
2026-07-28,SUP_046,Taipei Optics,East Asia,Electronics,51,7.0,0.94,53.5,32.9,48.6,medium,101.87,10.08,6,284.45,91045,1,0.06,0.5125,0.2745,0.4732,0.486,0.4032,0.8187,42.3298,0,0,True
2026-07-29,SUP_046,Taipei Optics,East Asia,Electronics,51,7.0,0.94,49.4,34.1,55.8,medium,102.48,10.06,7,284.45,91045,1,0.06,0.5125,0.2745,0.4481,0.558,0.4024,0.7919,42.4469,0,0,True
2026-07-30,SUP_046,Taipei Optics,East Asia,Electronics,51,7.0,0.94,43.3,27.6,50.2,medium,102.25,10.04,8,284.45,91045,1,0.06,0.5125,0.2745,0.3859,0.502,0.4016,0.7659,40.1184,0,0,True
2026-07-31,SUP_046,Taipei Optics,East Asia,Electronics,51,7.0,0.94,40.4,25.4,57.7,medium,103.1,10.54,9,284.45,91045,1,0.06,0.5125,0.2745,0.359,0.577,0.4216,0.7408,40.5224,0,0,True
2026-08-01,SUP_046,Taipei Optics,East Asia,Electronics,51,7.0,0.94,45.3,28.8,55.8,medium,101.72,10.51,10,284.45,91045,1,0.06,0.5125,0.2745,0.4035,0.558,0.4204,0.7165,40.6544,0,0,True
2026-08-02,SUP_046,Taipei Optics,East Asia,Electronics,51,7.0,0.94,50.4,37.7,55.6,medium,101.92,10.49,11,284.45,91045,1,0.06,0.5125,0.2745,0.4659,0.556,0.4196,0.693,41.3641,0,0,True
2026-08-03,SUP_046,Taipei Optics,East Asia,Electronics,51,7.0,0.94,51.7,43.3,32.7,low,104.05,11.42,12,284.45,91045,1,0.06,0.5125,0.2745,0.4918,0.327,0.4568,0.6703,38.7072,0,0,True
2026-08-04,SUP_046,Taipei Optics,East Asia,Electronics,51,7.0,0.94,42.6,45.6,26.8,low,103.74,11.39,13,284.45,91045,1,0.06,0.5125,0.2745,0.435,0.268,0.4556,0.6483,36.4928,0,0,True
2026-08-05,SUP_046,Taipei Optics,East Asia,Electronics,51,7.0,0.94,46.1,44.4,22.8,low,106.27,13.58,14,284.45,91045,1,0.06,0.5125,0.2745,0.4559,0.228,0.5432,0.6271,37.0201,0,0,True
2026-08-06,SUP_046,Taipei Optics,East Asia,Electronics,51,7.0,0.94,51.7,42.6,25.4,low,106.49,13.26,15,284.45,91045,1,0.06,0.5125,0.2745,0.4897,0.254,0.5304,0.6065,37.51,0,0,True
2026-08-07,SUP_046,Taipei Optics,East Asia,Electronics,51,7.0,0.94,51.0,33.8,31.4,low,106.41,13.21,16,284.45,91045,1,0.06,0.5125,0.2745,0.4584,0.314,0.5284,0.5866,37.4444,0,0,True
2026-08-08,SUP_046,Taipei Optics,East Asia,Electronics,51,7.0,0.94,59.1,29.6,36.2,low,106.57,13.23,17,284.45,91045,1,0.06,0.5125,0.2745,0.5025,0.362,0.5292,0.5674,38.6121,0,0,True
2026-08-09,SUP_046,Taipei Optics,East Asia,Electronics,51,7.0,0.94,50.2,26.2,41.1,medium,106.15,11.49,18,284.45,91045,1,0.06,0.5125,0.2745,0.43,0.411,0.4596,0.5488,36.8603,0,0,True
2026-08-10,SUP_046,Taipei Optics,East Asia,Electronics,51,7.0,0.94,52.3,30.5,35.7,low,103.43,11.46,19,284.45,91045,1,0.06,0.5125,0.2745,0.4576,0.357,0.4584,0.5308,36.2988,0,0,True
2026-08-11,SUP_046,Taipei Optics,East Asia,Electronics,51,7.0,0.94,45.9,36.2,44.4,medium,104.64,11.43,20,284.45,91045,1,0.06,0.5125,0.2745,0.4299,0.444,0.4572,0.5134,36.7254,0,0,True
2026-08-12,SUP_046,Taipei Optics,East Asia,Electronics,51,7.0,0.94,50.3,39.9,61.3,medium,107.64,12.44,21,284.45,91045,1,0.06,0.5125,0.2745,0.4718,0.613,0.4976,0.4966,40.0611,0,0,True
2026-08-13,SUP_046,Taipei Optics,East Asia,Electronics,51,7.0,0.94,52.0,45.4,54.0,medium,108.3,13.05,22,284.45,91045,1,0.06,0.5125,0.2745,0.5002,0.54,0.522,0.4803,39.5826,0,0,True
2026-08-14,SUP_046,Taipei Optics,East Asia,Electronics,51,7.0,0.94,59.0,44.2,45.6,medium,109.04,13.72,23,284.45,91045,1,0.06,0.5125,0.2745,0.5456,0.456,0.5488,0.4646,39.2934,0,0,True
2026-08-15,SUP_046,Taipei Optics,East Asia,Electronics,51,7.0,0.94,58.8,37.6,39.1,low,108.79,13.68,24,284.45,91045,1,0.06,0.5125,0.2745,0.5244,0.391,0.5472,0.4493,37.739,0,0,True
2026-08-16,SUP_046,Taipei Optics,East Asia,Electronics,51,7.0,0.94,54.4,37.0,41.4,medium,110.38,14.91,25,284.45,91045,1,0.06,0.5125,0.2745,0.4918,0.414,0.5964,0.4346,37.8289,0,0,True
2026-08-17,SUP_046,Taipei Optics,East Asia,Electronics,51,7.0,0.94,50.2,32.9,37.4,low,110.32,14.53,26,284.45,91045,1,0.06,0.5125,0.2745,0.4501,0.374,0.5812,0.4204,36.1079,0,0,True
2026-08-18,SUP_046,Taipei Optics,East Asia,Electronics,51,7.0,0.94,47.8,36.7,23.3,low,110.69,14.45,27,284.45,91045,1,0.06,0.5125,0.2745,0.4447,0.233,0.578,0.4066,33.7778,0,0,True
2026-08-19,SUP_046,Taipei Optics,East Asia,Electronics,51,7.0,0.94,44.5,34.5,15.2,low,108.55,11.16,28,284.45,91045,1,0.06,0.5125,0.2745,0.415,0.152,0.4464,0.3932,30.3167,0,0,True
2026-08-20,SUP_046,Taipei Optics,East Asia,Electronics,51,7.0,0.94,50.5,34.1,57.7,medium,107.82,10.77,29,284.45,91045,1,0.06,0.5125,0.2745,0.4558,0.577,0.4308,0.3803,36.6077,0,0,True
2026-08-21,SUP_046,Taipei Optics,East Asia,Electronics,51,7.0,0.94,55.3,37.9,72.8,high,108.32,9.91,30,284.45,91045,1,0.06,0.5125,0.2745,0.5008,0.728,0.3964,0.3679,38.9194,0,0,True
2026-08-22,SUP_046,Taipei Optics,East Asia,Electronics,51,7.0,0.94,46.2,33.5,87.0,high,109.57,8.49,31,284.45,91045,1,0.06,0.5125,0.2745,0.4239,0.87,0.3396,0.3558,38.6486,0,0,True
2026-08-23,SUP_046,Taipei Optics,East Asia,Electronics,51,7.0,0.94,45.7,38.8,85.0,high,110.85,8.62,32,284.45,91045,1,0.06,0.5125,0.2745,0.4363,0.85,0.3448,0.3442,38.4676,0,0,True
2026-08-24,SUP_046,Taipei Optics,East Asia,Electronics,51,7.0,0.94,45.5,31.2,72.2,high,108.68,8.6,33,284.45,91045,1,0.06,0.5125,0.2745,0.4121,0.722,0.344,0.3329,36.0498,0,0,True
2026-08-25,SUP_046,Taipei Optics,East Asia,Electronics,51,7.0,0.94,41.3,33.3,67.7,high,106.66,8.59,34,284.45,91045,1,0.06,0.5125,0.2745,0.389,0.677,0.3436,0.322,34.8246,0,0,True
2026-08-26,SUP_046,Taipei Optics,East Asia,Electronics,51,7.0,0.94,43.4,33.1,54.6,medium,107.46,8.58,35,284.45,91045,1,0.06,0.5125,0.2745,0.4031,0.546,0.3432,0.3114,33.0707,0,0,True
2026-08-27,SUP_046,Taipei Optics,East Asia,Electronics,51,7.0,0.94,50.2,37.8,18.9,low,106.44,8.56,36,284.45,91045,1,0.06,0.5125,0.2745,0.4648,0.189,0.3424,0.3012,29.0104,0,0,True
2026-08-28,SUP_046,Taipei Optics,East Asia,Electronics,51,7.0,0.94,53.2,30.1,27.8,low,107.66,8.55,37,284.45,91045,1,0.06,0.5125,0.2745,0.4627,0.278,0.342,0.2913,30.0558,0,0,True
2026-08-29,SUP_046,Taipei Optics,East Asia,Electronics,51,7.0,0.94,57.9,22.8,37.1,low,105.43,8.54,38,284.45,91045,1,0.06,0.5125,0.2745,0.4737,0.371,0.3416,0.2818,31.3982,0,0,True
2026-08-30,SUP_046,Taipei Optics,East Asia,Electronics,51,7.0,0.94,52.1,28.6,57.2,medium,105.29,8.53,39,284.45,91045,1,0.06,0.5125,0.2745,0.4505,0.572,0.3412,0.2725,33.642,0,0,True
2026-08-31,SUP_046,Taipei Optics,East Asia,Electronics,51,7.0,0.94,50.7,27.5,53.4,medium,105.25,8.34,40,284.45,91045,1,0.06,0.5125,0.2745,0.4374,0.534,0.3336,0.2636,32.6401,0,0,True
2026-09-01,SUP_046,Taipei Optics,East Asia,Electronics,51,7.0,0.94,45.8,28.1,38.7,low,105.91,6.92,41,284.45,91045,1,0.06,0.5125,0.2745,0.4049,0.387,0.2768,0.255,29.1772,0,0,True
2026-09-02,SUP_046,Taipei Optics,East Asia,Electronics,51,7.0,0.94,46.4,25.7,39.2,low,104.49,6.92,42,284.45,91045,1,0.06,0.5125,0.2745,0.4019,0.392,0.2768,0.2466,29.0594,0,0,True
2026-09-03,SUP_046,Taipei Optics,East Asia,Electronics,51,7.0,0.94,47.3,31.9,38.0,low,101.8,8.44,43,284.45,91045,1,0.06,0.5125,0.2745,0.4268,0.38,0.3376,0.2385,29.9399,0,0,True
2026-09-04,SUP_046,Taipei Optics,East Asia,Electronics,51,7.0,0.94,51.0,33.9,35.2,low,102.03,8.46,44,284.45,91045,1,0.06,0.5125,0.2745,0.4587,0.352,0.3384,0.2307,30.0066,0,0,True
2026-09-05,SUP_046,Taipei Optics,East Asia,Electronics,51,7.0,0.94,55.9,35.4,40.8,medium,102.75,8.47,45,284.45,91045,1,0.06,0.5125,0.2745,0.4975,0.408,0.3388,0.2231,31.3728,0,0,True
2026-09-06,SUP_046,Taipei Optics,East Asia,Electronics,51,7.0,0.94,57.1,29.1,30.6,low,104.13,8.47,46,284.45,91045,1,0.06,0.5125,0.2745,0.487,0.306,0.3388,0.2158,29.6387,0,0,True
2026-09-07,SUP_046,Taipei Optics,East Asia,Electronics,51,7.0,0.94,50.7,32.7,35.4,low,103.64,8.48,47,284.45,91045,1,0.06,0.5125,0.2745,0.453,0.354,0.3392,0.2087,29.5903,0,0,True
2026-09-08,SUP_046,Taipei Optics,East Asia,Electronics,51,7.0,0.94,43.0,27.8,43.9,medium,104.71,8.48,48,284.45,91045,1,0.06,0.5125,0.2745,0.3844,0.439,0.3392,0.2019,29.436,0,0,True
2026-09-09,SUP_046,Taipei Optics,East Asia,Electronics,51,7.0,0.94,45.3,25.4,57.3,medium,105.37,8.48,49,284.45,91045,1,0.06,0.5125,0.2745,0.3933,0.573,0.3392,0.1953,31.3663,0,0,True
2026-09-10,SUP_046,Taipei Optics,East Asia,Electronics,51,7.0,0.94,51.9,19.6,57.1,medium,107.18,8.47,50,284.45,91045,1,0.06,0.5125,0.2745,0.4221,0.571,0.3388,0.1889,31.7495,0,0,True
2026-09-11,SUP_046,Taipei Optics,East Asia,Electronics,51,7.0,0.94,50.3,21.1,63.7,medium,107.11,8.47,51,284.45,91045,1,0.06,0.5125,0.2745,0.4154,0.637,0.3388,0.1827,32.4538,0,0,True
2026-09-12,SUP_046,Taipei Optics,East Asia,Electronics,51,7.0,0.94,41.8,28.8,54.9,medium,104.74,8.48,52,284.45,91045,1,0.06,0.5125,0.2745,0.379,0.549,0.3392,0.1767,30.4756,0,0,True
2026-09-13,SUP_046,Taipei Optics,East Asia,Electronics,51,7.0,0.94,51.8,30.9,49.6,medium,104.64,8.49,53,284.45,91045,1,0.06,0.5125,0.2745,0.4553,0.496,0.3396,0.1709,31.0191,0,0,True
2026-09-14,SUP_046,Taipei Optics,East Asia,Electronics,51,7.0,0.94,52.6,29.2,61.0,medium,104.77,8.5,54,284.45,91045,1,0.06,0.5125,0.2745,0.4558,0.61,0.34,0.1653,32.5393,0,0,True
2026-09-15,SUP_046,Taipei Optics,East Asia,Electronics,51,7.0,0.94,51.8,30.7,44.3,medium,105.48,8.52,55,284.45,91045,1,0.06,0.5125,0.2745,0.4547,0.443,0.3408,0.1599,30.1044,0,0,True
2026-09-16,SUP_046,Taipei Optics,East Asia,Electronics,51,7.0,0.94,44.8,31.9,40.7,medium,103.38,8.54,56,284.45,91045,1,0.06,0.5125,0.2745,0.4093,0.407,0.3416,0.1546,28.7089,0,0,True
2026-09-17,SUP_046,Taipei Optics,East Asia,Electronics,51,7.0,0.94,44.5,32.7,52.2,medium,102.95,8.56,57,284.45,91045,1,0.06,0.5125,0.2745,0.4096,0.522,0.3424,0.1496,30.2528,0,0,False
2026-09-18,SUP_046,Taipei Optics,East Asia,Electronics,51,7.0,0.94,47.4,34.0,48.5,medium,104.14,8.57,58,284.45,91045,1,0.06,0.5125,0.2745,0.4338,0.485,0.3428,0.1447,30.0967,0,0,False
2026-09-19,SUP_046,Taipei Optics,East Asia,Electronics,51,7.0,0.94,48.9,28.6,45.0,medium,104.0,8.58,59,284.45,91045,1,0.06,0.5125,0.2745,0.4281,0.45,0.3432,0.1399,29.4331,0,0,False
2026-09-20,SUP_046,Taipei Optics,East Asia,Electronics,51,7.0,0.94,44.7,30.2,42.5,medium,103.58,8.59,60,284.45,91045,1,0.06,0.5125,0.2745,0.4035,0.425,0.3436,0.1353,28.5717,0,0,False
2026-09-21,SUP_046,Taipei Optics,East Asia,Electronics,51,7.0,0.94,44.0,21.6,44.2,medium,106.19,8.6,61,284.45,91045,1,0.06,0.5125,0.2745,0.3728,0.442,0.344,0.1309,28.1909,0,0,False
2026-09-22,SUP_046,Taipei Optics,East Asia,Electronics,51,7.0,0.94,40.8,26.7,54.5,medium,104.72,6.55,62,284.45,91045,1,0.06,0.5125,0.2745,0.3657,0.545,0.262,0.1266,28.4524,0,0,False
2026-09-23,SUP_046,Taipei Optics,East Asia,Electronics,51,7.0,0.94,48.9,22.1,60.7,medium,106.41,5.58,63,284.45,91045,1,0.06,0.5125,0.2745,0.4086,0.607,0.2232,0.1225,29.5606,0,0,False
2026-06-01,SUP_047,Riyadh Polymers,Middle East,Chemicals,85,12.0,0.756,71.2,35.4,9.3,low,98.44,0.0,999,77.84,57085,1,0.244,0.9375,0.2824,0.6046,0.093,0.0,0.0,29.2633,0,0,True
2026-06-02,SUP_047,Riyadh Polymers,Middle East,Chemicals,85,12.0,0.756,68.7,34.1,15.6,low,100.72,0.0,999,77.84,57085,1,0.244,0.9375,0.2824,0.5832,0.156,0.0,0.0,29.7601,0,0,True
2026-06-03,SUP_047,Riyadh Polymers,Middle East,Chemicals,85,12.0,0.756,67.6,33.7,18.0,low,100.07,0.0,999,77.84,57085,1,0.244,0.9375,0.2824,0.5743,0.18,0.0,0.0,29.9359,0,0,True
2026-06-04,SUP_047,Riyadh Polymers,Middle East,Chemicals,85,12.0,0.756,66.6,42.5,0.0,low,100.11,0.0,999,77.84,57085,1,0.244,0.9375,0.2824,0.5937,0.0,0.0,0.0,27.7651,0,0,True
2026-06-05,SUP_047,Riyadh Polymers,Middle East,Chemicals,85,12.0,0.756,66.7,43.5,1.2,low,100.23,2.28,999,77.84,57085,1,0.244,0.9375,0.2824,0.5974,0.012,0.0912,0.0,29.0941,0,0,True
2026-06-06,SUP_047,Riyadh Polymers,Middle East,Chemicals,85,12.0,0.756,63.2,53.5,12.7,low,101.75,3.3,999,77.84,57085,1,0.244,0.9375,0.2824,0.6029,0.127,0.132,0.0,31.2927,0,0,True
2026-06-07,SUP_047,Riyadh Polymers,Middle East,Chemicals,85,12.0,0.756,61.0,52.2,7.2,low,100.44,3.3,999,77.84,57085,1,0.244,0.9375,0.2824,0.5836,0.072,0.132,0.0,30.1753,0,0,True
2026-06-08,SUP_047,Riyadh Polymers,Middle East,Chemicals,85,12.0,0.756,59.5,46.2,17.6,low,102.05,3.59,999,77.84,57085,1,0.244,0.9375,0.2824,0.5551,0.176,0.1436,0.0,31.2575,0,0,True
2026-06-09,SUP_047,Riyadh Polymers,Middle East,Chemicals,85,12.0,0.756,58.3,41.4,24.7,low,100.29,3.59,999,77.84,57085,1,0.244,0.9375,0.2824,0.5323,0.247,0.1436,0.0,31.8411,0,0,True
2026-06-10,SUP_047,Riyadh Polymers,Middle East,Chemicals,85,12.0,0.756,57.4,40.8,16.6,low,101.89,3.59,999,77.84,57085,1,0.244,0.9375,0.2824,0.5242,0.166,0.1436,0.0,30.5613,0,0,True
2026-06-11,SUP_047,Riyadh Polymers,Middle East,Chemicals,85,12.0,0.756,47.5,29.2,19.9,low,99.53,3.59,999,77.84,57085,1,0.244,0.9375,0.2824,0.4201,0.199,0.1436,0.0,29.1495,0,0,True
2026-06-12,SUP_047,Riyadh Polymers,Middle East,Chemicals,85,12.0,0.756,50.1,27.5,30.0,low,99.39,3.6,999,77.84,57085,1,0.244,0.9375,0.2824,0.4332,0.3,0.144,0.0,30.8041,0,0,True
2026-06-13,SUP_047,Riyadh Polymers,Middle East,Chemicals,85,12.0,0.756,49.4,26.3,21.9,low,101.62,3.59,999,77.84,57085,1,0.244,0.9375,0.2824,0.4247,0.219,0.1436,0.0,29.5123,0,0,True
2026-06-14,SUP_047,Riyadh Polymers,Middle East,Chemicals,85,12.0,0.756,42.4,28.8,22.0,low,102.58,4.11,999,77.84,57085,1,0.244,0.9375,0.2824,0.3832,0.22,0.1644,0.0,29.0289,0,0,True
2026-06-15,SUP_047,Riyadh Polymers,Middle East,Chemicals,85,12.0,0.756,43.7,40.0,34.7,low,103.16,4.68,999,77.84,57085,1,0.244,0.9375,0.2824,0.4259,0.347,0.1872,0.0,31.8491,0,0,True
2026-06-16,SUP_047,Riyadh Polymers,Middle East,Chemicals,85,12.0,0.756,44.6,39.5,25.6,low,101.72,4.68,999,77.84,57085,1,0.244,0.9375,0.2824,0.4307,0.256,0.1872,0.0,30.6615,0,0,True
2026-06-17,SUP_047,Riyadh Polymers,Middle East,Chemicals,85,12.0,0.756,53.3,28.7,30.9,low,100.71,4.68,999,77.84,57085,1,0.244,0.9375,0.2824,0.4592,0.309,0.1872,0.0,31.9165,0,0,True
2026-06-18,SUP_047,Riyadh Polymers,Middle East,Chemicals,85,12.0,0.756,52.0,24.9,20.7,low,102.56,4.68,999,77.84,57085,1,0.244,0.9375,0.2824,0.4387,0.207,0.1872,0.0,30.1195,0,0,True
2026-06-19,SUP_047,Riyadh Polymers,Middle East,Chemicals,85,12.0,0.756,56.7,27.8,21.5,low,103.21,4.72,999,77.84,57085,1,0.244,0.9375,0.2824,0.4803,0.215,0.1888,0.0,30.9995,0,0,True
2026-06-20,SUP_047,Riyadh Polymers,Middle East,Chemicals,85,12.0,0.756,64.1,29.3,27.8,low,104.43,5.92,999,77.84,57085,1,0.244,0.9375,0.2824,0.5366,0.278,0.2368,0.0,33.4709,0,0,True
2026-06-21,SUP_047,Riyadh Polymers,Middle East,Chemicals,85,12.0,0.756,60.8,38.7,6.1,low,104.54,6.02,999,77.84,57085,1,0.244,0.9375,0.2824,0.5417,0.061,0.2408,0.0,30.5727,0,0,True
2026-06-22,SUP_047,Riyadh Polymers,Middle East,Chemicals,85,12.0,0.756,60.7,43.2,7.1,low,104.15,6.01,999,77.84,57085,1,0.244,0.9375,0.2824,0.5545,0.071,0.2404,0.0,30.9383,0,0,True
2026-06-23,SUP_047,Riyadh Polymers,Middle East,Chemicals,85,12.0,0.756,69.1,46.9,16.8,low,105.2,6.65,999,77.84,57085,1,0.244,0.9375,0.2824,0.6244,0.168,0.266,0.0,33.8617,0,0,True
2026-06-24,SUP_047,Riyadh Polymers,Middle East,Chemicals,85,12.0,0.756,69.1,44.0,22.2,low,105.56,6.99,999,77.84,57085,1,0.244,0.9375,0.2824,0.6157,0.222,0.2796,0.0,34.6243,0,0,True
2026-06-25,SUP_047,Riyadh Polymers,Middle East,Chemicals,85,12.0,0.756,69.8,48.4,19.3,low,105.33,6.98,999,77.84,57085,1,0.244,0.9375,0.2824,0.6338,0.193,0.2792,0.0,34.5393,0,0,True
2026-06-26,SUP_047,Riyadh Polymers,Middle East,Chemicals,85,12.0,0.756,66.7,41.7,11.8,low,103.38,6.98,999,77.84,57085,1,0.244,0.9375,0.2824,0.592,0.118,0.2792,0.0,32.7369,0,0,True
2026-06-27,SUP_047,Riyadh Polymers,Middle East,Chemicals,85,12.0,0.756,69.3,45.8,22.1,low,104.69,6.97,999,77.84,57085,1,0.244,0.9375,0.2824,0.6225,0.221,0.2788,0.0,34.7231,0,0,True
2026-06-28,SUP_047,Riyadh Polymers,Middle East,Chemicals,85,12.0,0.756,68.0,42.7,21.1,low,105.3,6.96,999,77.84,57085,1,0.244,0.9375,0.2824,0.6041,0.211,0.2784,0.0,34.2471,0,0,True
2026-06-29,SUP_047,Riyadh Polymers,Middle East,Chemicals,85,12.0,0.756,58.4,33.9,28.4,low,104.46,6.96,999,77.84,57085,1,0.244,0.9375,0.2824,0.5105,0.284,0.2784,0.0,33.5843,0,0,True
2026-06-30,SUP_047,Riyadh Polymers,Middle East,Chemicals,85,12.0,0.756,57.3,37.2,32.3,low,106.09,7.47,999,77.84,57085,1,0.244,0.9375,0.2824,0.5127,0.323,0.2988,0.0,34.4147,0,0,True
2026-07-01,SUP_047,Riyadh Polymers,Middle East,Chemicals,85,12.0,0.756,52.4,44.2,27.6,low,106.42,6.84,999,77.84,57085,1,0.244,0.9375,0.2824,0.4994,0.276,0.2736,0.0,33.2149,0,0,True
2026-07-02,SUP_047,Riyadh Polymers,Middle East,Chemicals,85,12.0,0.756,54.3,40.7,38.1,low,106.78,7.18,999,77.84,57085,1,0.244,0.9375,0.2824,0.5022,0.381,0.2872,0.0,34.8985,0,0,True
2026-07-03,SUP_047,Riyadh Polymers,Middle East,Chemicals,85,12.0,0.756,51.1,48.1,30.6,low,108.0,8.34,999,77.84,57085,1,0.244,0.9375,0.2824,0.502,0.306,0.3336,0.0,34.4017,0,0,True
2026-07-04,SUP_047,Riyadh Polymers,Middle East,Chemicals,85,12.0,0.756,55.0,37.4,41.5,medium,108.92,9.21,999,77.84,57085,1,0.244,0.9375,0.2824,0.4972,0.415,0.3684,0.0,36.2589,0,0,True
2026-07-05,SUP_047,Riyadh Polymers,Middle East,Chemicals,85,12.0,0.756,56.3,30.7,50.8,medium,109.32,9.57,999,77.84,57085,1,0.244,0.9375,0.2824,0.4862,0.508,0.3828,0.0,37.5357,0,0,True
2026-07-06,SUP_047,Riyadh Polymers,Middle East,Chemicals,85,12.0,0.756,51.2,30.6,55.4,medium,109.06,9.55,999,77.84,57085,1,0.244,0.9375,0.2824,0.4502,0.554,0.382,0.0,37.5221,0,0,True
2026-07-07,SUP_047,Riyadh Polymers,Middle East,Chemicals,85,12.0,0.756,50.5,29.3,47.3,medium,111.79,11.88,999,77.84,57085,1,0.244,0.9375,0.2824,0.4414,0.473,0.4752,0.0,37.3481,0,0,True
2026-07-08,SUP_047,Riyadh Polymers,Middle East,Chemicals,85,12.0,0.756,55.2,26.6,66.6,high,110.78,11.84,999,77.84,57085,1,0.244,0.9375,0.2824,0.4662,0.666,0.4736,0.0,40.4773,0,0,True
2026-07-09,SUP_047,Riyadh Polymers,Middle East,Chemicals,85,12.0,0.756,61.6,28.6,58.9,medium,111.81,11.82,999,77.84,57085,1,0.244,0.9375,0.2824,0.517,0.589,0.4728,0.0,40.3041,0,0,True
2026-07-10,SUP_047,Riyadh Polymers,Middle East,Chemicals,85,12.0,0.756,57.4,26.8,53.9,medium,111.69,11.78,999,77.84,57085,1,0.244,0.9375,0.2824,0.4822,0.539,0.4712,0.0,38.9585,0,0,True
2026-07-11,SUP_047,Riyadh Polymers,Middle East,Chemicals,85,12.0,0.756,52.9,26.1,47.7,medium,112.32,12.22,999,77.84,57085,1,0.244,0.9375,0.2824,0.4486,0.477,0.4888,0.0,37.6969,0,0,True
2026-07-12,SUP_047,Riyadh Polymers,Middle East,Chemicals,85,12.0,0.756,63.5,28.9,32.8,low,114.02,12.52,999,77.84,57085,1,0.244,0.9375,0.2824,0.5312,0.328,0.5008,0.0,37.2417,0,0,True
2026-07-13,SUP_047,Riyadh Polymers,Middle East,Chemicals,85,12.0,0.756,63.2,26.3,44.1,medium,113.59,12.47,999,77.84,57085,1,0.244,0.9375,0.2824,0.5213,0.441,0.4988,0.0,38.6215,0,1,True
2026-07-14,SUP_047,Riyadh Polymers,Middle East,Chemicals,85,12.0,0.756,63.5,27.1,35.3,low,114.42,12.8,999,77.84,57085,1,0.244,0.9375,0.2824,0.5258,0.353,0.512,0.0,37.6289,0,1,True
2026-07-15,SUP_047,Riyadh Polymers,Middle East,Chemicals,85,12.0,0.756,59.8,24.8,42.5,medium,114.78,13.09,999,77.84,57085,1,0.244,0.9375,0.2824,0.493,0.425,0.5236,0.0,38.1857,0,1,True
2026-07-16,SUP_047,Riyadh Polymers,Middle East,Chemicals,85,12.0,0.756,77.4,20.0,50.1,medium,113.9,13.04,999,77.84,57085,1,0.244,0.9375,0.2824,0.6018,0.501,0.5216,0.0,41.1841,0,1,True
2026-07-17,SUP_047,Riyadh Polymers,Middle East,Chemicals,85,12.0,0.756,85.7,26.3,50.7,medium,115.63,12.06,999,77.84,57085,1,0.244,0.9375,0.2824,0.6788,0.507,0.4824,0.0,42.1837,0,1,True
2026-07-18,SUP_047,Riyadh Polymers,Middle East,Chemicals,85,12.0,0.756,85.8,36.6,39.1,low,116.61,12.31,999,77.84,57085,1,0.244,0.9375,0.2824,0.7104,0.391,0.4924,0.0,41.2485,0,1,True
2026-07-19,SUP_047,Riyadh Polymers,Middle East,Chemicals,85,12.0,0.756,89.7,42.0,33.7,low,116.01,12.1,999,77.84,57085,1,0.244,0.9375,0.2824,0.7539,0.337,0.484,0.0,41.1747,0,1,True
2026-07-20,SUP_047,Riyadh Polymers,Middle East,Chemicals,85,12.0,0.756,88.1,42.7,8.0,low,117.53,12.89,999,77.84,57085,1,0.244,0.9375,0.2824,0.7448,0.08,0.5156,0.0,37.7921,1,1,True
2026-07-21,SUP_047,Riyadh Polymers,Middle East,Chemicals,85,12.0,0.756,81.8,38.1,12.4,low,116.39,12.85,1,77.84,57085,1,0.244,0.9375,0.2824,0.6869,0.124,0.514,0.9672,52.8222,0,1,True
2026-07-22,SUP_047,Riyadh Polymers,Middle East,Chemicals,85,12.0,0.756,78.0,36.2,24.2,low,116.35,12.8,2,77.84,57085,1,0.244,0.9375,0.2824,0.6546,0.242,0.512,0.9355,53.3614,0,1,True
2026-07-23,SUP_047,Riyadh Polymers,Middle East,Chemicals,85,12.0,0.756,72.8,41.5,23.5,low,115.75,12.76,3,77.84,57085,1,0.244,0.9375,0.2824,0.6341,0.235,0.5104,0.9048,52.3845,0,1,True
2026-07-24,SUP_047,Riyadh Polymers,Middle East,Chemicals,85,12.0,0.756,74.6,28.5,54.7,medium,116.79,12.72,4,77.84,57085,1,0.244,0.9375,0.2824,0.6077,0.547,0.5088,0.8752,55.7835,0,1,True
2026-07-25,SUP_047,Riyadh Polymers,Middle East,Chemicals,85,12.0,0.756,81.0,27.6,54.5,medium,116.13,12.68,5,77.84,57085,1,0.244,0.9375,0.2824,0.6498,0.545,0.5072,0.8465,56.035,0,1,True
2026-07-26,SUP_047,Riyadh Polymers,Middle East,Chemicals,85,12.0,0.756,81.4,32.6,68.4,high,117.17,11.66,6,77.84,57085,1,0.244,0.9375,0.2824,0.6676,0.684,0.4664,0.8187,57.3678,0,1,True
2026-07-27,SUP_047,Riyadh Polymers,Middle East,Chemicals,85,12.0,0.756,79.4,26.9,67.0,high,117.99,12.02,7,77.84,57085,1,0.244,0.9375,0.2824,0.6365,0.67,0.4808,0.7919,56.3554,1,0,True
2026-07-28,SUP_047,Riyadh Polymers,Middle East,Chemicals,85,12.0,0.756,75.5,30.4,83.7,high,117.47,11.98,1,77.84,57085,1,0.244,0.9375,0.2824,0.6197,0.837,0.4792,0.9672,61.177,0,0,True
2026-07-29,SUP_047,Riyadh Polymers,Middle East,Chemicals,85,12.0,0.756,77.6,33.1,73.8,high,119.99,12.25,2,77.84,57085,1,0.244,0.9375,0.2824,0.6425,0.738,0.49,0.9355,59.8236,0,0,True
2026-07-30,SUP_047,Riyadh Polymers,Middle East,Chemicals,85,12.0,0.756,55.6,25.7,73.6,high,118.97,11.92,3,77.84,57085,1,0.244,0.9375,0.2824,0.4663,0.736,0.4768,0.9048,55.9749,0,0,True
2026-07-31,SUP_047,Riyadh Polymers,Middle East,Chemicals,85,12.0,0.756,51.1,27.5,32.4,low,117.03,11.56,4,77.84,57085,1,0.244,0.9375,0.2824,0.4402,0.324,0.4624,0.8752,49.0897,0,0,True
2026-08-01,SUP_047,Riyadh Polymers,Middle East,Chemicals,85,12.0,0.756,57.0,25.4,51.0,medium,118.2,10.46,5,77.84,57085,1,0.244,0.9375,0.2824,0.4752,0.51,0.4184,0.8465,51.3366,0,1,True
2026-08-02,SUP_047,Riyadh Polymers,Middle East,Chemicals,85,12.0,0.756,56.5,29.0,47.4,medium,115.25,9.64,6,77.84,57085,1,0.244,0.9375,0.2824,0.4825,0.474,0.3856,0.8187,50.1264,0,1,True
2026-08-03,SUP_047,Riyadh Polymers,Middle East,Chemicals,85,12.0,0.756,55.9,33.5,62.8,medium,117.3,9.49,7,77.84,57085,1,0.244,0.9375,0.2824,0.4918,0.628,0.3796,0.7919,51.9484,0,1,True
2026-08-04,SUP_047,Riyadh Polymers,Middle East,Chemicals,85,12.0,0.756,56.0,35.8,50.7,medium,117.44,9.47,8,77.84,57085,1,0.244,0.9375,0.2824,0.4994,0.507,0.3788,0.7659,49.9662,0,1,True
2026-08-05,SUP_047,Riyadh Polymers,Middle East,Chemicals,85,12.0,0.756,60.3,36.1,59.7,medium,115.48,7.97,9,77.84,57085,1,0.244,0.9375,0.2824,0.5304,0.597,0.3188,0.7408,50.6624,0,1,True
2026-08-06,SUP_047,Riyadh Polymers,Middle East,Chemicals,85,12.0,0.756,61.4,37.4,53.3,medium,114.17,7.96,10,77.84,57085,1,0.244,0.9375,0.2824,0.542,0.533,0.3184,0.7165,49.5818,0,1,True
2026-08-07,SUP_047,Riyadh Polymers,Middle East,Chemicals,85,12.0,0.756,57.9,30.9,55.3,medium,111.92,7.17,11,77.84,57085,1,0.244,0.9375,0.2824,0.498,0.553,0.2868,0.693,48.3148,0,1,True
2026-08-08,SUP_047,Riyadh Polymers,Middle East,Chemicals,85,12.0,0.756,55.2,31.3,37.6,low,112.45,7.17,12,77.84,57085,1,0.244,0.9375,0.2824,0.4803,0.376,0.2868,0.6703,45.1547,1,0,True
2026-08-09,SUP_047,Riyadh Polymers,Middle East,Chemicals,85,12.0,0.756,55.3,27.7,39.0,low,110.63,8.09,1,77.84,57085,1,0.244,0.9375,0.2824,0.4702,0.39,0.3236,0.9672,50.3608,0,0,True
2026-08-10,SUP_047,Riyadh Polymers,Middle East,Chemicals,85,12.0,0.756,57.7,34.2,26.8,low,111.32,8.09,2,77.84,57085,1,0.244,0.9375,0.2824,0.5065,0.268,0.3236,0.9355,48.7988,0,0,True
2026-08-11,SUP_047,Riyadh Polymers,Middle East,Chemicals,85,12.0,0.756,58.2,37.9,30.0,low,110.9,8.1,3,77.84,57085,1,0.244,0.9375,0.2824,0.5211,0.3,0.324,0.9048,49.0237,0,0,True
2026-08-12,SUP_047,Riyadh Polymers,Middle East,Chemicals,85,12.0,0.756,58.2,41.1,15.9,low,110.24,8.44,4,77.84,57085,1,0.244,0.9375,0.2824,0.5307,0.159,0.3376,0.8752,46.9111,0,0,True
2026-08-13,SUP_047,Riyadh Polymers,Middle East,Chemicals,85,12.0,0.756,59.0,49.2,18.6,low,110.94,8.45,5,77.84,57085,1,0.244,0.9375,0.2824,0.5606,0.186,0.338,0.8465,47.373,0,0,True
2026-08-14,SUP_047,Riyadh Polymers,Middle East,Chemicals,85,12.0,0.756,59.3,45.3,31.6,low,111.8,8.46,6,77.84,57085,1,0.244,0.9375,0.2824,0.551,0.316,0.3384,0.8187,48.581,0,0,True
2026-08-15,SUP_047,Riyadh Polymers,Middle East,Chemicals,85,12.0,0.756,56.0,40.9,36.3,low,113.38,8.46,7,77.84,57085,1,0.244,0.9375,0.2824,0.5147,0.363,0.3384,0.7919,48.1562,0,0,True
2026-08-16,SUP_047,Riyadh Polymers,Middle East,Chemicals,85,12.0,0.756,62.1,38.1,23.3,low,112.51,8.47,8,77.84,57085,1,0.244,0.9375,0.2824,0.549,0.233,0.3388,0.7659,46.543,0,0,True
2026-08-17,SUP_047,Riyadh Polymers,Middle East,Chemicals,85,12.0,0.756,59.8,29.2,7.4,low,112.46,8.48,9,77.84,57085,1,0.244,0.9375,0.2824,0.5062,0.074,0.3392,0.7408,43.1496,0,0,True
2026-08-18,SUP_047,Riyadh Polymers,Middle East,Chemicals,85,12.0,0.756,60.8,22.1,17.6,low,111.59,8.49,10,77.84,57085,1,0.244,0.9375,0.2824,0.4919,0.176,0.3396,0.7165,43.9364,0,0,True
2026-08-19,SUP_047,Riyadh Polymers,Middle East,Chemicals,85,12.0,0.756,51.2,27.3,35.4,low,111.82,8.5,11,77.84,57085,1,0.244,0.9375,0.2824,0.4403,0.354,0.34,0.693,45.1286,0,0,True
2026-08-20,SUP_047,Riyadh Polymers,Middle East,Chemicals,85,12.0,0.756,51.8,21.1,25.1,low,110.74,8.52,12,77.84,57085,1,0.244,0.9375,0.2824,0.4259,0.251,0.3408,0.6703,43.0735,0,0,True
2026-08-21,SUP_047,Riyadh Polymers,Middle East,Chemicals,85,12.0,0.756,48.1,17.5,45.7,medium,110.16,8.6,13,77.84,57085,1,0.244,0.9375,0.2824,0.3892,0.457,0.344,0.6483,44.9836,0,0,True
2026-08-22,SUP_047,Riyadh Polymers,Middle East,Chemicals,85,12.0,0.756,45.5,19.6,41.7,medium,109.58,9.13,14,77.84,57085,1,0.244,0.9375,0.2824,0.3773,0.417,0.3652,0.6271,44.1238,0,0,True
2026-08-23,SUP_047,Riyadh Polymers,Middle East,Chemicals,85,12.0,0.756,59.5,19.7,20.7,low,109.99,9.14,15,77.84,57085,1,0.244,0.9375,0.2824,0.4756,0.207,0.3656,0.6065,42.629,0,0,True
2026-08-24,SUP_047,Riyadh Polymers,Middle East,Chemicals,85,12.0,0.756,61.1,26.7,8.6,low,109.99,9.16,16,77.84,57085,1,0.244,0.9375,0.2824,0.5078,0.086,0.3664,0.5866,41.2061,0,0,True
2026-08-25,SUP_047,Riyadh Polymers,Middle East,Chemicals,85,12.0,0.756,67.0,28.3,21.0,low,110.69,9.18,17,77.84,57085,1,0.244,0.9375,0.2824,0.5539,0.21,0.3672,0.5674,43.4737,0,0,True
2026-08-26,SUP_047,Riyadh Polymers,Middle East,Chemicals,85,12.0,0.756,70.3,25.1,24.5,low,110.54,9.2,18,77.84,57085,1,0.244,0.9375,0.2824,0.5674,0.245,0.368,0.5488,43.9187,0,0,True
2026-08-27,SUP_047,Riyadh Polymers,Middle East,Chemicals,85,12.0,0.756,73.7,31.7,79.3,high,109.74,9.22,19,77.84,57085,1,0.244,0.9375,0.2824,0.611,0.793,0.3688,0.5308,52.0972,0,0,True
2026-08-28,SUP_047,Riyadh Polymers,Middle East,Chemicals,85,12.0,0.756,71.0,36.0,65.8,high,110.01,8.34,20,77.84,57085,1,0.244,0.9375,0.2824,0.605,0.658,0.3336,0.5134,49.3984,0,0,True
2026-08-29,SUP_047,Riyadh Polymers,Middle East,Chemicals,85,12.0,0.756,77.3,28.4,67.8,high,108.75,8.42,21,77.84,57085,1,0.244,0.9375,0.2824,0.6263,0.678,0.3368,0.4966,49.8309,0,0,True
2026-08-30,SUP_047,Riyadh Polymers,Middle East,Chemicals,85,12.0,0.756,79.0,30.7,68.4,high,109.53,8.44,22,77.84,57085,1,0.244,0.9375,0.2824,0.6451,0.684,0.3376,0.4803,50.0024,0,0,True
2026-08-31,SUP_047,Riyadh Polymers,Middle East,Chemicals,85,12.0,0.756,76.7,27.6,67.4,high,109.14,7.78,23,77.84,57085,1,0.244,0.9375,0.2824,0.6197,0.674,0.3112,0.4646,48.8365,0,0,True
2026-09-01,SUP_047,Riyadh Polymers,Middle East,Chemicals,85,12.0,0.756,75.7,24.8,64.4,medium,109.42,7.79,24,77.84,57085,1,0.244,0.9375,0.2824,0.6043,0.644,0.3116,0.4493,47.9004,0,0,True
2026-09-02,SUP_047,Riyadh Polymers,Middle East,Chemicals,85,12.0,0.756,73.0,36.2,62.4,medium,109.72,7.81,25,77.84,57085,1,0.244,0.9375,0.2824,0.6196,0.624,0.3124,0.4346,47.6697,0,0,True
2026-09-03,SUP_047,Riyadh Polymers,Middle East,Chemicals,85,12.0,0.756,71.6,36.7,26.1,low,111.92,6.06,26,77.84,57085,1,0.244,0.9375,0.2824,0.6113,0.261,0.2424,0.4204,41.3703,0,0,True
2026-09-04,SUP_047,Riyadh Polymers,Middle East,Chemicals,85,12.0,0.756,70.0,35.3,29.9,low,112.45,4.89,27,77.84,57085,1,0.244,0.9375,0.2824,0.5959,0.299,0.1956,0.4066,40.843,0,0,True
2026-09-05,SUP_047,Riyadh Polymers,Middle East,Chemicals,85,12.0,0.756,70.6,35.7,32.3,low,112.55,4.18,28,77.84,57085,1,0.244,0.9375,0.2824,0.6013,0.323,0.1672,0.3932,40.7222,0,0,True
2026-09-06,SUP_047,Riyadh Polymers,Middle East,Chemicals,85,12.0,0.756,77.5,40.2,42.9,medium,111.6,4.18,29,77.84,57085,1,0.244,0.9375,0.2824,0.6631,0.429,0.1672,0.3803,43.1123,0,0,True
2026-09-07,SUP_047,Riyadh Polymers,Middle East,Chemicals,85,12.0,0.756,69.5,35.7,28.5,low,112.7,4.18,30,77.84,57085,1,0.244,0.9375,0.2824,0.5936,0.285,0.1672,0.3679,39.6458,0,0,True
2026-09-08,SUP_047,Riyadh Polymers,Middle East,Chemicals,85,12.0,0.756,73.8,32.8,12.1,low,112.33,4.17,31,77.84,57085,1,0.244,0.9375,0.2824,0.615,0.121,0.1668,0.3558,37.5372,0,0,True
2026-09-09,SUP_047,Riyadh Polymers,Middle East,Chemicals,85,12.0,0.756,70.3,36.6,26.0,low,110.23,4.17,32,77.84,57085,1,0.244,0.9375,0.2824,0.6019,0.26,0.1668,0.3442,39.0608,0,0,True
2026-09-10,SUP_047,Riyadh Polymers,Middle East,Chemicals,85,12.0,0.756,75.0,28.4,18.3,low,109.96,4.18,33,77.84,57085,1,0.244,0.9375,0.2824,0.6102,0.183,0.1672,0.3329,37.9565,0,0,True
2026-09-11,SUP_047,Riyadh Polymers,Middle East,Chemicals,85,12.0,0.756,71.5,34.6,17.7,low,110.22,4.18,34,77.84,57085,1,0.244,0.9375,0.2824,0.6043,0.177,0.1672,0.322,37.5917,0,0,True
2026-09-12,SUP_047,Riyadh Polymers,Middle East,Chemicals,85,12.0,0.756,72.0,26.2,15.1,low,109.1,4.18,35,77.84,57085,1,0.244,0.9375,0.2824,0.5826,0.151,0.1672,0.3114,36.6682,0,0,True
2026-09-13,SUP_047,Riyadh Polymers,Middle East,Chemicals,85,12.0,0.756,69.8,26.2,13.0,low,108.94,4.18,36,77.84,57085,1,0.244,0.9375,0.2824,0.5672,0.13,0.1672,0.3012,35.9336,0,0,True
2026-09-14,SUP_047,Riyadh Polymers,Middle East,Chemicals,85,12.0,0.756,60.4,19.1,3.7,low,108.84,3.57,37,77.84,57085,1,0.244,0.9375,0.2824,0.4801,0.037,0.1428,0.2913,32.613,0,0,True
2026-09-15,SUP_047,Riyadh Polymers,Middle East,Chemicals,85,12.0,0.756,68.9,15.9,5.0,low,108.76,3.58,38,77.84,57085,1,0.244,0.9375,0.2824,0.53,0.05,0.1432,0.2818,33.5452,0,0,True
2026-09-16,SUP_047,Riyadh Polymers,Middle East,Chemicals,85,12.0,0.756,63.4,25.6,17.3,low,110.46,3.58,39,77.84,57085,1,0.244,0.9375,0.2824,0.5206,0.173,0.1432,0.2725,34.9502,0,0,True
2026-09-17,SUP_047,Riyadh Polymers,Middle East,Chemicals,85,12.0,0.756,63.6,32.5,20.4,low,108.66,3.66,40,77.84,57085,1,0.244,0.9375,0.2824,0.5427,0.204,0.1464,0.2636,35.6775,0,0,False
2026-09-18,SUP_047,Riyadh Polymers,Middle East,Chemicals,85,12.0,0.756,58.4,39.0,27.5,low,111.45,3.66,41,77.84,57085,1,0.244,0.9375,0.2824,0.5258,0.275,0.1464,0.255,36.229,0,0,False
2026-09-19,SUP_047,Riyadh Polymers,Middle East,Chemicals,85,12.0,0.756,52.6,30.7,23.5,low,111.41,3.66,42,77.84,57085,1,0.244,0.9375,0.2824,0.4603,0.235,0.1464,0.2466,34.3563,0,0,False
2026-09-20,SUP_047,Riyadh Polymers,Middle East,Chemicals,85,12.0,0.756,53.0,25.8,33.5,low,112.21,3.66,43,77.84,57085,1,0.244,0.9375,0.2824,0.4484,0.335,0.1464,0.2385,35.4127,0,0,False
2026-09-21,SUP_047,Riyadh Polymers,Middle East,Chemicals,85,12.0,0.756,51.5,29.0,27.9,low,112.38,3.66,44,77.84,57085,1,0.244,0.9375,0.2824,0.4475,0.279,0.1464,0.2307,34.4874,0,0,False
2026-09-22,SUP_047,Riyadh Polymers,Middle East,Chemicals,85,12.0,0.756,47.6,33.7,8.9,low,110.01,3.66,45,77.84,57085,1,0.244,0.9375,0.2824,0.4343,0.089,0.1464,0.2231,31.4688,0,0,False
2026-09-23,SUP_047,Riyadh Polymers,Middle East,Chemicals,85,12.0,0.756,49.6,29.7,17.1,low,108.55,3.76,46,77.84,57085,1,0.244,0.9375,0.2824,0.4363,0.171,0.1504,0.2158,32.5838,0,0,False
2026-06-01,SUP_048,Rotterdam Additives,Europe,Chemicals,12,1.6,0.957,13.3,30.9,6.4,low,98.94,0.0,999,106.01,76381,1,0.043,0.025,0.2667,0.1858,0.064,0.0,0.0,8.0171,0,0,True
2026-06-02,SUP_048,Rotterdam Additives,Europe,Chemicals,12,1.6,0.957,18.7,21.9,1.1,low,99.66,0.0,999,106.01,76381,1,0.043,0.025,0.2667,0.1966,0.011,0.0,0.0,7.4695,0,0,True
2026-06-03,SUP_048,Rotterdam Additives,Europe,Chemicals,12,1.6,0.957,12.0,11.9,14.3,low,101.82,0.0,999,106.01,76381,1,0.043,0.025,0.2667,0.1197,0.143,0.0,0.0,7.9333,0,0,True
2026-06-04,SUP_048,Rotterdam Additives,Europe,Chemicals,12,1.6,0.957,8.9,10.4,21.2,low,102.8,0.0,999,106.01,76381,1,0.043,0.025,0.2667,0.0935,0.212,0.0,0.0,8.4277,0,0,True
2026-06-05,SUP_048,Rotterdam Additives,Europe,Chemicals,12,1.6,0.957,11.0,16.8,22.9,low,105.66,6.6,999,106.01,76381,1,0.043,0.025,0.2667,0.1274,0.229,0.264,0.0,12.4439,0,0,True
2026-06-06,SUP_048,Rotterdam Additives,Europe,Chemicals,12,1.6,0.957,14.3,26.4,18.1,low,106.52,7.39,999,106.01,76381,1,0.043,0.025,0.2667,0.1793,0.181,0.2956,0.0,13.0853,0,0,True
2026-06-07,SUP_048,Rotterdam Additives,Europe,Chemicals,12,1.6,0.957,17.0,29.2,32.2,low,107.32,8.12,999,106.01,76381,1,0.043,0.025,0.2667,0.2066,0.322,0.3248,0.0,15.9011,0,0,True
2026-06-08,SUP_048,Rotterdam Additives,Europe,Chemicals,12,1.6,0.957,12.5,24.6,30.0,low,108.37,9.08,999,106.01,76381,1,0.043,0.025,0.2667,0.1613,0.3,0.3632,0.0,15.2385,0,0,True
2026-06-09,SUP_048,Rotterdam Additives,Europe,Chemicals,12,1.6,0.957,5.7,22.0,14.3,low,110.68,11.22,999,106.01,76381,1,0.043,0.025,0.2667,0.1059,0.143,0.4488,0.0,13.0705,0,0,True
2026-06-10,SUP_048,Rotterdam Additives,Europe,Chemicals,12,1.6,0.957,10.1,31.1,28.4,low,112.59,12.95,999,106.01,76381,1,0.043,0.025,0.2667,0.164,0.284,0.518,0.0,16.9207,0,0,True
2026-06-11,SUP_048,Rotterdam Additives,Europe,Chemicals,12,1.6,0.957,18.1,24.8,29.5,low,110.91,12.89,999,106.01,76381,1,0.043,0.025,0.2667,0.2011,0.295,0.5156,0.0,17.7137,0,0,True
2026-06-12,SUP_048,Rotterdam Additives,Europe,Chemicals,12,1.6,0.957,16.4,37.4,38.7,low,112.15,12.82,999,106.01,76381,1,0.043,0.025,0.2667,0.227,0.387,0.5128,0.0,19.4343,0,0,True
2026-06-13,SUP_048,Rotterdam Additives,Europe,Chemicals,12,1.6,0.957,11.2,46.9,40.6,medium,112.56,12.77,999,106.01,76381,1,0.043,0.025,0.2667,0.2191,0.406,0.5108,0.0,19.5341,0,0,True
2026-06-14,SUP_048,Rotterdam Additives,Europe,Chemicals,12,1.6,0.957,10.2,56.4,58.9,medium,112.26,12.72,999,106.01,76381,1,0.043,0.025,0.2667,0.2406,0.589,0.5088,0.0,22.4591,0,0,True
2026-06-15,SUP_048,Rotterdam Additives,Europe,Chemicals,12,1.6,0.957,13.3,55.2,47.5,medium,109.52,12.7,999,106.01,76381,1,0.043,0.025,0.2667,0.2587,0.475,0.508,0.0,21.1793,0,0,True
2026-06-16,SUP_048,Rotterdam Additives,Europe,Chemicals,12,1.6,0.957,12.9,50.4,42.0,medium,107.13,12.71,999,106.01,76381,1,0.043,0.025,0.2667,0.2415,0.42,0.5084,0.0,20.1045,0,0,True
2026-06-17,SUP_048,Rotterdam Additives,Europe,Chemicals,12,1.6,0.957,20.3,49.9,44.4,medium,106.57,12.71,999,106.01,76381,1,0.043,0.025,0.2667,0.2918,0.444,0.5084,0.0,21.3459,0,0,True
2026-06-18,SUP_048,Rotterdam Additives,Europe,Chemicals,12,1.6,0.957,24.3,52.5,36.8,low,104.3,12.73,999,106.01,76381,1,0.043,0.025,0.2667,0.3276,0.368,0.5092,0.0,20.9359,0,0,True
2026-06-19,SUP_048,Rotterdam Additives,Europe,Chemicals,12,1.6,0.957,24.3,46.4,41.3,medium,103.77,12.75,999,106.01,76381,1,0.043,0.025,0.2667,0.3093,0.413,0.51,0.0,21.2461,0,0,True
2026-06-20,SUP_048,Rotterdam Additives,Europe,Chemicals,12,1.6,0.957,14.1,38.9,9.9,low,104.88,12.77,999,106.01,76381,1,0.043,0.025,0.2667,0.2154,0.099,0.5108,0.0,15.1695,0,0,True
2026-06-21,SUP_048,Rotterdam Additives,Europe,Chemicals,12,1.6,0.957,11.4,36.8,13.0,low,103.98,12.78,999,106.01,76381,1,0.043,0.025,0.2667,0.1902,0.13,0.5112,0.0,15.1547,0,0,True
2026-06-22,SUP_048,Rotterdam Additives,Europe,Chemicals,12,1.6,0.957,9.8,32.5,15.0,low,104.11,12.8,999,106.01,76381,1,0.043,0.025,0.2667,0.1661,0.15,0.512,0.0,15.0105,0,0,True
2026-06-23,SUP_048,Rotterdam Additives,Europe,Chemicals,12,1.6,0.957,7.5,39.4,16.2,low,102.45,12.82,999,106.01,76381,1,0.043,0.025,0.2667,0.1707,0.162,0.5128,0.0,15.2709,0,0,True
2026-06-24,SUP_048,Rotterdam Additives,Europe,Chemicals,12,1.6,0.957,9.9,35.5,10.3,low,102.91,12.84,999,106.01,76381,1,0.043,0.025,0.2667,0.1758,0.103,0.5136,0.0,14.5463,0,0,True
2026-06-25,SUP_048,Rotterdam Additives,Europe,Chemicals,12,1.6,0.957,12.2,35.9,22.4,low,103.7,12.85,999,106.01,76381,1,0.043,0.025,0.2667,0.1931,0.224,0.514,0.0,16.5565,0,0,True
2026-06-26,SUP_048,Rotterdam Additives,Europe,Chemicals,12,1.6,0.957,5.1,41.0,18.4,low,101.5,12.87,999,106.01,76381,1,0.043,0.025,0.2667,0.1587,0.184,0.5148,0.0,15.3869,0,0,True
2026-06-27,SUP_048,Rotterdam Additives,Europe,Chemicals,12,1.6,0.957,10.8,46.8,21.9,low,100.33,12.9,999,106.01,76381,1,0.043,0.025,0.2667,0.216,0.219,0.516,0.0,16.9227,0,0,True
2026-06-28,SUP_048,Rotterdam Additives,Europe,Chemicals,12,1.6,0.957,12.0,46.1,22.3,low,98.37,13.47,999,106.01,76381,1,0.043,0.025,0.2667,0.2223,0.223,0.5388,0.0,17.3657,0,0,True
2026-06-29,SUP_048,Rotterdam Additives,Europe,Chemicals,12,1.6,0.957,14.6,46.5,27.6,low,99.16,13.5,999,106.01,76381,1,0.043,0.025,0.2667,0.2417,0.276,0.54,0.0,18.4713,0,0,True
2026-06-30,SUP_048,Rotterdam Additives,Europe,Chemicals,12,1.6,0.957,18.6,39.4,40.2,medium,99.41,13.52,999,106.01,76381,1,0.043,0.025,0.2667,0.2484,0.402,0.5408,0.0,20.3655,0,0,True
2026-07-01,SUP_048,Rotterdam Additives,Europe,Chemicals,12,1.6,0.957,14.9,44.1,38.2,low,99.33,13.52,999,106.01,76381,1,0.043,0.025,0.2667,0.2366,0.382,0.5408,0.0,19.8731,0,0,True
2026-07-02,SUP_048,Rotterdam Additives,Europe,Chemicals,12,1.6,0.957,21.3,49.4,42.7,medium,99.14,13.52,999,106.01,76381,1,0.043,0.025,0.2667,0.2973,0.427,0.5408,0.0,21.5957,0,0,True
2026-07-03,SUP_048,Rotterdam Additives,Europe,Chemicals,12,1.6,0.957,20.2,37.4,39.6,low,99.64,13.53,999,106.01,76381,1,0.043,0.025,0.2667,0.2536,0.396,0.5412,0.0,20.3799,0,0,True
2026-07-04,SUP_048,Rotterdam Additives,Europe,Chemicals,12,1.6,0.957,27.0,46.3,31.3,low,100.17,13.55,999,106.01,76381,1,0.043,0.025,0.2667,0.3279,0.313,0.542,0.0,20.5649,0,0,True
2026-07-05,SUP_048,Rotterdam Additives,Europe,Chemicals,12,1.6,0.957,21.4,40.9,28.4,low,99.4,13.57,999,106.01,76381,1,0.043,0.025,0.2667,0.2725,0.284,0.5428,0.0,19.1713,0,0,True
2026-07-06,SUP_048,Rotterdam Additives,Europe,Chemicals,12,1.6,0.957,27.7,43.2,24.9,low,98.42,13.61,999,106.01,76381,1,0.043,0.025,0.2667,0.3235,0.249,0.5444,0.0,19.6185,0,0,True
2026-07-07,SUP_048,Rotterdam Additives,Europe,Chemicals,12,1.6,0.957,22.0,42.4,30.2,low,98.32,13.69,999,106.01,76381,1,0.043,0.025,0.2667,0.2812,0.302,0.5476,0.0,19.6375,0,0,True
2026-07-08,SUP_048,Rotterdam Additives,Europe,Chemicals,12,1.6,0.957,33.5,40.9,29.9,low,98.03,14.02,999,106.01,76381,1,0.043,0.025,0.2667,0.3572,0.299,0.5608,0.0,21.1219,0,0,True
2026-07-09,SUP_048,Rotterdam Additives,Europe,Chemicals,12,1.6,0.957,26.6,39.0,21.3,low,101.22,14.06,999,106.01,76381,1,0.043,0.025,0.2667,0.3032,0.213,0.5624,0.0,18.9651,0,0,True
2026-07-10,SUP_048,Rotterdam Additives,Europe,Chemicals,12,1.6,0.957,30.3,33.1,20.2,low,100.63,14.09,999,106.01,76381,1,0.043,0.025,0.2667,0.3114,0.202,0.5636,0.0,18.9731,0,0,True
2026-07-11,SUP_048,Rotterdam Additives,Europe,Chemicals,12,1.6,0.957,26.8,36.2,7.3,low,101.07,14.13,999,106.01,76381,1,0.043,0.025,0.2667,0.2962,0.073,0.5652,0.0,16.9127,0,0,True
2026-07-12,SUP_048,Rotterdam Additives,Europe,Chemicals,12,1.6,0.957,28.9,34.5,10.0,low,101.8,14.18,999,106.01,76381,1,0.043,0.025,0.2667,0.3058,0.1,0.5672,0.0,17.4875,0,0,True
2026-07-13,SUP_048,Rotterdam Additives,Europe,Chemicals,12,1.6,0.957,27.0,27.7,13.7,low,103.96,13.93,999,106.01,76381,1,0.043,0.025,0.2667,0.2721,0.137,0.5572,0.0,17.2789,0,0,True
2026-07-14,SUP_048,Rotterdam Additives,Europe,Chemicals,12,1.6,0.957,20.5,23.3,33.3,low,102.71,11.28,999,106.01,76381,1,0.043,0.025,0.2667,0.2134,0.333,0.4512,0.0,17.6943,0,0,True
2026-07-15,SUP_048,Rotterdam Additives,Europe,Chemicals,12,1.6,0.957,6.9,18.3,43.7,medium,104.78,8.95,999,106.01,76381,1,0.043,0.025,0.2667,0.1032,0.437,0.358,0.0,16.0483,0,0,True
2026-07-16,SUP_048,Rotterdam Additives,Europe,Chemicals,12,1.6,0.957,20.4,18.0,29.5,low,104.55,8.4,999,106.01,76381,1,0.043,0.025,0.2667,0.1968,0.295,0.336,0.0,15.4811,0,0,True
2026-07-17,SUP_048,Rotterdam Additives,Europe,Chemicals,12,1.6,0.957,20.4,23.1,30.2,low,108.43,10.23,999,106.01,76381,1,0.043,0.025,0.2667,0.2121,0.302,0.4092,0.0,16.7329,0,0,True
2026-07-18,SUP_048,Rotterdam Additives,Europe,Chemicals,12,1.6,0.957,6.1,21.2,30.9,low,108.99,10.76,999,106.01,76381,1,0.043,0.025,0.2667,0.1063,0.309,0.4304,0.0,15.1809,0,0,True
2026-07-19,SUP_048,Rotterdam Additives,Europe,Chemicals,12,1.6,0.957,9.3,28.4,27.3,low,107.09,10.75,999,106.01,76381,1,0.043,0.025,0.2667,0.1503,0.273,0.43,0.0,15.4641,0,0,True
2026-07-20,SUP_048,Rotterdam Additives,Europe,Chemicals,12,1.6,0.957,13.9,28.7,25.2,low,106.78,10.74,999,106.01,76381,1,0.043,0.025,0.2667,0.1834,0.252,0.4296,0.0,15.7611,0,0,True
2026-07-21,SUP_048,Rotterdam Additives,Europe,Chemicals,12,1.6,0.957,11.1,28.1,21.9,low,108.85,10.73,999,106.01,76381,1,0.043,0.025,0.2667,0.162,0.219,0.4292,0.0,14.9091,0,0,True
2026-07-22,SUP_048,Rotterdam Additives,Europe,Chemicals,12,1.6,0.957,8.8,29.3,40.0,low,108.98,10.71,999,106.01,76381,1,0.043,0.025,0.2667,0.1495,0.4,0.4284,0.0,17.2085,0,0,True
2026-07-23,SUP_048,Rotterdam Additives,Europe,Chemicals,12,1.6,0.957,10.1,37.5,32.4,low,108.88,10.69,999,106.01,76381,1,0.043,0.025,0.2667,0.1832,0.324,0.4276,0.0,16.7415,0,0,True
2026-07-24,SUP_048,Rotterdam Additives,Europe,Chemicals,12,1.6,0.957,17.0,29.9,33.7,low,110.0,11.65,999,106.01,76381,1,0.043,0.025,0.2667,0.2087,0.337,0.466,0.0,17.8433,0,0,True
2026-07-25,SUP_048,Rotterdam Additives,Europe,Chemicals,12,1.6,0.957,17.6,39.4,8.1,low,109.46,11.62,999,106.01,76381,1,0.043,0.025,0.2667,0.2414,0.081,0.4648,0.0,14.8335,0,0,True
2026-07-26,SUP_048,Rotterdam Additives,Europe,Chemicals,12,1.6,0.957,24.6,43.8,20.0,low,109.14,11.59,999,106.01,76381,1,0.043,0.025,0.2667,0.3036,0.2,0.4636,0.0,17.6047,0,0,True
2026-07-27,SUP_048,Rotterdam Additives,Europe,Chemicals,12,1.6,0.957,29.0,42.3,32.2,low,107.67,11.57,999,106.01,76381,1,0.043,0.025,0.2667,0.3299,0.322,0.4628,0.0,19.7765,0,0,True
2026-07-28,SUP_048,Rotterdam Additives,Europe,Chemicals,12,1.6,0.957,26.2,47.5,20.6,low,110.35,11.86,999,106.01,76381,1,0.043,0.025,0.2667,0.3259,0.206,0.4744,0.0,18.2197,0,0,True
2026-07-29,SUP_048,Rotterdam Additives,Europe,Chemicals,12,1.6,0.957,17.6,43.9,17.0,low,108.46,11.82,999,106.01,76381,1,0.043,0.025,0.2667,0.2549,0.17,0.4728,0.0,16.4185,0,0,True
2026-07-30,SUP_048,Rotterdam Additives,Europe,Chemicals,12,1.6,0.957,16.5,44.1,23.2,low,108.72,11.79,999,106.01,76381,1,0.043,0.025,0.2667,0.2478,0.232,0.4716,0.0,17.1443,0,0,True
2026-07-31,SUP_048,Rotterdam Additives,Europe,Chemicals,12,1.6,0.957,19.3,39.9,23.8,low,109.46,11.75,999,106.01,76381,1,0.043,0.025,0.2667,0.2548,0.238,0.47,0.0,17.3351,0,0,True
2026-08-01,SUP_048,Rotterdam Additives,Europe,Chemicals,12,1.6,0.957,19.4,44.2,28.4,low,109.44,11.71,999,106.01,76381,1,0.043,0.025,0.2667,0.2684,0.284,0.4684,0.0,18.2047,0,0,True
2026-08-02,SUP_048,Rotterdam Additives,Europe,Chemicals,12,1.6,0.957,22.2,39.1,24.9,low,107.5,11.68,999,106.01,76381,1,0.043,0.025,0.2667,0.2727,0.249,0.4672,0.0,17.7777,0,0,True
2026-08-03,SUP_048,Rotterdam Additives,Europe,Chemicals,12,1.6,0.957,25.6,38.2,42.2,medium,105.95,11.66,999,106.01,76381,1,0.043,0.025,0.2667,0.2938,0.422,0.4664,0.0,20.5699,0,0,True
2026-08-04,SUP_048,Rotterdam Additives,Europe,Chemicals,12,1.6,0.957,27.0,41.3,31.7,low,106.76,11.64,999,106.01,76381,1,0.043,0.025,0.2667,0.3129,0.317,0.4656,0.0,19.4341,0,0,True
2026-08-05,SUP_048,Rotterdam Additives,Europe,Chemicals,12,1.6,0.957,24.3,45.9,54.9,medium,105.56,11.61,999,106.01,76381,1,0.043,0.025,0.2667,0.3078,0.549,0.4644,0.0,22.5759,0,0,True
2026-08-06,SUP_048,Rotterdam Additives,Europe,Chemicals,12,1.6,0.957,25.9,39.9,59.0,medium,102.35,11.6,999,106.01,76381,1,0.043,0.025,0.2667,0.301,0.59,0.464,0.0,23.0227,0,0,True
2026-08-07,SUP_048,Rotterdam Additives,Europe,Chemicals,12,1.6,0.957,35.3,43.2,58.2,medium,102.95,9.13,999,106.01,76381,1,0.043,0.025,0.2667,0.3767,0.582,0.3652,0.0,23.0877,0,0,True
2026-08-08,SUP_048,Rotterdam Additives,Europe,Chemicals,12,1.6,0.957,25.6,36.8,40.2,medium,101.6,9.13,999,106.01,76381,1,0.043,0.025,0.2667,0.2896,0.402,0.3652,0.0,18.9999,0,0,True
2026-08-09,SUP_048,Rotterdam Additives,Europe,Chemicals,12,1.6,0.957,26.8,25.2,44.9,medium,102.57,8.71,999,106.01,76381,1,0.043,0.025,0.2667,0.2632,0.449,0.3484,0.0,18.9811,0,0,True
2026-08-10,SUP_048,Rotterdam Additives,Europe,Chemicals,12,1.6,0.957,34.2,22.7,45.5,medium,102.26,8.21,999,106.01,76381,1,0.043,0.025,0.2667,0.3075,0.455,0.3284,0.0,19.6225,0,0,True
2026-08-11,SUP_048,Rotterdam Additives,Europe,Chemicals,12,1.6,0.957,26.2,28.9,20.7,low,101.87,8.21,999,106.01,76381,1,0.043,0.025,0.2667,0.2701,0.207,0.3284,0.0,15.4773,0,0,True
2026-08-12,SUP_048,Rotterdam Additives,Europe,Chemicals,12,1.6,0.957,29.7,29.8,8.8,low,101.96,8.22,999,106.01,76381,1,0.043,0.025,0.2667,0.2973,0.088,0.3288,0.0,14.3057,0,0,True
2026-08-13,SUP_048,Rotterdam Additives,Europe,Chemicals,12,1.6,0.957,33.3,27.8,16.2,low,100.19,9.55,999,106.01,76381,1,0.043,0.025,0.2667,0.3165,0.162,0.382,0.0,16.3257,0,1,True
2026-08-14,SUP_048,Rotterdam Additives,Europe,Chemicals,12,1.6,0.957,24.0,29.1,17.1,low,98.91,10.77,999,106.01,76381,1,0.043,0.025,0.2667,0.2553,0.171,0.4308,0.0,15.9357,0,1,True
2026-08-15,SUP_048,Rotterdam Additives,Europe,Chemicals,12,1.6,0.957,26.5,30.1,14.3,low,98.51,11.17,999,106.01,76381,1,0.043,0.025,0.2667,0.2758,0.143,0.4468,0.0,16.1047,0,1,True
2026-08-16,SUP_048,Rotterdam Additives,Europe,Chemicals,12,1.6,0.957,23.9,34.1,27.0,low,96.74,12.89,999,106.01,76381,1,0.043,0.025,0.2667,0.2696,0.27,0.5156,0.0,18.5967,0,1,True
2026-08-17,SUP_048,Rotterdam Additives,Europe,Chemicals,12,1.6,0.957,22.8,25.8,47.3,medium,97.85,12.93,999,106.01,76381,1,0.043,0.025,0.2667,0.237,0.473,0.5172,0.0,20.8711,0,1,True
2026-08-18,SUP_048,Rotterdam Additives,Europe,Chemicals,12,1.6,0.957,20.5,26.6,44.8,medium,97.37,12.97,999,106.01,76381,1,0.043,0.025,0.2667,0.2233,0.448,0.5188,0.0,20.2937,0,1,True
2026-08-19,SUP_048,Rotterdam Additives,Europe,Chemicals,12,1.6,0.957,26.3,28.5,41.1,medium,95.13,14.56,999,106.01,76381,1,0.043,0.025,0.2667,0.2696,0.411,0.5824,0.0,21.3723,0,1,True
2026-08-20,SUP_048,Rotterdam Additives,Europe,Chemicals,12,1.6,0.957,24.6,22.3,49.1,medium,94.26,15.47,999,106.01,76381,1,0.043,0.025,0.2667,0.2391,0.491,0.6188,0.0,22.3801,1,0,True
2026-08-21,SUP_048,Rotterdam Additives,Europe,Chemicals,12,1.6,0.957,21.4,16.9,34.4,low,94.42,15.54,1,106.01,76381,1,0.043,0.025,0.2667,0.2005,0.344,0.6216,0.9672,35.1363,0,0,True
2026-08-22,SUP_048,Rotterdam Additives,Europe,Chemicals,12,1.6,0.957,18.8,17.7,34.7,low,93.73,16.13,2,106.01,76381,1,0.043,0.025,0.2667,0.1847,0.347,0.6452,0.9355,34.6698,0,0,True
2026-08-23,SUP_048,Rotterdam Additives,Europe,Chemicals,12,1.6,0.957,17.0,20.4,29.0,low,94.34,16.21,3,106.01,76381,1,0.043,0.025,0.2667,0.1802,0.29,0.6484,0.9048,33.3385,0,0,True
2026-08-24,SUP_048,Rotterdam Additives,Europe,Chemicals,12,1.6,0.957,12.1,22.6,0.0,low,95.23,16.29,4,106.01,76381,1,0.043,0.025,0.2667,0.1525,0.0,0.6516,0.8752,28.3436,0,0,True
2026-08-25,SUP_048,Rotterdam Additives,Europe,Chemicals,12,1.6,0.957,10.7,21.6,12.4,low,98.95,16.34,5,106.01,76381,1,0.043,0.025,0.2667,0.1397,0.124,0.6536,0.8465,29.4142,0,1,True
2026-08-26,SUP_048,Rotterdam Additives,Europe,Chemicals,12,1.6,0.957,12.4,20.4,22.4,low,100.73,16.38,6,106.01,76381,1,0.043,0.025,0.2667,0.148,0.224,0.6552,0.8187,30.5388,0,1,True
2026-08-27,SUP_048,Rotterdam Additives,Europe,Chemicals,12,1.6,0.957,15.1,20.5,16.3,low,98.2,15.56,7,106.01,76381,1,0.043,0.025,0.2667,0.1672,0.163,0.6224,0.7919,29.2073,0,1,True
2026-08-28,SUP_048,Rotterdam Additives,Europe,Chemicals,12,1.6,0.957,21.3,24.3,23.4,low,97.64,15.62,8,106.01,76381,1,0.043,0.025,0.2667,0.222,0.234,0.6248,0.7659,30.8011,0,1,True
2026-08-29,SUP_048,Rotterdam Additives,Europe,Chemicals,12,1.6,0.957,21.9,32.4,22.1,low,97.23,15.68,9,106.01,76381,1,0.043,0.025,0.2667,0.2505,0.221,0.6272,0.7408,30.7592,0,1,True
2026-08-30,SUP_048,Rotterdam Additives,Europe,Chemicals,12,1.6,0.957,19.1,21.1,35.4,low,98.12,15.72,10,106.01,76381,1,0.043,0.025,0.2667,0.197,0.354,0.6288,0.7165,31.2888,0,1,True
2026-08-31,SUP_048,Rotterdam Additives,Europe,Chemicals,12,1.6,0.957,14.1,26.5,31.6,low,96.67,13.84,11,106.01,76381,1,0.043,0.025,0.2667,0.1782,0.316,0.5536,0.693,29.1401,0,1,True
2026-09-01,SUP_048,Rotterdam Additives,Europe,Chemicals,12,1.6,0.957,16.1,27.2,2.4,low,95.85,13.14,12,106.01,76381,1,0.043,0.025,0.2667,0.1943,0.024,0.5256,0.6703,24.6424,1,1,True
2026-09-02,SUP_048,Rotterdam Additives,Europe,Chemicals,12,1.6,0.957,15.8,31.1,16.4,low,93.92,13.2,1,106.01,76381,1,0.043,0.025,0.2667,0.2039,0.164,0.528,0.9672,31.5543,1,0,True
2026-09-03,SUP_048,Rotterdam Additives,Europe,Chemicals,12,1.6,0.957,15.8,37.9,14.3,low,92.99,12.79,1,106.01,76381,1,0.043,0.025,0.2667,0.2243,0.143,0.5116,0.9672,31.4307,0,0,True
2026-09-04,SUP_048,Rotterdam Additives,Europe,Chemicals,12,1.6,0.957,17.3,33.5,14.4,low,92.12,11.07,2,106.01,76381,1,0.043,0.025,0.2667,0.2216,0.144,0.4428,0.9355,30.0632,0,0,True
2026-09-05,SUP_048,Rotterdam Additives,Europe,Chemicals,12,1.6,0.957,19.9,38.7,20.2,low,91.63,11.61,3,106.01,76381,1,0.043,0.025,0.2667,0.2554,0.202,0.4644,0.9048,31.2521,0,0,True
2026-09-06,SUP_048,Rotterdam Additives,Europe,Chemicals,12,1.6,0.957,20.9,31.6,8.2,low,89.8,13.16,4,106.01,76381,1,0.043,0.025,0.2667,0.2411,0.082,0.5264,0.8752,29.584,0,0,True
2026-09-07,SUP_048,Rotterdam Additives,Europe,Chemicals,12,1.6,0.957,19.7,32.7,13.1,low,91.32,13.21,5,106.01,76381,1,0.043,0.025,0.2667,0.236,0.131,0.5284,0.8465,29.7432,0,0,True
2026-09-08,SUP_048,Rotterdam Additives,Europe,Chemicals,12,1.6,0.957,15.6,31.8,21.0,low,92.05,12.93,6,106.01,76381,1,0.043,0.025,0.2667,0.2046,0.21,0.5172,0.8187,29.7056,0,0,True
2026-09-09,SUP_048,Rotterdam Additives,Europe,Chemicals,12,1.6,0.957,13.1,32.5,25.4,low,89.8,12.68,7,106.01,76381,1,0.043,0.025,0.2667,0.1892,0.254,0.5072,0.7919,29.4949,0,0,True
2026-09-10,SUP_048,Rotterdam Additives,Europe,Chemicals,12,1.6,0.957,17.8,27.7,19.7,low,89.84,12.73,8,106.01,76381,1,0.043,0.025,0.2667,0.2077,0.197,0.5092,0.7659,28.6385,0,0,True
2026-09-11,SUP_048,Rotterdam Additives,Europe,Chemicals,12,1.6,0.957,15.8,31.1,30.2,low,87.42,14.01,9,106.01,76381,1,0.043,0.025,0.2667,0.2039,0.302,0.5604,0.7408,30.2528,0,0,True
2026-09-12,SUP_048,Rotterdam Additives,Europe,Chemicals,12,1.6,0.957,9.8,40.0,19.7,low,89.5,14.06,10,106.01,76381,1,0.043,0.025,0.2667,0.1886,0.197,0.5624,0.7165,28.1428,0,0,True
2026-09-13,SUP_048,Rotterdam Additives,Europe,Chemicals,12,1.6,0.957,16.5,34.2,15.2,low,92.0,14.09,11,106.01,76381,1,0.043,0.025,0.2667,0.2181,0.152,0.5636,0.693,27.6823,0,0,True
2026-09-14,SUP_048,Rotterdam Additives,Europe,Chemicals,12,1.6,0.957,12.3,35.3,16.4,low,91.91,14.13,12,106.01,76381,1,0.043,0.025,0.2667,0.192,0.164,0.5652,0.6703,27.0362,0,0,True
2026-09-15,SUP_048,Rotterdam Additives,Europe,Chemicals,12,1.6,0.957,13.3,39.7,21.3,low,90.59,14.16,13,106.01,76381,1,0.043,0.025,0.2667,0.2122,0.213,0.5664,0.6483,27.7486,0,0,True
2026-09-16,SUP_048,Rotterdam Additives,Europe,Chemicals,12,1.6,0.957,16.3,37.5,19.2,low,89.56,14.2,14,106.01,76381,1,0.043,0.025,0.2667,0.2266,0.192,0.568,0.6271,27.3929,0,0,True
2026-09-17,SUP_048,Rotterdam Additives,Europe,Chemicals,12,1.6,0.957,16.6,44.3,32.0,low,88.86,14.24,15,106.01,76381,1,0.043,0.025,0.2667,0.2491,0.32,0.5696,0.6065,29.2802,0,0,False
2026-09-18,SUP_048,Rotterdam Additives,Europe,Chemicals,12,1.6,0.957,5.1,40.6,33.0,low,88.7,14.27,16,106.01,76381,1,0.043,0.025,0.2667,0.1575,0.33,0.5708,0.5866,27.4676,0,0,False
2026-09-19,SUP_048,Rotterdam Additives,Europe,Chemicals,12,1.6,0.957,8.8,39.2,31.7,low,90.82,14.29,17,106.01,76381,1,0.043,0.025,0.2667,0.1792,0.317,0.5716,0.5674,27.3781,0,0,False
2026-09-20,SUP_048,Rotterdam Additives,Europe,Chemicals,12,1.6,0.957,16.5,33.3,32.4,low,92.3,14.3,18,106.01,76381,1,0.043,0.025,0.2667,0.2154,0.324,0.572,0.5488,27.8349,0,0,False
2026-09-21,SUP_048,Rotterdam Additives,Europe,Chemicals,12,1.6,0.957,20.5,34.2,37.4,low,93.8,14.3,19,106.01,76381,1,0.043,0.025,0.2667,0.2461,0.374,0.572,0.5308,28.7996,0,0,False
2026-09-22,SUP_048,Rotterdam Additives,Europe,Chemicals,12,1.6,0.957,10.0,34.4,36.5,low,94.06,14.3,20,106.01,76381,1,0.043,0.025,0.2667,0.1732,0.365,0.572,0.5134,27.0829,0,0,False
2026-09-23,SUP_048,Rotterdam Additives,Europe,Chemicals,12,1.6,0.957,21.3,37.8,16.9,low,92.28,14.32,21,106.01,76381,1,0.043,0.025,0.2667,0.2625,0.169,0.5728,0.4966,25.6866,0,0,False
