date,supplier_id,weather_risk_index,weather_risk_level,geopolitical_risk_index,port_congestion_index,commodity_price_index
2026-06-01,SUP_001,41.6,medium,31.4,23.4,100.66
2026-06-02,SUP_001,32.9,low,29.0,14.0,101.27
2026-06-03,SUP_001,35.4,low,32.1,7.3,101.42
2026-06-04,SUP_001,47.5,medium,41.2,11.6,102.04
2026-06-05,SUP_001,37.8,low,35.5,15.3,102.39
2026-06-06,SUP_001,31.2,low,37.7,17.6,103.23
2026-06-07,SUP_001,39.8,low,47.0,26.6,103.44
2026-06-08,SUP_001,39.1,low,38.4,13.8,103.19
2026-06-09,SUP_001,46.5,medium,32.9,19.1,103.42
2026-06-10,SUP_001,46.0,medium,32.2,29.7,101.36
2026-06-11,SUP_001,52.3,medium,31.2,24.5,101.63
2026-06-12,SUP_001,40.9,medium,36.7,24.1,99.06
2026-06-13,SUP_001,41.8,medium,38.6,21.8,97.85
2026-06-14,SUP_001,40.6,medium,30.7,19.0,98.17
2026-06-15,SUP_001,30.5,low,52.9,19.7,98.5
2026-06-16,SUP_001,19.6,low,51.2,29.5,97.69
2026-06-17,SUP_001,32.3,low,58.5,40.0,97.18
2026-06-18,SUP_001,32.2,low,55.8,37.5,98.15
2026-06-19,SUP_001,26.0,low,53.4,47.2,97.81
2026-06-20,SUP_001,29.8,low,57.0,45.5,99.39
2026-06-21,SUP_001,44.1,medium,61.0,53.2,99.39
2026-06-22,SUP_001,23.2,low,63.0,50.0,99.67
2026-06-23,SUP_001,14.8,low,54.6,48.4,100.81
2026-06-24,SUP_001,13.8,low,57.9,48.3,100.9
2026-06-25,SUP_001,35.1,low,53.3,63.1,100.2
2026-06-26,SUP_001,40.2,medium,55.4,63.3,100.12
2026-06-27,SUP_001,48.5,medium,49.4,55.4,100.1
2026-06-28,SUP_001,37.1,low,53.1,57.4,99.14
2026-06-29,SUP_001,28.7,low,32.3,52.1,98.95
2026-06-30,SUP_001,36.9,low,27.7,47.0,98.43
2026-07-01,SUP_001,39.5,low,33.2,50.0,99.08
2026-07-02,SUP_001,45.9,medium,35.7,47.9,99.11
2026-07-03,SUP_001,44.0,medium,33.7,47.4,98.91
2026-07-04,SUP_001,46.8,medium,41.8,45.6,98.83
2026-07-05,SUP_001,47.8,medium,39.8,45.8,98.99
2026-07-06,SUP_001,54.3,medium,40.3,46.4,99.42
2026-07-07,SUP_001,59.5,medium,41.8,34.5,98.72
2026-07-08,SUP_001,40.8,medium,38.9,38.1,97.99
2026-07-09,SUP_001,21.1,low,41.6,32.5,98.77
2026-07-10,SUP_001,36.3,low,39.1,25.2,98.48
2026-07-11,SUP_001,49.5,medium,37.6,26.4,97.48
2026-07-12,SUP_001,38.9,low,44.7,28.1,97.79
2026-07-13,SUP_001,58.5,medium,39.4,25.5,98.12
2026-07-14,SUP_001,64.8,medium,28.3,31.3,97.04
2026-07-15,SUP_001,77.3,high,38.0,24.8,97.2
2026-07-16,SUP_001,94.7,high,50.7,24.2,97.72
2026-07-17,SUP_001,95.8,high,47.5,22.7,97.98
2026-07-18,SUP_001,88.5,high,37.5,24.3,98.43
2026-07-19,SUP_001,78.2,high,36.7,27.4,97.44
2026-07-20,SUP_001,43.6,medium,36.1,23.2,97.67
2026-07-21,SUP_001,80.6,high,36.1,28.8,97.46
2026-07-22,SUP_001,72.1,high,31.7,30.1,97.12
2026-07-23,SUP_001,94.2,high,36.0,20.8,97.73
2026-07-24,SUP_001,100.0,high,39.4,12.6,98.77
2026-07-25,SUP_001,100.0,high,32.7,15.9,100.04
2026-07-26,SUP_001,97.2,high,37.4,17.6,100.96
2026-07-27,SUP_001,100.0,high,47.8,19.7,100.88
2026-07-28,SUP_001,64.0,medium,47.8,21.8,101.13
2026-07-29,SUP_001,63.4,medium,45.3,25.0,101.67
2026-07-30,SUP_001,70.4,high,44.1,31.5,101.76
2026-07-31,SUP_001,69.9,high,46.7,26.2,101.85
2026-08-01,SUP_001,70.5,high,37.8,21.3,102.43
2026-08-02,SUP_001,70.0,high,39.2,17.6,102.39
2026-08-03,SUP_001,66.9,high,37.8,21.7,101.87
2026-08-04,SUP_001,44.9,medium,47.2,30.3,101.58
2026-08-05,SUP_001,45.7,medium,45.6,28.7,102.03
2026-08-06,SUP_001,40.4,medium,52.9,16.5,102.03
2026-08-07,SUP_001,29.7,low,46.1,10.3,102.27
2026-08-08,SUP_001,49.1,medium,48.2,9.6,102.74
2026-08-09,SUP_001,64.1,medium,48.8,10.5,102.48
2026-08-10,SUP_001,71.9,high,43.7,12.0,103.01
2026-08-11,SUP_001,67.5,high,44.3,15.7,103.28
2026-08-12,SUP_001,74.4,high,49.7,16.9,102.41
2026-08-13,SUP_001,67.2,high,47.0,25.2,103.42
2026-08-14,SUP_001,63.5,medium,38.2,23.1,103.07
2026-08-15,SUP_001,48.8,medium,38.7,20.3,101.91
2026-08-16,SUP_001,51.5,medium,34.9,25.0,101.17
2026-08-17,SUP_001,50.4,medium,34.4,18.4,100.45
2026-08-18,SUP_001,37.0,low,35.1,23.0,100.49
2026-08-19,SUP_001,38.5,low,28.1,25.3,100.3
2026-08-20,SUP_001,39.4,low,22.5,26.0,100.06
2026-08-21,SUP_001,57.5,medium,27.7,35.7,100.49
2026-08-22,SUP_001,62.6,medium,27.4,32.3,100.73
2026-08-23,SUP_001,58.3,medium,17.4,43.6,100.96
2026-08-24,SUP_001,57.3,medium,24.8,41.1,101.24
2026-08-25,SUP_001,54.6,medium,28.7,33.5,101.68
2026-08-26,SUP_001,50.3,medium,27.3,34.1,100.19
2026-08-27,SUP_001,39.0,low,23.3,28.5,99.94
2026-08-28,SUP_001,39.1,low,30.0,25.5,98.4
2026-08-29,SUP_001,33.7,low,33.5,29.1,98.43
2026-08-30,SUP_001,24.9,low,46.1,32.9,98.43
2026-08-31,SUP_001,34.7,low,47.4,29.9,99.16
2026-09-01,SUP_001,40.9,medium,48.5,35.9,100.0
2026-09-02,SUP_001,25.4,low,46.7,41.8,100.14
2026-09-03,SUP_001,29.1,low,49.9,48.4,99.79
2026-09-04,SUP_001,42.3,medium,51.7,49.2,100.13
2026-09-05,SUP_001,52.8,medium,56.1,54.2,99.76
2026-09-06,SUP_001,60.3,medium,51.5,41.4,99.76
2026-09-07,SUP_001,56.9,medium,48.1,38.8,100.45
2026-09-08,SUP_001,46.1,medium,44.9,33.7,100.06
2026-09-09,SUP_001,35.8,low,48.2,34.5,100.63
2026-09-10,SUP_001,41.3,medium,54.4,31.6,101.1
2026-09-11,SUP_001,45.7,medium,50.3,31.2,100.43
2026-09-12,SUP_001,57.5,medium,47.1,41.7,101.12
2026-09-13,SUP_001,64.5,medium,47.8,39.8,101.61
2026-09-14,SUP_001,58.4,medium,45.8,41.2,101.68
2026-09-15,SUP_001,43.5,medium,49.7,39.1,101.14
2026-09-16,SUP_001,41.0,medium,37.9,38.9,100.54
2026-09-17,SUP_001,44.0,medium,34.6,38.3,100.16
2026-09-18,SUP_001,42.4,medium,32.0,40.2,100.54
2026-09-19,SUP_001,37.7,low,22.5,45.5,99.87
2026-09-20,SUP_001,41.8,medium,20.8,52.6,100.18
2026-09-21,SUP_001,38.0,low,19.7,51.6,99.3
2026-09-22,SUP_001,33.9,low,22.1,52.2,99.16
2026-09-23,SUP_001,39.6,low,30.3,43.6,99.24
2026-06-01,SUP_002,52.2,medium,70.0,41.7,99.91
2026-06-02,SUP_002,50.3,medium,60.2,43.6,99.68
2026-06-03,SUP_002,41.6,medium,65.3,55.9,99.41
2026-06-04,SUP_002,28.0,low,63.4,60.1,99.73
2026-06-05,SUP_002,34.4,low,63.1,60.2,99.85
2026-06-06,SUP_002,31.1,low,61.4,57.1,100.15
2026-06-07,SUP_002,37.0,low,61.5,54.7,100.15
2026-06-08,SUP_002,27.5,low,58.7,43.5,100.38
2026-06-09,SUP_002,28.0,low,64.0,46.6,100.19
2026-06-10,SUP_002,36.9,low,59.4,52.3,101.21
2026-06-11,SUP_002,45.6,medium,63.1,44.4,100.49
2026-06-12,SUP_002,52.5,medium,57.8,42.5,101.07
2026-06-13,SUP_002,41.7,medium,56.0,38.3,101.7
2026-06-14,SUP_002,53.7,medium,49.7,35.7,101.31
2026-06-15,SUP_002,47.3,medium,51.6,38.9,102.33
2026-06-16,SUP_002,55.9,medium,57.9,30.3,102.79
2026-06-17,SUP_002,56.3,medium,56.1,37.3,103.23
2026-06-18,SUP_002,44.0,medium,53.9,43.9,103.25
2026-06-19,SUP_002,44.6,medium,47.8,44.2,103.15
2026-06-20,SUP_002,51.3,medium,46.7,32.8,103.05
2026-06-21,SUP_002,58.7,medium,39.4,30.9,103.23
2026-06-22,SUP_002,57.2,medium,36.3,41.0,103.87
2026-06-23,SUP_002,71.6,high,39.1,28.5,103.96
2026-06-24,SUP_002,77.5,high,46.7,30.6,103.54
2026-06-25,SUP_002,70.3,high,60.2,28.0,103.92
2026-06-26,SUP_002,74.1,high,55.6,36.3,104.34
2026-06-27,SUP_002,88.0,high,61.3,35.6,104.64
2026-06-28,SUP_002,98.7,high,60.4,40.6,104.98
2026-06-29,SUP_002,77.1,high,57.9,45.8,104.86
2026-06-30,SUP_002,63.8,medium,58.4,56.8,104.43
2026-07-01,SUP_002,76.1,high,57.2,55.5,104.03
2026-07-02,SUP_002,61.8,medium,56.3,57.4,103.28
2026-07-03,SUP_002,48.6,medium,53.1,49.2,103.39
2026-07-04,SUP_002,46.4,medium,45.7,56.3,103.35
2026-07-05,SUP_002,53.2,medium,38.8,52.1,103.15
2026-07-06,SUP_002,53.5,medium,43.2,49.6,101.79
2026-07-07,SUP_002,48.6,medium,42.6,50.3,101.22
2026-07-08,SUP_002,44.7,medium,40.6,42.8,101.74
2026-07-09,SUP_002,41.4,medium,41.8,45.8,101.43
2026-07-10,SUP_002,37.4,low,46.5,52.3,101.6
2026-07-11,SUP_002,63.7,medium,47.6,54.2,100.96
2026-07-12,SUP_002,65.0,high,44.5,46.0,101.62
2026-07-13,SUP_002,71.5,high,50.8,46.7,101.55
2026-07-14,SUP_002,63.6,medium,57.9,51.8,101.69
2026-07-15,SUP_002,60.5,medium,58.8,42.4,102.75
2026-07-16,SUP_002,53.2,medium,61.8,38.6,103.45
2026-07-17,SUP_002,29.9,low,65.6,45.7,103.31
2026-07-18,SUP_002,24.1,low,68.3,48.5,103.04
2026-07-19,SUP_002,15.8,low,68.2,51.7,102.89
2026-07-20,SUP_002,30.6,low,68.0,62.0,103.12
2026-07-21,SUP_002,32.7,low,67.5,63.4,103.07
2026-07-22,SUP_002,57.5,medium,59.3,65.6,102.89
2026-07-23,SUP_002,63.5,medium,61.0,78.3,103.56
2026-07-24,SUP_002,80.4,high,52.6,73.7,103.51
2026-07-25,SUP_002,84.8,high,48.1,66.7,104.57
2026-07-26,SUP_002,91.7,high,54.3,67.2,104.61
2026-07-27,SUP_002,56.1,medium,57.3,67.7,105.43
2026-07-28,SUP_002,61.4,medium,63.0,63.0,105.59
2026-07-29,SUP_002,67.3,high,59.4,56.3,106.03
2026-07-30,SUP_002,59.6,medium,52.3,68.3,105.7
2026-07-31,SUP_002,64.4,medium,50.5,68.0,105.31
2026-08-01,SUP_002,68.1,high,50.6,62.2,105.52
2026-08-02,SUP_002,60.5,medium,50.6,66.0,105.97
2026-08-03,SUP_002,49.4,medium,55.6,63.7,105.99
2026-08-04,SUP_002,40.6,medium,52.7,61.1,105.4
2026-08-05,SUP_002,45.8,medium,53.7,63.1,104.78
2026-08-06,SUP_002,51.9,medium,48.1,55.1,104.12
2026-08-07,SUP_002,46.0,medium,50.3,57.0,103.31
2026-08-08,SUP_002,49.3,medium,49.9,66.7,103.36
2026-08-09,SUP_002,56.7,medium,46.1,67.4,103.88
2026-08-10,SUP_002,62.8,medium,45.3,63.6,103.87
2026-08-11,SUP_002,76.0,high,44.8,59.6,102.83
2026-08-12,SUP_002,83.3,high,44.0,56.8,102.75
2026-08-13,SUP_002,67.7,high,53.0,55.2,102.67
2026-08-14,SUP_002,80.9,high,51.8,53.2,103.63
2026-08-15,SUP_002,70.2,high,50.1,58.3,102.97
2026-08-16,SUP_002,76.8,high,39.8,48.6,102.79
2026-08-17,SUP_002,72.8,high,36.8,54.1,103.57
2026-08-18,SUP_002,65.3,high,37.2,52.3,103.78
2026-08-19,SUP_002,46.7,medium,35.6,54.7,104.03
2026-08-20,SUP_002,47.9,medium,44.0,48.8,104.09
2026-08-21,SUP_002,36.0,low,43.8,56.7,104.24
2026-08-22,SUP_002,50.5,medium,50.6,63.0,104.6
2026-08-23,SUP_002,66.4,high,50.5,66.9,104.22
2026-08-24,SUP_002,56.9,medium,50.3,57.1,104.63
2026-08-25,SUP_002,60.0,medium,49.5,61.2,104.0
2026-08-26,SUP_002,52.8,medium,49.3,62.4,104.15
2026-08-27,SUP_002,48.3,medium,57.3,52.8,104.23
2026-08-28,SUP_002,57.9,medium,44.9,53.0,103.95
2026-08-29,SUP_002,57.5,medium,35.8,55.2,103.94
2026-08-30,SUP_002,73.8,high,35.1,58.1,103.65
2026-08-31,SUP_002,65.4,high,37.1,58.6,103.16
2026-09-01,SUP_002,72.8,high,42.0,59.6,103.0
2026-09-02,SUP_002,70.0,high,45.1,66.7,102.49
2026-09-03,SUP_002,74.4,high,43.8,71.4,102.64
2026-09-04,SUP_002,66.1,high,49.2,53.8,102.11
2026-09-05,SUP_002,63.6,medium,53.9,52.3,102.44
2026-09-06,SUP_002,61.2,medium,53.9,51.9,101.89
2026-09-07,SUP_002,52.6,medium,57.6,43.1,101.63
2026-09-08,SUP_002,60.1,medium,57.4,45.4,101.35
2026-09-09,SUP_002,65.6,high,53.4,53.4,101.96
2026-09-10,SUP_002,69.2,high,55.9,47.9,102.11
2026-09-11,SUP_002,80.6,high,55.2,50.7,102.01
2026-09-12,SUP_002,88.4,high,54.1,46.6,102.24
2026-09-13,SUP_002,77.3,high,60.2,44.3,101.27
2026-09-14,SUP_002,75.9,high,46.7,53.7,101.25
2026-09-15,SUP_002,65.7,high,40.2,51.0,102.17
2026-09-16,SUP_002,64.0,medium,35.8,54.1,102.23
2026-09-17,SUP_002,56.9,medium,35.9,44.3,102.26
2026-09-18,SUP_002,72.2,high,36.5,55.7,102.51
2026-09-19,SUP_002,72.0,high,31.1,58.8,102.92
2026-09-20,SUP_002,66.5,high,28.9,57.3,102.01
2026-09-21,SUP_002,75.4,high,27.7,60.0,101.24
2026-09-22,SUP_002,51.0,medium,42.4,51.8,101.33
2026-09-23,SUP_002,34.1,low,51.8,58.5,101.0
2026-06-01,SUP_003,64.0,medium,49.8,48.4,99.45
2026-06-02,SUP_003,63.4,medium,46.5,46.4,99.8
2026-06-03,SUP_003,65.7,high,36.1,53.5,101.09
2026-06-04,SUP_003,74.8,high,30.4,57.1,100.26
2026-06-05,SUP_003,55.2,medium,18.5,65.8,99.34
2026-06-06,SUP_003,65.9,high,20.3,76.1,97.57
2026-06-07,SUP_003,65.0,high,22.1,67.5,95.99
2026-06-08,SUP_003,62.4,medium,22.4,66.0,93.28
2026-06-09,SUP_003,48.7,medium,29.9,58.1,94.36
2026-06-10,SUP_003,56.7,medium,36.8,53.6,97.05
2026-06-11,SUP_003,35.6,low,36.2,50.5,99.16
2026-06-12,SUP_003,48.2,medium,26.3,45.6,96.75
2026-06-13,SUP_003,37.9,low,31.0,41.5,97.82
2026-06-14,SUP_003,44.4,medium,34.7,42.7,99.94
2026-06-15,SUP_003,47.7,medium,36.6,38.2,99.26
2026-06-16,SUP_003,62.1,medium,41.5,45.1,99.41
2026-06-17,SUP_003,60.4,medium,35.5,41.8,96.43
2026-06-18,SUP_003,54.4,medium,45.4,58.6,96.82
2026-06-19,SUP_003,51.6,medium,39.7,55.6,95.24
2026-06-20,SUP_003,66.0,high,43.0,55.9,95.54
2026-06-21,SUP_003,70.0,high,34.3,49.0,93.22
2026-06-22,SUP_003,64.4,medium,30.4,58.9,94.03
2026-06-23,SUP_003,61.6,medium,38.7,64.2,95.55
2026-06-24,SUP_003,47.2,medium,37.4,64.4,94.39
2026-06-25,SUP_003,54.5,medium,41.5,55.9,92.7
2026-06-26,SUP_003,40.1,medium,42.1,56.8,89.5
2026-06-27,SUP_003,52.5,medium,41.0,50.7,89.1
2026-06-28,SUP_003,56.1,medium,47.0,59.0,88.24
2026-06-29,SUP_003,79.7,high,44.5,62.7,85.94
2026-06-30,SUP_003,65.1,high,35.1,62.0,86.61
2026-07-01,SUP_003,63.3,medium,31.7,48.1,85.94
2026-07-02,SUP_003,79.7,high,35.3,44.0,84.34
2026-07-03,SUP_003,86.3,high,37.6,49.3,83.52
2026-07-04,SUP_003,73.8,high,30.2,56.5,85.11
2026-07-05,SUP_003,72.9,high,27.9,62.1,86.01
2026-07-06,SUP_003,70.2,high,26.7,52.7,85.81
2026-07-07,SUP_003,70.8,high,26.6,54.6,86.73
2026-07-08,SUP_003,62.1,medium,21.8,60.0,85.01
2026-07-09,SUP_003,61.2,medium,21.3,50.5,85.06
2026-07-10,SUP_003,46.6,medium,20.3,51.2,85.27
2026-07-11,SUP_003,51.7,medium,26.6,53.2,84.58
2026-07-12,SUP_003,58.5,medium,32.2,51.9,85.22
2026-07-13,SUP_003,57.2,medium,32.4,42.6,84.06
2026-07-14,SUP_003,43.5,medium,31.3,42.7,84.82
2026-07-15,SUP_003,57.3,medium,33.0,42.8,85.64
2026-07-16,SUP_003,61.8,medium,29.9,43.9,81.31
2026-07-17,SUP_003,55.1,medium,25.7,42.6,83.08
2026-07-18,SUP_003,54.3,medium,23.1,42.1,78.55
2026-07-19,SUP_003,42.3,medium,22.3,43.8,77.64
2026-07-20,SUP_003,37.7,low,19.1,47.8,79.16
2026-07-21,SUP_003,38.8,low,22.7,47.3,78.69
2026-07-22,SUP_003,56.0,medium,28.5,46.3,76.51
2026-07-23,SUP_003,51.6,medium,22.4,48.1,74.89
2026-07-24,SUP_003,60.1,medium,24.8,39.0,76.41
2026-07-25,SUP_003,55.6,medium,25.8,43.9,73.56
2026-07-26,SUP_003,59.5,medium,29.2,45.6,75.24
2026-07-27,SUP_003,58.8,medium,30.5,47.2,75.15
2026-07-28,SUP_003,67.7,high,24.7,53.4,73.38
2026-07-29,SUP_003,61.3,medium,20.7,43.4,72.52
2026-07-30,SUP_003,46.9,medium,23.5,34.7,71.01
2026-07-31,SUP_003,37.9,low,30.5,39.2,72.29
2026-08-01,SUP_003,39.0,low,21.1,41.5,73.38
2026-08-02,SUP_003,33.2,low,25.3,44.5,70.83
2026-08-03,SUP_003,44.2,medium,32.9,43.6,70.23
2026-08-04,SUP_003,44.3,medium,32.9,48.8,70.0
2026-08-05,SUP_003,70.7,high,36.3,54.7,70.87
2026-08-06,SUP_003,52.5,medium,33.2,57.3,70.0
2026-08-07,SUP_003,56.7,medium,33.4,55.5,71.25
2026-08-08,SUP_003,47.6,medium,26.4,44.4,71.2
2026-08-09,SUP_003,46.6,medium,17.0,50.0,70.0
2026-08-10,SUP_003,51.8,medium,24.6,57.2,70.0
2026-08-11,SUP_003,32.8,low,22.0,60.3,70.0
2026-08-12,SUP_003,42.3,medium,22.2,54.8,70.0
2026-08-13,SUP_003,64.8,medium,18.0,58.4,70.0
2026-08-14,SUP_003,59.9,medium,14.3,62.4,70.0
2026-08-15,SUP_003,62.9,medium,17.0,69.5,70.0
2026-08-16,SUP_003,72.1,high,16.7,62.7,70.0
2026-08-17,SUP_003,68.1,high,21.7,60.4,70.0
2026-08-18,SUP_003,61.2,medium,26.3,63.5,70.0
2026-08-19,SUP_003,40.3,medium,29.6,62.5,70.0
2026-08-20,SUP_003,87.0,high,32.0,55.5,70.0
2026-08-21,SUP_003,100.0,high,40.4,57.6,70.0
2026-08-22,SUP_003,100.0,high,34.9,60.3,70.0
2026-08-23,SUP_003,100.0,high,35.1,60.0,70.0
2026-08-24,SUP_003,100.0,high,40.9,60.4,70.0
2026-08-25,SUP_003,100.0,high,46.5,58.2,70.0
2026-08-26,SUP_003,100.0,high,38.5,65.5,70.0
2026-08-27,SUP_003,75.0,high,36.9,59.2,70.0
2026-08-28,SUP_003,59.2,medium,43.5,55.5,70.0
2026-08-29,SUP_003,47.0,medium,45.1,55.5,70.0
2026-08-30,SUP_003,44.6,medium,45.0,60.0,70.0
2026-08-31,SUP_003,66.8,high,42.9,51.4,70.0
2026-09-01,SUP_003,76.0,high,40.3,45.0,70.0
2026-09-02,SUP_003,73.4,high,41.4,35.8,70.0
2026-09-03,SUP_003,61.8,medium,39.7,38.8,70.0
2026-09-04,SUP_003,57.0,medium,39.2,35.4,70.0
2026-09-05,SUP_003,58.9,medium,39.4,36.3,70.0
2026-09-06,SUP_003,60.0,medium,36.0,42.6,70.0
2026-09-07,SUP_003,59.7,medium,38.8,41.1,70.0
2026-09-08,SUP_003,60.0,medium,52.5,44.4,70.0
2026-09-09,SUP_003,58.5,medium,41.9,44.4,70.0
2026-09-10,SUP_003,46.0,medium,42.8,49.5,70.0
2026-09-11,SUP_003,45.2,medium,38.5,52.8,70.0
2026-09-12,SUP_003,57.9,medium,41.2,49.5,70.0
2026-09-13,SUP_003,46.2,medium,40.9,49.5,70.0
2026-09-14,SUP_003,48.4,medium,44.1,55.8,70.0
2026-09-15,SUP_003,44.2,medium,48.8,57.7,70.0
2026-09-16,SUP_003,49.7,medium,48.1,50.0,70.0
2026-09-17,SUP_003,49.2,medium,51.9,54.2,70.0
2026-09-18,SUP_003,66.1,high,38.7,48.6,70.0
2026-09-19,SUP_003,69.7,high,46.1,57.0,70.0
2026-09-20,SUP_003,55.7,medium,46.7,62.1,70.0
2026-09-21,SUP_003,63.5,medium,50.5,62.6,70.0
2026-09-22,SUP_003,55.9,medium,42.8,62.2,70.0
2026-09-23,SUP_003,52.1,medium,38.2,60.1,70.0
2026-06-01,SUP_004,4.7,low,59.7,34.0,99.98
2026-06-02,SUP_004,25.3,low,56.3,30.7,99.7
2026-06-03,SUP_004,62.3,medium,55.8,23.6,99.74
2026-06-04,SUP_004,46.7,medium,57.7,25.8,101.35
2026-06-05,SUP_004,44.3,medium,54.7,23.1,101.84
2026-06-06,SUP_004,56.2,medium,52.0,25.3,102.45
2026-06-07,SUP_004,55.4,medium,47.0,22.6,102.94
2026-06-08,SUP_004,52.7,medium,51.1,18.7,103.79
2026-06-09,SUP_004,68.3,high,55.3,22.4,103.68
2026-06-10,SUP_004,24.0,low,83.7,25.0,102.49
2026-06-11,SUP_004,18.1,low,89.0,29.6,102.38
2026-06-12,SUP_004,23.0,low,89.3,41.9,102.85
2026-06-13,SUP_004,28.4,low,91.0,42.3,102.29
2026-06-14,SUP_004,33.4,low,92.0,43.8,102.19
2026-06-15,SUP_004,41.0,medium,91.0,36.8,101.79
2026-06-16,SUP_004,40.1,medium,88.1,29.8,102.66
2026-06-17,SUP_004,42.1,medium,98.6,38.9,103.09
2026-06-18,SUP_004,36.7,low,94.9,33.4,103.47
2026-06-19,SUP_004,35.6,low,90.8,28.2,103.83
2026-06-20,SUP_004,35.2,low,92.5,29.0,103.81
2026-06-21,SUP_004,35.9,low,93.0,29.4,103.93
2026-06-22,SUP_004,41.6,medium,85.6,25.5,103.24
2026-06-23,SUP_004,43.8,medium,91.4,25.3,101.97
2026-06-24,SUP_004,40.8,medium,64.2,33.2,102.05
2026-06-25,SUP_004,30.6,low,58.6,29.3,102.24
2026-06-26,SUP_004,31.1,low,64.7,22.8,102.95
2026-06-27,SUP_004,30.5,low,67.3,29.6,103.86
2026-06-28,SUP_004,32.2,low,60.5,33.0,104.77
2026-06-29,SUP_004,52.1,medium,69.2,30.0,104.19
2026-06-30,SUP_004,41.7,medium,71.2,22.4,103.99
2026-07-01,SUP_004,42.7,medium,69.8,20.4,104.26
2026-07-02,SUP_004,49.4,medium,76.1,22.3,105.73
2026-07-03,SUP_004,45.5,medium,74.8,30.3,106.59
2026-07-04,SUP_004,63.2,medium,72.7,25.6,107.24
2026-07-05,SUP_004,51.4,medium,68.0,26.5,107.02
2026-07-06,SUP_004,49.1,medium,69.9,31.4,106.51
2026-07-07,SUP_004,36.9,low,70.9,19.4,106.96
2026-07-08,SUP_004,31.9,low,69.7,27.2,106.32
2026-07-09,SUP_004,33.8,low,64.8,22.1,106.19
2026-07-10,SUP_004,40.7,medium,65.0,25.8,106.12
2026-07-11,SUP_004,40.9,medium,64.2,28.5,107.04
2026-07-12,SUP_004,49.9,medium,57.5,35.2,106.84
2026-07-13,SUP_004,44.0,medium,51.2,38.0,105.42
2026-07-14,SUP_004,37.4,low,55.5,25.1,105.72
2026-07-15,SUP_004,60.6,medium,44.2,22.4,105.31
2026-07-16,SUP_004,56.6,medium,47.8,25.0,105.33
2026-07-17,SUP_004,43.3,medium,47.7,25.5,105.28
2026-07-18,SUP_004,33.5,low,56.0,29.4,105.12
2026-07-19,SUP_004,23.9,low,54.6,34.4,105.58
2026-07-20,SUP_004,34.1,low,58.8,37.7,104.69
2026-07-21,SUP_004,29.7,low,57.4,36.2,104.39
2026-07-22,SUP_004,31.0,low,58.6,26.3,104.79
2026-07-23,SUP_004,30.1,low,62.6,25.2,104.43
2026-07-24,SUP_004,36.9,low,60.4,28.9,103.5
2026-07-25,SUP_004,27.3,low,65.3,24.0,103.89
2026-07-26,SUP_004,18.0,low,60.1,29.0,104.54
2026-07-27,SUP_004,23.1,low,61.8,34.7,104.51
2026-07-28,SUP_004,30.4,low,66.2,35.4,103.38
2026-07-29,SUP_004,33.4,low,68.7,19.2,103.79
2026-07-30,SUP_004,25.0,low,76.8,14.8,102.82
2026-07-31,SUP_004,32.5,low,70.9,27.8,103.0
2026-08-01,SUP_004,25.0,low,63.1,26.0,102.49
2026-08-02,SUP_004,21.4,low,58.2,16.9,101.81
2026-08-03,SUP_004,14.8,low,61.9,26.1,101.56
2026-08-04,SUP_004,30.7,low,64.3,27.5,101.45
2026-08-05,SUP_004,36.4,low,64.4,34.5,101.07
2026-08-06,SUP_004,40.4,medium,58.7,36.0,101.42
2026-08-07,SUP_004,49.3,medium,62.9,38.3,101.16
2026-08-08,SUP_004,70.5,high,56.9,39.7,101.73
2026-08-09,SUP_004,44.6,medium,63.2,42.7,101.89
2026-08-10,SUP_004,34.1,low,76.5,53.5,101.48
2026-08-11,SUP_004,27.4,low,76.1,55.8,100.98
2026-08-12,SUP_004,20.1,low,76.8,44.4,100.03
2026-08-13,SUP_004,12.6,low,72.2,45.3,100.19
2026-08-14,SUP_004,14.2,low,62.1,49.8,99.99
2026-08-15,SUP_004,6.9,low,59.2,53.9,98.61
2026-08-16,SUP_004,15.8,low,54.5,48.8,98.3
2026-08-17,SUP_004,19.8,low,48.7,52.9,97.78
2026-08-18,SUP_004,26.8,low,58.9,55.1,98.69
2026-08-19,SUP_004,32.3,low,60.6,65.6,97.7
2026-08-20,SUP_004,37.3,low,62.6,57.1,96.87
2026-08-21,SUP_004,32.0,low,61.1,51.1,97.51
2026-08-22,SUP_004,51.2,medium,60.4,47.1,98.3
2026-08-23,SUP_004,48.0,medium,65.2,42.7,97.87
2026-08-24,SUP_004,26.3,low,64.6,36.8,97.5
2026-08-25,SUP_004,17.9,low,66.7,22.0,97.86
2026-08-26,SUP_004,4.8,low,65.1,21.7,96.5
2026-08-27,SUP_004,11.3,low,63.0,25.6,95.42
2026-08-28,SUP_004,14.8,low,56.2,24.4,95.26
2026-08-29,SUP_004,14.3,low,47.7,36.2,96.16
2026-08-30,SUP_004,36.8,low,48.6,36.1,95.91
2026-08-31,SUP_004,40.2,medium,50.9,42.7,95.97
2026-09-01,SUP_004,44.4,medium,46.4,42.9,96.62
2026-09-02,SUP_004,32.2,low,48.6,46.1,97.85
2026-09-03,SUP_004,22.4,low,50.9,45.9,97.51
2026-09-04,SUP_004,24.6,low,42.3,51.5,97.5
2026-09-05,SUP_004,27.6,low,40.9,49.3,98.56
2026-09-06,SUP_004,11.0,low,46.0,49.8,97.68
2026-09-07,SUP_004,14.1,low,50.3,49.5,98.27
2026-09-08,SUP_004,18.2,low,46.5,45.8,97.68
2026-09-09,SUP_004,19.1,low,49.6,46.3,97.74
2026-09-10,SUP_004,14.3,low,56.3,56.4,97.6
2026-09-11,SUP_004,13.2,low,60.9,51.8,97.05
2026-09-12,SUP_004,15.8,low,60.6,51.4,96.47
2026-09-13,SUP_004,20.2,low,58.6,55.6,96.63
2026-09-14,SUP_004,28.2,low,56.1,58.5,97.21
2026-09-15,SUP_004,38.7,low,59.2,55.1,97.14
2026-09-16,SUP_004,33.8,low,60.5,39.5,97.18
2026-09-17,SUP_004,28.6,low,63.8,41.5,97.51
2026-09-18,SUP_004,33.0,low,64.1,28.9,96.95
2026-09-19,SUP_004,37.9,low,67.7,37.5,97.38
2026-09-20,SUP_004,31.9,low,67.3,38.0,97.85
2026-09-21,SUP_004,38.8,low,70.2,42.9,99.36
2026-09-22,SUP_004,45.6,medium,73.1,36.9,99.14
2026-09-23,SUP_004,53.7,medium,67.6,28.5,98.88
2026-06-01,SUP_005,48.6,medium,24.9,20.1,99.86
2026-06-02,SUP_005,53.2,medium,27.8,23.1,100.37
2026-06-03,SUP_005,37.4,low,23.8,15.6,100.83
2026-06-04,SUP_005,36.2,low,21.0,17.3,100.32
2026-06-05,SUP_005,37.4,low,23.1,26.7,99.87
2026-06-06,SUP_005,17.6,low,18.4,17.9,99.92
2026-06-07,SUP_005,23.8,low,16.4,13.7,100.83
2026-06-08,SUP_005,45.1,medium,17.1,11.5,99.82
2026-06-09,SUP_005,46.0,medium,21.9,14.7,99.97
2026-06-10,SUP_005,92.1,high,18.5,15.8,99.25
2026-06-11,SUP_005,86.4,high,9.7,26.0,98.92
2026-06-12,SUP_005,79.8,high,1.8,32.4,98.72
2026-06-13,SUP_005,79.0,high,0.0,35.4,98.5
2026-06-14,SUP_005,67.4,high,0.0,36.1,98.22
2026-06-15,SUP_005,57.3,medium,0.0,38.0,98.23
2026-06-16,SUP_005,70.4,high,0.0,33.0,97.95
2026-06-17,SUP_005,43.5,medium,0.0,37.8,97.18
2026-06-18,SUP_005,29.7,low,26.7,31.6,97.59
2026-06-19,SUP_005,37.5,low,26.7,36.5,97.98
2026-06-20,SUP_005,33.6,low,32.6,42.5,98.43
2026-06-21,SUP_005,34.6,low,37.6,42.5,97.62
2026-06-22,SUP_005,36.4,low,38.7,40.4,97.77
2026-06-23,SUP_005,42.8,medium,37.4,41.7,98.13
2026-06-24,SUP_005,39.1,low,36.5,25.6,97.59
2026-06-25,SUP_005,48.6,medium,39.3,28.6,97.59
2026-06-26,SUP_005,45.6,medium,42.9,29.0,97.53
2026-06-27,SUP_005,46.2,medium,38.8,29.6,98.5
2026-06-28,SUP_005,33.2,low,39.9,34.2,99.51
2026-06-29,SUP_005,51.1,medium,31.0,33.9,98.63
2026-06-30,SUP_005,49.0,medium,34.1,28.1,99.94
2026-07-01,SUP_005,49.6,medium,39.3,28.3,99.46
2026-07-02,SUP_005,28.5,low,12.0,29.7,99.98
2026-07-03,SUP_005,20.0,low,21.5,31.1,100.49
2026-07-04,SUP_005,32.7,low,16.8,32.5,99.96
2026-07-05,SUP_005,33.5,low,18.0,38.4,100.22
2026-07-06,SUP_005,13.6,low,17.9,32.2,100.17
2026-07-07,SUP_005,26.1,low,17.4,33.5,100.46
2026-07-08,SUP_005,20.8,low,17.0,40.5,100.58
2026-07-09,SUP_005,34.9,low,17.6,30.6,101.21
2026-07-10,SUP_005,31.6,low,21.7,32.2,101.25
2026-07-11,SUP_005,31.9,low,27.7,29.5,101.16
2026-07-12,SUP_005,41.1,medium,26.2,28.4,101.73
2026-07-13,SUP_005,28.7,low,28.8,24.6,102.04
2026-07-14,SUP_005,18.6,low,23.9,25.3,102.42
2026-07-15,SUP_005,18.4,low,26.6,36.4,102.07
2026-07-16,SUP_005,27.7,low,21.7,29.6,101.53
2026-07-17,SUP_005,14.7,low,26.3,24.2,101.23
2026-07-18,SUP_005,1.8,low,35.6,19.0,100.9
2026-07-19,SUP_005,15.2,low,32.4,30.5,101.31
2026-07-20,SUP_005,12.1,low,19.8,28.7,101.83
2026-07-21,SUP_005,11.7,low,16.9,29.5,101.75
2026-07-22,SUP_005,0.0,low,22.9,28.2,102.5
2026-07-23,SUP_005,0.0,low,24.8,24.3,103.22
2026-07-24,SUP_005,4.9,low,25.0,24.6,103.34
2026-07-25,SUP_005,18.6,low,28.7,39.1,102.91
2026-07-26,SUP_005,13.0,low,29.4,45.9,103.74
2026-07-27,SUP_005,31.4,low,33.5,39.7,103.71
2026-07-28,SUP_005,59.9,medium,35.5,42.4,103.77
2026-07-29,SUP_005,54.0,medium,40.1,36.9,103.6
2026-07-30,SUP_005,70.1,high,38.5,27.3,103.13
2026-07-31,SUP_005,69.9,high,39.7,33.8,102.36
2026-08-01,SUP_005,62.7,medium,35.0,40.1,102.69
2026-08-02,SUP_005,60.9,medium,29.6,44.9,102.28
2026-08-03,SUP_005,73.6,high,35.9,40.9,103.88
2026-08-04,SUP_005,47.7,medium,34.3,39.1,103.31
2026-08-05,SUP_005,34.4,low,35.7,42.5,102.65
2026-08-06,SUP_005,31.7,low,33.6,43.4,102.92
2026-08-07,SUP_005,30.9,low,28.5,40.1,103.72
2026-08-08,SUP_005,20.3,low,27.0,30.8,103.76
2026-08-09,SUP_005,20.9,low,32.4,32.0,104.06
2026-08-10,SUP_005,22.0,low,32.9,38.1,103.09
2026-08-11,SUP_005,33.3,low,22.5,31.4,102.74
2026-08-12,SUP_005,42.4,medium,20.8,35.3,102.17
2026-08-13,SUP_005,35.0,low,28.9,37.0,101.18
2026-08-14,SUP_005,30.5,low,26.2,40.6,101.24
2026-08-15,SUP_005,35.3,low,16.5,44.4,100.06
2026-08-16,SUP_005,27.3,low,25.7,39.3,99.37
2026-08-17,SUP_005,32.2,low,27.7,30.2,99.08
2026-08-18,SUP_005,29.6,low,26.0,28.1,98.65
2026-08-19,SUP_005,19.5,low,23.0,33.8,98.86
2026-08-20,SUP_005,12.0,low,27.4,31.1,99.02
2026-08-21,SUP_005,28.6,low,23.4,28.0,99.49
2026-08-22,SUP_005,26.3,low,28.0,19.5,99.88
2026-08-23,SUP_005,41.1,medium,29.1,31.1,100.48
2026-08-24,SUP_005,32.4,low,28.6,36.0,100.48
2026-08-25,SUP_005,33.2,low,27.7,39.9,100.64
2026-08-26,SUP_005,53.3,medium,25.4,44.3,100.91
2026-08-27,SUP_005,36.4,low,29.3,45.9,100.98
2026-08-28,SUP_005,16.0,low,23.5,43.0,100.77
2026-08-29,SUP_005,30.2,low,15.0,40.9,100.6
2026-08-30,SUP_005,21.2,low,18.3,37.8,100.17
2026-08-31,SUP_005,22.0,low,21.3,51.2,100.39
2026-09-01,SUP_005,17.3,low,23.1,51.7,100.34
2026-09-02,SUP_005,21.7,low,24.2,46.8,99.99
2026-09-03,SUP_005,13.7,low,21.8,47.5,99.64
2026-09-04,SUP_005,14.9,low,24.9,40.3,99.01
2026-09-05,SUP_005,21.6,low,23.7,47.4,99.52
2026-09-06,SUP_005,13.1,low,20.5,42.1,99.56
2026-09-07,SUP_005,9.6,low,18.7,43.6,99.11
2026-09-08,SUP_005,10.2,low,28.1,48.0,99.54
2026-09-09,SUP_005,0.7,low,18.4,48.0,99.24
2026-09-10,SUP_005,2.9,low,20.7,46.6,98.5
2026-09-11,SUP_005,9.5,low,12.3,44.9,99.04
2026-09-12,SUP_005,9.7,low,12.7,43.1,98.76
2026-09-13,SUP_005,11.0,low,11.4,38.9,98.54
2026-09-14,SUP_005,14.3,low,2.5,35.9,98.56
2026-09-15,SUP_005,10.9,low,6.7,43.6,99.16
2026-09-16,SUP_005,20.8,low,6.6,41.7,99.17
2026-09-17,SUP_005,35.2,low,0.0,36.6,98.54
2026-09-18,SUP_005,28.3,low,5.3,33.6,98.83
2026-09-19,SUP_005,32.0,low,14.0,39.6,98.58
2026-09-20,SUP_005,28.0,low,21.7,42.5,99.57
2026-09-21,SUP_005,30.7,low,22.8,44.3,99.57
2026-09-22,SUP_005,43.7,medium,22.3,41.6,98.39
2026-09-23,SUP_005,43.8,medium,28.0,43.6,98.58
2026-06-01,SUP_006,38.6,low,72.5,25.9,99.98
2026-06-02,SUP_006,44.2,medium,77.3,29.5,99.82
2026-06-03,SUP_006,31.8,low,82.7,29.6,99.39
2026-06-04,SUP_006,72.6,high,73.7,27.2,99.95
2026-06-05,SUP_006,83.4,high,75.2,24.3,99.78
2026-06-06,SUP_006,85.9,high,68.8,40.0,99.69
2026-06-07,SUP_006,84.6,high,67.8,37.8,99.49
2026-06-08,SUP_006,81.4,high,59.8,29.7,98.49
2026-06-09,SUP_006,72.2,high,56.0,26.8,97.89
2026-06-10,SUP_006,72.3,high,52.7,27.8,98.4
2026-06-11,SUP_006,49.3,medium,57.3,31.8,97.29
2026-06-12,SUP_006,45.9,medium,60.7,35.2,96.89
2026-06-13,SUP_006,36.2,low,61.2,38.7,96.68
2026-06-14,SUP_006,32.6,low,53.9,34.8,97.59
2026-06-15,SUP_006,36.3,low,52.6,36.6,98.0
2026-06-16,SUP_006,33.8,low,49.4,31.7,97.7
2026-06-17,SUP_006,39.8,low,54.3,29.0,98.39
2026-06-18,SUP_006,44.7,medium,60.0,25.0,98.0
2026-06-19,SUP_006,51.8,medium,64.3,20.3,98.53
2026-06-20,SUP_006,62.0,medium,59.3,28.1,97.82
2026-06-21,SUP_006,65.7,high,45.7,32.7,98.38
2026-06-22,SUP_006,50.6,medium,38.7,38.2,98.17
2026-06-23,SUP_006,39.6,low,47.9,38.0,97.63
2026-06-24,SUP_006,39.0,low,47.0,41.6,97.51
2026-06-25,SUP_006,35.1,low,44.7,31.3,97.66
2026-06-26,SUP_006,25.8,low,54.0,36.4,97.4
2026-06-27,SUP_006,25.2,low,60.2,37.1,97.69
2026-06-28,SUP_006,24.5,low,59.5,40.1,97.38
2026-06-29,SUP_006,22.2,low,57.4,41.4,97.71
2026-06-30,SUP_006,60.9,medium,56.4,35.2,97.94
2026-07-01,SUP_006,75.9,high,57.3,27.3,97.91
2026-07-02,SUP_006,78.0,high,64.5,24.7,97.68
2026-07-03,SUP_006,100.0,high,65.1,29.2,97.76
2026-07-04,SUP_006,96.4,high,67.0,33.7,98.05
2026-07-05,SUP_006,88.9,high,70.8,26.7,99.13
2026-07-06,SUP_006,86.0,high,62.9,22.8,99.62
2026-07-07,SUP_006,49.0,medium,65.3,20.8,100.13
2026-07-08,SUP_006,50.8,medium,62.3,21.1,101.75
2026-07-09,SUP_006,67.3,high,49.3,16.0,102.02
2026-07-10,SUP_006,52.7,medium,40.1,11.3,102.27
2026-07-11,SUP_006,57.5,medium,37.5,10.6,102.64
2026-07-12,SUP_006,55.0,medium,42.6,14.7,102.11
2026-07-13,SUP_006,36.7,low,45.0,11.5,101.88
2026-07-14,SUP_006,44.7,medium,47.4,14.4,101.62
2026-07-15,SUP_006,55.2,medium,57.8,23.1,101.96
2026-07-16,SUP_006,43.5,medium,51.3,18.0,101.86
2026-07-17,SUP_006,42.5,medium,51.8,19.5,101.94
2026-07-18,SUP_006,25.9,low,53.7,27.2,102.51
2026-07-19,SUP_006,17.8,low,50.4,26.2,102.96
2026-07-20,SUP_006,33.0,low,51.2,24.5,102.88
2026-07-21,SUP_006,30.5,low,44.2,32.2,102.52
2026-07-22,SUP_006,22.6,low,52.5,31.0,103.12
2026-07-23,SUP_006,29.1,low,49.7,37.4,103.52
2026-07-24,SUP_006,27.0,low,60.1,39.3,102.68
2026-07-25,SUP_006,25.9,low,59.2,36.9,102.52
2026-07-26,SUP_006,36.2,low,63.4,39.1,102.61
2026-07-27,SUP_006,26.4,low,61.9,40.2,103.01
2026-07-28,SUP_006,21.4,low,60.7,44.8,103.49
2026-07-29,SUP_006,27.5,low,57.1,40.4,103.64
2026-07-30,SUP_006,39.6,low,57.3,39.8,103.95
2026-07-31,SUP_006,51.2,medium,58.5,38.8,103.98
2026-08-01,SUP_006,42.2,medium,54.3,41.9,103.63
2026-08-02,SUP_006,50.3,medium,53.8,35.5,103.49
2026-08-03,SUP_006,40.5,medium,51.1,40.8,103.5
2026-08-04,SUP_006,57.3,medium,62.6,42.4,103.48
2026-08-05,SUP_006,42.5,medium,61.0,34.3,102.49
2026-08-06,SUP_006,54.1,medium,67.4,40.8,102.28
2026-08-07,SUP_006,44.5,medium,64.6,51.7,102.31
2026-08-08,SUP_006,62.0,medium,64.4,54.5,102.17
2026-08-09,SUP_006,62.0,medium,56.7,59.1,102.04
2026-08-10,SUP_006,47.1,medium,54.4,55.9,102.29
2026-08-11,SUP_006,40.5,medium,55.5,44.0,101.73
2026-08-12,SUP_006,47.6,medium,62.9,32.9,100.87
2026-08-13,SUP_006,55.4,medium,62.8,34.6,100.69
2026-08-14,SUP_006,50.9,medium,68.2,31.5,101.09
2026-08-15,SUP_006,48.6,medium,96.3,27.2,101.98
2026-08-16,SUP_006,53.5,medium,100.0,28.1,102.39
2026-08-17,SUP_006,51.3,medium,98.7,32.4,101.62
2026-08-18,SUP_006,36.5,low,100.0,25.1,101.5
2026-08-19,SUP_006,29.9,low,100.0,24.2,101.63
2026-08-20,SUP_006,34.6,low,94.9,33.8,101.72
2026-08-21,SUP_006,47.2,medium,87.2,28.3,102.01
2026-08-22,SUP_006,60.4,medium,97.5,33.9,101.52
2026-08-23,SUP_006,62.5,medium,99.1,31.5,101.56
2026-08-24,SUP_006,59.5,medium,95.0,34.9,101.78
2026-08-25,SUP_006,61.6,medium,99.0,40.7,102.21
2026-08-26,SUP_006,50.0,medium,99.7,43.7,101.79
2026-08-27,SUP_006,46.1,medium,100.0,47.2,101.61
2026-08-28,SUP_006,36.9,low,95.4,39.3,100.19
2026-08-29,SUP_006,26.1,low,65.0,44.5,99.87
2026-08-30,SUP_006,32.7,low,61.3,38.6,99.59
2026-08-31,SUP_006,36.2,low,51.0,39.4,99.06
2026-09-01,SUP_006,43.5,medium,56.6,40.1,99.14
2026-09-02,SUP_006,47.7,medium,55.1,41.9,99.11
2026-09-03,SUP_006,48.0,medium,58.6,42.7,97.93
2026-09-04,SUP_006,51.2,medium,69.3,37.1,98.04
2026-09-05,SUP_006,48.0,medium,65.4,29.6,97.56
2026-09-06,SUP_006,49.8,medium,61.9,35.0,97.81
2026-09-07,SUP_006,40.6,medium,61.4,36.0,97.14
2026-09-08,SUP_006,43.9,medium,65.1,41.9,97.15
2026-09-09,SUP_006,49.1,medium,60.9,40.6,97.01
2026-09-10,SUP_006,40.6,medium,57.0,32.4,97.16
2026-09-11,SUP_006,41.0,medium,61.7,37.9,97.23
2026-09-12,SUP_006,34.9,low,62.5,35.5,97.1
2026-09-13,SUP_006,31.3,low,51.7,37.2,96.29
2026-09-14,SUP_006,23.1,low,46.4,33.5,95.52
2026-09-15,SUP_006,39.0,low,54.8,42.4,95.21
2026-09-16,SUP_006,49.1,medium,56.7,36.6,95.21
2026-09-17,SUP_006,51.8,medium,52.9,34.6,94.89
2026-09-18,SUP_006,67.1,high,52.4,35.2,95.21
2026-09-19,SUP_006,58.6,medium,52.8,29.5,95.07
2026-09-20,SUP_006,82.0,high,56.6,32.0,94.56
2026-09-21,SUP_006,69.4,high,50.0,41.0,94.42
2026-09-22,SUP_006,64.4,medium,46.7,37.5,94.54
2026-09-23,SUP_006,54.6,medium,49.3,39.2,94.71
2026-06-01,SUP_007,60.1,medium,58.9,46.9,103.48
2026-06-02,SUP_007,54.2,medium,53.2,41.4,103.02
2026-06-03,SUP_007,57.4,medium,51.2,42.3,103.11
2026-06-04,SUP_007,52.0,medium,51.8,39.8,102.56
2026-06-05,SUP_007,100.0,high,50.2,40.8,101.97
2026-06-06,SUP_007,100.0,high,46.6,36.6,103.85
2026-06-07,SUP_007,100.0,high,38.6,31.7,103.03
2026-06-08,SUP_007,100.0,high,36.7,37.8,102.45
2026-06-09,SUP_007,100.0,high,32.4,37.0,100.51
2026-06-10,SUP_007,100.0,high,25.6,47.4,99.58
2026-06-11,SUP_007,100.0,high,24.3,45.8,97.49
2026-06-12,SUP_007,85.3,high,22.0,39.3,98.27
2026-06-13,SUP_007,46.6,medium,27.8,45.1,101.69
2026-06-14,SUP_007,50.9,medium,32.8,46.9,101.24
2026-06-15,SUP_007,36.5,low,29.9,48.9,99.2
2026-06-16,SUP_007,32.9,low,30.4,53.1,100.3
2026-06-17,SUP_007,45.9,medium,23.4,47.0,99.42
2026-06-18,SUP_007,48.9,medium,23.8,44.5,101.0
2026-06-19,SUP_007,45.1,medium,28.4,42.2,100.66
2026-06-20,SUP_007,49.2,medium,34.4,34.3,99.89
2026-06-21,SUP_007,47.6,medium,32.1,33.0,99.67
2026-06-22,SUP_007,47.1,medium,38.6,40.4,100.6
2026-06-23,SUP_007,52.6,medium,31.9,40.8,100.32
2026-06-24,SUP_007,44.0,medium,27.5,32.8,99.71
2026-06-25,SUP_007,44.6,medium,33.1,25.0,99.47
2026-06-26,SUP_007,41.8,medium,42.3,35.2,97.91
2026-06-27,SUP_007,27.9,low,44.6,34.7,98.4
2026-06-28,SUP_007,23.7,low,44.0,31.4,96.21
2026-06-29,SUP_007,43.5,medium,33.3,30.5,95.67
2026-06-30,SUP_007,47.5,medium,25.0,23.4,96.6
2026-07-01,SUP_007,34.6,low,28.2,32.6,96.97
2026-07-02,SUP_007,22.9,low,28.6,30.9,97.69
2026-07-03,SUP_007,27.4,low,25.3,38.7,97.61
2026-07-04,SUP_007,46.3,medium,28.1,38.4,99.04
2026-07-05,SUP_007,44.2,medium,30.8,45.4,100.17
2026-07-06,SUP_007,56.5,medium,36.9,45.2,100.72
2026-07-07,SUP_007,56.9,medium,38.3,48.2,101.85
2026-07-08,SUP_007,58.3,medium,44.7,50.0,102.77
2026-07-09,SUP_007,42.6,medium,44.3,51.0,102.23
2026-07-10,SUP_007,51.9,medium,43.4,50.5,100.59
2026-07-11,SUP_007,47.1,medium,48.3,46.9,101.1
2026-07-12,SUP_007,54.5,medium,42.7,55.2,101.77
2026-07-13,SUP_007,44.6,medium,55.9,47.4,103.1
2026-07-14,SUP_007,46.3,medium,79.2,45.6,101.96
2026-07-15,SUP_007,49.3,medium,79.0,44.1,100.85
2026-07-16,SUP_007,46.8,medium,79.5,44.8,101.41
2026-07-17,SUP_007,50.1,medium,86.3,41.1,101.33
2026-07-18,SUP_007,46.3,medium,87.0,41.8,99.02
2026-07-19,SUP_007,40.0,low,76.1,39.9,99.48
2026-07-20,SUP_007,56.1,medium,81.2,30.8,97.21
2026-07-21,SUP_007,63.0,medium,77.3,31.5,96.06
2026-07-22,SUP_007,51.5,medium,76.0,26.2,97.71
2026-07-23,SUP_007,55.1,medium,68.4,18.4,99.94
2026-07-24,SUP_007,45.7,medium,70.5,21.6,98.46
2026-07-25,SUP_007,34.6,low,66.7,26.2,98.05
2026-07-26,SUP_007,46.8,medium,67.0,30.3,98.11
2026-07-27,SUP_007,30.5,low,65.4,34.0,100.28
2026-07-28,SUP_007,42.7,medium,51.0,24.0,99.68
2026-07-29,SUP_007,41.0,medium,59.0,18.4,99.1
2026-07-30,SUP_007,40.0,medium,56.7,31.3,100.99
2026-07-31,SUP_007,45.1,medium,54.8,26.4,100.53
2026-08-01,SUP_007,50.4,medium,51.1,30.9,101.42
2026-08-02,SUP_007,41.4,medium,55.0,27.9,99.61
2026-08-03,SUP_007,49.0,medium,51.5,29.4,99.4
2026-08-04,SUP_007,49.0,medium,48.1,26.9,97.37
2026-08-05,SUP_007,36.4,low,51.8,31.1,96.08
2026-08-06,SUP_007,37.0,low,47.8,32.4,97.11
2026-08-07,SUP_007,51.8,medium,46.7,30.4,97.05
2026-08-08,SUP_007,65.6,high,38.5,25.6,96.66
2026-08-09,SUP_007,67.1,high,42.4,28.4,95.74
2026-08-10,SUP_007,50.5,medium,51.5,23.0,95.47
2026-08-11,SUP_007,53.7,medium,53.5,27.0,95.84
2026-08-12,SUP_007,59.4,medium,58.7,42.1,97.04
2026-08-13,SUP_007,62.5,medium,52.2,48.1,93.83
2026-08-14,SUP_007,65.4,high,51.8,49.9,92.81
2026-08-15,SUP_007,63.7,medium,45.8,47.2,93.01
2026-08-16,SUP_007,58.3,medium,44.2,35.2,92.89
2026-08-17,SUP_007,49.4,medium,47.5,28.2,93.38
2026-08-18,SUP_007,30.7,low,47.2,36.0,93.71
2026-08-19,SUP_007,37.4,low,39.7,31.7,93.33
2026-08-20,SUP_007,41.0,medium,33.8,28.5,92.69
2026-08-21,SUP_007,47.2,medium,28.5,28.6,92.39
2026-08-22,SUP_007,34.3,low,32.8,24.0,93.79
2026-08-23,SUP_007,42.9,medium,44.0,19.2,92.9
2026-08-24,SUP_007,62.5,medium,50.2,21.3,92.82
2026-08-25,SUP_007,58.8,medium,40.0,18.6,93.05
2026-08-26,SUP_007,54.8,medium,47.0,17.2,94.95
2026-08-27,SUP_007,55.2,medium,50.7,15.7,94.59
2026-08-28,SUP_007,71.5,high,42.1,21.4,95.76
2026-08-29,SUP_007,55.4,medium,40.6,22.2,97.27
2026-08-30,SUP_007,54.7,medium,46.0,23.2,97.19
2026-08-31,SUP_007,44.8,medium,48.0,28.1,96.93
2026-09-01,SUP_007,39.8,low,40.9,28.4,96.53
2026-09-02,SUP_007,40.7,medium,44.0,27.9,96.22
2026-09-03,SUP_007,54.2,medium,33.5,31.5,97.26
2026-09-04,SUP_007,68.6,high,33.8,35.5,97.54
2026-09-05,SUP_007,66.8,high,40.4,34.7,97.83
2026-09-06,SUP_007,57.9,medium,40.7,35.1,96.45
2026-09-07,SUP_007,77.8,high,38.5,31.0,95.27
2026-09-08,SUP_007,65.6,high,43.3,27.1,97.89
2026-09-09,SUP_007,55.2,medium,47.7,32.3,97.67
2026-09-10,SUP_007,36.2,low,53.1,35.1,96.73
2026-09-11,SUP_007,51.3,medium,55.5,37.4,98.48
2026-09-12,SUP_007,58.7,medium,58.6,38.6,98.82
2026-09-13,SUP_007,77.7,high,59.6,38.3,99.53
2026-09-14,SUP_007,56.6,medium,58.2,41.4,99.36
2026-09-15,SUP_007,67.2,high,56.2,45.4,98.97
2026-09-16,SUP_007,62.3,medium,53.0,48.6,98.76
2026-09-17,SUP_007,65.5,high,45.6,46.1,97.07
2026-09-18,SUP_007,45.1,medium,40.5,51.7,96.96
2026-09-19,SUP_007,58.7,medium,39.4,50.4,97.33
2026-09-20,SUP_007,62.5,medium,40.9,51.4,99.59
2026-09-21,SUP_007,57.8,medium,47.9,50.5,99.7
2026-09-22,SUP_007,60.6,medium,46.8,49.4,96.84
2026-09-23,SUP_007,49.6,medium,50.9,43.4,96.73
2026-06-01,SUP_008,65.2,high,72.7,66.1,100.39
2026-06-02,SUP_008,59.2,medium,73.1,68.9,98.14
2026-06-03,SUP_008,56.7,medium,65.5,67.3,95.34
2026-06-04,SUP_008,49.6,medium,65.6,63.5,95.78
2026-06-05,SUP_008,42.5,medium,59.5,67.6,94.67
2026-06-06,SUP_008,36.7,low,51.3,65.6,91.94
2026-06-07,SUP_008,36.3,low,49.2,59.7,92.68
2026-06-08,SUP_008,32.1,low,49.4,50.0,95.59
2026-06-09,SUP_008,24.1,low,40.4,48.4,97.49
2026-06-10,SUP_008,34.6,low,36.0,53.4,97.14
2026-06-11,SUP_008,42.6,medium,37.9,65.6,97.15
2026-06-12,SUP_008,62.2,medium,37.5,64.3,98.37
2026-06-13,SUP_008,55.0,medium,40.9,58.9,99.91
2026-06-14,SUP_008,58.5,medium,36.2,52.1,99.44
2026-06-15,SUP_008,61.3,medium,41.4,55.4,99.49
2026-06-16,SUP_008,58.1,medium,36.8,46.1,99.9
2026-06-17,SUP_008,65.0,medium,46.2,50.3,100.66
2026-06-18,SUP_008,70.4,high,38.4,55.3,100.48
2026-06-19,SUP_008,70.3,high,34.6,57.6,100.31
2026-06-20,SUP_008,64.9,medium,38.6,56.0,102.2
2026-06-21,SUP_008,59.9,medium,47.9,58.8,103.86
2026-06-22,SUP_008,46.7,medium,49.4,59.2,104.52
2026-06-23,SUP_008,42.1,medium,51.9,54.4,106.87
2026-06-24,SUP_008,40.3,medium,51.4,64.3,106.34
2026-06-25,SUP_008,34.3,low,46.0,61.0,108.57
2026-06-26,SUP_008,44.3,medium,44.0,64.2,109.31
2026-06-27,SUP_008,58.8,medium,38.8,50.1,113.8
2026-06-28,SUP_008,50.2,medium,34.1,57.6,112.17
2026-06-29,SUP_008,54.8,medium,38.1,64.9,111.22
2026-06-30,SUP_008,46.0,medium,34.3,63.6,111.79
2026-07-01,SUP_008,46.2,medium,37.9,65.2,112.34
2026-07-02,SUP_008,79.6,high,33.2,66.6,115.01
2026-07-03,SUP_008,89.0,high,36.8,61.5,114.1
2026-07-04,SUP_008,84.1,high,36.2,63.4,115.34
2026-07-05,SUP_008,96.2,high,44.6,57.9,116.93
2026-07-06,SUP_008,93.6,high,46.7,54.3,117.9
2026-07-07,SUP_008,87.9,high,52.7,60.3,116.58
2026-07-08,SUP_008,78.0,high,48.4,64.6,118.51
2026-07-09,SUP_008,47.7,medium,48.6,59.5,120.2
2026-07-10,SUP_008,58.6,medium,43.9,54.9,121.02
2026-07-11,SUP_008,61.0,medium,42.5,51.5,121.3
2026-07-12,SUP_008,81.0,high,42.1,55.9,121.61
2026-07-13,SUP_008,88.5,high,39.6,50.5,121.5
2026-07-14,SUP_008,78.0,high,35.1,53.1,122.38
2026-07-15,SUP_008,70.1,high,30.3,57.3,122.42
2026-07-16,SUP_008,71.4,high,21.9,56.5,121.26
2026-07-17,SUP_008,60.3,medium,20.8,61.6,119.82
2026-07-18,SUP_008,70.5,high,27.8,59.0,118.79
2026-07-19,SUP_008,70.7,high,23.3,57.3,119.1
2026-07-20,SUP_008,69.9,high,20.5,51.8,119.06
2026-07-21,SUP_008,73.3,high,33.1,57.6,119.35
2026-07-22,SUP_008,85.4,high,32.3,53.2,120.04
2026-07-23,SUP_008,80.2,high,36.2,55.3,119.18
2026-07-24,SUP_008,73.6,high,41.0,54.9,121.19
2026-07-25,SUP_008,83.6,high,45.2,49.4,120.82
2026-07-26,SUP_008,86.2,high,38.4,47.0,120.23
2026-07-27,SUP_008,76.2,high,38.8,55.5,120.89
2026-07-28,SUP_008,71.7,high,32.5,56.5,118.37
2026-07-29,SUP_008,70.1,high,46.4,50.9,117.29
2026-07-30,SUP_008,70.4,high,39.1,53.2,118.63
2026-07-31,SUP_008,54.7,medium,35.4,52.7,116.25
2026-08-01,SUP_008,41.3,medium,32.4,71.2,117.78
2026-08-02,SUP_008,37.2,low,27.6,70.3,119.86
2026-08-03,SUP_008,33.5,low,37.1,66.0,119.35
2026-08-04,SUP_008,33.7,low,50.2,71.8,119.75
2026-08-05,SUP_008,45.6,medium,47.6,59.6,121.28
2026-08-06,SUP_008,47.2,medium,41.4,59.4,120.64
2026-08-07,SUP_008,51.7,medium,31.8,69.2,121.83
2026-08-08,SUP_008,41.9,medium,33.1,66.5,120.91
2026-08-09,SUP_008,41.7,medium,33.8,55.6,120.26
2026-08-10,SUP_008,51.2,medium,32.9,53.5,119.16
2026-08-11,SUP_008,58.4,medium,36.2,61.4,119.63
2026-08-12,SUP_008,51.6,medium,39.8,62.4,121.22
2026-08-13,SUP_008,54.7,medium,42.6,56.9,120.97
2026-08-14,SUP_008,75.9,high,41.9,53.0,119.22
2026-08-15,SUP_008,71.2,high,37.6,50.3,117.74
2026-08-16,SUP_008,61.5,medium,42.3,52.9,118.28
2026-08-17,SUP_008,59.0,medium,43.2,60.3,120.81
2026-08-18,SUP_008,59.6,medium,48.1,65.0,121.35
2026-08-19,SUP_008,57.8,medium,51.9,65.9,120.82
2026-08-20,SUP_008,57.6,medium,44.6,57.3,121.87
2026-08-21,SUP_008,44.3,medium,38.3,49.9,121.54
2026-08-22,SUP_008,38.8,low,36.1,53.5,121.02
2026-08-23,SUP_008,42.2,medium,32.9,46.6,119.71
2026-08-24,SUP_008,44.6,medium,38.8,46.7,121.64
2026-08-25,SUP_008,42.7,medium,41.8,49.6,118.16
2026-08-26,SUP_008,44.9,medium,48.0,44.4,119.25
2026-08-27,SUP_008,48.8,medium,49.8,40.6,118.61
2026-08-28,SUP_008,59.3,medium,50.6,42.2,118.05
2026-08-29,SUP_008,58.1,medium,55.9,46.8,120.37
2026-08-30,SUP_008,61.7,medium,56.9,53.6,119.39
2026-08-31,SUP_008,55.8,medium,55.9,57.0,118.46
2026-09-01,SUP_008,61.6,medium,61.7,57.1,118.28
2026-09-02,SUP_008,64.2,medium,60.2,52.9,118.85
2026-09-03,SUP_008,70.7,high,56.9,47.5,118.24
2026-09-04,SUP_008,74.1,high,51.6,46.0,116.09
2026-09-05,SUP_008,75.5,high,54.4,49.5,114.9
2026-09-06,SUP_008,70.2,high,59.3,52.1,116.66
2026-09-07,SUP_008,69.4,high,57.4,41.5,116.76
2026-09-08,SUP_008,76.4,high,62.2,39.4,117.38
2026-09-09,SUP_008,65.8,high,50.7,48.0,117.02
2026-09-10,SUP_008,58.0,medium,50.0,49.5,116.11
2026-09-11,SUP_008,59.7,medium,49.5,42.9,118.41
2026-09-12,SUP_008,63.1,medium,45.9,57.1,118.16
2026-09-13,SUP_008,54.2,medium,57.5,56.6,117.55
2026-09-14,SUP_008,54.5,medium,55.8,58.4,119.05
2026-09-15,SUP_008,54.5,medium,52.7,60.0,118.06
2026-09-16,SUP_008,34.8,low,52.1,57.3,117.25
2026-09-17,SUP_008,38.6,low,42.0,53.1,117.26
2026-09-18,SUP_008,42.0,medium,39.3,64.6,117.26
2026-09-19,SUP_008,44.5,medium,45.2,68.4,117.62
2026-09-20,SUP_008,61.0,medium,42.7,70.8,120.48
2026-09-21,SUP_008,49.0,medium,39.5,71.4,120.95
2026-09-22,SUP_008,43.6,medium,47.0,63.7,117.68
2026-09-23,SUP_008,23.0,low,53.5,69.1,118.13
2026-06-01,SUP_009,27.4,low,18.3,32.0,100.41
2026-06-02,SUP_009,13.9,low,18.5,39.0,99.91
2026-06-03,SUP_009,14.9,low,19.6,39.1,101.75
2026-06-04,SUP_009,3.6,low,19.2,34.2,102.4
2026-06-05,SUP_009,8.5,low,18.8,39.5,103.35
2026-06-06,SUP_009,0.0,low,21.6,35.3,103.93
2026-06-07,SUP_009,9.1,low,18.5,31.6,105.28
2026-06-08,SUP_009,16.6,low,13.9,34.0,104.71
2026-06-09,SUP_009,36.4,low,28.9,43.5,102.84
2026-06-10,SUP_009,41.4,medium,23.8,50.8,102.51
2026-06-11,SUP_009,33.4,low,23.4,50.3,102.92
2026-06-12,SUP_009,38.8,low,15.5,50.5,103.03
2026-06-13,SUP_009,22.4,low,16.4,52.3,103.23
2026-06-14,SUP_009,14.2,low,12.3,43.1,104.2
2026-06-15,SUP_009,20.0,low,11.0,45.3,104.48
2026-06-16,SUP_009,1.2,low,17.0,39.9,105.06
2026-06-17,SUP_009,6.8,low,19.4,40.8,104.37
2026-06-18,SUP_009,1.9,low,21.9,38.7,103.57
2026-06-19,SUP_009,8.6,low,12.9,40.8,104.75
2026-06-20,SUP_009,2.7,low,22.4,40.6,104.83
2026-06-21,SUP_009,12.2,low,16.1,23.5,104.37
2026-06-22,SUP_009,52.6,medium,23.6,26.2,103.92
2026-06-23,SUP_009,68.0,high,27.6,30.9,103.44
2026-06-24,SUP_009,66.5,high,28.9,33.9,102.92
2026-06-25,SUP_009,58.3,medium,23.2,33.5,101.99
2026-06-26,SUP_009,56.9,medium,23.2,42.4,100.89
2026-06-27,SUP_009,45.8,medium,20.1,42.9,100.75
2026-06-28,SUP_009,53.6,medium,20.0,44.0,100.31
2026-06-29,SUP_009,24.1,low,18.5,48.2,101.12
2026-06-30,SUP_009,47.2,medium,8.7,48.1,101.34
2026-07-01,SUP_009,35.9,low,15.5,41.4,101.53
2026-07-02,SUP_009,30.7,low,15.5,27.6,100.99
2026-07-03,SUP_009,23.9,low,13.5,26.2,100.9
2026-07-04,SUP_009,58.1,medium,11.5,31.5,101.16
2026-07-05,SUP_009,61.4,medium,14.2,30.2,101.69
2026-07-06,SUP_009,59.8,medium,10.5,35.1,101.62
2026-07-07,SUP_009,69.1,high,1.0,35.9,102.41
2026-07-08,SUP_009,60.4,medium,5.5,42.5,102.41
2026-07-09,SUP_009,68.6,high,9.8,39.9,102.99
2026-07-10,SUP_009,70.7,high,10.1,41.6,102.63
2026-07-11,SUP_009,35.2,low,5.8,43.3,101.31
2026-07-12,SUP_009,29.7,low,8.1,49.9,101.51
2026-07-13,SUP_009,51.0,medium,2.6,38.7,102.04
2026-07-14,SUP_009,37.0,low,0.1,35.7,102.46
2026-07-15,SUP_009,36.7,low,0.0,40.1,102.77
2026-07-16,SUP_009,26.8,low,6.0,47.5,102.51
2026-07-17,SUP_009,42.9,medium,6.1,46.9,101.92
2026-07-18,SUP_009,46.7,medium,5.8,43.5,102.32
2026-07-19,SUP_009,35.0,low,16.9,46.3,102.64
2026-07-20,SUP_009,37.2,low,18.7,49.1,102.23
2026-07-21,SUP_009,36.5,low,20.2,45.1,103.04
2026-07-22,SUP_009,28.9,low,18.1,45.3,102.39
2026-07-23,SUP_009,34.9,low,15.3,50.0,101.96
2026-07-24,SUP_009,36.1,low,5.3,57.7,103.16
2026-07-25,SUP_009,35.3,low,11.8,58.2,103.8
2026-07-26,SUP_009,32.3,low,14.9,55.0,103.53
2026-07-27,SUP_009,34.5,low,14.5,51.7,103.74
2026-07-28,SUP_009,34.2,low,14.4,52.1,103.86
2026-07-29,SUP_009,32.5,low,18.4,48.9,101.85
2026-07-30,SUP_009,24.7,low,11.0,47.9,101.19
2026-07-31,SUP_009,40.4,medium,9.2,40.4,101.15
2026-08-01,SUP_009,26.9,low,5.2,46.4,100.89
2026-08-02,SUP_009,30.3,low,15.5,38.7,101.07
2026-08-03,SUP_009,26.0,low,20.0,35.8,101.9
2026-08-04,SUP_009,42.1,medium,9.3,36.2,101.66
2026-08-05,SUP_009,29.4,low,3.4,46.5,100.89
2026-08-06,SUP_009,21.5,low,5.0,42.6,101.13
2026-08-07,SUP_009,13.4,low,4.7,37.9,100.89
2026-08-08,SUP_009,19.3,low,0.4,34.6,100.77
2026-08-09,SUP_009,8.0,low,12.3,43.4,100.56
2026-08-10,SUP_009,7.8,low,14.6,27.3,102.2
2026-08-11,SUP_009,0.0,low,17.4,23.2,100.56
2026-08-12,SUP_009,2.6,low,14.2,39.3,100.28
2026-08-13,SUP_009,3.6,low,18.2,41.8,100.27
2026-08-14,SUP_009,0.0,low,16.3,35.0,99.7
2026-08-15,SUP_009,12.7,low,15.2,34.7,100.36
2026-08-16,SUP_009,3.6,low,18.6,35.1,100.96
2026-08-17,SUP_009,16.4,low,10.8,39.6,100.92
2026-08-18,SUP_009,12.0,low,19.4,48.6,100.72
2026-08-19,SUP_009,30.1,low,20.1,48.6,100.64
2026-08-20,SUP_009,35.8,low,25.8,43.7,100.56
2026-08-21,SUP_009,23.7,low,19.6,46.5,100.51
2026-08-22,SUP_009,15.6,low,14.9,41.1,100.37
2026-08-23,SUP_009,23.5,low,9.9,34.8,100.55
2026-08-24,SUP_009,21.5,low,29.2,25.5,101.1
2026-08-25,SUP_009,20.8,low,30.3,18.7,100.21
2026-08-26,SUP_009,33.6,low,28.8,16.4,99.44
2026-08-27,SUP_009,24.5,low,24.9,13.0,98.16
2026-08-28,SUP_009,25.5,low,20.4,18.0,98.79
2026-08-29,SUP_009,34.2,low,22.3,14.2,98.98
2026-08-30,SUP_009,39.4,low,22.0,0.8,99.35
2026-08-31,SUP_009,34.3,low,20.7,0.4,98.3
2026-09-01,SUP_009,29.3,low,30.2,3.1,99.6
2026-09-02,SUP_009,12.1,low,30.5,4.7,99.16
2026-09-03,SUP_009,5.6,low,37.1,17.2,99.28
2026-09-04,SUP_009,13.4,low,34.3,16.7,99.91
2026-09-05,SUP_009,15.0,low,35.5,24.1,99.19
2026-09-06,SUP_009,18.2,low,35.2,25.6,98.79
2026-09-07,SUP_009,29.5,low,10.2,26.8,98.92
2026-09-08,SUP_009,17.4,low,18.1,23.6,101.01
2026-09-09,SUP_009,17.1,low,17.5,25.0,101.23
2026-09-10,SUP_009,20.8,low,21.1,22.5,102.4
2026-09-11,SUP_009,15.4,low,17.1,25.3,103.28
2026-09-12,SUP_009,31.0,low,16.4,25.5,103.55
2026-09-13,SUP_009,37.9,low,12.6,21.9,102.83
2026-09-14,SUP_009,37.4,low,19.2,29.1,103.6
2026-09-15,SUP_009,50.9,medium,20.5,32.2,102.51
2026-09-16,SUP_009,30.5,low,21.9,30.3,103.68
2026-09-17,SUP_009,29.1,low,27.7,31.8,103.82
2026-09-18,SUP_009,31.5,low,31.8,31.8,101.89
2026-09-19,SUP_009,21.4,low,33.3,27.7,101.64
2026-09-20,SUP_009,25.1,low,24.3,29.2,102.11
2026-09-21,SUP_009,14.8,low,20.0,26.8,101.94
2026-09-22,SUP_009,23.7,low,15.0,23.0,102.46
2026-09-23,SUP_009,33.9,low,18.9,16.3,101.84
2026-06-01,SUP_010,14.6,low,50.2,51.7,100.04
2026-06-02,SUP_010,10.7,low,51.7,51.1,99.59
2026-06-03,SUP_010,7.6,low,53.4,46.5,99.6
2026-06-04,SUP_010,12.4,low,53.0,39.8,99.61
2026-06-05,SUP_010,22.5,low,60.2,36.4,98.96
2026-06-06,SUP_010,36.0,low,56.4,29.9,98.7
2026-06-07,SUP_010,37.3,low,58.7,35.3,98.55
2026-06-08,SUP_010,31.4,low,59.6,31.2,98.74
2026-06-09,SUP_010,11.8,low,52.5,37.5,98.96
2026-06-10,SUP_010,17.0,low,47.7,35.0,98.69
2026-06-11,SUP_010,20.5,low,49.9,29.5,98.91
2026-06-12,SUP_010,24.5,low,61.1,28.1,98.82
2026-06-13,SUP_010,45.4,medium,64.0,15.3,97.46
2026-06-14,SUP_010,53.0,medium,55.5,17.6,97.23
2026-06-15,SUP_010,54.6,medium,41.7,19.3,97.74
2026-06-16,SUP_010,39.5,low,48.3,26.0,96.95
2026-06-17,SUP_010,32.4,low,49.9,17.4,97.0
2026-06-18,SUP_010,30.9,low,57.1,26.2,97.75
2026-06-19,SUP_010,23.5,low,53.7,31.8,97.39
2026-06-20,SUP_010,57.4,medium,56.6,38.9,97.39
2026-06-21,SUP_010,60.8,medium,61.4,38.0,96.77
2026-06-22,SUP_010,49.9,medium,59.4,42.9,97.54
2026-06-23,SUP_010,62.9,medium,57.7,34.0,97.5
2026-06-24,SUP_010,62.5,medium,58.5,37.9,97.53
2026-06-25,SUP_010,45.3,medium,61.6,33.4,98.17
2026-06-26,SUP_010,47.9,medium,61.6,24.9,98.48
2026-06-27,SUP_010,25.3,low,66.3,20.5,98.07
2026-06-28,SUP_010,35.5,low,63.4,22.7,97.76
2026-06-29,SUP_010,31.0,low,56.9,20.2,98.0
2026-06-30,SUP_010,38.4,low,89.2,24.4,97.7
2026-07-01,SUP_010,38.0,low,85.6,16.5,96.69
2026-07-02,SUP_010,23.9,low,82.7,8.1,96.67
2026-07-03,SUP_010,12.3,low,82.6,19.3,95.97
2026-07-04,SUP_010,27.1,low,83.2,26.4,96.73
2026-07-05,SUP_010,38.9,low,81.5,22.2,96.82
2026-07-06,SUP_010,39.7,low,81.8,24.1,96.39
2026-07-07,SUP_010,51.1,medium,82.0,31.1,96.06
2026-07-08,SUP_010,55.6,medium,83.1,33.9,95.16
2026-07-09,SUP_010,55.5,medium,72.1,34.8,94.64
2026-07-10,SUP_010,40.7,medium,82.8,40.6,95.12
2026-07-11,SUP_010,54.1,medium,82.3,35.9,96.18
2026-07-12,SUP_010,53.0,medium,85.4,36.0,96.52
2026-07-13,SUP_010,43.7,medium,78.6,35.7,96.48
2026-07-14,SUP_010,34.1,low,55.1,34.2,96.28
2026-07-15,SUP_010,35.4,low,52.9,32.3,95.82
2026-07-16,SUP_010,18.6,low,61.3,33.0,96.8
2026-07-17,SUP_010,27.9,low,58.6,33.5,96.71
2026-07-18,SUP_010,19.6,low,62.7,28.2,97.71
2026-07-19,SUP_010,25.6,low,59.5,33.5,98.38
2026-07-20,SUP_010,21.9,low,57.7,28.5,97.55
2026-07-21,SUP_010,21.5,low,57.2,28.4,97.23
2026-07-22,SUP_010,16.6,low,64.0,27.8,96.92
2026-07-23,SUP_010,18.5,low,54.8,30.8,96.88
2026-07-24,SUP_010,38.8,low,49.6,20.2,96.85
2026-07-25,SUP_010,49.5,medium,42.2,27.1,98.27
2026-07-26,SUP_010,47.9,medium,40.0,24.8,97.76
2026-07-27,SUP_010,43.2,medium,39.5,32.7,97.87
2026-07-28,SUP_010,47.7,medium,35.2,30.5,98.16
2026-07-29,SUP_010,53.7,medium,35.7,31.0,98.16
2026-07-30,SUP_010,40.1,medium,30.1,41.6,98.21
2026-07-31,SUP_010,36.9,low,30.1,39.2,97.72
2026-08-01,SUP_010,18.3,low,40.6,45.1,97.77
2026-08-02,SUP_010,31.6,low,45.7,43.8,98.01
2026-08-03,SUP_010,50.3,medium,49.0,44.6,98.17
2026-08-04,SUP_010,46.0,medium,46.2,43.6,98.44
2026-08-05,SUP_010,22.3,low,41.3,46.8,99.11
2026-08-06,SUP_010,29.9,low,39.0,41.4,99.55
2026-08-07,SUP_010,21.5,low,42.3,35.2,99.58
2026-08-08,SUP_010,17.5,low,49.3,31.8,99.03
2026-08-09,SUP_010,26.4,low,55.5,32.8,98.74
2026-08-10,SUP_010,29.7,low,59.5,32.0,98.64
2026-08-11,SUP_010,25.2,low,56.4,36.2,98.76
2026-08-12,SUP_010,20.4,low,57.3,42.9,98.53
2026-08-13,SUP_010,24.0,low,56.5,36.6,98.09
2026-08-14,SUP_010,21.7,low,56.4,32.5,97.52
2026-08-15,SUP_010,13.5,low,66.9,25.3,96.74
2026-08-16,SUP_010,14.5,low,57.8,37.4,96.63
2026-08-17,SUP_010,21.6,low,57.3,38.7,95.93
2026-08-18,SUP_010,22.0,low,63.8,40.6,95.46
2026-08-19,SUP_010,10.9,low,56.5,32.7,95.27
2026-08-20,SUP_010,24.9,low,54.3,33.1,94.64
2026-08-21,SUP_010,0.8,low,53.0,36.0,94.82
2026-08-22,SUP_010,3.9,low,53.3,34.6,95.17
2026-08-23,SUP_010,4.7,low,47.0,40.3,94.91
2026-08-24,SUP_010,12.4,low,52.1,51.7,94.7
2026-08-25,SUP_010,22.0,low,56.7,44.2,94.95
2026-08-26,SUP_010,34.4,low,59.9,37.4,94.62
2026-08-27,SUP_010,26.7,low,56.1,32.4,94.24
2026-08-28,SUP_010,33.0,low,57.4,41.3,94.81
2026-08-29,SUP_010,34.0,low,53.8,45.8,95.23
2026-08-30,SUP_010,17.2,low,53.5,43.5,95.52
2026-08-31,SUP_010,38.0,low,65.0,42.4,95.96
2026-09-01,SUP_010,22.7,low,65.0,37.0,95.02
2026-09-02,SUP_010,28.4,low,58.9,41.4,95.66
2026-09-03,SUP_010,32.4,low,60.2,38.4,95.85
2026-09-04,SUP_010,34.4,low,54.1,36.5,96.33
2026-09-05,SUP_010,28.7,low,49.6,39.5,96.51
2026-09-06,SUP_010,36.7,low,46.5,37.9,96.53
2026-09-07,SUP_010,60.2,medium,46.7,36.2,96.4
2026-09-08,SUP_010,62.0,medium,53.5,36.1,96.58
2026-09-09,SUP_010,58.7,medium,57.5,40.1,96.43
2026-09-10,SUP_010,55.1,medium,60.6,48.0,96.84
2026-09-11,SUP_010,62.7,medium,55.6,49.1,96.09
2026-09-12,SUP_010,74.4,high,54.0,51.2,95.83
2026-09-13,SUP_010,70.1,high,56.5,47.8,96.8
2026-09-14,SUP_010,37.5,low,54.4,42.1,96.5
2026-09-15,SUP_010,36.1,low,54.2,44.5,96.39
2026-09-16,SUP_010,26.3,low,57.4,44.0,95.97
2026-09-17,SUP_010,24.9,low,56.5,35.1,96.13
2026-09-18,SUP_010,23.4,low,58.4,33.4,95.78
2026-09-19,SUP_010,18.6,low,66.5,33.2,95.69
2026-09-20,SUP_010,25.4,low,65.0,30.8,96.1
2026-09-21,SUP_010,28.7,low,70.1,39.2,95.77
2026-09-22,SUP_010,14.3,low,71.6,41.1,96.14
2026-09-23,SUP_010,2.9,low,63.2,47.4,96.53
2026-06-01,SUP_011,60.1,medium,47.5,45.1,100.24
2026-06-02,SUP_011,55.9,medium,46.7,50.2,100.1
2026-06-03,SUP_011,58.7,medium,60.8,48.1,99.56
2026-06-04,SUP_011,77.4,high,62.4,49.2,99.78
2026-06-05,SUP_011,70.5,high,60.3,57.5,99.52
2026-06-06,SUP_011,71.1,high,52.8,61.4,100.81
2026-06-07,SUP_011,100.0,high,50.1,64.6,101.82
2026-06-08,SUP_011,100.0,high,55.0,73.2,102.3
2026-06-09,SUP_011,100.0,high,60.6,66.8,102.59
2026-06-10,SUP_011,100.0,high,64.2,59.8,102.52
2026-06-11,SUP_011,100.0,high,64.0,55.3,101.57
2026-06-12,SUP_011,100.0,high,54.1,53.9,101.4
2026-06-13,SUP_011,100.0,high,54.0,41.7,101.48
2026-06-14,SUP_011,80.9,high,45.7,42.6,101.65
2026-06-15,SUP_011,70.4,high,37.5,41.6,102.01
2026-06-16,SUP_011,69.0,high,38.7,47.7,102.71
2026-06-17,SUP_011,75.5,high,41.1,50.7,102.18
2026-06-18,SUP_011,72.0,high,44.9,48.2,101.67
2026-06-19,SUP_011,66.6,high,46.2,52.3,102.77
2026-06-20,SUP_011,63.1,medium,47.5,56.5,103.35
2026-06-21,SUP_011,72.0,high,41.4,52.2,103.05
2026-06-22,SUP_011,80.9,high,40.4,50.0,102.97
2026-06-23,SUP_011,70.0,high,32.9,39.1,102.9
2026-06-24,SUP_011,61.8,medium,24.2,35.7,102.92
2026-06-25,SUP_011,65.4,high,29.8,34.7,103.28
2026-06-26,SUP_011,78.7,high,27.4,38.1,105.2
2026-06-27,SUP_011,85.1,high,33.1,35.7,105.34
2026-06-28,SUP_011,67.7,high,39.1,35.9,105.85
2026-06-29,SUP_011,63.9,medium,36.0,32.3,104.57
2026-06-30,SUP_011,54.8,medium,54.8,36.6,104.2
2026-07-01,SUP_011,54.1,medium,51.5,41.6,105.13
2026-07-02,SUP_011,70.9,high,43.1,45.7,105.44
2026-07-03,SUP_011,55.5,medium,45.3,47.2,102.11
2026-07-04,SUP_011,42.2,medium,44.3,40.2,102.62
2026-07-05,SUP_011,39.4,low,43.6,39.2,104.07
2026-07-06,SUP_011,47.7,medium,54.5,39.4,102.56
2026-07-07,SUP_011,57.1,medium,47.2,39.6,103.71
2026-07-08,SUP_011,62.3,medium,50.0,42.3,101.61
2026-07-09,SUP_011,73.1,high,45.8,51.7,102.32
2026-07-10,SUP_011,54.0,medium,51.3,56.5,102.32
2026-07-11,SUP_011,67.0,high,53.1,51.1,100.53
2026-07-12,SUP_011,62.9,medium,55.0,55.2,100.87
2026-07-13,SUP_011,69.4,high,50.3,58.6,101.74
2026-07-14,SUP_011,55.3,medium,31.5,53.8,102.02
2026-07-15,SUP_011,57.0,medium,36.8,58.4,102.46
2026-07-16,SUP_011,60.5,medium,45.4,57.1,102.15
2026-07-17,SUP_011,71.6,high,46.6,49.3,100.74
2026-07-18,SUP_011,54.5,medium,41.0,52.6,101.26
2026-07-19,SUP_011,56.6,medium,42.2,54.1,102.59
2026-07-20,SUP_011,47.9,medium,53.1,53.0,103.45
2026-07-21,SUP_011,56.1,medium,51.3,53.1,101.94
2026-07-22,SUP_011,64.8,medium,56.2,49.6,100.79
2026-07-23,SUP_011,76.0,high,50.0,53.6,100.15
2026-07-24,SUP_011,67.6,high,48.0,53.6,98.94
2026-07-25,SUP_011,74.8,high,49.4,54.7,98.98
2026-07-26,SUP_011,84.2,high,49.6,56.6,99.27
2026-07-27,SUP_011,63.4,medium,44.2,50.3,98.19
2026-07-28,SUP_011,68.7,high,39.5,46.3,98.78
2026-07-29,SUP_011,75.9,high,43.9,36.0,99.23
2026-07-30,SUP_011,70.0,high,48.7,41.8,98.82
2026-07-31,SUP_011,56.8,medium,54.2,37.4,98.69
2026-08-01,SUP_011,66.8,high,60.4,40.7,97.21
2026-08-02,SUP_011,54.5,medium,57.6,44.8,96.96
2026-08-03,SUP_011,54.7,medium,53.2,49.5,96.96
2026-08-04,SUP_011,56.2,medium,57.3,44.0,97.09
2026-08-05,SUP_011,64.3,medium,57.8,45.3,97.38
2026-08-06,SUP_011,57.9,medium,50.2,55.6,97.56
2026-08-07,SUP_011,52.6,medium,43.5,64.5,97.36
2026-08-08,SUP_011,55.9,medium,45.0,68.3,97.58
2026-08-09,SUP_011,66.7,high,43.1,68.1,98.34
2026-08-10,SUP_011,86.7,high,42.2,60.8,98.27
2026-08-11,SUP_011,66.6,high,46.7,63.7,98.51
2026-08-12,SUP_011,68.4,high,49.0,61.6,98.37
2026-08-13,SUP_011,56.7,medium,53.6,63.5,97.88
2026-08-14,SUP_011,67.5,high,42.1,58.9,98.27
2026-08-15,SUP_011,57.4,medium,42.7,57.4,97.85
2026-08-16,SUP_011,52.3,medium,45.3,57.9,98.14
2026-08-17,SUP_011,49.3,medium,37.0,58.8,98.17
2026-08-18,SUP_011,51.7,medium,34.0,60.8,97.94
2026-08-19,SUP_011,57.3,medium,30.6,56.9,97.69
2026-08-20,SUP_011,63.0,medium,31.8,49.5,97.3
2026-08-21,SUP_011,62.7,medium,40.5,58.9,96.05
2026-08-22,SUP_011,50.2,medium,49.7,71.4,96.34
2026-08-23,SUP_011,59.9,medium,44.1,71.3,96.52
2026-08-24,SUP_011,59.9,medium,45.7,61.9,97.16
2026-08-25,SUP_011,71.2,high,47.2,56.8,96.76
2026-08-26,SUP_011,62.3,medium,47.6,59.2,98.2
2026-08-27,SUP_011,47.4,medium,48.1,65.6,97.91
2026-08-28,SUP_011,50.8,medium,48.0,57.7,97.25
2026-08-29,SUP_011,65.6,high,54.5,56.6,96.49
2026-08-30,SUP_011,66.2,high,57.3,57.4,95.18
2026-08-31,SUP_011,63.3,medium,49.3,61.6,96.34
2026-09-01,SUP_011,54.9,medium,51.4,58.8,97.38
2026-09-02,SUP_011,72.9,high,53.6,50.0,97.84
2026-09-03,SUP_011,60.7,medium,52.8,54.0,97.16
2026-09-04,SUP_011,54.3,medium,55.9,60.1,98.53
2026-09-05,SUP_011,61.5,medium,54.1,58.9,98.26
2026-09-06,SUP_011,44.4,medium,52.7,60.4,98.06
2026-09-07,SUP_011,60.6,medium,51.0,57.1,99.15
2026-09-08,SUP_011,66.8,high,39.5,52.3,99.65
2026-09-09,SUP_011,73.9,high,38.9,58.2,101.32
2026-09-10,SUP_011,76.1,high,35.6,59.7,101.51
2026-09-11,SUP_011,71.1,high,30.3,61.6,101.21
2026-09-12,SUP_011,59.0,medium,38.3,68.5,100.74
2026-09-13,SUP_011,58.4,medium,40.6,60.9,99.34
2026-09-14,SUP_011,50.3,medium,40.1,57.1,99.13
2026-09-15,SUP_011,57.7,medium,37.1,57.6,100.0
2026-09-16,SUP_011,66.3,high,38.6,54.3,100.45
2026-09-17,SUP_011,78.9,high,43.2,58.5,100.47
2026-09-18,SUP_011,78.1,high,38.5,57.0,99.71
2026-09-19,SUP_011,82.6,high,38.4,51.5,99.88
2026-09-20,SUP_011,74.7,high,42.5,52.3,100.65
2026-09-21,SUP_011,67.1,high,32.6,53.6,100.98
2026-09-22,SUP_011,70.2,high,33.2,58.8,101.11
2026-09-23,SUP_011,64.6,medium,31.9,60.3,100.5
2026-06-01,SUP_012,49.1,medium,47.8,43.4,100.22
2026-06-02,SUP_012,56.3,medium,31.8,37.5,100.93
2026-06-03,SUP_012,76.1,high,34.8,42.6,103.25
2026-06-04,SUP_012,64.0,medium,47.8,58.4,103.75
2026-06-05,SUP_012,53.5,medium,39.5,42.9,104.66
2026-06-06,SUP_012,40.3,medium,38.4,45.4,105.68
2026-06-07,SUP_012,42.7,medium,38.6,34.3,104.05
2026-06-08,SUP_012,44.4,medium,36.6,36.7,102.69
2026-06-09,SUP_012,73.3,high,42.0,35.3,101.15
2026-06-10,SUP_012,73.1,high,44.0,36.0,99.27
2026-06-11,SUP_012,56.2,medium,64.3,31.0,100.39
2026-06-12,SUP_012,70.5,high,67.5,35.7,100.8
2026-06-13,SUP_012,65.5,high,66.5,28.0,100.92
2026-06-14,SUP_012,68.6,high,80.6,35.6,97.25
2026-06-15,SUP_012,58.0,medium,78.3,33.3,100.16
2026-06-16,SUP_012,20.8,low,76.5,26.2,98.89
2026-06-17,SUP_012,23.5,low,66.0,35.9,101.79
2026-06-18,SUP_012,28.0,low,62.5,35.4,99.74
2026-06-19,SUP_012,36.0,low,67.6,45.4,98.59
2026-06-20,SUP_012,50.8,medium,60.2,50.3,95.48
2026-06-21,SUP_012,55.4,medium,50.0,43.8,95.99
2026-06-22,SUP_012,61.0,medium,51.6,42.0,94.43
2026-06-23,SUP_012,69.6,high,59.4,41.6,92.91
2026-06-24,SUP_012,68.0,high,59.8,48.7,90.97
2026-06-25,SUP_012,61.1,medium,38.0,48.9,92.07
2026-06-26,SUP_012,65.7,high,29.5,47.8,93.08
2026-06-27,SUP_012,69.7,high,33.2,44.8,95.64
2026-06-28,SUP_012,68.8,high,37.4,43.1,94.67
2026-06-29,SUP_012,48.6,medium,29.3,48.7,94.98
2026-06-30,SUP_012,39.2,low,36.3,46.7,93.15
2026-07-01,SUP_012,37.3,low,40.5,42.8,92.68
2026-07-02,SUP_012,45.7,medium,45.8,38.7,91.95
2026-07-03,SUP_012,44.6,medium,47.7,35.2,92.6
2026-07-04,SUP_012,54.5,medium,49.6,27.8,94.04
2026-07-05,SUP_012,63.5,medium,50.6,24.9,95.44
2026-07-06,SUP_012,69.3,high,53.2,34.3,94.25
2026-07-07,SUP_012,73.6,high,42.6,33.3,95.67
2026-07-08,SUP_012,56.1,medium,35.1,37.3,95.6
2026-07-09,SUP_012,57.0,medium,32.3,23.9,95.14
2026-07-10,SUP_012,47.7,medium,32.9,28.6,94.14
2026-07-11,SUP_012,31.0,low,35.8,28.7,93.35
2026-07-12,SUP_012,31.1,low,37.9,27.1,95.81
2026-07-13,SUP_012,46.1,medium,43.5,29.2,96.25
2026-07-14,SUP_012,49.3,medium,48.5,27.5,96.5
2026-07-15,SUP_012,66.2,high,43.1,17.4,96.13
2026-07-16,SUP_012,61.8,medium,43.7,24.9,99.59
2026-07-17,SUP_012,79.5,high,39.1,27.7,101.43
2026-07-18,SUP_012,71.8,high,38.4,27.1,100.41
2026-07-19,SUP_012,64.5,medium,40.2,23.2,100.03
2026-07-20,SUP_012,47.1,medium,24.0,17.3,99.72
2026-07-21,SUP_012,56.1,medium,37.8,21.1,99.93
2026-07-22,SUP_012,47.9,medium,40.8,31.7,98.94
2026-07-23,SUP_012,40.4,medium,37.9,33.3,99.56
2026-07-24,SUP_012,52.7,medium,47.3,26.2,101.61
2026-07-25,SUP_012,60.7,medium,44.6,28.7,99.75
2026-07-26,SUP_012,66.5,high,44.5,29.4,98.16
2026-07-27,SUP_012,57.1,medium,41.5,34.8,97.47
2026-07-28,SUP_012,52.8,medium,49.1,38.0,96.86
2026-07-29,SUP_012,49.6,medium,47.3,21.8,99.68
2026-07-30,SUP_012,54.9,medium,46.9,26.7,101.1
2026-07-31,SUP_012,66.1,high,51.6,22.6,102.44
2026-08-01,SUP_012,63.5,medium,52.6,17.0,102.06
2026-08-02,SUP_012,76.4,high,50.5,18.7,101.66
2026-08-03,SUP_012,76.1,high,54.1,23.3,99.6
2026-08-04,SUP_012,65.4,high,64.1,16.4,100.71
2026-08-05,SUP_012,67.2,high,62.0,22.9,101.41
2026-08-06,SUP_012,76.7,high,59.2,28.8,103.23
2026-08-07,SUP_012,86.5,high,57.1,29.9,102.93
2026-08-08,SUP_012,86.4,high,60.8,26.1,102.73
2026-08-09,SUP_012,75.5,high,54.8,22.3,102.97
2026-08-10,SUP_012,91.6,high,51.3,29.6,104.23
2026-08-11,SUP_012,91.1,high,42.3,22.5,102.15
2026-08-12,SUP_012,100.0,high,36.3,29.9,103.19
2026-08-13,SUP_012,96.8,high,34.4,29.8,103.16
2026-08-14,SUP_012,94.0,high,35.0,30.1,101.66
2026-08-15,SUP_012,88.0,high,44.1,21.8,98.71
2026-08-16,SUP_012,80.1,high,46.1,23.0,98.52
2026-08-17,SUP_012,49.3,medium,40.8,28.1,100.57
2026-08-18,SUP_012,48.7,medium,37.3,22.1,102.94
2026-08-19,SUP_012,62.9,medium,44.2,26.6,103.44
2026-08-20,SUP_012,55.5,medium,48.9,28.4,106.22
2026-08-21,SUP_012,52.6,medium,47.7,26.0,106.16
2026-08-22,SUP_012,41.9,medium,44.4,31.8,107.51
2026-08-23,SUP_012,48.6,medium,49.1,20.7,106.87
2026-08-24,SUP_012,59.6,medium,43.0,24.7,106.14
2026-08-25,SUP_012,70.2,high,44.4,34.7,105.18
2026-08-26,SUP_012,65.1,high,54.5,42.4,102.26
2026-08-27,SUP_012,64.6,medium,53.3,43.3,104.09
2026-08-28,SUP_012,57.5,medium,47.7,40.5,103.18
2026-08-29,SUP_012,58.5,medium,48.5,36.3,102.04
2026-08-30,SUP_012,57.3,medium,45.0,34.5,100.37
2026-08-31,SUP_012,54.0,medium,37.6,37.5,100.08
2026-09-01,SUP_012,52.3,medium,41.3,32.8,102.58
2026-09-02,SUP_012,53.9,medium,46.4,37.1,105.54
2026-09-03,SUP_012,48.2,medium,44.0,48.1,103.19
2026-09-04,SUP_012,44.4,medium,41.6,45.8,102.69
2026-09-05,SUP_012,59.6,medium,36.8,37.1,101.23
2026-09-06,SUP_012,80.3,high,36.6,29.7,102.63
2026-09-07,SUP_012,59.6,medium,34.4,34.6,103.03
2026-09-08,SUP_012,43.5,medium,30.5,34.3,102.13
2026-09-09,SUP_012,34.3,low,40.9,39.0,102.23
2026-09-10,SUP_012,35.3,low,42.9,35.6,101.56
2026-09-11,SUP_012,45.2,medium,45.2,39.9,103.84
2026-09-12,SUP_012,49.9,medium,48.6,38.3,104.62
2026-09-13,SUP_012,49.5,medium,51.0,34.0,105.56
2026-09-14,SUP_012,52.5,medium,47.4,32.0,101.79
2026-09-15,SUP_012,43.5,medium,47.6,26.2,101.7
2026-09-16,SUP_012,40.9,medium,45.2,38.0,104.64
2026-09-17,SUP_012,41.0,medium,46.5,37.0,106.52
2026-09-18,SUP_012,26.5,low,47.1,40.1,103.91
2026-09-19,SUP_012,19.7,low,44.2,36.5,103.46
2026-09-20,SUP_012,14.9,low,37.3,30.7,101.76
2026-09-21,SUP_012,28.7,low,38.4,30.2,104.18
2026-09-22,SUP_012,34.3,low,37.7,36.7,104.53
2026-09-23,SUP_012,41.9,medium,29.1,33.7,103.44
2026-06-01,SUP_013,36.4,low,12.3,44.0,101.27
2026-06-02,SUP_013,30.9,low,0.0,43.1,101.79
2026-06-03,SUP_013,21.3,low,0.0,36.6,103.55
2026-06-04,SUP_013,7.4,low,0.0,34.7,100.31
2026-06-05,SUP_013,2.7,low,5.0,26.3,99.9
2026-06-06,SUP_013,11.8,low,0.0,22.3,99.48
2026-06-07,SUP_013,26.7,low,0.0,31.3,101.07
2026-06-08,SUP_013,23.6,low,4.3,31.1,103.25
2026-06-09,SUP_013,41.0,medium,0.0,41.7,101.24
2026-06-10,SUP_013,32.8,low,1.7,40.2,103.19
2026-06-11,SUP_013,31.2,low,3.5,39.2,101.57
2026-06-12,SUP_013,22.1,low,12.9,42.0,100.0
2026-06-13,SUP_013,34.5,low,11.7,26.8,99.67
2026-06-14,SUP_013,54.1,medium,10.9,29.1,99.23
2026-06-15,SUP_013,33.0,low,15.1,29.8,97.08
2026-06-16,SUP_013,30.3,low,8.4,38.4,97.98
2026-06-17,SUP_013,43.2,medium,7.9,42.9,98.92
2026-06-18,SUP_013,27.7,low,6.3,35.8,100.37
2026-06-19,SUP_013,34.8,low,6.5,42.2,99.77
2026-06-20,SUP_013,46.2,medium,11.4,39.7,99.72
2026-06-21,SUP_013,44.1,medium,14.1,34.3,99.68
2026-06-22,SUP_013,46.9,medium,10.2,35.4,102.01
2026-06-23,SUP_013,60.2,medium,11.1,34.3,98.09
2026-06-24,SUP_013,72.0,high,18.3,42.5,96.77
2026-06-25,SUP_013,62.2,medium,13.4,43.2,96.78
2026-06-26,SUP_013,50.4,medium,13.9,43.0,95.28
2026-06-27,SUP_013,38.1,low,12.7,46.6,94.92
2026-06-28,SUP_013,46.3,medium,12.3,50.6,94.75
2026-06-29,SUP_013,30.8,low,4.5,52.4,93.84
2026-06-30,SUP_013,29.5,low,12.3,57.2,93.93
2026-07-01,SUP_013,31.8,low,8.6,57.1,94.8
2026-07-02,SUP_013,28.0,low,14.0,54.7,94.47
2026-07-03,SUP_013,32.3,low,10.7,58.3,93.84
2026-07-04,SUP_013,56.7,medium,8.0,54.3,93.61
2026-07-05,SUP_013,50.2,medium,14.3,51.6,93.6
2026-07-06,SUP_013,42.4,medium,18.7,58.2,91.2
2026-07-07,SUP_013,49.9,medium,18.7,63.2,91.84
2026-07-08,SUP_013,48.4,medium,21.3,58.9,91.21
2026-07-09,SUP_013,58.4,medium,18.5,53.0,92.96
2026-07-10,SUP_013,54.1,medium,17.5,58.0,93.77
2026-07-11,SUP_013,47.0,medium,13.5,58.7,95.39
2026-07-12,SUP_013,27.5,low,17.6,56.8,93.99
2026-07-13,SUP_013,14.4,low,13.5,51.9,93.48
2026-07-14,SUP_013,2.5,low,20.3,51.1,91.76
2026-07-15,SUP_013,14.2,low,17.5,48.6,90.79
2026-07-16,SUP_013,6.8,low,16.8,43.0,92.52
2026-07-17,SUP_013,25.4,low,19.7,42.5,94.57
2026-07-18,SUP_013,28.1,low,18.6,42.8,92.99
2026-07-19,SUP_013,27.6,low,16.2,39.6,92.35
2026-07-20,SUP_013,21.6,low,15.5,43.7,92.25
2026-07-21,SUP_013,30.7,low,19.2,49.2,93.06
2026-07-22,SUP_013,24.3,low,15.0,52.2,90.63
2026-07-23,SUP_013,17.9,low,13.9,48.1,88.41
2026-07-24,SUP_013,33.2,low,13.7,50.1,89.09
2026-07-25,SUP_013,36.9,low,17.5,48.3,86.39
2026-07-26,SUP_013,34.3,low,16.2,39.8,85.78
2026-07-27,SUP_013,40.4,medium,24.2,42.6,86.0
2026-07-28,SUP_013,39.1,low,21.6,42.2,86.58
2026-07-29,SUP_013,41.6,medium,19.0,54.8,86.38
2026-07-30,SUP_013,32.4,low,17.2,59.5,85.87
2026-07-31,SUP_013,52.2,medium,10.1,59.6,87.04
2026-08-01,SUP_013,42.6,medium,5.5,57.2,87.44
2026-08-02,SUP_013,55.1,medium,4.0,54.7,86.54
2026-08-03,SUP_013,48.3,medium,10.6,46.5,86.59
2026-08-04,SUP_013,52.5,medium,35.0,35.6,87.12
2026-08-05,SUP_013,54.9,medium,32.9,30.9,89.5
2026-08-06,SUP_013,60.5,medium,39.2,31.3,90.58
2026-08-07,SUP_013,46.4,medium,46.2,20.7,92.26
2026-08-08,SUP_013,53.5,medium,50.6,20.0,91.42
2026-08-09,SUP_013,66.0,high,44.5,21.0,90.69
2026-08-10,SUP_013,55.8,medium,40.9,21.9,90.37
2026-08-11,SUP_013,50.9,medium,48.8,20.4,90.17
2026-08-12,SUP_013,42.1,medium,48.1,20.8,88.78
2026-08-13,SUP_013,37.1,low,45.1,32.0,90.53
2026-08-14,SUP_013,52.4,medium,47.2,35.9,91.75
2026-08-15,SUP_013,38.8,low,50.3,32.9,91.32
2026-08-16,SUP_013,29.1,low,45.5,32.8,92.21
2026-08-17,SUP_013,45.5,medium,45.2,33.0,92.52
2026-08-18,SUP_013,48.7,medium,23.9,29.2,93.51
2026-08-19,SUP_013,64.9,medium,16.6,26.1,91.66
2026-08-20,SUP_013,53.2,medium,16.0,32.7,91.46
2026-08-21,SUP_013,49.8,medium,10.1,30.9,91.38
2026-08-22,SUP_013,40.0,medium,5.7,25.7,92.24
2026-08-23,SUP_013,40.1,medium,4.0,26.9,91.37
2026-08-24,SUP_013,22.4,low,7.5,28.7,87.91
2026-08-25,SUP_013,31.9,low,6.6,19.3,86.42
2026-08-26,SUP_013,35.7,low,4.3,21.4,86.34
2026-08-27,SUP_013,35.0,low,5.7,28.0,86.42
2026-08-28,SUP_013,31.4,low,1.2,31.4,88.75
2026-08-29,SUP_013,24.0,low,4.9,43.7,89.56
2026-08-30,SUP_013,33.5,low,11.3,49.0,89.67
2026-08-31,SUP_013,23.0,low,11.0,54.5,89.62
2026-09-01,SUP_013,30.7,low,10.2,66.4,91.15
2026-09-02,SUP_013,51.0,medium,12.3,65.6,90.33
2026-09-03,SUP_013,60.8,medium,2.6,61.9,90.14
2026-09-04,SUP_013,40.4,medium,6.6,63.0,88.63
2026-09-05,SUP_013,68.2,high,22.1,55.9,90.6
2026-09-06,SUP_013,72.3,high,20.0,53.3,91.14
2026-09-07,SUP_013,70.9,high,18.2,47.1,90.16
2026-09-08,SUP_013,57.5,medium,20.8,47.4,90.0
2026-09-09,SUP_013,63.9,medium,27.3,42.1,90.71
2026-09-10,SUP_013,65.1,high,29.6,37.4,90.36
2026-09-11,SUP_013,83.8,high,16.8,39.2,89.62
2026-09-12,SUP_013,43.7,medium,18.7,37.9,88.72
2026-09-13,SUP_013,52.4,medium,29.9,27.3,89.19
2026-09-14,SUP_013,36.3,low,30.2,20.8,88.69
2026-09-15,SUP_013,26.4,low,22.0,16.9,88.06
2026-09-16,SUP_013,35.3,low,21.8,14.9,86.22
2026-09-17,SUP_013,45.2,medium,14.3,20.1,86.32
2026-09-18,SUP_013,33.8,low,19.8,23.5,86.07
2026-09-19,SUP_013,34.3,low,14.1,30.9,85.63
2026-09-20,SUP_013,21.7,low,14.1,35.4,85.9
2026-09-21,SUP_013,23.4,low,9.7,41.0,86.94
2026-09-22,SUP_013,34.0,low,7.5,43.3,87.91
2026-09-23,SUP_013,30.2,low,15.2,43.2,88.67
2026-06-01,SUP_014,33.6,low,52.8,26.2,99.71
2026-06-02,SUP_014,24.0,low,50.5,25.0,99.75
2026-06-03,SUP_014,44.1,medium,46.2,26.5,100.47
2026-06-04,SUP_014,57.4,medium,44.7,28.4,101.6
2026-06-05,SUP_014,61.2,medium,46.3,20.4,101.28
2026-06-06,SUP_014,52.3,medium,43.9,21.4,100.19
2026-06-07,SUP_014,46.5,medium,46.0,27.6,100.27
2026-06-08,SUP_014,57.7,medium,42.8,26.7,100.76
2026-06-09,SUP_014,50.0,medium,36.8,26.8,99.24
2026-06-10,SUP_014,41.6,medium,43.4,28.9,98.31
2026-06-11,SUP_014,58.5,medium,42.9,29.1,97.56
2026-06-12,SUP_014,53.5,medium,40.7,24.6,97.34
2026-06-13,SUP_014,66.5,high,37.7,26.0,96.55
2026-06-14,SUP_014,46.9,medium,42.3,32.5,97.29
2026-06-15,SUP_014,50.0,medium,50.7,27.4,95.62
2026-06-16,SUP_014,66.7,high,49.4,26.5,93.97
2026-06-17,SUP_014,60.3,medium,49.3,20.5,93.62
2026-06-18,SUP_014,52.8,medium,55.2,27.7,93.44
2026-06-19,SUP_014,38.8,low,46.6,28.3,91.93
2026-06-20,SUP_014,49.1,medium,57.2,24.8,91.29
2026-06-21,SUP_014,39.7,low,68.4,26.8,90.88
2026-06-22,SUP_014,38.9,low,53.6,21.7,90.47
2026-06-23,SUP_014,27.7,low,53.3,18.3,90.62
2026-06-24,SUP_014,45.2,medium,50.2,13.1,89.94
2026-06-25,SUP_014,54.6,medium,49.6,10.7,91.47
2026-06-26,SUP_014,50.7,medium,48.5,21.5,91.98
2026-06-27,SUP_014,37.3,low,53.3,19.7,91.14
2026-06-28,SUP_014,52.2,medium,53.0,24.4,91.24
2026-06-29,SUP_014,45.8,medium,49.0,21.6,91.37
2026-06-30,SUP_014,34.1,low,49.1,27.6,92.63
2026-07-01,SUP_014,19.2,low,52.4,23.3,92.01
2026-07-02,SUP_014,18.5,low,47.2,25.3,92.81
2026-07-03,SUP_014,10.4,low,40.6,27.0,92.85
2026-07-04,SUP_014,12.0,low,52.2,40.5,94.41
2026-07-05,SUP_014,58.6,medium,49.5,43.0,95.75
2026-07-06,SUP_014,58.6,medium,49.7,38.7,95.96
2026-07-07,SUP_014,65.4,high,48.6,41.7,95.68
2026-07-08,SUP_014,60.5,medium,52.2,52.0,96.21
2026-07-09,SUP_014,64.2,medium,61.0,40.8,96.02
2026-07-10,SUP_014,84.1,high,62.9,35.5,97.77
2026-07-11,SUP_014,78.0,high,54.5,34.2,97.85
2026-07-12,SUP_014,47.6,medium,48.0,32.1,97.43
2026-07-13,SUP_014,31.2,low,47.2,30.8,96.95
2026-07-14,SUP_014,47.5,medium,47.1,24.6,95.69
2026-07-15,SUP_014,41.2,medium,40.1,33.5,96.27
2026-07-16,SUP_014,50.6,medium,46.2,26.3,95.41
2026-07-17,SUP_014,46.8,medium,42.4,26.5,96.56
2026-07-18,SUP_014,50.8,medium,51.3,33.3,95.21
2026-07-19,SUP_014,54.3,medium,60.5,33.4,95.34
2026-07-20,SUP_014,46.5,medium,58.5,28.5,96.54
2026-07-21,SUP_014,55.0,medium,60.1,22.3,94.3
2026-07-22,SUP_014,44.2,medium,53.5,23.0,96.4
2026-07-23,SUP_014,50.4,medium,56.7,20.8,95.96
2026-07-24,SUP_014,44.2,medium,54.0,24.0,96.11
2026-07-25,SUP_014,46.4,medium,49.0,18.3,96.7
2026-07-26,SUP_014,40.5,medium,48.6,25.1,97.46
2026-07-27,SUP_014,40.8,medium,47.3,27.2,97.74
2026-07-28,SUP_014,30.7,low,46.9,29.4,98.78
2026-07-29,SUP_014,35.3,low,52.6,37.8,99.32
2026-07-30,SUP_014,36.9,low,49.3,35.1,101.16
2026-07-31,SUP_014,32.7,low,58.4,31.2,101.7
2026-08-01,SUP_014,34.0,low,51.6,28.9,103.75
2026-08-02,SUP_014,36.7,low,59.7,28.8,104.68
2026-08-03,SUP_014,31.8,low,54.2,29.3,102.8
2026-08-04,SUP_014,32.7,low,54.3,25.7,105.52
2026-08-05,SUP_014,25.2,low,52.1,16.5,104.93
2026-08-06,SUP_014,50.6,medium,50.9,16.3,106.48
2026-08-07,SUP_014,57.8,medium,55.3,21.0,106.51
2026-08-08,SUP_014,55.9,medium,62.4,23.8,107.62
2026-08-09,SUP_014,62.7,medium,66.9,31.8,106.9
2026-08-10,SUP_014,38.7,low,63.2,42.6,107.55
2026-08-11,SUP_014,15.4,low,62.9,45.5,107.29
2026-08-12,SUP_014,17.8,low,58.0,51.2,108.93
2026-08-13,SUP_014,10.6,low,52.8,52.8,109.39
2026-08-14,SUP_014,15.8,low,47.7,59.1,110.36
2026-08-15,SUP_014,23.7,low,46.7,65.3,108.11
2026-08-16,SUP_014,36.3,low,49.2,65.7,108.02
2026-08-17,SUP_014,26.7,low,41.0,64.8,108.45
2026-08-18,SUP_014,33.7,low,42.9,59.3,108.68
2026-08-19,SUP_014,35.4,low,51.9,55.4,109.68
2026-08-20,SUP_014,39.8,low,57.7,50.6,109.3
2026-08-21,SUP_014,35.0,low,54.5,51.5,109.35
2026-08-22,SUP_014,49.1,medium,47.9,45.2,110.58
2026-08-23,SUP_014,45.9,medium,51.2,42.7,108.21
2026-08-24,SUP_014,60.8,medium,40.8,29.1,108.82
2026-08-25,SUP_014,48.3,medium,48.2,39.1,108.47
2026-08-26,SUP_014,53.1,medium,48.2,37.3,107.52
2026-08-27,SUP_014,49.3,medium,57.9,39.4,107.87
2026-08-28,SUP_014,43.9,medium,49.3,46.4,109.15
2026-08-29,SUP_014,48.8,medium,54.5,46.3,110.24
2026-08-30,SUP_014,43.8,medium,54.1,52.2,110.09
2026-08-31,SUP_014,18.2,low,52.6,43.1,111.01
2026-09-01,SUP_014,0.0,low,46.5,54.5,111.91
2026-09-02,SUP_014,18.3,low,50.6,57.3,111.82
2026-09-03,SUP_014,35.1,low,54.5,55.0,111.1
2026-09-04,SUP_014,53.8,medium,63.0,59.5,110.44
2026-09-05,SUP_014,50.2,medium,66.6,49.7,111.31
2026-09-06,SUP_014,35.7,low,80.4,46.0,111.27
2026-09-07,SUP_014,32.9,low,74.5,51.9,110.18
2026-09-08,SUP_014,34.8,low,67.9,39.6,108.42
2026-09-09,SUP_014,26.7,low,75.7,41.8,109.29
2026-09-10,SUP_014,45.3,medium,71.6,43.6,108.72
2026-09-11,SUP_014,64.7,medium,78.9,52.7,109.06
2026-09-12,SUP_014,63.0,medium,80.6,41.7,110.35
2026-09-13,SUP_014,57.1,medium,81.0,49.2,108.99
2026-09-14,SUP_014,40.9,medium,78.4,44.1,108.94
2026-09-15,SUP_014,55.0,medium,80.8,40.4,108.76
2026-09-16,SUP_014,51.9,medium,79.6,33.1,109.16
2026-09-17,SUP_014,46.3,medium,76.9,27.7,110.45
2026-09-18,SUP_014,49.2,medium,79.7,30.9,109.07
2026-09-19,SUP_014,41.4,medium,78.0,25.7,109.66
2026-09-20,SUP_014,42.4,medium,55.2,31.0,110.73
2026-09-21,SUP_014,28.5,low,58.0,28.1,110.54
2026-09-22,SUP_014,41.4,medium,57.3,22.7,110.4
2026-09-23,SUP_014,40.1,medium,59.2,21.8,110.83
2026-06-01,SUP_015,53.1,medium,45.1,35.5,99.94
2026-06-02,SUP_015,49.4,medium,47.4,38.4,100.37
2026-06-03,SUP_015,41.0,medium,49.3,28.1,100.18
2026-06-04,SUP_015,70.5,high,43.5,35.9,101.47
2026-06-05,SUP_015,59.3,medium,48.0,33.9,100.49
2026-06-06,SUP_015,67.6,high,52.6,36.9,100.63
2026-06-07,SUP_015,60.2,medium,51.9,39.9,101.18
2026-06-08,SUP_015,71.8,high,43.3,46.4,100.69
2026-06-09,SUP_015,68.8,high,42.6,44.1,101.73
2026-06-10,SUP_015,79.6,high,43.4,31.6,101.91
2026-06-11,SUP_015,39.9,low,37.8,32.4,102.88
2026-06-12,SUP_015,34.9,low,36.7,33.8,103.12
2026-06-13,SUP_015,41.0,medium,30.8,28.6,103.59
2026-06-14,SUP_015,52.8,medium,35.4,30.3,102.81
2026-06-15,SUP_015,66.3,high,37.2,29.1,102.03
2026-06-16,SUP_015,61.3,medium,30.1,22.9,103.54
2026-06-17,SUP_015,74.3,high,33.5,28.3,104.32
2026-06-18,SUP_015,64.3,medium,34.5,26.3,103.06
2026-06-19,SUP_015,69.6,high,38.1,25.5,103.28
2026-06-20,SUP_015,54.7,medium,36.8,24.5,100.36
2026-06-21,SUP_015,56.2,medium,33.8,32.5,99.65
2026-06-22,SUP_015,31.7,low,31.4,32.7,100.83
2026-06-23,SUP_015,24.7,low,30.4,33.5,100.68
2026-06-24,SUP_015,34.1,low,32.2,31.4,100.82
2026-06-25,SUP_015,24.6,low,34.4,34.4,97.1
2026-06-26,SUP_015,33.7,low,34.6,41.6,96.62
2026-06-27,SUP_015,44.9,medium,33.7,44.0,97.04
2026-06-28,SUP_015,40.3,medium,33.3,46.3,97.61
2026-06-29,SUP_015,32.5,low,46.5,47.8,98.8
2026-06-30,SUP_015,31.2,low,42.2,38.6,98.54
2026-07-01,SUP_015,25.7,low,39.5,33.4,98.33
2026-07-02,SUP_015,29.6,low,55.5,32.6,96.69
2026-07-03,SUP_015,34.4,low,55.5,29.1,96.44
2026-07-04,SUP_015,34.2,low,46.9,24.4,94.88
2026-07-05,SUP_015,52.4,medium,50.2,16.1,92.61
2026-07-06,SUP_015,43.9,medium,44.6,11.9,91.27
2026-07-07,SUP_015,57.1,medium,48.5,14.0,93.13
2026-07-08,SUP_015,44.4,medium,46.6,16.8,92.79
2026-07-09,SUP_015,45.2,medium,43.8,15.3,93.07
2026-07-10,SUP_015,56.1,medium,51.2,18.7,92.43
2026-07-11,SUP_015,63.8,medium,52.5,18.9,90.22
2026-07-12,SUP_015,55.2,medium,55.5,27.0,91.38
2026-07-13,SUP_015,57.8,medium,55.5,27.4,88.7
2026-07-14,SUP_015,58.5,medium,51.4,32.2,88.02
2026-07-15,SUP_015,50.1,medium,52.9,33.7,87.95
2026-07-16,SUP_015,54.6,medium,57.0,26.5,88.23
2026-07-17,SUP_015,69.4,high,55.4,27.3,87.34
2026-07-18,SUP_015,67.7,high,61.9,21.9,85.07
2026-07-19,SUP_015,67.3,high,63.0,23.3,84.08
2026-07-20,SUP_015,95.8,high,60.8,21.2,83.16
2026-07-21,SUP_015,76.5,high,59.2,25.2,82.21
2026-07-22,SUP_015,79.8,high,57.3,19.6,83.4
2026-07-23,SUP_015,68.7,high,49.0,22.0,81.91
2026-07-24,SUP_015,64.3,medium,47.6,27.0,82.28
2026-07-25,SUP_015,86.4,high,47.8,33.0,82.47
2026-07-26,SUP_015,80.7,high,44.9,29.2,83.66
2026-07-27,SUP_015,44.0,medium,46.1,30.2,83.49
2026-07-28,SUP_015,54.9,medium,72.2,31.9,84.47
2026-07-29,SUP_015,43.7,medium,75.3,40.5,84.26
2026-07-30,SUP_015,39.9,low,77.4,31.9,84.79
2026-07-31,SUP_015,52.7,medium,76.9,27.5,82.94
2026-08-01,SUP_015,51.2,medium,69.2,43.4,79.68
2026-08-02,SUP_015,35.2,low,77.6,40.7,80.15
2026-08-03,SUP_015,42.7,medium,75.5,29.9,80.68
2026-08-04,SUP_015,39.6,low,74.1,27.6,81.27
2026-08-05,SUP_015,55.2,medium,71.7,14.1,80.62
2026-08-06,SUP_015,47.0,medium,68.9,18.5,82.46
2026-08-07,SUP_015,56.3,medium,76.1,25.3,81.89
2026-08-08,SUP_015,69.9,high,81.6,21.9,82.41
2026-08-09,SUP_015,55.8,medium,81.7,21.4,83.14
2026-08-10,SUP_015,51.3,medium,79.3,28.3,85.26
2026-08-11,SUP_015,53.3,medium,54.0,20.1,84.87
2026-08-12,SUP_015,43.3,medium,52.6,15.4,84.07
2026-08-13,SUP_015,46.2,medium,50.1,17.1,82.22
2026-08-14,SUP_015,43.8,medium,50.5,15.8,84.13
2026-08-15,SUP_015,41.9,medium,47.1,17.2,84.65
2026-08-16,SUP_015,43.1,medium,47.5,13.2,85.21
2026-08-17,SUP_015,44.2,medium,47.7,17.6,89.05
2026-08-18,SUP_015,45.9,medium,49.7,19.4,89.46
2026-08-19,SUP_015,40.2,medium,45.6,24.6,87.85
2026-08-20,SUP_015,36.2,low,48.4,27.2,87.61
2026-08-21,SUP_015,37.3,low,43.2,29.5,86.41
2026-08-22,SUP_015,38.8,low,40.3,22.7,85.92
2026-08-23,SUP_015,36.3,low,38.0,27.1,85.42
2026-08-24,SUP_015,41.5,medium,33.5,26.6,84.7
2026-08-25,SUP_015,25.6,low,39.6,27.0,82.98
2026-08-26,SUP_015,23.7,low,35.4,33.7,84.94
2026-08-27,SUP_015,26.4,low,33.1,30.1,85.31
2026-08-28,SUP_015,23.1,low,40.4,38.0,85.03
2026-08-29,SUP_015,43.7,medium,37.9,45.1,85.97
2026-08-30,SUP_015,44.2,medium,37.6,47.6,86.55
2026-08-31,SUP_015,46.0,medium,33.5,40.5,86.89
2026-09-01,SUP_015,41.3,medium,38.7,28.2,87.73
2026-09-02,SUP_015,42.1,medium,43.2,34.9,87.9
2026-09-03,SUP_015,31.6,low,46.5,35.5,88.73
2026-09-04,SUP_015,33.3,low,48.4,31.5,89.65
2026-09-05,SUP_015,27.6,low,47.8,38.2,89.85
2026-09-06,SUP_015,29.4,low,44.4,33.2,89.58
2026-09-07,SUP_015,9.6,low,40.2,31.2,91.47
2026-09-08,SUP_015,8.0,low,46.6,34.5,90.88
2026-09-09,SUP_015,30.8,low,49.5,28.8,91.36
2026-09-10,SUP_015,42.0,medium,45.1,29.1,91.87
2026-09-11,SUP_015,55.0,medium,44.8,35.7,91.12
2026-09-12,SUP_015,65.3,high,43.0,36.7,90.13
2026-09-13,SUP_015,66.5,high,37.5,43.0,89.69
2026-09-14,SUP_015,56.9,medium,39.0,47.8,89.08
2026-09-15,SUP_015,44.3,medium,37.5,45.9,87.28
2026-09-16,SUP_015,55.1,medium,33.6,32.0,86.48
2026-09-17,SUP_015,53.2,medium,27.9,26.6,86.81
2026-09-18,SUP_015,74.2,high,22.6,31.9,88.37
2026-09-19,SUP_015,63.5,medium,23.7,24.2,89.05
2026-09-20,SUP_015,77.2,high,26.1,24.1,85.85
2026-09-21,SUP_015,67.7,high,24.3,27.5,86.64
2026-09-22,SUP_015,74.4,high,30.1,36.4,85.95
2026-09-23,SUP_015,82.7,high,31.5,33.1,86.51
2026-06-01,SUP_016,14.0,low,17.9,36.1,99.72
2026-06-02,SUP_016,19.0,low,17.0,38.0,98.44
2026-06-03,SUP_016,16.2,low,16.6,40.0,98.45
2026-06-04,SUP_016,7.8,low,16.7,34.3,97.83
2026-06-05,SUP_016,19.0,low,23.3,29.3,96.26
2026-06-06,SUP_016,28.1,low,22.4,33.9,97.65
2026-06-07,SUP_016,36.1,low,26.9,30.8,97.22
2026-06-08,SUP_016,27.7,low,30.0,16.9,95.91
2026-06-09,SUP_016,37.9,low,31.4,23.0,96.63
2026-06-10,SUP_016,30.1,low,20.9,19.4,96.05
2026-06-11,SUP_016,34.9,low,25.8,24.2,96.92
2026-06-12,SUP_016,27.7,low,22.4,33.1,96.33
2026-06-13,SUP_016,24.9,low,25.2,33.5,95.9
2026-06-14,SUP_016,2.5,low,19.5,39.0,96.18
2026-06-15,SUP_016,5.4,low,13.6,39.2,96.65
2026-06-16,SUP_016,11.1,low,23.7,46.9,97.27
2026-06-17,SUP_016,10.8,low,18.3,39.5,97.19
2026-06-18,SUP_016,30.6,low,23.7,38.8,97.62
2026-06-19,SUP_016,18.4,low,23.4,41.8,98.21
2026-06-20,SUP_016,14.9,low,20.6,39.8,98.37
2026-06-21,SUP_016,9.0,low,20.0,45.1,98.26
2026-06-22,SUP_016,47.1,medium,13.5,41.3,97.1
2026-06-23,SUP_016,60.9,medium,14.1,51.3,97.58
2026-06-24,SUP_016,75.5,high,9.6,60.0,97.62
2026-06-25,SUP_016,99.6,high,9.0,57.8,97.29
2026-06-26,SUP_016,92.4,high,14.7,57.2,98.31
2026-06-27,SUP_016,83.0,high,16.4,60.2,97.17
2026-06-28,SUP_016,98.8,high,9.6,50.2,98.48
2026-06-29,SUP_016,69.6,high,14.9,41.0,98.46
2026-06-30,SUP_016,65.8,high,15.3,46.7,98.72
2026-07-01,SUP_016,51.0,medium,13.2,46.4,98.4
2026-07-02,SUP_016,7.4,low,17.4,43.5,97.07
2026-07-03,SUP_016,13.4,low,16.7,42.3,96.96
2026-07-04,SUP_016,21.4,low,11.4,28.6,97.22
2026-07-05,SUP_016,3.1,low,21.1,28.6,97.76
2026-07-06,SUP_016,5.6,low,20.6,25.6,97.61
2026-07-07,SUP_016,25.5,low,19.8,31.8,95.85
2026-07-08,SUP_016,23.3,low,17.6,37.5,94.62
2026-07-09,SUP_016,37.5,low,23.3,40.2,96.26
2026-07-10,SUP_016,40.4,medium,20.0,41.5,95.39
2026-07-11,SUP_016,26.5,low,12.4,32.6,96.53
2026-07-12,SUP_016,23.4,low,10.0,36.1,95.78
2026-07-13,SUP_016,22.6,low,17.5,39.3,95.63
2026-07-14,SUP_016,14.4,low,21.5,45.2,96.14
2026-07-15,SUP_016,8.1,low,19.8,54.8,95.48
2026-07-16,SUP_016,26.3,low,26.0,42.9,96.75
2026-07-17,SUP_016,16.9,low,28.4,39.7,96.81
2026-07-18,SUP_016,28.9,low,25.5,35.1,97.18
2026-07-19,SUP_016,23.9,low,23.6,36.0,96.97
2026-07-20,SUP_016,23.9,low,24.3,35.9,97.49
2026-07-21,SUP_016,29.4,low,19.4,34.5,98.76
2026-07-22,SUP_016,22.8,low,19.3,40.0,98.65
2026-07-23,SUP_016,28.6,low,20.5,33.5,100.04
2026-07-24,SUP_016,8.7,low,12.1,28.2,99.55
2026-07-25,SUP_016,16.9,low,12.1,23.8,100.16
2026-07-26,SUP_016,0.0,low,11.6,23.6,100.55
2026-07-27,SUP_016,1.2,low,17.4,18.8,99.7
2026-07-28,SUP_016,15.0,low,8.8,21.0,99.87
2026-07-29,SUP_016,23.3,low,8.3,22.2,99.87
2026-07-30,SUP_016,11.7,low,7.5,20.0,99.19
2026-07-31,SUP_016,4.2,low,13.6,26.9,99.48
2026-08-01,SUP_016,3.0,low,14.1,27.8,99.59
2026-08-02,SUP_016,10.2,low,23.2,34.5,99.53
2026-08-03,SUP_016,0.0,low,25.5,33.5,99.48
2026-08-04,SUP_016,2.5,low,22.5,33.6,99.41
2026-08-05,SUP_016,11.0,low,22.9,30.8,99.11
2026-08-06,SUP_016,11.9,low,20.5,31.4,99.23
2026-08-07,SUP_016,20.0,low,24.2,35.7,98.71
2026-08-08,SUP_016,23.3,low,17.0,33.4,100.84
2026-08-09,SUP_016,18.7,low,13.2,36.4,99.71
2026-08-10,SUP_016,2.4,low,16.1,31.9,99.24
2026-08-11,SUP_016,9.3,low,22.2,36.4,98.84
2026-08-12,SUP_016,4.4,low,11.1,33.1,100.47
2026-08-13,SUP_016,4.2,low,18.7,37.9,99.41
2026-08-14,SUP_016,13.8,low,17.9,37.8,99.75
2026-08-15,SUP_016,29.7,low,9.0,45.4,99.95
2026-08-16,SUP_016,28.2,low,0.0,37.7,100.22
2026-08-17,SUP_016,32.5,low,0.0,29.5,101.21
2026-08-18,SUP_016,17.3,low,0.0,27.1,102.18
2026-08-19,SUP_016,21.5,low,0.0,21.0,101.82
2026-08-20,SUP_016,21.8,low,4.8,15.8,101.98
2026-08-21,SUP_016,34.0,low,4.2,22.0,100.48
2026-08-22,SUP_016,26.7,low,1.0,23.9,100.56
2026-08-23,SUP_016,24.1,low,1.6,23.0,99.93
2026-08-24,SUP_016,34.1,low,4.2,22.8,99.78
2026-08-25,SUP_016,31.0,low,7.4,21.5,98.43
2026-08-26,SUP_016,19.2,low,5.2,32.2,98.75
2026-08-27,SUP_016,44.3,medium,11.4,28.7,97.4
2026-08-28,SUP_016,29.5,low,9.5,22.7,97.52
2026-08-29,SUP_016,27.8,low,6.6,28.8,96.53
2026-08-30,SUP_016,30.3,low,5.7,28.6,95.85
2026-08-31,SUP_016,31.4,low,12.7,40.3,96.78
2026-09-01,SUP_016,28.1,low,12.9,36.7,97.25
2026-09-02,SUP_016,25.6,low,10.3,40.9,98.17
2026-09-03,SUP_016,23.3,low,15.9,45.7,99.42
2026-09-04,SUP_016,13.4,low,26.3,41.4,98.8
2026-09-05,SUP_016,36.2,low,26.1,36.5,100.0
2026-09-06,SUP_016,31.4,low,30.7,40.2,98.82
2026-09-07,SUP_016,35.3,low,33.7,42.4,99.42
2026-09-08,SUP_016,29.6,low,28.5,33.9,99.03
2026-09-09,SUP_016,25.2,low,27.1,28.1,98.28
2026-09-10,SUP_016,20.9,low,19.6,15.8,98.77
2026-09-11,SUP_016,7.6,low,18.4,21.8,99.53
2026-09-12,SUP_016,10.5,low,15.4,22.4,100.26
2026-09-13,SUP_016,10.3,low,13.9,23.4,100.43
2026-09-14,SUP_016,24.8,low,10.9,16.3,100.54
2026-09-15,SUP_016,13.8,low,10.6,13.3,100.96
2026-09-16,SUP_016,11.3,low,14.3,14.0,101.2
2026-09-17,SUP_016,6.4,low,14.2,13.6,101.64
2026-09-18,SUP_016,24.4,low,6.0,17.5,101.8
2026-09-19,SUP_016,16.5,low,4.2,23.2,102.47
2026-09-20,SUP_016,23.8,low,0.0,36.9,101.17
2026-09-21,SUP_016,33.1,low,3.1,36.5,101.07
2026-09-22,SUP_016,29.7,low,7.7,42.2,99.96
2026-09-23,SUP_016,15.8,low,10.5,36.7,100.18
2026-06-01,SUP_017,34.9,low,76.8,46.3,99.82
2026-06-02,SUP_017,24.2,low,72.3,43.0,99.46
2026-06-03,SUP_017,23.9,low,71.4,36.6,99.35
2026-06-04,SUP_017,9.3,low,73.6,34.7,98.78
2026-06-05,SUP_017,14.8,low,62.0,38.5,99.01
2026-06-06,SUP_017,16.7,low,59.5,40.1,98.82
2026-06-07,SUP_017,14.7,low,61.6,41.5,98.49
2026-06-08,SUP_017,33.2,low,48.0,39.4,98.74
2026-06-09,SUP_017,21.7,low,45.4,36.7,98.18
2026-06-10,SUP_017,30.3,low,53.1,35.5,98.56
2026-06-11,SUP_017,50.5,medium,59.2,39.3,98.32
2026-06-12,SUP_017,55.3,medium,61.4,43.1,98.89
2026-06-13,SUP_017,48.7,medium,65.7,36.5,98.7
2026-06-14,SUP_017,33.5,low,66.1,40.3,99.01
2026-06-15,SUP_017,20.0,low,68.2,36.1,99.1
2026-06-16,SUP_017,18.7,low,65.7,38.4,99.46
2026-06-17,SUP_017,43.7,medium,65.7,36.9,99.52
2026-06-18,SUP_017,40.7,medium,62.2,44.9,98.7
2026-06-19,SUP_017,42.1,medium,68.1,41.2,99.19
2026-06-20,SUP_017,45.3,medium,74.4,41.2,99.15
2026-06-21,SUP_017,53.1,medium,79.1,43.5,99.54
2026-06-22,SUP_017,43.0,medium,74.6,37.6,99.88
2026-06-23,SUP_017,40.5,medium,68.2,36.8,99.5
2026-06-24,SUP_017,15.1,low,73.3,35.1,99.05
2026-06-25,SUP_017,17.0,low,74.2,32.4,99.37
2026-06-26,SUP_017,37.2,low,73.9,30.5,99.22
2026-06-27,SUP_017,37.6,low,69.1,37.0,99.68
2026-06-28,SUP_017,20.7,low,70.1,33.6,99.6
2026-06-29,SUP_017,26.9,low,63.7,36.8,100.1
2026-06-30,SUP_017,32.7,low,66.5,38.2,100.31
2026-07-01,SUP_017,30.9,low,72.3,30.3,100.45
2026-07-02,SUP_017,19.4,low,78.5,33.8,100.27
2026-07-03,SUP_017,38.4,low,79.4,26.5,100.38
2026-07-04,SUP_017,26.4,low,70.2,31.1,100.97
2026-07-05,SUP_017,33.4,low,69.9,29.0,100.94
2026-07-06,SUP_017,34.4,low,78.9,29.9,101.2
2026-07-07,SUP_017,38.9,low,72.2,23.9,101.23
2026-07-08,SUP_017,52.5,medium,70.4,26.2,101.29
2026-07-09,SUP_017,52.0,medium,75.9,32.4,102.14
2026-07-10,SUP_017,41.4,medium,76.7,28.5,102.73
2026-07-11,SUP_017,48.8,medium,86.3,26.3,102.77
2026-07-12,SUP_017,38.2,low,79.1,30.0,102.87
2026-07-13,SUP_017,37.7,low,71.9,33.3,102.53
2026-07-14,SUP_017,23.8,low,76.2,20.7,102.44
2026-07-15,SUP_017,41.2,medium,68.4,33.5,102.59
2026-07-16,SUP_017,45.2,medium,66.5,36.5,103.01
2026-07-17,SUP_017,51.1,medium,65.5,39.9,103.38
2026-07-18,SUP_017,36.4,low,69.9,38.4,102.83
2026-07-19,SUP_017,45.8,medium,71.6,28.2,103.32
2026-07-20,SUP_017,40.6,medium,72.4,32.7,103.27
2026-07-21,SUP_017,56.1,medium,68.9,30.1,102.79
2026-07-22,SUP_017,27.3,low,73.6,33.7,103.44
2026-07-23,SUP_017,17.6,low,91.0,32.7,104.16
2026-07-24,SUP_017,21.4,low,89.9,34.3,104.29
2026-07-25,SUP_017,15.1,low,86.2,30.3,104.64
2026-07-26,SUP_017,30.5,low,76.4,35.6,105.02
2026-07-27,SUP_017,30.4,low,71.2,29.3,105.71
2026-07-28,SUP_017,28.9,low,68.8,41.9,106.07
2026-07-29,SUP_017,34.7,low,65.3,52.7,105.41
2026-07-30,SUP_017,24.2,low,64.7,58.6,106.4
2026-07-31,SUP_017,13.7,low,72.7,61.8,106.93
2026-08-01,SUP_017,21.6,low,77.0,57.3,106.68
2026-08-02,SUP_017,13.5,low,74.0,60.1,106.17
2026-08-03,SUP_017,7.4,low,66.5,55.9,106.42
2026-08-04,SUP_017,20.8,low,72.2,44.5,106.28
2026-08-05,SUP_017,28.0,low,70.4,51.0,106.44
2026-08-06,SUP_017,16.9,low,61.0,54.6,106.81
2026-08-07,SUP_017,14.4,low,64.5,51.5,106.53
2026-08-08,SUP_017,9.9,low,69.0,42.5,105.98
2026-08-09,SUP_017,31.4,low,56.4,38.3,106.17
2026-08-10,SUP_017,39.4,low,53.4,28.2,105.91
2026-08-11,SUP_017,33.2,low,54.1,34.2,105.98
2026-08-12,SUP_017,37.7,low,58.8,25.9,105.32
2026-08-13,SUP_017,23.2,low,56.8,28.8,105.2
2026-08-14,SUP_017,18.7,low,53.7,25.3,105.55
2026-08-15,SUP_017,22.5,low,58.4,19.2,105.85
2026-08-16,SUP_017,28.6,low,56.7,22.8,105.46
2026-08-17,SUP_017,28.0,low,60.1,22.9,104.88
2026-08-18,SUP_017,30.8,low,55.1,29.1,104.89
2026-08-19,SUP_017,31.3,low,49.7,23.3,105.17
2026-08-20,SUP_017,29.5,low,55.1,21.1,105.37
2026-08-21,SUP_017,26.9,low,57.4,10.6,105.11
2026-08-22,SUP_017,23.7,low,62.4,2.8,105.26
2026-08-23,SUP_017,27.4,low,59.8,17.1,106.0
2026-08-24,SUP_017,31.9,low,56.4,30.7,106.1
2026-08-25,SUP_017,33.2,low,63.7,31.9,105.3
2026-08-26,SUP_017,21.5,low,56.2,28.0,105.4
2026-08-27,SUP_017,14.4,low,63.0,27.5,106.4
2026-08-28,SUP_017,22.0,low,69.1,33.2,105.77
2026-08-29,SUP_017,37.6,low,72.1,30.8,105.78
2026-08-30,SUP_017,37.1,low,67.4,32.6,105.67
2026-08-31,SUP_017,31.5,low,62.7,32.9,105.72
2026-09-01,SUP_017,33.2,low,61.6,30.2,105.82
2026-09-02,SUP_017,21.9,low,55.5,28.2,106.38
2026-09-03,SUP_017,36.0,low,51.9,30.8,106.42
2026-09-04,SUP_017,36.3,low,56.5,26.2,107.05
2026-09-05,SUP_017,28.5,low,60.4,29.9,106.99
2026-09-06,SUP_017,27.3,low,55.7,28.2,106.82
2026-09-07,SUP_017,23.1,low,59.8,29.9,106.49
2026-09-08,SUP_017,37.0,low,62.3,38.0,105.59
2026-09-09,SUP_017,33.4,low,69.4,36.6,105.73
2026-09-10,SUP_017,34.0,low,71.0,41.2,106.74
2026-09-11,SUP_017,38.3,low,74.7,30.9,106.97
2026-09-12,SUP_017,29.4,low,75.0,29.0,107.3
2026-09-13,SUP_017,31.3,low,77.7,30.0,107.1
2026-09-14,SUP_017,33.5,low,69.3,40.9,106.98
2026-09-15,SUP_017,18.3,low,67.6,29.7,107.46
2026-09-16,SUP_017,23.5,low,66.6,30.0,108.45
2026-09-17,SUP_017,24.7,low,64.7,38.4,109.19
2026-09-18,SUP_017,27.2,low,66.4,33.8,109.58
2026-09-19,SUP_017,28.3,low,68.8,32.8,109.6
2026-09-20,SUP_017,31.1,low,69.6,34.9,109.7
2026-09-21,SUP_017,43.2,medium,67.6,35.9,109.33
2026-09-22,SUP_017,29.0,low,63.3,44.0,108.62
2026-09-23,SUP_017,26.1,low,68.3,45.0,108.06
2026-06-01,SUP_018,76.5,high,38.4,49.4,102.6
2026-06-02,SUP_018,85.0,high,37.0,53.2,100.7
2026-06-03,SUP_018,77.5,high,30.2,55.7,99.15
2026-06-04,SUP_018,81.2,high,31.2,55.7,100.42
2026-06-05,SUP_018,66.2,high,30.7,47.5,99.84
2026-06-06,SUP_018,72.3,high,26.2,41.8,98.25
2026-06-07,SUP_018,64.4,medium,26.2,39.7,100.31
2026-06-08,SUP_018,52.8,medium,26.5,30.7,100.93
2026-06-09,SUP_018,53.4,medium,25.3,41.8,100.41
2026-06-10,SUP_018,68.5,high,31.6,45.7,98.87
2026-06-11,SUP_018,68.6,high,23.5,46.9,101.62
2026-06-12,SUP_018,80.8,high,16.3,36.6,101.59
2026-06-13,SUP_018,69.2,high,19.6,29.7,103.47
2026-06-14,SUP_018,77.1,high,22.8,33.5,104.67
2026-06-15,SUP_018,67.3,high,27.0,47.1,103.97
2026-06-16,SUP_018,68.0,high,26.1,44.6,103.28
2026-06-17,SUP_018,68.5,high,23.5,50.7,105.23
2026-06-18,SUP_018,73.0,high,25.7,48.8,107.2
2026-06-19,SUP_018,72.6,high,25.4,50.1,104.67
2026-06-20,SUP_018,63.1,medium,34.7,57.2,105.41
2026-06-21,SUP_018,71.0,high,33.6,55.0,105.25
2026-06-22,SUP_018,84.8,high,34.0,51.4,103.86
2026-06-23,SUP_018,73.7,high,46.4,59.4,104.21
2026-06-24,SUP_018,53.8,medium,44.2,59.0,102.39
2026-06-25,SUP_018,60.4,medium,45.9,64.1,101.77
2026-06-26,SUP_018,57.8,medium,47.8,59.2,100.69
2026-06-27,SUP_018,57.6,medium,49.8,65.9,100.02
2026-06-28,SUP_018,63.9,medium,49.4,65.7,99.92
2026-06-29,SUP_018,59.2,medium,48.6,66.4,98.56
2026-06-30,SUP_018,57.4,medium,47.5,65.4,100.67
2026-07-01,SUP_018,57.6,medium,43.3,61.2,101.34
2026-07-02,SUP_018,72.3,high,44.1,60.2,103.75
2026-07-03,SUP_018,70.0,high,52.8,57.1,103.54
2026-07-04,SUP_018,56.6,medium,56.3,61.9,102.8
2026-07-05,SUP_018,46.9,medium,55.0,59.8,105.16
2026-07-06,SUP_018,51.9,medium,56.5,51.2,104.39
2026-07-07,SUP_018,44.0,medium,49.6,42.9,104.15
2026-07-08,SUP_018,34.0,low,46.6,35.6,105.12
2026-07-09,SUP_018,46.9,medium,49.8,41.8,103.45
2026-07-10,SUP_018,57.0,medium,55.1,37.7,104.41
2026-07-11,SUP_018,54.9,medium,48.9,41.9,105.19
2026-07-12,SUP_018,59.4,medium,45.0,44.6,106.9
2026-07-13,SUP_018,61.8,medium,54.3,45.8,108.1
2026-07-14,SUP_018,67.4,high,52.3,49.5,109.85
2026-07-15,SUP_018,71.6,high,58.8,51.1,109.7
2026-07-16,SUP_018,45.1,medium,56.6,37.4,108.54
2026-07-17,SUP_018,47.1,medium,55.0,38.4,111.38
2026-07-18,SUP_018,55.6,medium,51.0,43.1,109.32
2026-07-19,SUP_018,53.4,medium,53.5,53.5,107.4
2026-07-20,SUP_018,55.9,medium,57.6,62.6,108.16
2026-07-21,SUP_018,64.4,medium,49.8,54.3,110.35
2026-07-22,SUP_018,64.5,medium,46.3,52.6,110.6
2026-07-23,SUP_018,77.9,high,49.4,44.7,111.95
2026-07-24,SUP_018,100.0,high,47.1,54.2,109.26
2026-07-25,SUP_018,100.0,high,43.4,59.7,108.59
2026-07-26,SUP_018,97.7,high,47.4,60.8,106.07
2026-07-27,SUP_018,68.8,high,51.2,60.8,107.12
2026-07-28,SUP_018,70.6,high,47.1,67.2,105.04
2026-07-29,SUP_018,62.3,medium,46.7,71.8,103.32
2026-07-30,SUP_018,70.7,high,39.7,75.4,104.01
2026-07-31,SUP_018,50.6,medium,35.2,74.7,105.44
2026-08-01,SUP_018,59.9,medium,36.2,69.9,105.23
2026-08-02,SUP_018,73.4,high,36.6,71.7,105.99
2026-08-03,SUP_018,70.3,high,32.2,73.5,106.72
2026-08-04,SUP_018,89.3,high,29.7,69.7,106.43
2026-08-05,SUP_018,84.6,high,25.9,65.7,104.95
2026-08-06,SUP_018,66.9,high,29.9,70.0,105.71
2026-08-07,SUP_018,60.4,medium,21.8,76.5,106.54
2026-08-08,SUP_018,57.4,medium,19.4,69.4,107.74
2026-08-09,SUP_018,64.0,medium,13.4,65.8,108.16
2026-08-10,SUP_018,54.7,medium,19.0,66.1,106.59
2026-08-11,SUP_018,53.8,medium,13.3,67.0,107.52
2026-08-12,SUP_018,54.4,medium,17.2,62.4,107.52
2026-08-13,SUP_018,52.1,medium,28.1,71.2,106.87
2026-08-14,SUP_018,62.1,medium,37.5,71.0,106.47
2026-08-15,SUP_018,68.0,high,29.0,71.4,105.54
2026-08-16,SUP_018,77.3,high,31.8,78.2,106.74
2026-08-17,SUP_018,70.4,high,28.0,72.4,104.83
2026-08-18,SUP_018,79.5,high,23.9,69.3,103.49
2026-08-19,SUP_018,62.5,medium,25.4,60.5,103.05
2026-08-20,SUP_018,49.5,medium,33.2,58.8,105.22
2026-08-21,SUP_018,41.4,medium,36.7,50.4,106.64
2026-08-22,SUP_018,46.6,medium,33.5,55.0,104.43
2026-08-23,SUP_018,61.6,medium,37.5,57.2,106.25
2026-08-24,SUP_018,56.1,medium,27.0,55.4,108.07
2026-08-25,SUP_018,53.2,medium,25.1,54.8,106.49
2026-08-26,SUP_018,53.4,medium,23.1,58.9,103.09
2026-08-27,SUP_018,60.8,medium,25.7,52.3,103.0
2026-08-28,SUP_018,56.7,medium,26.6,53.8,104.51
2026-08-29,SUP_018,53.1,medium,27.6,57.7,106.65
2026-08-30,SUP_018,42.9,medium,28.4,47.9,105.48
2026-08-31,SUP_018,42.4,medium,29.9,52.5,107.83
2026-09-01,SUP_018,58.2,medium,33.7,44.1,104.84
2026-09-02,SUP_018,60.0,medium,35.0,45.1,104.34
2026-09-03,SUP_018,53.6,medium,34.1,40.5,103.78
2026-09-04,SUP_018,67.2,high,36.6,50.2,105.33
2026-09-05,SUP_018,60.5,medium,40.7,44.8,107.08
2026-09-06,SUP_018,74.0,high,37.7,37.6,108.36
2026-09-07,SUP_018,84.0,high,37.5,41.0,106.54
2026-09-08,SUP_018,79.0,high,43.0,40.9,107.7
2026-09-09,SUP_018,60.9,medium,37.1,35.1,108.39
2026-09-10,SUP_018,82.4,high,45.8,40.8,106.14
2026-09-11,SUP_018,80.9,high,38.2,32.5,103.36
2026-09-12,SUP_018,73.1,high,36.6,30.4,104.76
2026-09-13,SUP_018,79.2,high,32.3,31.0,104.51
2026-09-14,SUP_018,81.4,high,43.5,38.9,102.78
2026-09-15,SUP_018,88.7,high,40.3,48.1,102.5
2026-09-16,SUP_018,75.9,high,37.6,55.0,102.99
2026-09-17,SUP_018,75.4,high,35.9,54.2,102.88
2026-09-18,SUP_018,61.0,medium,36.7,41.5,100.79
2026-09-19,SUP_018,67.5,high,35.3,45.6,103.33
2026-09-20,SUP_018,65.9,high,35.1,54.7,104.68
2026-09-21,SUP_018,67.5,high,18.8,61.3,104.23
2026-09-22,SUP_018,64.8,medium,21.9,62.8,103.83
2026-09-23,SUP_018,61.8,medium,24.4,55.3,104.32
2026-06-01,SUP_019,52.5,medium,37.8,73.0,96.4
2026-06-02,SUP_019,57.0,medium,40.9,67.9,97.6
2026-06-03,SUP_019,51.9,medium,35.6,64.4,94.79
2026-06-04,SUP_019,48.0,medium,37.2,58.1,92.66
2026-06-05,SUP_019,34.7,low,33.2,63.6,91.89
2026-06-06,SUP_019,26.0,low,30.2,45.1,95.15
2026-06-07,SUP_019,22.8,low,40.6,44.3,97.67
2026-06-08,SUP_019,33.3,low,42.0,45.7,98.73
2026-06-09,SUP_019,49.4,medium,43.9,43.6,99.26
2026-06-10,SUP_019,35.0,low,35.0,49.8,96.47
2026-06-11,SUP_019,35.7,low,34.1,56.9,96.7
2026-06-12,SUP_019,28.6,low,38.4,49.2,95.88
2026-06-13,SUP_019,33.5,low,40.7,61.1,94.65
2026-06-14,SUP_019,49.6,medium,31.6,52.7,94.88
2026-06-15,SUP_019,47.6,medium,35.1,59.8,94.18
2026-06-16,SUP_019,49.7,medium,38.7,59.9,95.48
2026-06-17,SUP_019,65.3,high,46.2,56.5,92.58
2026-06-18,SUP_019,67.7,high,43.4,54.1,92.69
2026-06-19,SUP_019,58.2,medium,33.4,54.1,91.37
2026-06-20,SUP_019,59.6,medium,30.9,55.3,90.75
2026-06-21,SUP_019,51.6,medium,28.3,50.4,91.21
2026-06-22,SUP_019,57.1,medium,34.7,49.9,89.53
2026-06-23,SUP_019,62.1,medium,23.8,46.6,89.78
2026-06-24,SUP_019,48.4,medium,25.3,41.4,89.46
2026-06-25,SUP_019,52.4,medium,35.5,39.2,88.47
2026-06-26,SUP_019,52.7,medium,37.4,35.5,87.76
2026-06-27,SUP_019,59.1,medium,43.2,36.2,87.53
2026-06-28,SUP_019,66.5,high,36.2,41.3,86.38
2026-06-29,SUP_019,68.8,high,30.3,44.0,86.39
2026-06-30,SUP_019,63.3,medium,39.8,56.0,85.97
2026-07-01,SUP_019,70.6,high,41.5,44.2,85.06
2026-07-02,SUP_019,59.4,medium,43.0,48.3,87.44
2026-07-03,SUP_019,46.8,medium,38.4,49.4,88.07
2026-07-04,SUP_019,20.0,low,40.3,54.5,87.49
2026-07-05,SUP_019,28.9,low,36.1,58.4,87.71
2026-07-06,SUP_019,28.5,low,43.5,57.0,86.17
2026-07-07,SUP_019,39.6,low,57.1,57.6,85.51
2026-07-08,SUP_019,25.9,low,58.0,53.3,85.03
2026-07-09,SUP_019,28.0,low,53.5,56.8,83.16
2026-07-10,SUP_019,39.8,low,40.7,46.6,83.74
2026-07-11,SUP_019,34.8,low,33.8,52.0,82.98
2026-07-12,SUP_019,44.4,medium,43.3,52.3,82.45
2026-07-13,SUP_019,42.7,medium,39.1,50.1,81.6
2026-07-14,SUP_019,46.2,medium,38.7,49.6,86.04
2026-07-15,SUP_019,54.7,medium,66.1,49.6,85.04
2026-07-16,SUP_019,64.3,medium,73.9,57.2,81.94
2026-07-17,SUP_019,63.6,medium,72.5,73.9,79.54
2026-07-18,SUP_019,54.7,medium,70.3,77.5,80.68
2026-07-19,SUP_019,51.2,medium,70.7,71.2,82.68
2026-07-20,SUP_019,58.8,medium,67.8,72.1,81.66
2026-07-21,SUP_019,49.2,medium,65.5,73.1,83.58
2026-07-22,SUP_019,49.7,medium,68.3,65.5,84.69
2026-07-23,SUP_019,48.2,medium,69.6,57.3,84.41
2026-07-24,SUP_019,49.7,medium,79.9,56.6,84.02
2026-07-25,SUP_019,42.4,medium,80.6,60.6,84.29
2026-07-26,SUP_019,29.2,low,84.6,51.3,85.61
2026-07-27,SUP_019,41.2,medium,77.5,48.0,86.2
2026-07-28,SUP_019,54.3,medium,79.0,52.1,85.19
2026-07-29,SUP_019,38.7,low,51.4,52.8,84.92
2026-07-30,SUP_019,46.9,medium,52.8,60.5,87.9
2026-07-31,SUP_019,59.7,medium,55.3,52.3,88.28
2026-08-01,SUP_019,64.8,medium,54.5,65.1,89.58
2026-08-02,SUP_019,59.2,medium,64.9,55.5,90.39
2026-08-03,SUP_019,50.2,medium,69.1,44.7,90.8
2026-08-04,SUP_019,52.9,medium,71.6,45.9,90.96
2026-08-05,SUP_019,94.4,high,71.6,41.3,92.31
2026-08-06,SUP_019,95.6,high,76.5,43.2,93.39
2026-08-07,SUP_019,94.0,high,65.4,44.6,93.78
2026-08-08,SUP_019,84.5,high,69.3,45.1,92.74
2026-08-09,SUP_019,91.2,high,61.4,42.1,93.32
2026-08-10,SUP_019,96.8,high,56.7,46.3,93.22
2026-08-11,SUP_019,98.4,high,58.1,46.0,92.76
2026-08-12,SUP_019,60.9,medium,62.4,53.1,96.78
2026-08-13,SUP_019,75.7,high,54.8,52.5,94.47
2026-08-14,SUP_019,65.5,high,51.3,47.8,95.91
2026-08-15,SUP_019,75.5,high,51.3,40.0,94.61
2026-08-16,SUP_019,64.3,medium,49.9,41.3,94.81
2026-08-17,SUP_019,73.0,high,53.7,36.7,98.67
2026-08-18,SUP_019,80.7,high,69.1,32.3,97.22
2026-08-19,SUP_019,72.3,high,67.9,38.5,96.13
2026-08-20,SUP_019,84.1,high,61.5,31.6,96.11
2026-08-21,SUP_019,81.9,high,53.3,42.6,94.84
2026-08-22,SUP_019,67.8,high,51.0,45.3,96.16
2026-08-23,SUP_019,61.9,medium,46.1,46.5,95.36
2026-08-24,SUP_019,71.4,high,48.6,42.3,96.34
2026-08-25,SUP_019,76.6,high,50.6,48.2,94.35
2026-08-26,SUP_019,62.2,medium,48.0,49.2,91.64
2026-08-27,SUP_019,59.8,medium,57.4,46.5,91.29
2026-08-28,SUP_019,61.3,medium,52.5,48.8,88.94
2026-08-29,SUP_019,55.7,medium,51.3,40.9,91.22
2026-08-30,SUP_019,78.1,high,53.8,34.4,88.92
2026-08-31,SUP_019,75.3,high,57.2,31.6,87.36
2026-09-01,SUP_019,70.4,high,61.9,36.9,87.98
2026-09-02,SUP_019,78.3,high,61.8,39.6,87.1
2026-09-03,SUP_019,69.9,high,64.7,47.5,84.83
2026-09-04,SUP_019,76.2,high,59.1,43.7,87.89
2026-09-05,SUP_019,56.2,medium,61.8,48.5,86.38
2026-09-06,SUP_019,52.5,medium,64.0,48.8,86.09
2026-09-07,SUP_019,63.6,medium,68.8,44.8,85.78
2026-09-08,SUP_019,76.7,high,57.7,48.4,86.84
2026-09-09,SUP_019,64.9,medium,52.0,49.0,87.54
2026-09-10,SUP_019,54.9,medium,55.3,46.6,86.3
2026-09-11,SUP_019,94.4,high,41.6,48.1,85.81
2026-09-12,SUP_019,87.9,high,44.9,48.4,85.47
2026-09-13,SUP_019,86.3,high,50.4,48.6,86.59
2026-09-14,SUP_019,95.7,high,47.3,47.4,84.84
2026-09-15,SUP_019,89.6,high,45.4,41.7,87.86
2026-09-16,SUP_019,71.8,high,40.7,44.1,86.73
2026-09-17,SUP_019,64.7,medium,39.3,41.5,86.71
2026-09-18,SUP_019,38.0,low,38.3,38.1,84.97
2026-09-19,SUP_019,25.8,low,36.5,39.4,83.02
2026-09-20,SUP_019,31.1,low,34.7,45.6,81.71
2026-09-21,SUP_019,24.9,low,35.4,48.0,80.25
2026-09-22,SUP_019,48.4,medium,36.0,46.2,79.63
2026-09-23,SUP_019,70.8,high,46.7,44.5,78.16
2026-06-01,SUP_020,38.5,low,48.3,41.5,102.87
2026-06-02,SUP_020,45.7,medium,43.6,46.3,103.12
2026-06-03,SUP_020,56.1,medium,39.1,38.7,103.47
2026-06-04,SUP_020,78.3,high,37.7,29.2,103.77
2026-06-05,SUP_020,65.7,high,43.0,30.0,105.3
2026-06-06,SUP_020,56.7,medium,43.9,46.1,106.17
2026-06-07,SUP_020,59.2,medium,43.2,51.1,106.85
2026-06-08,SUP_020,49.3,medium,36.2,45.7,107.97
2026-06-09,SUP_020,46.9,medium,31.6,46.4,105.19
2026-06-10,SUP_020,42.6,medium,27.1,48.5,102.47
2026-06-11,SUP_020,18.9,low,35.6,39.3,102.35
2026-06-12,SUP_020,26.6,low,39.0,45.8,102.05
2026-06-13,SUP_020,29.5,low,35.4,43.3,102.93
2026-06-14,SUP_020,45.2,medium,33.7,41.6,102.97
2026-06-15,SUP_020,45.2,medium,31.0,40.7,103.85
2026-06-16,SUP_020,33.5,low,28.5,45.9,101.96
2026-06-17,SUP_020,34.0,low,32.7,40.3,101.94
2026-06-18,SUP_020,17.4,low,32.7,30.5,99.9
2026-06-19,SUP_020,13.1,low,44.0,32.9,100.49
2026-06-20,SUP_020,26.9,low,49.6,22.4,97.63
2026-06-21,SUP_020,29.2,low,54.7,22.7,98.16
2026-06-22,SUP_020,41.7,medium,56.0,30.8,95.92
2026-06-23,SUP_020,24.3,low,51.9,34.5,95.34
2026-06-24,SUP_020,27.2,low,53.2,40.1,96.7
2026-06-25,SUP_020,27.3,low,49.9,42.6,97.05
2026-06-26,SUP_020,40.5,medium,56.4,54.1,94.54
2026-06-27,SUP_020,47.9,medium,56.2,48.2,93.52
2026-06-28,SUP_020,53.1,medium,55.3,48.3,91.23
2026-06-29,SUP_020,65.4,high,53.9,44.0,88.65
2026-06-30,SUP_020,56.9,medium,60.4,47.7,88.83
2026-07-01,SUP_020,66.3,high,50.8,45.5,89.68
2026-07-02,SUP_020,51.3,medium,58.2,52.9,90.35
2026-07-03,SUP_020,39.7,low,54.9,47.5,91.27
2026-07-04,SUP_020,48.0,medium,46.3,53.0,91.25
2026-07-05,SUP_020,33.3,low,42.1,53.4,90.84
2026-07-06,SUP_020,41.5,medium,34.2,50.5,89.2
2026-07-07,SUP_020,43.3,medium,38.5,51.0,88.53
2026-07-08,SUP_020,53.7,medium,34.1,50.0,86.52
2026-07-09,SUP_020,51.0,medium,36.1,49.6,85.24
2026-07-10,SUP_020,50.0,medium,42.4,46.3,85.37
2026-07-11,SUP_020,53.5,medium,39.1,40.9,85.19
2026-07-12,SUP_020,45.2,medium,38.3,38.3,89.86
2026-07-13,SUP_020,38.6,low,32.7,28.9,87.81
2026-07-14,SUP_020,44.6,medium,32.2,34.3,87.62
2026-07-15,SUP_020,44.4,medium,45.9,27.9,85.45
2026-07-16,SUP_020,40.8,medium,49.0,27.8,84.86
2026-07-17,SUP_020,41.1,medium,46.7,32.3,84.33
2026-07-18,SUP_020,56.8,medium,43.1,37.1,85.62
2026-07-19,SUP_020,49.8,medium,42.7,27.5,84.93
2026-07-20,SUP_020,44.2,medium,43.2,28.1,84.64
2026-07-21,SUP_020,28.6,low,41.1,31.6,83.99
2026-07-22,SUP_020,32.3,low,43.7,32.3,81.85
2026-07-23,SUP_020,41.6,medium,38.9,39.8,80.86
2026-07-24,SUP_020,50.2,medium,34.9,34.8,80.28
2026-07-25,SUP_020,49.9,medium,37.7,24.0,80.39
2026-07-26,SUP_020,57.5,medium,32.8,29.9,81.24
2026-07-27,SUP_020,61.2,medium,37.6,27.9,80.89
2026-07-28,SUP_020,67.4,high,38.2,19.7,80.5
2026-07-29,SUP_020,70.9,high,30.1,21.1,77.88
2026-07-30,SUP_020,79.0,high,32.4,29.7,78.7
2026-07-31,SUP_020,68.9,high,25.9,23.8,77.65
2026-08-01,SUP_020,50.6,medium,31.6,37.8,78.78
2026-08-02,SUP_020,55.4,medium,32.0,33.0,80.79
2026-08-03,SUP_020,60.0,medium,42.2,33.7,80.5
2026-08-04,SUP_020,70.8,high,47.3,27.5,78.94
2026-08-05,SUP_020,76.2,high,41.5,28.9,78.92
2026-08-06,SUP_020,86.4,high,32.0,29.1,79.45
2026-08-07,SUP_020,81.8,high,29.9,22.1,78.97
2026-08-08,SUP_020,74.7,high,25.9,38.9,78.11
2026-08-09,SUP_020,54.5,medium,37.0,35.7,78.97
2026-08-10,SUP_020,55.0,medium,37.7,33.0,79.72
2026-08-11,SUP_020,47.4,medium,42.8,38.4,79.2
2026-08-12,SUP_020,48.7,medium,41.3,47.5,76.68
2026-08-13,SUP_020,48.3,medium,40.5,51.5,77.37
2026-08-14,SUP_020,51.8,medium,40.6,42.7,76.21
2026-08-15,SUP_020,49.2,medium,46.1,42.7,76.53
2026-08-16,SUP_020,56.8,medium,46.9,31.6,76.76
2026-08-17,SUP_020,28.7,low,41.2,36.9,73.89
2026-08-18,SUP_020,34.5,low,49.0,28.0,74.01
2026-08-19,SUP_020,48.3,medium,46.6,24.8,74.79
2026-08-20,SUP_020,64.8,medium,43.7,26.3,75.76
2026-08-21,SUP_020,66.6,high,30.0,30.0,75.94
2026-08-22,SUP_020,76.8,high,34.8,29.3,72.93
2026-08-23,SUP_020,70.4,high,36.4,38.2,74.88
2026-08-24,SUP_020,64.1,medium,37.7,41.5,75.5
2026-08-25,SUP_020,64.2,medium,36.4,43.9,73.67
2026-08-26,SUP_020,59.4,medium,34.6,36.1,72.47
2026-08-27,SUP_020,48.5,medium,33.9,44.9,72.82
2026-08-28,SUP_020,79.8,high,37.3,39.2,73.86
2026-08-29,SUP_020,70.1,high,41.1,47.7,73.11
2026-08-30,SUP_020,77.9,high,40.1,56.5,74.37
2026-08-31,SUP_020,79.0,high,44.9,55.9,71.64
2026-09-01,SUP_020,76.4,high,44.1,58.2,70.06
2026-09-02,SUP_020,72.6,high,41.4,38.5,70.0
2026-09-03,SUP_020,79.6,high,42.4,37.0,70.0
2026-09-04,SUP_020,50.5,medium,35.9,42.5,70.0
2026-09-05,SUP_020,38.6,low,37.9,46.2,70.98
2026-09-06,SUP_020,28.3,low,31.2,38.1,71.33
2026-09-07,SUP_020,41.3,medium,28.0,36.1,70.36
2026-09-08,SUP_020,64.3,medium,20.5,22.6,70.02
2026-09-09,SUP_020,73.3,high,22.9,26.6,70.74
2026-09-10,SUP_020,89.9,high,33.4,17.9,70.0
2026-09-11,SUP_020,100.0,high,34.1,26.5,70.0
2026-09-12,SUP_020,100.0,high,38.4,34.0,70.0
2026-09-13,SUP_020,100.0,high,50.1,31.6,70.0
2026-09-14,SUP_020,100.0,high,50.8,34.9,70.0
2026-09-15,SUP_020,52.7,medium,45.8,33.8,70.0
2026-09-16,SUP_020,46.5,medium,42.3,35.2,70.0
2026-09-17,SUP_020,54.0,medium,42.2,29.1,70.0
2026-09-18,SUP_020,48.6,medium,39.2,33.3,70.0
2026-09-19,SUP_020,59.2,medium,37.0,24.9,70.0
2026-09-20,SUP_020,55.3,medium,42.4,16.8,70.47
2026-09-21,SUP_020,53.9,medium,47.2,18.9,70.28
2026-09-22,SUP_020,49.2,medium,38.6,20.2,70.22
2026-09-23,SUP_020,43.3,medium,35.2,23.8,72.54
2026-06-01,SUP_021,13.6,low,13.1,16.6,98.88
2026-06-02,SUP_021,9.9,low,7.5,21.6,98.33
2026-06-03,SUP_021,15.4,low,10.3,18.3,101.18
2026-06-04,SUP_021,26.2,low,16.5,20.5,102.74
2026-06-05,SUP_021,15.1,low,18.5,23.3,103.62
2026-06-06,SUP_021,15.7,low,17.9,26.4,104.21
2026-06-07,SUP_021,15.8,low,11.1,32.6,103.95
2026-06-08,SUP_021,22.0,low,11.8,37.3,107.03
2026-06-09,SUP_021,22.6,low,18.6,38.0,108.27
2026-06-10,SUP_021,18.2,low,12.7,35.2,107.11
2026-06-11,SUP_021,31.4,low,12.3,35.8,104.96
2026-06-12,SUP_021,24.8,low,11.3,32.5,105.83
2026-06-13,SUP_021,22.2,low,9.0,31.8,105.75
2026-06-14,SUP_021,8.1,low,11.5,46.1,103.54
2026-06-15,SUP_021,5.8,low,14.6,45.4,104.2
2026-06-16,SUP_021,15.3,low,17.2,46.2,103.79
2026-06-17,SUP_021,20.7,low,12.7,40.8,104.61
2026-06-18,SUP_021,27.3,low,5.7,45.3,105.29
2026-06-19,SUP_021,31.9,low,8.8,47.8,104.35
2026-06-20,SUP_021,49.5,medium,7.7,49.9,105.33
2026-06-21,SUP_021,36.4,low,18.0,48.8,104.56
2026-06-22,SUP_021,18.6,low,26.9,52.2,103.89
2026-06-23,SUP_021,10.5,low,35.0,56.3,103.07
2026-06-24,SUP_021,7.6,low,28.0,54.6,104.81
2026-06-25,SUP_021,2.9,low,29.2,51.1,104.38
2026-06-26,SUP_021,9.3,low,31.7,53.4,106.5
2026-06-27,SUP_021,24.8,low,33.2,45.8,109.24
2026-06-28,SUP_021,39.1,low,29.2,40.4,108.11
2026-06-29,SUP_021,40.3,medium,33.6,39.3,103.61
2026-06-30,SUP_021,56.3,medium,31.3,29.5,105.22
2026-07-01,SUP_021,45.2,medium,29.9,34.7,104.69
2026-07-02,SUP_021,25.0,low,20.8,29.7,103.35
2026-07-03,SUP_021,34.8,low,23.5,28.0,102.45
2026-07-04,SUP_021,15.3,low,21.4,27.9,101.81
2026-07-05,SUP_021,10.7,low,23.1,29.2,103.81
2026-07-06,SUP_021,19.1,low,23.4,28.2,104.05
2026-07-07,SUP_021,19.6,low,23.5,28.9,106.03
2026-07-08,SUP_021,19.2,low,22.4,29.5,106.79
2026-07-09,SUP_021,9.7,low,25.5,28.0,106.31
2026-07-10,SUP_021,13.4,low,23.4,25.0,105.71
2026-07-11,SUP_021,25.6,low,15.7,32.2,106.58
2026-07-12,SUP_021,25.7,low,18.8,21.5,107.84
2026-07-13,SUP_021,17.8,low,14.8,22.4,109.38
2026-07-14,SUP_021,8.0,low,9.0,21.9,108.97
2026-07-15,SUP_021,4.8,low,5.5,26.0,109.24
2026-07-16,SUP_021,13.5,low,8.7,19.7,110.14
2026-07-17,SUP_021,19.5,low,9.7,19.4,109.55
2026-07-18,SUP_021,13.5,low,0.8,21.2,107.8
2026-07-19,SUP_021,0.0,low,1.6,28.9,106.56
2026-07-20,SUP_021,7.1,low,9.6,31.6,106.19
2026-07-21,SUP_021,3.2,low,8.7,25.8,107.21
2026-07-22,SUP_021,15.1,low,9.3,24.6,109.15
2026-07-23,SUP_021,10.5,low,15.6,30.9,107.06
2026-07-24,SUP_021,5.0,low,19.7,25.2,106.14
2026-07-25,SUP_021,11.4,low,43.0,26.2,105.59
2026-07-26,SUP_021,36.7,low,28.9,27.5,106.81
2026-07-27,SUP_021,40.7,medium,38.3,26.6,106.0
2026-07-28,SUP_021,38.0,low,41.0,42.0,105.34
2026-07-29,SUP_021,38.1,low,52.0,38.8,103.17
2026-07-30,SUP_021,18.6,low,46.0,40.6,103.91
2026-07-31,SUP_021,9.8,low,36.3,35.7,103.66
2026-08-01,SUP_021,0.0,low,36.4,38.4,102.65
2026-08-02,SUP_021,15.0,low,35.1,42.5,102.25
2026-08-03,SUP_021,31.7,low,38.4,38.3,103.99
2026-08-04,SUP_021,33.6,low,43.3,37.5,102.44
2026-08-05,SUP_021,32.7,low,41.9,32.4,101.15
2026-08-06,SUP_021,16.4,low,39.9,26.8,103.07
2026-08-07,SUP_021,16.5,low,41.9,33.5,103.19
2026-08-08,SUP_021,35.3,low,21.3,30.8,104.22
2026-08-09,SUP_021,33.9,low,19.2,18.7,104.84
2026-08-10,SUP_021,26.5,low,23.9,30.4,104.79
2026-08-11,SUP_021,9.8,low,29.0,26.9,104.25
2026-08-12,SUP_021,26.4,low,32.5,26.8,105.53
2026-08-13,SUP_021,25.4,low,29.5,36.7,107.32
2026-08-14,SUP_021,9.0,low,17.6,35.7,108.99
2026-08-15,SUP_021,4.5,low,17.0,34.7,107.17
2026-08-16,SUP_021,0.0,low,13.5,28.3,109.18
2026-08-17,SUP_021,3.4,low,13.6,20.7,108.62
2026-08-18,SUP_021,10.7,low,11.1,22.0,107.46
2026-08-19,SUP_021,9.6,low,12.0,25.8,107.2
2026-08-20,SUP_021,20.6,low,8.0,28.8,108.48
2026-08-21,SUP_021,22.5,low,3.4,27.2,109.31
2026-08-22,SUP_021,32.9,low,11.4,28.5,108.92
2026-08-23,SUP_021,27.6,low,7.8,19.8,110.21
2026-08-24,SUP_021,55.2,medium,9.3,24.5,110.42
2026-08-25,SUP_021,42.4,medium,15.2,26.9,109.54
2026-08-26,SUP_021,29.7,low,19.9,38.5,108.45
2026-08-27,SUP_021,19.0,low,23.4,38.0,109.08
2026-08-28,SUP_021,18.6,low,24.0,32.6,108.96
2026-08-29,SUP_021,4.2,low,26.6,32.7,106.84
2026-08-30,SUP_021,12.2,low,31.8,31.3,108.14
2026-08-31,SUP_021,0.0,low,31.7,34.2,107.4
2026-09-01,SUP_021,6.0,low,21.0,34.4,109.86
2026-09-02,SUP_021,0.0,low,18.0,27.9,107.69
2026-09-03,SUP_021,1.4,low,21.3,20.3,107.42
2026-09-04,SUP_021,12.9,low,17.8,23.9,106.34
2026-09-05,SUP_021,37.3,low,25.5,32.9,104.84
2026-09-06,SUP_021,24.2,low,24.1,33.6,104.09
2026-09-07,SUP_021,23.0,low,23.6,38.1,106.81
2026-09-08,SUP_021,16.8,low,28.1,43.0,107.03
2026-09-09,SUP_021,10.8,low,25.7,43.2,105.81
2026-09-10,SUP_021,7.7,low,25.4,37.7,103.0
2026-09-11,SUP_021,19.7,low,28.5,38.3,100.35
2026-09-12,SUP_021,16.5,low,20.0,44.2,99.52
2026-09-13,SUP_021,39.4,low,18.3,45.6,98.55
2026-09-14,SUP_021,68.2,high,22.2,47.9,98.2
2026-09-15,SUP_021,55.2,medium,21.9,43.6,94.7
2026-09-16,SUP_021,51.4,medium,28.3,41.2,94.56
2026-09-17,SUP_021,44.5,medium,19.3,39.6,96.14
2026-09-18,SUP_021,54.2,medium,11.1,38.7,98.64
2026-09-19,SUP_021,38.8,low,15.7,44.3,95.72
2026-09-20,SUP_021,30.1,low,20.2,30.5,94.49
2026-09-21,SUP_021,1.9,low,18.9,31.4,93.17
2026-09-22,SUP_021,14.0,low,20.7,31.5,93.4
2026-09-23,SUP_021,28.2,low,23.8,24.8,91.52
2026-06-01,SUP_022,43.9,medium,70.1,39.4,100.52
2026-06-02,SUP_022,45.7,medium,68.1,41.9,100.66
2026-06-03,SUP_022,43.2,medium,65.5,46.6,101.12
2026-06-04,SUP_022,35.1,low,71.5,38.9,101.53
2026-06-05,SUP_022,27.4,low,69.0,39.5,100.71
2026-06-06,SUP_022,46.5,medium,68.8,36.9,101.04
2026-06-07,SUP_022,45.9,medium,63.1,36.1,101.74
2026-06-08,SUP_022,54.9,medium,55.4,40.5,102.76
2026-06-09,SUP_022,64.0,medium,52.5,44.8,103.13
2026-06-10,SUP_022,54.2,medium,63.2,50.7,102.28
2026-06-11,SUP_022,54.6,medium,65.0,50.6,101.56
2026-06-12,SUP_022,51.3,medium,64.8,47.7,101.17
2026-06-13,SUP_022,37.8,low,58.7,44.4,101.34
2026-06-14,SUP_022,36.6,low,62.5,33.9,101.23
2026-06-15,SUP_022,42.9,medium,54.9,41.1,100.24
2026-06-16,SUP_022,37.6,low,47.5,38.5,99.24
2026-06-17,SUP_022,35.2,low,46.0,40.6,97.38
2026-06-18,SUP_022,34.8,low,56.6,43.4,94.62
2026-06-19,SUP_022,55.6,medium,65.3,35.6,94.5
2026-06-20,SUP_022,34.7,low,61.7,30.6,96.55
2026-06-21,SUP_022,40.7,medium,57.5,39.4,98.15
2026-06-22,SUP_022,38.2,low,49.3,40.3,97.28
2026-06-23,SUP_022,32.7,low,50.5,36.4,97.41
2026-06-24,SUP_022,32.0,low,52.0,35.6,96.11
2026-06-25,SUP_022,40.1,medium,56.2,41.2,94.95
2026-06-26,SUP_022,46.8,medium,60.3,45.2,93.89
2026-06-27,SUP_022,46.8,medium,58.6,35.9,93.69
2026-06-28,SUP_022,55.2,medium,60.7,44.4,93.53
2026-06-29,SUP_022,63.2,medium,56.5,48.1,93.75
2026-06-30,SUP_022,64.9,medium,58.8,45.3,94.34
2026-07-01,SUP_022,53.7,medium,55.8,37.5,94.04
2026-07-02,SUP_022,54.8,medium,57.9,42.7,94.08
2026-07-03,SUP_022,55.7,medium,59.3,44.0,93.11
2026-07-04,SUP_022,44.2,medium,58.9,35.0,91.92
2026-07-05,SUP_022,28.7,low,62.1,33.8,90.59
2026-07-06,SUP_022,12.8,low,53.6,50.4,91.16
2026-07-07,SUP_022,20.2,low,48.8,48.2,90.86
2026-07-08,SUP_022,27.9,low,48.4,42.3,89.21
2026-07-09,SUP_022,20.0,low,42.6,35.9,89.15
2026-07-10,SUP_022,34.7,low,42.5,45.1,88.05
2026-07-11,SUP_022,37.4,low,42.6,48.1,89.52
2026-07-12,SUP_022,87.6,high,50.7,53.5,89.0
2026-07-13,SUP_022,88.3,high,52.0,52.0,89.61
2026-07-14,SUP_022,75.6,high,57.3,56.1,90.57
2026-07-15,SUP_022,80.2,high,58.4,48.5,89.73
2026-07-16,SUP_022,85.6,high,55.4,47.3,89.79
2026-07-17,SUP_022,78.4,high,55.9,47.0,90.28
2026-07-18,SUP_022,64.7,medium,59.3,52.5,90.39
2026-07-19,SUP_022,31.7,low,64.3,51.5,90.71
2026-07-20,SUP_022,24.5,low,62.3,45.7,89.53
2026-07-21,SUP_022,38.8,low,53.4,44.5,90.02
2026-07-22,SUP_022,35.3,low,45.5,34.2,89.59
2026-07-23,SUP_022,52.4,medium,45.3,22.1,89.9
2026-07-24,SUP_022,29.7,low,35.7,28.4,90.71
2026-07-25,SUP_022,33.5,low,47.1,27.4,91.3
2026-07-26,SUP_022,48.4,medium,51.1,27.2,91.61
2026-07-27,SUP_022,38.0,low,48.7,32.7,92.18
2026-07-28,SUP_022,37.0,low,44.4,40.4,92.79
2026-07-29,SUP_022,34.1,low,50.8,42.4,94.12
2026-07-30,SUP_022,29.2,low,46.2,51.5,94.09
2026-07-31,SUP_022,34.2,low,42.7,51.7,94.23
2026-08-01,SUP_022,23.6,low,40.9,50.7,95.06
2026-08-02,SUP_022,26.7,low,43.6,49.7,94.62
2026-08-03,SUP_022,34.8,low,48.2,40.7,93.44
2026-08-04,SUP_022,34.1,low,54.9,44.9,93.88
2026-08-05,SUP_022,26.3,low,59.9,30.5,93.69
2026-08-06,SUP_022,39.3,low,59.1,28.1,92.62
2026-08-07,SUP_022,46.2,medium,63.4,29.2,93.07
2026-08-08,SUP_022,35.0,low,58.9,26.0,94.34
2026-08-09,SUP_022,24.3,low,49.7,24.9,92.89
2026-08-10,SUP_022,19.4,low,47.3,36.1,93.8
2026-08-11,SUP_022,29.6,low,44.6,41.8,91.55
2026-08-12,SUP_022,34.8,low,43.2,37.1,91.2
2026-08-13,SUP_022,43.4,medium,40.4,34.4,92.83
2026-08-14,SUP_022,39.5,low,40.4,27.7,92.54
2026-08-15,SUP_022,31.1,low,45.5,32.5,92.62
2026-08-16,SUP_022,41.8,medium,55.1,31.6,93.29
2026-08-17,SUP_022,36.2,low,46.9,21.7,91.77
2026-08-18,SUP_022,38.9,low,42.0,24.3,91.83
2026-08-19,SUP_022,24.8,low,40.2,28.2,91.89
2026-08-20,SUP_022,23.3,low,46.1,34.3,93.54
2026-08-21,SUP_022,36.9,low,46.4,34.0,92.45
2026-08-22,SUP_022,31.0,low,44.3,32.2,92.11
2026-08-23,SUP_022,40.8,medium,49.3,43.1,91.29
2026-08-24,SUP_022,19.0,low,54.7,41.9,90.37
2026-08-25,SUP_022,19.1,low,54.6,44.7,91.37
2026-08-26,SUP_022,22.7,low,50.8,40.4,91.39
2026-08-27,SUP_022,43.2,medium,52.7,43.2,90.9
2026-08-28,SUP_022,31.6,low,52.0,34.3,90.44
2026-08-29,SUP_022,39.9,low,51.3,32.0,89.94
2026-08-30,SUP_022,49.7,medium,49.4,26.1,89.52
2026-08-31,SUP_022,40.6,medium,54.6,24.2,88.4
2026-09-01,SUP_022,37.0,low,55.9,32.4,88.17
2026-09-02,SUP_022,39.1,low,60.7,29.6,87.86
2026-09-03,SUP_022,25.6,low,66.1,34.2,87.19
2026-09-04,SUP_022,25.0,low,66.6,42.3,87.32
2026-09-05,SUP_022,40.5,medium,62.5,41.1,87.54
2026-09-06,SUP_022,45.2,medium,66.3,45.4,87.04
2026-09-07,SUP_022,42.5,medium,66.8,46.6,86.91
2026-09-08,SUP_022,42.9,medium,77.4,45.5,88.83
2026-09-09,SUP_022,47.6,medium,75.5,47.9,90.7
2026-09-10,SUP_022,52.8,medium,75.7,55.6,89.77
2026-09-11,SUP_022,44.5,medium,74.0,49.2,88.96
2026-09-12,SUP_022,57.6,medium,70.7,42.0,88.02
2026-09-13,SUP_022,65.4,high,67.1,35.6,88.96
2026-09-14,SUP_022,65.3,high,66.7,40.7,88.61
2026-09-15,SUP_022,51.2,medium,67.4,45.8,88.82
2026-09-16,SUP_022,38.9,low,71.0,41.4,90.59
2026-09-17,SUP_022,36.2,low,70.1,29.2,90.58
2026-09-18,SUP_022,37.7,low,65.6,26.5,91.2
2026-09-19,SUP_022,21.9,low,62.5,30.6,91.66
2026-09-20,SUP_022,31.0,low,55.1,31.0,91.14
2026-09-21,SUP_022,45.2,medium,62.9,32.5,92.08
2026-09-22,SUP_022,49.2,medium,59.2,30.1,91.33
2026-09-23,SUP_022,40.7,medium,63.1,36.2,92.51
2026-06-01,SUP_023,22.2,low,34.7,65.3,102.02
2026-06-02,SUP_023,36.4,low,33.2,62.4,101.71
2026-06-03,SUP_023,38.2,low,29.1,53.7,101.26
2026-06-04,SUP_023,38.6,low,26.3,53.0,100.02
2026-06-05,SUP_023,21.5,low,26.4,47.6,100.49
2026-06-06,SUP_023,27.3,low,16.9,40.7,100.07
2026-06-07,SUP_023,38.8,low,19.2,50.9,99.68
2026-06-08,SUP_023,37.4,low,20.0,54.1,99.55
2026-06-09,SUP_023,49.4,medium,26.7,53.1,100.33
2026-06-10,SUP_023,58.1,medium,30.7,48.3,99.53
2026-06-11,SUP_023,48.1,medium,28.7,44.7,98.43
2026-06-12,SUP_023,61.4,medium,28.3,51.3,99.05
2026-06-13,SUP_023,56.9,medium,28.9,50.5,94.75
2026-06-14,SUP_023,53.7,medium,37.6,31.9,93.9
2026-06-15,SUP_023,51.7,medium,34.1,45.2,92.26
2026-06-16,SUP_023,49.9,medium,31.6,44.6,93.97
2026-06-17,SUP_023,23.6,low,27.5,45.0,93.34
2026-06-18,SUP_023,26.5,low,22.3,49.2,92.55
2026-06-19,SUP_023,17.7,low,26.4,49.5,92.48
2026-06-20,SUP_023,38.8,low,29.4,51.3,91.64
2026-06-21,SUP_023,54.3,medium,37.1,46.6,91.06
2026-06-22,SUP_023,59.1,medium,42.5,38.4,91.2
2026-06-23,SUP_023,52.6,medium,53.5,39.4,90.6
2026-06-24,SUP_023,40.6,medium,51.1,46.2,89.99
2026-06-25,SUP_023,34.9,low,48.2,41.1,88.56
2026-06-26,SUP_023,54.7,medium,40.8,36.4,86.92
2026-06-27,SUP_023,45.1,medium,44.0,42.6,87.01
2026-06-28,SUP_023,22.5,low,43.9,39.1,87.44
2026-06-29,SUP_023,36.9,low,46.4,36.3,85.42
2026-06-30,SUP_023,52.1,medium,40.1,34.1,86.5
2026-07-01,SUP_023,64.9,medium,41.7,33.9,87.58
2026-07-02,SUP_023,68.8,high,42.4,25.8,88.96
2026-07-03,SUP_023,73.2,high,42.7,24.3,89.39
2026-07-04,SUP_023,65.9,high,39.1,27.1,90.29
2026-07-05,SUP_023,40.7,medium,44.9,29.5,93.39
2026-07-06,SUP_023,41.3,medium,53.9,36.4,92.97
2026-07-07,SUP_023,47.2,medium,46.5,45.9,91.48
2026-07-08,SUP_023,44.7,medium,49.0,52.2,89.3
2026-07-09,SUP_023,42.3,medium,34.0,54.5,91.8
2026-07-10,SUP_023,33.3,low,38.0,50.8,94.31
2026-07-11,SUP_023,26.2,low,29.5,45.1,92.99
2026-07-12,SUP_023,47.2,medium,28.6,43.7,91.96
2026-07-13,SUP_023,63.2,medium,24.0,45.5,91.5
2026-07-14,SUP_023,57.9,medium,25.4,48.2,93.24
2026-07-15,SUP_023,56.5,medium,31.6,49.5,91.41
2026-07-16,SUP_023,43.8,medium,24.0,46.7,88.62
2026-07-17,SUP_023,49.3,medium,24.7,49.1,91.7
2026-07-18,SUP_023,63.8,medium,24.6,53.6,92.14
2026-07-19,SUP_023,44.2,medium,34.4,55.5,92.79
2026-07-20,SUP_023,47.9,medium,37.3,52.2,92.49
2026-07-21,SUP_023,51.4,medium,32.1,45.3,93.16
2026-07-22,SUP_023,54.0,medium,31.1,39.2,91.01
2026-07-23,SUP_023,66.2,high,39.8,35.0,89.81
2026-07-24,SUP_023,79.0,high,43.2,36.3,89.96
2026-07-25,SUP_023,67.6,high,38.4,38.9,86.74
2026-07-26,SUP_023,67.4,high,37.3,30.8,86.31
2026-07-27,SUP_023,61.8,medium,36.6,28.8,85.79
2026-07-28,SUP_023,51.0,medium,34.6,31.0,85.36
2026-07-29,SUP_023,51.3,medium,27.3,26.9,84.58
2026-07-30,SUP_023,55.2,medium,26.0,30.4,83.17
2026-07-31,SUP_023,53.9,medium,34.7,29.5,80.58
2026-08-01,SUP_023,42.8,medium,33.7,26.5,80.79
2026-08-02,SUP_023,38.3,low,34.1,28.0,80.36
2026-08-03,SUP_023,35.0,low,35.7,31.1,78.41
2026-08-04,SUP_023,28.9,low,46.8,27.3,78.5
2026-08-05,SUP_023,35.1,low,45.9,27.1,78.08
2026-08-06,SUP_023,40.7,medium,50.2,30.8,77.43
2026-08-07,SUP_023,50.1,medium,45.8,27.4,74.37
2026-08-08,SUP_023,70.2,high,43.7,19.8,75.33
2026-08-09,SUP_023,65.3,high,43.2,14.0,73.59
2026-08-10,SUP_023,81.4,high,39.1,14.9,73.67
2026-08-11,SUP_023,77.5,high,38.2,11.0,72.53
2026-08-12,SUP_023,76.4,high,42.7,12.8,71.98
2026-08-13,SUP_023,73.7,high,38.5,24.9,73.61
2026-08-14,SUP_023,83.8,high,38.7,19.1,74.37
2026-08-15,SUP_023,61.7,medium,42.3,20.0,75.97
2026-08-16,SUP_023,67.1,high,38.0,33.5,76.44
2026-08-17,SUP_023,61.0,medium,43.5,35.9,77.0
2026-08-18,SUP_023,48.2,medium,43.3,33.8,74.47
2026-08-19,SUP_023,64.5,medium,42.1,33.2,74.02
2026-08-20,SUP_023,66.8,high,32.2,35.7,73.7
2026-08-21,SUP_023,56.4,medium,31.6,44.5,75.44
2026-08-22,SUP_023,66.0,high,34.6,40.3,74.72
2026-08-23,SUP_023,55.0,medium,43.7,35.5,75.1
2026-08-24,SUP_023,64.8,medium,45.9,28.2,75.42
2026-08-25,SUP_023,72.8,high,50.3,29.7,77.06
2026-08-26,SUP_023,56.6,medium,43.0,23.1,76.87
2026-08-27,SUP_023,58.3,medium,42.0,22.5,78.05
2026-08-28,SUP_023,61.5,medium,47.5,19.6,75.63
2026-08-29,SUP_023,80.8,high,42.1,27.5,73.34
2026-08-30,SUP_023,64.2,medium,46.4,26.0,70.1
2026-08-31,SUP_023,71.9,high,48.9,29.4,71.21
2026-09-01,SUP_023,64.6,medium,48.9,21.8,72.17
2026-09-02,SUP_023,47.5,medium,46.0,24.5,73.44
2026-09-03,SUP_023,45.0,medium,40.4,19.7,72.48
2026-09-04,SUP_023,44.3,medium,48.8,19.8,71.68
2026-09-05,SUP_023,33.9,low,50.4,33.7,71.51
2026-09-06,SUP_023,38.8,low,50.5,38.8,73.56
2026-09-07,SUP_023,48.5,medium,47.0,37.6,75.96
2026-09-08,SUP_023,49.1,medium,46.1,54.0,77.09
2026-09-09,SUP_023,42.3,medium,46.0,46.4,77.56
2026-09-10,SUP_023,40.8,medium,47.0,50.8,79.45
2026-09-11,SUP_023,41.1,medium,49.4,40.3,79.09
2026-09-12,SUP_023,43.3,medium,44.3,38.3,78.53
2026-09-13,SUP_023,53.3,medium,36.7,30.7,78.35
2026-09-14,SUP_023,53.0,medium,37.6,32.7,76.96
2026-09-15,SUP_023,37.2,low,29.7,33.3,76.71
2026-09-16,SUP_023,33.2,low,29.7,31.9,75.13
2026-09-17,SUP_023,37.0,low,28.8,38.2,76.58
2026-09-18,SUP_023,48.6,medium,32.8,34.7,77.35
2026-09-19,SUP_023,59.0,medium,43.3,36.5,79.38
2026-09-20,SUP_023,71.2,high,33.6,40.6,77.07
2026-09-21,SUP_023,65.1,high,45.3,31.9,79.77
2026-09-22,SUP_023,66.4,high,43.4,28.4,77.54
2026-09-23,SUP_023,46.8,medium,44.6,29.7,75.84
2026-06-01,SUP_024,49.8,medium,6.4,38.8,97.33
2026-06-02,SUP_024,46.9,medium,13.5,35.6,96.35
2026-06-03,SUP_024,28.3,low,14.3,36.1,96.8
2026-06-04,SUP_024,33.3,low,12.8,38.0,96.82
2026-06-05,SUP_024,28.5,low,8.9,34.6,95.69
2026-06-06,SUP_024,22.0,low,2.9,41.6,94.37
2026-06-07,SUP_024,50.7,medium,9.6,43.7,94.04
2026-06-08,SUP_024,65.1,high,13.7,37.7,92.89
2026-06-09,SUP_024,48.4,medium,19.9,47.2,93.37
2026-06-10,SUP_024,46.3,medium,20.6,45.9,92.99
2026-06-11,SUP_024,53.6,medium,6.8,38.5,92.4
2026-06-12,SUP_024,72.6,high,1.7,33.6,91.7
2026-06-13,SUP_024,77.3,high,5.4,41.6,91.94
2026-06-14,SUP_024,31.9,low,4.7,50.3,91.98
2026-06-15,SUP_024,46.8,medium,3.1,53.3,92.17
2026-06-16,SUP_024,31.3,low,0.0,57.5,92.34
2026-06-17,SUP_024,34.7,low,5.6,60.5,92.27
2026-06-18,SUP_024,39.3,low,8.7,59.6,91.31
2026-06-19,SUP_024,30.1,low,11.6,57.7,90.63
2026-06-20,SUP_024,37.8,low,8.7,57.1,90.26
2026-06-21,SUP_024,32.3,low,10.0,57.7,92.18
2026-06-22,SUP_024,39.4,low,4.0,50.4,90.93
2026-06-23,SUP_024,21.3,low,4.5,51.9,90.54
2026-06-24,SUP_024,27.8,low,0.0,57.1,90.63
2026-06-25,SUP_024,25.8,low,0.0,52.7,90.35
2026-06-26,SUP_024,38.7,low,0.0,48.4,91.35
2026-06-27,SUP_024,37.4,low,5.3,48.9,91.06
2026-06-28,SUP_024,48.4,medium,0.0,43.4,90.84
2026-06-29,SUP_024,49.7,medium,0.0,35.2,91.6
2026-06-30,SUP_024,44.9,medium,0.0,41.2,93.28
2026-07-01,SUP_024,49.7,medium,8.3,37.9,94.59
2026-07-02,SUP_024,53.4,medium,9.8,37.6,94.47
2026-07-03,SUP_024,53.1,medium,13.5,34.0,94.42
2026-07-04,SUP_024,27.4,low,11.6,40.8,94.46
2026-07-05,SUP_024,20.2,low,9.3,44.5,94.6
2026-07-06,SUP_024,36.7,low,10.1,41.8,93.81
2026-07-07,SUP_024,24.7,low,7.2,34.5,94.68
2026-07-08,SUP_024,35.4,low,11.4,32.8,94.88
2026-07-09,SUP_024,41.8,medium,3.9,36.1,94.83
2026-07-10,SUP_024,33.4,low,9.3,36.9,93.65
2026-07-11,SUP_024,15.3,low,9.9,37.2,93.71
2026-07-12,SUP_024,15.0,low,9.2,38.0,91.95
2026-07-13,SUP_024,39.2,low,1.8,41.6,91.41
2026-07-14,SUP_024,30.2,low,0.0,40.4,90.89
2026-07-15,SUP_024,24.0,low,6.4,41.9,91.15
2026-07-16,SUP_024,17.5,low,6.2,35.7,92.9
2026-07-17,SUP_024,33.1,low,8.4,49.0,93.43
2026-07-18,SUP_024,31.4,low,4.8,45.4,94.78
2026-07-19,SUP_024,26.5,low,5.7,44.9,95.38
2026-07-20,SUP_024,41.7,medium,0.2,46.4,96.42
2026-07-21,SUP_024,45.4,medium,2.4,42.6,98.15
2026-07-22,SUP_024,34.3,low,5.6,41.5,97.47
2026-07-23,SUP_024,23.1,low,8.1,40.5,96.73
2026-07-24,SUP_024,36.8,low,4.4,34.8,97.35
2026-07-25,SUP_024,36.5,low,3.9,37.2,97.35
2026-07-26,SUP_024,21.8,low,7.7,28.2,97.55
2026-07-27,SUP_024,8.6,low,7.3,38.4,97.32
2026-07-28,SUP_024,4.9,low,6.7,42.1,96.77
2026-07-29,SUP_024,0.9,low,16.5,44.4,98.27
2026-07-30,SUP_024,0.0,low,11.3,33.8,97.25
2026-07-31,SUP_024,0.0,low,16.5,29.8,97.89
2026-08-01,SUP_024,0.0,low,10.4,37.9,98.38
2026-08-02,SUP_024,0.0,low,13.7,59.4,96.91
2026-08-03,SUP_024,24.3,low,16.8,62.0,96.14
2026-08-04,SUP_024,24.5,low,13.7,63.4,95.52
2026-08-05,SUP_024,25.6,low,7.7,61.9,96.05
2026-08-06,SUP_024,32.6,low,20.1,53.4,95.7
2026-08-07,SUP_024,31.0,low,20.1,55.9,95.62
2026-08-08,SUP_024,35.7,low,22.7,47.0,94.27
2026-08-09,SUP_024,38.1,low,20.1,38.8,96.43
2026-08-10,SUP_024,38.5,low,21.4,31.5,96.5
2026-08-11,SUP_024,63.2,medium,20.1,37.2,96.96
2026-08-12,SUP_024,64.6,medium,20.1,36.5,96.46
2026-08-13,SUP_024,47.2,medium,20.1,36.8,95.85
2026-08-14,SUP_024,47.6,medium,20.1,36.5,97.63
2026-08-15,SUP_024,37.1,low,20.1,30.3,95.85
2026-08-16,SUP_024,40.7,medium,20.1,27.5,96.11
2026-08-17,SUP_024,26.5,low,20.1,25.4,94.98
2026-08-18,SUP_024,18.4,low,20.1,19.4,94.61
2026-08-19,SUP_024,25.7,low,20.1,19.1,94.01
2026-08-20,SUP_024,37.3,low,0.0,15.8,93.09
2026-08-21,SUP_024,41.4,medium,0.0,21.7,93.13
2026-08-22,SUP_024,47.7,medium,0.0,27.2,90.74
2026-08-23,SUP_024,48.0,medium,0.0,21.5,90.45
2026-08-24,SUP_024,46.3,medium,0.0,22.0,90.36
2026-08-25,SUP_024,38.8,low,0.0,33.7,89.1
2026-08-26,SUP_024,45.4,medium,5.4,28.7,90.51
2026-08-27,SUP_024,52.3,medium,2.3,31.9,89.95
2026-08-28,SUP_024,47.4,medium,6.2,32.9,89.73
2026-08-29,SUP_024,43.2,medium,12.0,39.0,89.18
2026-08-30,SUP_024,55.9,medium,14.1,40.0,89.11
2026-08-31,SUP_024,50.5,medium,7.3,37.0,90.32
2026-09-01,SUP_024,47.3,medium,3.5,37.0,92.62
2026-09-02,SUP_024,48.7,medium,10.3,37.1,93.31
2026-09-03,SUP_024,44.4,medium,6.8,36.3,94.33
2026-09-04,SUP_024,34.4,low,12.2,29.2,95.92
2026-09-05,SUP_024,38.1,low,10.1,36.6,96.15
2026-09-06,SUP_024,37.0,low,11.1,42.0,97.61
2026-09-07,SUP_024,53.5,medium,4.6,35.4,98.35
2026-09-08,SUP_024,56.2,medium,2.9,33.8,98.48
2026-09-09,SUP_024,45.4,medium,0.1,32.8,98.81
2026-09-10,SUP_024,49.5,medium,2.9,27.0,97.12
2026-09-11,SUP_024,48.8,medium,4.7,18.4,97.39
2026-09-12,SUP_024,57.4,medium,8.0,17.3,95.95
2026-09-13,SUP_024,47.0,medium,6.3,18.1,94.44
2026-09-14,SUP_024,45.7,medium,2.7,13.1,94.62
2026-09-15,SUP_024,42.1,medium,5.0,17.3,93.59
2026-09-16,SUP_024,40.9,medium,1.2,26.1,93.58
2026-09-17,SUP_024,31.2,low,7.9,31.8,93.71
2026-09-18,SUP_024,37.5,low,8.0,31.6,93.88
2026-09-19,SUP_024,40.7,medium,7.0,22.5,93.04
2026-09-20,SUP_024,51.2,medium,10.0,28.1,93.87
2026-09-21,SUP_024,47.1,medium,9.9,29.9,93.79
2026-09-22,SUP_024,40.2,medium,2.4,32.9,94.2
2026-09-23,SUP_024,46.2,medium,0.0,43.4,93.09
2026-06-01,SUP_025,73.2,high,40.4,30.8,101.39
2026-06-02,SUP_025,74.3,high,45.8,29.2,102.24
2026-06-03,SUP_025,81.2,high,49.9,31.6,101.46
2026-06-04,SUP_025,57.9,medium,44.9,31.4,101.76
2026-06-05,SUP_025,41.5,medium,41.9,36.4,101.44
2026-06-06,SUP_025,39.4,low,37.2,31.2,101.63
2026-06-07,SUP_025,41.2,medium,34.8,24.4,101.11
2026-06-08,SUP_025,40.3,medium,29.3,24.4,99.96
2026-06-09,SUP_025,26.3,low,30.5,26.3,99.73
2026-06-10,SUP_025,41.6,medium,35.2,21.1,100.22
2026-06-11,SUP_025,62.4,medium,32.5,15.9,100.41
2026-06-12,SUP_025,69.9,high,33.5,19.7,100.68
2026-06-13,SUP_025,73.7,high,33.7,18.0,100.82
2026-06-14,SUP_025,68.7,high,40.0,12.9,101.09
2026-06-15,SUP_025,54.9,medium,37.4,21.3,101.45
2026-06-16,SUP_025,53.1,medium,35.4,20.0,101.26
2026-06-17,SUP_025,70.6,high,32.3,28.3,101.32
2026-06-18,SUP_025,60.9,medium,28.4,29.5,102.48
2026-06-19,SUP_025,81.9,high,32.9,31.9,102.58
2026-06-20,SUP_025,90.2,high,33.7,31.2,102.61
2026-06-21,SUP_025,97.1,high,35.2,17.8,102.68
2026-06-22,SUP_025,83.5,high,42.2,14.4,102.53
2026-06-23,SUP_025,78.8,high,48.5,16.8,102.24
2026-06-24,SUP_025,73.0,high,39.7,21.5,102.38
2026-06-25,SUP_025,73.9,high,43.1,14.1,102.04
2026-06-26,SUP_025,55.0,medium,44.0,16.9,101.94
2026-06-27,SUP_025,45.1,medium,41.6,13.7,101.42
2026-06-28,SUP_025,55.1,medium,43.2,18.2,101.49
2026-06-29,SUP_025,53.5,medium,34.8,20.6,101.88
2026-06-30,SUP_025,73.0,high,42.8,26.7,101.74
2026-07-01,SUP_025,68.9,high,45.1,33.5,100.39
2026-07-02,SUP_025,62.0,medium,40.6,36.2,100.79
2026-07-03,SUP_025,63.1,medium,38.0,40.5,100.87
2026-07-04,SUP_025,55.5,medium,30.5,37.9,100.21
2026-07-05,SUP_025,36.2,low,30.8,52.3,100.72
2026-07-06,SUP_025,36.2,low,51.8,43.3,99.79
2026-07-07,SUP_025,36.0,low,47.3,39.3,100.49
2026-07-08,SUP_025,23.5,low,53.5,43.4,100.45
2026-07-09,SUP_025,28.2,low,61.1,46.1,98.93
2026-07-10,SUP_025,13.3,low,61.3,47.0,99.05
2026-07-11,SUP_025,18.0,low,60.2,48.7,98.78
2026-07-12,SUP_025,27.0,low,62.8,35.7,98.41
2026-07-13,SUP_025,32.4,low,62.8,44.0,97.92
2026-07-14,SUP_025,31.7,low,57.8,41.6,97.83
2026-07-15,SUP_025,34.3,low,55.6,47.1,97.51
2026-07-16,SUP_025,29.7,low,55.4,34.6,96.27
2026-07-17,SUP_025,33.6,low,57.8,36.0,97.12
2026-07-18,SUP_025,37.0,low,58.8,32.9,96.95
2026-07-19,SUP_025,30.7,low,60.5,36.2,96.46
2026-07-20,SUP_025,36.7,low,32.1,37.7,95.71
2026-07-21,SUP_025,41.2,medium,36.7,39.2,96.22
2026-07-22,SUP_025,40.6,medium,37.5,33.0,95.36
2026-07-23,SUP_025,64.1,medium,50.3,33.0,95.45
2026-07-24,SUP_025,58.0,medium,47.2,32.4,95.06
2026-07-25,SUP_025,52.2,medium,48.0,35.4,94.7
2026-07-26,SUP_025,46.5,medium,60.5,40.5,93.97
2026-07-27,SUP_025,37.1,low,58.6,40.5,93.55
2026-07-28,SUP_025,45.4,medium,55.8,32.9,93.56
2026-07-29,SUP_025,39.0,low,49.1,33.8,93.72
2026-07-30,SUP_025,35.2,low,55.2,47.7,93.19
2026-07-31,SUP_025,32.7,low,47.8,54.5,93.13
2026-08-01,SUP_025,26.6,low,48.9,35.9,93.72
2026-08-02,SUP_025,15.0,low,45.6,36.1,92.61
2026-08-03,SUP_025,18.2,low,44.2,40.9,92.61
2026-08-04,SUP_025,33.0,low,37.1,39.0,91.97
2026-08-05,SUP_025,37.8,low,44.2,36.0,91.27
2026-08-06,SUP_025,54.1,medium,42.6,34.4,91.44
2026-08-07,SUP_025,58.8,medium,36.7,37.4,91.08
2026-08-08,SUP_025,60.2,medium,43.5,31.0,90.27
2026-08-09,SUP_025,73.8,high,40.8,37.9,91.15
2026-08-10,SUP_025,65.7,high,42.6,37.1,91.77
2026-08-11,SUP_025,61.1,medium,46.5,31.9,90.48
2026-08-12,SUP_025,57.0,medium,48.1,38.3,89.49
2026-08-13,SUP_025,68.3,high,36.7,29.7,89.89
2026-08-14,SUP_025,62.5,medium,40.8,27.5,89.7
2026-08-15,SUP_025,52.1,medium,40.5,25.6,90.7
2026-08-16,SUP_025,55.8,medium,39.2,38.3,91.11
2026-08-17,SUP_025,45.5,medium,39.1,34.2,91.31
2026-08-18,SUP_025,50.3,medium,31.9,23.0,90.63
2026-08-19,SUP_025,52.8,medium,34.3,21.7,90.96
2026-08-20,SUP_025,49.1,medium,29.0,26.1,90.1
2026-08-21,SUP_025,53.3,medium,29.6,31.6,90.98
2026-08-22,SUP_025,37.5,low,32.2,44.1,91.26
2026-08-23,SUP_025,40.9,medium,38.8,50.1,90.71
2026-08-24,SUP_025,37.6,low,35.4,48.9,91.25
2026-08-25,SUP_025,66.0,high,43.2,42.1,92.74
2026-08-26,SUP_025,62.2,medium,47.5,49.6,92.6
2026-08-27,SUP_025,52.4,medium,44.7,45.4,92.97
2026-08-28,SUP_025,37.8,low,39.0,40.4,92.68
2026-08-29,SUP_025,51.7,medium,32.6,37.4,92.73
2026-08-30,SUP_025,46.7,medium,35.3,30.4,91.73
2026-08-31,SUP_025,39.0,low,32.8,28.7,91.73
2026-09-01,SUP_025,43.6,medium,39.9,28.4,91.76
2026-09-02,SUP_025,50.0,medium,37.0,33.2,92.96
2026-09-03,SUP_025,54.6,medium,33.5,31.5,91.76
2026-09-04,SUP_025,52.4,medium,35.9,25.3,91.57
2026-09-05,SUP_025,52.0,medium,33.5,18.3,92.43
2026-09-06,SUP_025,52.4,medium,34.8,21.9,92.27
2026-09-07,SUP_025,53.7,medium,40.6,24.3,92.16
2026-09-08,SUP_025,55.4,medium,41.4,23.0,91.6
2026-09-09,SUP_025,63.0,medium,42.0,22.3,90.98
2026-09-10,SUP_025,59.0,medium,43.0,26.3,89.76
2026-09-11,SUP_025,47.9,medium,34.8,34.9,89.33
2026-09-12,SUP_025,45.9,medium,37.8,30.8,88.67
2026-09-13,SUP_025,52.6,medium,39.1,31.9,88.75
2026-09-14,SUP_025,34.2,low,43.8,37.4,88.23
2026-09-15,SUP_025,20.4,low,46.4,33.0,87.91
2026-09-16,SUP_025,35.0,low,44.8,33.2,87.6
2026-09-17,SUP_025,51.6,medium,49.3,33.3,87.57
2026-09-18,SUP_025,38.2,low,46.8,26.6,87.22
2026-09-19,SUP_025,40.9,medium,47.2,28.8,86.51
2026-09-20,SUP_025,38.2,low,45.0,29.9,86.57
2026-09-21,SUP_025,37.5,low,46.7,33.6,87.28
2026-09-22,SUP_025,42.2,medium,44.2,27.5,87.37
2026-09-23,SUP_025,30.9,low,51.7,28.7,86.96
2026-06-01,SUP_026,76.1,high,46.9,54.6,99.86
2026-06-02,SUP_026,64.8,medium,37.3,49.9,100.08
2026-06-03,SUP_026,50.2,medium,38.3,48.8,100.94
2026-06-04,SUP_026,59.5,medium,37.8,45.5,100.79
2026-06-05,SUP_026,46.0,medium,34.9,48.5,101.09
2026-06-06,SUP_026,31.1,low,33.3,63.6,101.57
2026-06-07,SUP_026,46.3,medium,33.6,65.2,101.46
2026-06-08,SUP_026,50.7,medium,40.5,63.2,102.08
2026-06-09,SUP_026,56.9,medium,46.8,58.5,102.73
2026-06-10,SUP_026,53.1,medium,42.5,50.9,103.48
2026-06-11,SUP_026,41.5,medium,40.9,55.4,103.73
2026-06-12,SUP_026,34.6,low,39.6,58.9,105.01
2026-06-13,SUP_026,37.9,low,44.7,55.8,104.67
2026-06-14,SUP_026,31.2,low,45.9,62.1,105.82
2026-06-15,SUP_026,40.7,medium,46.7,61.2,106.24
2026-06-16,SUP_026,40.8,medium,49.4,64.3,106.97
2026-06-17,SUP_026,46.8,medium,46.4,64.5,106.79
2026-06-18,SUP_026,51.0,medium,53.1,62.1,107.25
2026-06-19,SUP_026,56.4,medium,52.3,56.0,108.02
2026-06-20,SUP_026,61.4,medium,47.6,55.1,107.43
2026-06-21,SUP_026,57.4,medium,46.6,59.5,107.35
2026-06-22,SUP_026,59.2,medium,52.6,56.2,106.19
2026-06-23,SUP_026,61.1,medium,49.9,58.3,106.09
2026-06-24,SUP_026,37.8,low,54.1,52.1,105.65
2026-06-25,SUP_026,48.9,medium,50.2,56.7,105.53
2026-06-26,SUP_026,52.5,medium,46.3,58.1,107.11
2026-06-27,SUP_026,59.1,medium,49.7,51.3,108.04
2026-06-28,SUP_026,46.9,medium,45.3,50.6,107.26
2026-06-29,SUP_026,46.8,medium,49.6,56.2,107.56
2026-06-30,SUP_026,39.5,low,51.0,49.4,108.0
2026-07-01,SUP_026,51.0,medium,46.4,44.6,107.81
2026-07-02,SUP_026,39.7,low,46.3,45.8,107.91
2026-07-03,SUP_026,35.7,low,44.0,58.4,108.06
2026-07-04,SUP_026,46.2,medium,46.2,54.4,107.33
2026-07-05,SUP_026,43.3,medium,55.4,57.1,106.77
2026-07-06,SUP_026,38.4,low,52.6,58.1,106.87
2026-07-07,SUP_026,81.8,high,54.4,54.5,106.92
2026-07-08,SUP_026,92.2,high,53.6,55.5,106.54
2026-07-09,SUP_026,97.8,high,52.8,53.0,106.11
2026-07-10,SUP_026,100.0,high,51.3,51.4,106.06
2026-07-11,SUP_026,97.3,high,46.8,43.2,106.54
2026-07-12,SUP_026,93.1,high,48.5,44.9,106.5
2026-07-13,SUP_026,85.9,high,47.1,51.1,107.37
2026-07-14,SUP_026,57.9,medium,42.9,52.0,107.0
2026-07-15,SUP_026,53.0,medium,48.5,58.2,107.1
2026-07-16,SUP_026,50.3,medium,48.9,60.8,106.91
2026-07-17,SUP_026,57.7,medium,47.7,59.6,107.23
2026-07-18,SUP_026,68.8,high,54.1,55.6,106.81
2026-07-19,SUP_026,69.8,high,44.5,52.9,107.85
2026-07-20,SUP_026,83.4,high,51.0,45.5,106.93
2026-07-21,SUP_026,70.6,high,46.4,45.5,107.86
2026-07-22,SUP_026,50.4,medium,47.6,47.7,107.91
2026-07-23,SUP_026,58.9,medium,44.9,57.8,108.21
2026-07-24,SUP_026,51.5,medium,41.0,60.2,108.93
2026-07-25,SUP_026,50.6,medium,48.3,54.9,109.4
2026-07-26,SUP_026,36.1,low,57.0,47.3,109.0
2026-07-27,SUP_026,33.2,low,54.6,47.4,109.33
2026-07-28,SUP_026,25.5,low,55.2,52.8,110.34
2026-07-29,SUP_026,29.6,low,54.4,52.0,109.86
2026-07-30,SUP_026,33.1,low,61.7,55.3,111.01
2026-07-31,SUP_026,40.1,medium,49.6,54.3,111.21
2026-08-01,SUP_026,56.1,medium,51.1,58.2,110.98
2026-08-02,SUP_026,62.8,medium,47.2,49.3,110.5
2026-08-03,SUP_026,46.6,medium,36.2,58.6,110.37
2026-08-04,SUP_026,55.1,medium,36.2,52.2,109.32
2026-08-05,SUP_026,56.8,medium,46.8,56.8,109.09
2026-08-06,SUP_026,56.2,medium,43.8,55.1,108.95
2026-08-07,SUP_026,56.5,medium,48.2,54.5,108.37
2026-08-08,SUP_026,58.7,medium,53.9,53.3,108.77
2026-08-09,SUP_026,52.1,medium,52.9,54.9,108.65
2026-08-10,SUP_026,51.9,medium,52.8,57.3,108.31
2026-08-11,SUP_026,64.4,medium,43.9,62.5,108.13
2026-08-12,SUP_026,56.3,medium,41.1,68.8,108.33
2026-08-13,SUP_026,47.2,medium,46.5,68.5,108.36
2026-08-14,SUP_026,49.3,medium,47.0,75.5,107.99
2026-08-15,SUP_026,41.0,medium,48.9,72.9,108.05
2026-08-16,SUP_026,29.3,low,49.4,75.9,108.03
2026-08-17,SUP_026,33.3,low,59.6,75.0,107.41
2026-08-18,SUP_026,52.9,medium,55.8,69.1,107.25
2026-08-19,SUP_026,53.8,medium,62.2,68.0,107.57
2026-08-20,SUP_026,56.5,medium,60.7,68.7,107.88
2026-08-21,SUP_026,37.2,low,66.8,66.5,107.75
2026-08-22,SUP_026,46.4,medium,58.2,66.9,108.12
2026-08-23,SUP_026,50.2,medium,57.6,69.7,107.59
2026-08-24,SUP_026,46.0,medium,54.3,67.4,107.07
2026-08-25,SUP_026,50.7,medium,54.0,50.0,106.94
2026-08-26,SUP_026,54.1,medium,58.9,59.6,107.75
2026-08-27,SUP_026,45.2,medium,59.0,57.3,107.84
2026-08-28,SUP_026,51.5,medium,63.2,52.6,107.69
2026-08-29,SUP_026,64.2,medium,57.7,47.1,108.52
2026-08-30,SUP_026,60.5,medium,52.4,46.5,108.37
2026-08-31,SUP_026,51.9,medium,51.8,44.8,109.58
2026-09-01,SUP_026,51.8,medium,51.0,42.5,109.3
2026-09-02,SUP_026,61.2,medium,49.7,40.7,108.75
2026-09-03,SUP_026,49.1,medium,44.9,45.7,108.66
2026-09-04,SUP_026,56.7,medium,51.0,57.8,108.53
2026-09-05,SUP_026,50.7,medium,48.9,61.7,108.09
2026-09-06,SUP_026,54.8,medium,55.5,66.6,109.5
2026-09-07,SUP_026,50.4,medium,54.4,62.9,109.67
2026-09-08,SUP_026,47.0,medium,56.5,62.2,109.92
2026-09-09,SUP_026,63.9,medium,57.9,63.4,109.67
2026-09-10,SUP_026,49.4,medium,52.5,58.7,109.36
2026-09-11,SUP_026,56.0,medium,53.6,55.9,109.92
2026-09-12,SUP_026,72.5,high,61.9,60.2,109.01
2026-09-13,SUP_026,75.3,high,61.0,65.2,108.39
2026-09-14,SUP_026,89.7,high,63.3,64.0,108.26
2026-09-15,SUP_026,77.7,high,64.3,56.4,108.99
2026-09-16,SUP_026,73.6,high,63.3,54.6,108.79
2026-09-17,SUP_026,78.9,high,61.9,47.1,109.01
2026-09-18,SUP_026,83.6,high,62.4,48.7,109.03
2026-09-19,SUP_026,73.2,high,63.9,51.0,109.73
2026-09-20,SUP_026,69.1,high,55.1,50.1,108.87
2026-09-21,SUP_026,35.5,low,55.2,52.1,109.27
2026-09-22,SUP_026,39.4,low,53.2,54.8,109.16
2026-09-23,SUP_026,62.4,medium,50.6,56.2,109.66
2026-06-01,SUP_027,50.6,medium,30.6,49.2,102.3
2026-06-02,SUP_027,41.3,medium,31.8,47.6,103.95
2026-06-03,SUP_027,41.0,medium,32.3,36.4,102.93
2026-06-04,SUP_027,58.5,medium,28.4,30.6,102.07
2026-06-05,SUP_027,67.2,high,23.8,40.5,101.01
2026-06-06,SUP_027,56.9,medium,23.1,46.0,100.0
2026-06-07,SUP_027,55.3,medium,26.0,40.5,101.91
2026-06-08,SUP_027,63.9,medium,24.2,39.3,101.6
2026-06-09,SUP_027,58.1,medium,24.7,41.5,101.46
2026-06-10,SUP_027,91.7,high,17.8,37.3,102.45
2026-06-11,SUP_027,96.0,high,19.0,29.4,100.32
2026-06-12,SUP_027,99.0,high,26.7,32.4,100.39
2026-06-13,SUP_027,100.0,high,31.8,38.8,98.99
2026-06-14,SUP_027,92.5,high,32.3,44.3,98.61
2026-06-15,SUP_027,87.7,high,34.3,50.5,97.86
2026-06-16,SUP_027,78.8,high,30.9,43.0,97.04
2026-06-17,SUP_027,36.2,low,39.7,45.1,97.33
2026-06-18,SUP_027,41.6,medium,49.2,45.2,97.62
2026-06-19,SUP_027,54.3,medium,48.3,46.2,97.33
2026-06-20,SUP_027,43.4,medium,59.1,46.4,97.81
2026-06-21,SUP_027,50.6,medium,52.7,44.2,96.7
2026-06-22,SUP_027,60.7,medium,44.5,29.9,97.57
2026-06-23,SUP_027,44.0,medium,40.2,39.8,97.31
2026-06-24,SUP_027,46.0,medium,38.8,43.8,96.69
2026-06-25,SUP_027,65.3,high,49.7,37.7,95.67
2026-06-26,SUP_027,69.6,high,46.6,42.8,95.36
2026-06-27,SUP_027,50.3,medium,41.2,42.3,97.75
2026-06-28,SUP_027,59.4,medium,36.5,42.0,97.67
2026-06-29,SUP_027,53.1,medium,42.1,39.9,96.21
2026-06-30,SUP_027,61.7,medium,46.2,45.0,97.38
2026-07-01,SUP_027,55.4,medium,42.7,42.3,96.78
2026-07-02,SUP_027,56.6,medium,33.1,38.4,97.14
2026-07-03,SUP_027,52.9,medium,28.5,46.8,96.37
2026-07-04,SUP_027,55.2,medium,38.1,47.1,98.01
2026-07-05,SUP_027,51.7,medium,41.3,47.5,97.25
2026-07-06,SUP_027,52.2,medium,41.1,52.3,99.04
2026-07-07,SUP_027,43.8,medium,49.5,49.2,97.7
2026-07-08,SUP_027,52.9,medium,57.1,47.6,97.32
2026-07-09,SUP_027,56.8,medium,54.0,50.3,99.11
2026-07-10,SUP_027,43.1,medium,51.6,42.9,99.33
2026-07-11,SUP_027,57.0,medium,46.8,45.9,102.23
2026-07-12,SUP_027,56.6,medium,44.1,43.3,101.89
2026-07-13,SUP_027,59.5,medium,36.1,49.5,102.22
2026-07-14,SUP_027,67.2,high,29.4,53.2,104.65
2026-07-15,SUP_027,68.9,high,22.5,55.7,102.72
2026-07-16,SUP_027,78.0,high,30.0,47.1,100.62
2026-07-17,SUP_027,71.3,high,23.8,47.8,99.61
2026-07-18,SUP_027,78.5,high,35.1,42.6,100.65
2026-07-19,SUP_027,75.5,high,32.1,44.3,98.59
2026-07-20,SUP_027,76.9,high,41.2,33.7,99.35
2026-07-21,SUP_027,76.9,high,39.0,28.8,100.02
2026-07-22,SUP_027,84.6,high,31.4,39.0,102.6
2026-07-23,SUP_027,85.7,high,38.5,43.3,103.94
2026-07-24,SUP_027,75.6,high,45.1,43.2,104.4
2026-07-25,SUP_027,66.3,high,39.7,40.2,106.14
2026-07-26,SUP_027,64.8,medium,37.9,36.7,106.83
2026-07-27,SUP_027,57.0,medium,33.6,40.5,106.24
2026-07-28,SUP_027,48.5,medium,33.7,40.9,104.78
2026-07-29,SUP_027,59.9,medium,34.9,51.1,104.05
2026-07-30,SUP_027,53.0,medium,33.7,50.7,104.0
2026-07-31,SUP_027,80.6,high,25.7,51.7,104.22
2026-08-01,SUP_027,76.8,high,24.8,44.9,101.49
2026-08-02,SUP_027,97.6,high,30.1,44.5,101.21
2026-08-03,SUP_027,99.4,high,30.3,47.0,101.25
2026-08-04,SUP_027,96.5,high,29.9,46.2,101.95
2026-08-05,SUP_027,53.2,medium,26.7,45.0,104.03
2026-08-06,SUP_027,55.4,medium,25.5,48.2,104.27
2026-08-07,SUP_027,74.6,high,34.1,57.2,103.1
2026-08-08,SUP_027,85.9,high,29.2,57.6,100.78
2026-08-09,SUP_027,82.4,high,34.0,63.3,101.66
2026-08-10,SUP_027,66.7,high,34.8,65.3,100.55
2026-08-11,SUP_027,56.7,medium,36.4,69.5,101.65
2026-08-12,SUP_027,50.1,medium,33.2,64.1,103.44
2026-08-13,SUP_027,64.9,medium,32.3,61.6,101.47
2026-08-14,SUP_027,79.3,high,33.1,59.6,102.17
2026-08-15,SUP_027,76.8,high,31.4,61.8,103.83
2026-08-16,SUP_027,70.3,high,33.9,64.9,105.13
2026-08-17,SUP_027,82.6,high,36.7,64.1,102.45
2026-08-18,SUP_027,68.4,high,47.2,67.3,101.36
2026-08-19,SUP_027,67.2,high,47.1,62.5,99.72
2026-08-20,SUP_027,70.2,high,36.7,66.1,100.39
2026-08-21,SUP_027,60.2,medium,42.4,69.8,100.92
2026-08-22,SUP_027,54.7,medium,40.8,71.1,97.47
2026-08-23,SUP_027,49.9,medium,49.9,69.4,97.08
2026-08-24,SUP_027,66.1,high,55.1,71.0,98.11
2026-08-25,SUP_027,82.8,high,50.1,63.9,98.3
2026-08-26,SUP_027,78.7,high,51.7,63.6,98.48
2026-08-27,SUP_027,72.0,high,46.9,63.9,98.02
2026-08-28,SUP_027,64.0,medium,45.5,55.6,96.66
2026-08-29,SUP_027,63.5,medium,47.6,58.0,96.64
2026-08-30,SUP_027,58.0,medium,51.5,50.9,96.71
2026-08-31,SUP_027,58.1,medium,53.7,49.3,97.5
2026-09-01,SUP_027,62.9,medium,51.7,50.4,98.39
2026-09-02,SUP_027,58.9,medium,61.4,47.2,98.5
2026-09-03,SUP_027,57.9,medium,56.2,48.8,99.9
2026-09-04,SUP_027,57.2,medium,45.8,50.1,99.42
2026-09-05,SUP_027,55.5,medium,37.9,46.5,97.57
2026-09-06,SUP_027,53.0,medium,44.9,50.8,98.18
2026-09-07,SUP_027,62.3,medium,43.5,47.4,98.34
2026-09-08,SUP_027,45.8,medium,43.5,60.6,98.98
2026-09-09,SUP_027,64.5,medium,40.1,59.2,97.36
2026-09-10,SUP_027,65.1,high,37.6,52.4,99.65
2026-09-11,SUP_027,70.0,high,33.9,47.6,100.56
2026-09-12,SUP_027,74.7,high,36.8,54.7,100.19
2026-09-13,SUP_027,65.0,medium,36.5,52.6,98.99
2026-09-14,SUP_027,55.8,medium,38.8,45.8,100.37
2026-09-15,SUP_027,47.8,medium,40.3,51.7,98.96
2026-09-16,SUP_027,49.0,medium,37.9,50.0,101.85
2026-09-17,SUP_027,58.7,medium,31.0,54.2,101.07
2026-09-18,SUP_027,54.2,medium,24.7,59.2,103.27
2026-09-19,SUP_027,61.7,medium,41.1,60.0,103.03
2026-09-20,SUP_027,39.9,low,47.6,71.9,105.06
2026-09-21,SUP_027,41.8,medium,52.5,60.3,104.12
2026-09-22,SUP_027,57.7,medium,47.2,55.2,104.14
2026-09-23,SUP_027,57.2,medium,45.8,53.8,105.17
2026-06-01,SUP_028,33.8,low,68.0,26.7,100.69
2026-06-02,SUP_028,27.1,low,72.3,27.2,100.4
2026-06-03,SUP_028,29.5,low,68.4,31.1,100.27
2026-06-04,SUP_028,53.2,medium,67.9,29.7,99.76
2026-06-05,SUP_028,58.2,medium,72.9,28.8,100.06
2026-06-06,SUP_028,48.5,medium,67.9,29.9,99.82
2026-06-07,SUP_028,39.0,low,69.8,25.0,99.62
2026-06-08,SUP_028,10.3,low,67.6,14.8,99.41
2026-06-09,SUP_028,25.1,low,67.7,19.1,99.44
2026-06-10,SUP_028,33.6,low,67.2,11.0,98.92
2026-06-11,SUP_028,27.7,low,62.7,9.4,98.0
2026-06-12,SUP_028,15.0,low,61.4,3.9,98.19
2026-06-13,SUP_028,8.1,low,62.2,0.0,97.32
2026-06-14,SUP_028,17.7,low,61.6,7.4,97.67
2026-06-15,SUP_028,19.9,low,69.2,10.3,98.31
2026-06-16,SUP_028,28.8,low,72.9,12.7,98.25
2026-06-17,SUP_028,29.9,low,72.6,9.1,98.78
2026-06-18,SUP_028,38.9,low,67.4,9.5,98.77
2026-06-19,SUP_028,40.1,medium,62.7,15.3,99.43
2026-06-20,SUP_028,45.2,medium,71.9,18.0,99.24
2026-06-21,SUP_028,22.1,low,65.7,24.9,98.27
2026-06-22,SUP_028,12.6,low,65.7,31.5,98.23
2026-06-23,SUP_028,13.6,low,66.8,30.7,98.94
2026-06-24,SUP_028,27.7,low,64.6,21.6,99.16
2026-06-25,SUP_028,45.7,medium,59.5,19.6,98.94
2026-06-26,SUP_028,40.2,medium,56.1,21.4,99.08
2026-06-27,SUP_028,32.0,low,54.4,19.3,99.48
2026-06-28,SUP_028,13.4,low,52.2,16.1,99.44
2026-06-29,SUP_028,25.6,low,60.0,19.3,100.52
2026-06-30,SUP_028,21.6,low,60.2,34.5,100.31
2026-07-01,SUP_028,51.1,medium,58.0,32.0,100.72
2026-07-02,SUP_028,39.0,low,59.1,32.4,101.03
2026-07-03,SUP_028,56.2,medium,62.7,25.9,100.75
2026-07-04,SUP_028,56.6,medium,61.0,33.8,100.57
2026-07-05,SUP_028,40.4,medium,65.4,38.6,100.99
2026-07-06,SUP_028,40.0,low,58.9,42.3,101.05
2026-07-07,SUP_028,44.6,medium,64.9,48.4,101.19
2026-07-08,SUP_028,38.9,low,64.4,44.1,100.52
2026-07-09,SUP_028,44.4,medium,63.8,41.2,100.79
2026-07-10,SUP_028,48.4,medium,60.3,49.2,100.9
2026-07-11,SUP_028,49.3,medium,54.7,50.4,100.88
2026-07-12,SUP_028,44.3,medium,47.9,36.4,101.03
2026-07-13,SUP_028,29.9,low,46.4,38.6,100.86
2026-07-14,SUP_028,29.2,low,51.5,35.0,100.62
2026-07-15,SUP_028,31.0,low,48.5,39.7,100.52
2026-07-16,SUP_028,13.4,low,43.2,41.2,100.33
2026-07-17,SUP_028,19.1,low,41.7,31.1,101.22
2026-07-18,SUP_028,20.9,low,42.9,33.1,101.6
2026-07-19,SUP_028,11.2,low,44.2,34.5,101.2
2026-07-20,SUP_028,12.8,low,46.2,36.5,102.03
2026-07-21,SUP_028,14.2,low,53.5,39.3,101.86
2026-07-22,SUP_028,36.0,low,60.7,46.5,101.87
2026-07-23,SUP_028,36.6,low,70.4,47.0,102.24
2026-07-24,SUP_028,44.5,medium,61.4,45.3,101.43
2026-07-25,SUP_028,39.8,low,57.5,49.8,101.33
2026-07-26,SUP_028,20.0,low,61.5,59.4,101.1
2026-07-27,SUP_028,28.7,low,59.4,60.6,101.18
2026-07-28,SUP_028,22.9,low,63.9,57.8,101.33
2026-07-29,SUP_028,21.6,low,64.6,56.7,101.3
2026-07-30,SUP_028,14.0,low,71.7,54.8,101.25
2026-07-31,SUP_028,18.6,low,75.2,51.9,101.69
2026-08-01,SUP_028,31.3,low,78.2,60.8,101.81
2026-08-02,SUP_028,39.6,low,73.8,53.0,101.83
2026-08-03,SUP_028,51.9,medium,71.6,56.3,101.89
2026-08-04,SUP_028,62.4,medium,68.7,52.5,102.64
2026-08-05,SUP_028,35.4,low,60.6,42.1,102.71
2026-08-06,SUP_028,23.0,low,67.8,40.0,102.5
2026-08-07,SUP_028,8.0,low,70.4,36.4,101.72
2026-08-08,SUP_028,19.3,low,67.5,39.2,101.13
2026-08-09,SUP_028,15.6,low,72.9,39.1,100.94
2026-08-10,SUP_028,14.7,low,68.3,33.1,100.89
2026-08-11,SUP_028,16.5,low,58.6,41.1,100.66
2026-08-12,SUP_028,23.4,low,63.9,45.9,100.81
2026-08-13,SUP_028,11.3,low,57.5,52.6,100.57
2026-08-14,SUP_028,4.3,low,57.3,51.3,100.2
2026-08-15,SUP_028,10.8,low,59.0,48.6,100.45
2026-08-16,SUP_028,26.7,low,61.3,50.3,101.01
2026-08-17,SUP_028,27.3,low,65.4,45.0,100.56
2026-08-18,SUP_028,20.6,low,67.6,44.1,100.66
2026-08-19,SUP_028,3.1,low,69.4,41.8,99.88
2026-08-20,SUP_028,18.6,low,64.5,33.1,99.27
2026-08-21,SUP_028,14.7,low,65.6,34.1,99.03
2026-08-22,SUP_028,7.9,low,57.9,31.9,99.49
2026-08-23,SUP_028,0.0,low,65.9,31.1,99.17
2026-08-24,SUP_028,0.0,low,58.7,33.6,98.84
2026-08-25,SUP_028,0.0,low,57.5,40.5,98.85
2026-08-26,SUP_028,0.0,low,51.9,35.2,98.87
2026-08-27,SUP_028,0.0,low,50.0,33.4,98.55
2026-08-28,SUP_028,6.4,low,51.9,29.6,99.36
2026-08-29,SUP_028,10.0,low,50.9,26.0,99.25
2026-08-30,SUP_028,35.6,low,58.0,24.3,99.3
2026-08-31,SUP_028,18.4,low,59.6,24.8,99.14
2026-09-01,SUP_028,22.8,low,57.8,29.4,99.32
2026-09-02,SUP_028,26.2,low,57.8,32.0,99.82
2026-09-03,SUP_028,17.6,low,64.2,26.9,100.51
2026-09-04,SUP_028,21.6,low,68.2,34.9,100.19
2026-09-05,SUP_028,30.8,low,61.9,39.9,100.65
2026-09-06,SUP_028,31.5,low,58.7,34.4,100.87
2026-09-07,SUP_028,44.0,medium,61.4,40.9,101.27
2026-09-08,SUP_028,20.3,low,63.2,41.8,101.23
2026-09-09,SUP_028,42.9,medium,58.0,39.9,101.16
2026-09-10,SUP_028,87.8,high,62.2,41.1,101.54
2026-09-11,SUP_028,95.6,high,57.9,40.0,101.93
2026-09-12,SUP_028,98.1,high,64.7,42.1,102.58
2026-09-13,SUP_028,100.0,high,66.8,42.1,102.66
2026-09-14,SUP_028,83.3,high,60.7,39.2,102.62
2026-09-15,SUP_028,91.2,high,58.4,27.9,101.6
2026-09-16,SUP_028,71.6,high,56.4,31.8,100.94
2026-09-17,SUP_028,34.6,low,58.0,30.3,100.78
2026-09-18,SUP_028,57.8,medium,57.6,35.1,100.33
2026-09-19,SUP_028,52.6,medium,52.8,37.6,100.66
2026-09-20,SUP_028,26.7,low,47.6,35.4,100.12
2026-09-21,SUP_028,31.0,low,52.4,40.7,99.92
2026-09-22,SUP_028,24.1,low,55.2,40.9,99.73
2026-09-23,SUP_028,36.4,low,56.7,40.9,100.22
2026-06-01,SUP_029,27.9,low,12.5,32.3,98.72
2026-06-02,SUP_029,15.6,low,15.5,34.8,98.21
2026-06-03,SUP_029,9.6,low,16.8,35.3,99.02
2026-06-04,SUP_029,23.3,low,21.3,37.9,99.2
2026-06-05,SUP_029,39.8,low,24.8,30.4,99.01
2026-06-06,SUP_029,30.4,low,23.6,34.4,99.21
2026-06-07,SUP_029,35.2,low,14.7,39.9,98.23
2026-06-08,SUP_029,34.4,low,14.1,40.8,98.37
2026-06-09,SUP_029,31.0,low,14.6,43.1,99.01
2026-06-10,SUP_029,46.6,medium,16.5,41.3,98.95
2026-06-11,SUP_029,37.0,low,13.2,45.1,98.07
2026-06-12,SUP_029,45.5,medium,19.3,43.9,97.86
2026-06-13,SUP_029,43.9,medium,19.2,36.5,98.5
2026-06-14,SUP_029,39.0,low,14.7,40.6,98.63
2026-06-15,SUP_029,48.2,medium,13.0,31.2,97.92
2026-06-16,SUP_029,45.1,medium,22.9,33.2,99.1
2026-06-17,SUP_029,39.2,low,25.3,31.5,98.48
2026-06-18,SUP_029,48.4,medium,29.2,29.6,98.35
2026-06-19,SUP_029,54.1,medium,22.6,31.3,97.83
2026-06-20,SUP_029,58.0,medium,18.6,28.2,97.32
2026-06-21,SUP_029,13.7,low,15.3,31.9,97.09
2026-06-22,SUP_029,20.6,low,16.6,32.7,97.41
2026-06-23,SUP_029,23.7,low,16.0,29.8,98.05
2026-06-24,SUP_029,23.7,low,13.9,37.6,97.86
2026-06-25,SUP_029,29.7,low,12.8,38.3,97.36
2026-06-26,SUP_029,30.9,low,9.8,41.1,97.59
2026-06-27,SUP_029,35.7,low,10.2,47.7,97.85
2026-06-28,SUP_029,30.6,low,16.7,53.1,97.97
2026-06-29,SUP_029,43.0,medium,9.7,53.5,98.11
2026-06-30,SUP_029,45.7,medium,12.6,49.1,98.05
2026-07-01,SUP_029,45.6,medium,19.9,39.5,98.1
2026-07-02,SUP_029,45.0,medium,18.8,39.9,98.01
2026-07-03,SUP_029,50.7,medium,16.1,44.9,98.55
2026-07-04,SUP_029,90.6,high,20.8,45.3,99.66
2026-07-05,SUP_029,82.4,high,15.7,25.6,99.75
2026-07-06,SUP_029,86.4,high,16.0,31.6,99.75
2026-07-07,SUP_029,81.9,high,11.3,37.0,99.88
2026-07-08,SUP_029,94.7,high,3.5,35.1,99.55
2026-07-09,SUP_029,96.6,high,4.9,40.3,99.93
2026-07-10,SUP_029,82.1,high,0.9,42.8,100.15
2026-07-11,SUP_029,61.8,medium,3.4,38.0,99.94
2026-07-12,SUP_029,33.1,low,10.9,44.3,100.39
2026-07-13,SUP_029,37.0,low,20.7,36.2,100.4
2026-07-14,SUP_029,27.5,low,20.8,35.7,99.92
2026-07-15,SUP_029,44.3,medium,25.2,34.8,100.09
2026-07-16,SUP_029,41.8,medium,26.0,30.5,100.21
2026-07-17,SUP_029,30.3,low,23.0,32.8,100.69
2026-07-18,SUP_029,26.5,low,13.1,40.0,101.11
2026-07-19,SUP_029,19.5,low,21.6,45.8,101.05
2026-07-20,SUP_029,18.1,low,16.0,48.0,100.82
2026-07-21,SUP_029,16.7,low,22.9,37.1,100.82
2026-07-22,SUP_029,11.9,low,24.7,29.8,101.0
2026-07-23,SUP_029,17.6,low,19.1,31.4,101.24
2026-07-24,SUP_029,23.1,low,20.4,31.8,101.39
2026-07-25,SUP_029,14.4,low,30.1,29.6,101.35
2026-07-26,SUP_029,1.7,low,35.6,40.5,101.85
2026-07-27,SUP_029,10.4,low,30.5,40.2,101.51
2026-07-28,SUP_029,19.0,low,25.3,42.3,102.75
2026-07-29,SUP_029,27.2,low,24.7,46.4,103.13
2026-07-30,SUP_029,31.8,low,22.9,45.0,102.57
2026-07-31,SUP_029,44.6,medium,27.8,57.1,102.66
2026-08-01,SUP_029,49.0,medium,29.9,48.9,103.05
2026-08-02,SUP_029,67.8,high,20.1,43.6,102.87
2026-08-03,SUP_029,85.8,high,21.9,37.3,102.12
2026-08-04,SUP_029,54.3,medium,20.5,45.2,101.6
2026-08-05,SUP_029,26.6,low,20.3,47.9,101.87
2026-08-06,SUP_029,26.2,low,21.1,43.1,101.0
2026-08-07,SUP_029,30.5,low,26.3,37.3,100.27
2026-08-08,SUP_029,28.5,low,29.7,44.3,100.54
2026-08-09,SUP_029,34.1,low,24.4,44.8,100.43
2026-08-10,SUP_029,29.3,low,23.2,50.8,100.08
2026-08-11,SUP_029,21.8,low,20.3,48.1,99.83
2026-08-12,SUP_029,17.6,low,12.0,48.8,99.09
2026-08-13,SUP_029,17.6,low,12.3,48.3,99.34
2026-08-14,SUP_029,27.3,low,21.9,43.0,98.93
2026-08-15,SUP_029,22.2,low,13.2,41.1,98.67
2026-08-16,SUP_029,20.2,low,13.8,33.9,98.84
2026-08-17,SUP_029,26.7,low,14.2,36.7,98.71
2026-08-18,SUP_029,62.0,medium,16.1,40.4,98.36
2026-08-19,SUP_029,72.4,high,11.8,44.8,97.36
2026-08-20,SUP_029,61.5,medium,6.0,46.9,97.55
2026-08-21,SUP_029,51.2,medium,1.3,44.4,97.59
2026-08-22,SUP_029,56.9,medium,10.1,51.2,97.33
2026-08-23,SUP_029,62.0,medium,6.6,53.5,96.81
2026-08-24,SUP_029,54.1,medium,6.0,58.0,96.81
2026-08-25,SUP_029,31.1,low,17.7,62.2,97.05
2026-08-26,SUP_029,47.4,medium,14.3,57.5,97.1
2026-08-27,SUP_029,36.0,low,16.5,56.1,97.92
2026-08-28,SUP_029,47.0,medium,21.8,57.0,98.28
2026-08-29,SUP_029,19.5,low,26.0,47.7,98.22
2026-08-30,SUP_029,30.8,low,18.5,39.8,98.59
2026-08-31,SUP_029,21.4,low,15.0,32.3,98.62
2026-09-01,SUP_029,31.4,low,16.9,32.1,98.64
2026-09-02,SUP_029,20.9,low,26.2,30.8,99.29
2026-09-03,SUP_029,21.3,low,21.4,23.9,98.84
2026-09-04,SUP_029,14.7,low,18.5,26.3,98.85
2026-09-05,SUP_029,15.3,low,20.4,27.1,99.45
2026-09-06,SUP_029,34.7,low,23.0,34.5,99.6
2026-09-07,SUP_029,31.2,low,25.5,45.2,99.42
2026-09-08,SUP_029,49.2,medium,20.4,46.1,98.56
2026-09-09,SUP_029,39.6,low,17.5,40.7,97.42
2026-09-10,SUP_029,49.8,medium,18.6,43.3,98.46
2026-09-11,SUP_029,28.5,low,24.5,42.1,98.62
2026-09-12,SUP_029,25.0,low,22.4,39.8,98.33
2026-09-13,SUP_029,20.0,low,21.6,34.5,98.5
2026-09-14,SUP_029,35.5,low,16.2,32.1,98.03
2026-09-15,SUP_029,34.6,low,25.3,31.6,97.86
2026-09-16,SUP_029,12.9,low,24.9,36.4,97.39
2026-09-17,SUP_029,3.8,low,29.0,38.9,96.68
2026-09-18,SUP_029,0.0,low,27.5,47.9,95.63
2026-09-19,SUP_029,14.7,low,26.5,49.5,94.83
2026-09-20,SUP_029,24.7,low,18.1,49.6,95.34
2026-09-21,SUP_029,22.0,low,7.9,45.8,94.85
2026-09-22,SUP_029,17.7,low,15.3,38.7,95.11
2026-09-23,SUP_029,26.1,low,16.1,35.1,95.59
2026-06-01,SUP_030,46.8,medium,55.1,19.1,99.86
2026-06-02,SUP_030,37.9,low,81.1,35.7,99.8
2026-06-03,SUP_030,32.2,low,81.9,33.6,100.97
2026-06-04,SUP_030,31.4,low,80.0,37.5,101.08
2026-06-05,SUP_030,27.0,low,86.1,41.7,101.22
2026-06-06,SUP_030,16.6,low,94.4,38.1,99.45
2026-06-07,SUP_030,28.7,low,99.5,41.9,98.49
2026-06-08,SUP_030,34.8,low,86.7,45.5,99.66
2026-06-09,SUP_030,23.7,low,84.0,40.2,97.44
2026-06-10,SUP_030,25.5,low,83.8,35.7,98.88
2026-06-11,SUP_030,27.4,low,85.8,35.8,99.42
2026-06-12,SUP_030,32.3,low,77.1,35.1,98.62
2026-06-13,SUP_030,24.2,low,69.6,42.4,97.73
2026-06-14,SUP_030,15.6,low,77.7,45.0,99.75
2026-06-15,SUP_030,26.5,low,75.8,43.1,101.26
2026-06-16,SUP_030,15.7,low,42.3,45.1,101.14
2026-06-17,SUP_030,51.8,medium,39.0,32.8,101.28
2026-06-18,SUP_030,53.9,medium,43.2,29.9,100.59
2026-06-19,SUP_030,57.4,medium,41.1,32.2,100.73
2026-06-20,SUP_030,63.4,medium,44.3,38.5,100.01
2026-06-21,SUP_030,80.4,high,41.3,39.0,99.93
2026-06-22,SUP_030,63.6,medium,35.1,46.1,101.86
2026-06-23,SUP_030,73.9,high,44.8,49.0,101.76
2026-06-24,SUP_030,17.9,low,48.2,44.3,100.64
2026-06-25,SUP_030,36.4,low,47.7,42.2,99.18
2026-06-26,SUP_030,18.4,low,46.3,43.3,99.32
2026-06-27,SUP_030,46.3,medium,54.5,39.7,98.5
2026-06-28,SUP_030,41.1,medium,57.4,47.0,98.77
2026-06-29,SUP_030,52.8,medium,62.5,39.4,97.03
2026-06-30,SUP_030,59.6,medium,58.6,40.4,97.77
2026-07-01,SUP_030,50.7,medium,58.3,43.5,96.64
2026-07-02,SUP_030,44.7,medium,59.7,40.5,96.69
2026-07-03,SUP_030,35.8,low,56.4,36.9,96.33
2026-07-04,SUP_030,44.1,medium,55.7,36.2,98.16
2026-07-05,SUP_030,39.2,low,52.9,40.3,98.35
2026-07-06,SUP_030,31.8,low,55.1,36.9,100.43
2026-07-07,SUP_030,38.8,low,48.8,31.0,101.03
2026-07-08,SUP_030,30.8,low,52.4,37.6,102.55
2026-07-09,SUP_030,30.1,low,54.3,39.3,102.33
2026-07-10,SUP_030,33.5,low,53.4,44.0,102.7
2026-07-11,SUP_030,29.2,low,55.8,46.6,104.0
2026-07-12,SUP_030,27.3,low,54.0,56.4,104.97
2026-07-13,SUP_030,44.7,medium,50.9,59.0,105.54
2026-07-14,SUP_030,41.7,medium,54.1,51.6,105.19
2026-07-15,SUP_030,37.9,low,57.0,51.6,105.02
2026-07-16,SUP_030,36.8,low,54.3,46.2,106.23
2026-07-17,SUP_030,41.8,medium,51.6,42.1,107.67
2026-07-18,SUP_030,31.8,low,51.3,33.6,107.04
2026-07-19,SUP_030,37.8,low,49.2,32.3,106.24
2026-07-20,SUP_030,40.7,medium,57.3,35.6,105.28
2026-07-21,SUP_030,24.0,low,58.5,35.1,106.16
2026-07-22,SUP_030,44.6,medium,58.0,29.3,105.17
2026-07-23,SUP_030,57.0,medium,53.1,22.2,106.04
2026-07-24,SUP_030,45.3,medium,56.9,35.2,106.63
2026-07-25,SUP_030,33.6,low,53.7,36.9,106.04
2026-07-26,SUP_030,37.3,low,50.8,32.3,107.72
2026-07-27,SUP_030,24.8,low,55.1,35.1,106.15
2026-07-28,SUP_030,41.2,medium,56.9,46.6,107.93
2026-07-29,SUP_030,36.6,low,44.8,48.2,108.27
2026-07-30,SUP_030,52.4,medium,45.6,31.5,106.05
2026-07-31,SUP_030,41.7,medium,47.6,46.0,107.75
2026-08-01,SUP_030,40.2,medium,47.1,34.6,108.79
2026-08-02,SUP_030,51.9,medium,49.0,33.6,108.34
2026-08-03,SUP_030,45.9,medium,41.3,27.8,107.3
2026-08-04,SUP_030,47.0,medium,30.0,25.0,105.63
2026-08-05,SUP_030,55.3,medium,29.1,28.0,108.21
2026-08-06,SUP_030,46.4,medium,34.3,18.1,107.22
2026-08-07,SUP_030,33.1,low,22.1,20.2,105.87
2026-08-08,SUP_030,21.3,low,23.1,28.5,106.16
2026-08-09,SUP_030,31.4,low,18.7,25.0,104.41
2026-08-10,SUP_030,37.1,low,23.0,19.2,103.36
2026-08-11,SUP_030,47.7,medium,37.1,20.8,104.42
2026-08-12,SUP_030,43.2,medium,38.8,21.2,104.92
2026-08-13,SUP_030,29.2,low,40.7,20.1,104.5
2026-08-14,SUP_030,10.1,low,46.8,16.1,104.52
2026-08-15,SUP_030,44.1,medium,48.1,21.6,104.05
2026-08-16,SUP_030,48.0,medium,48.2,26.8,103.98
2026-08-17,SUP_030,47.2,medium,53.6,22.4,103.17
2026-08-18,SUP_030,48.0,medium,56.0,19.4,102.55
2026-08-19,SUP_030,32.8,low,57.2,22.5,101.89
2026-08-20,SUP_030,27.2,low,56.2,19.3,101.12
2026-08-21,SUP_030,46.5,medium,54.4,22.6,102.23
2026-08-22,SUP_030,51.0,medium,58.9,32.2,103.06
2026-08-23,SUP_030,41.2,medium,56.7,32.3,102.06
2026-08-24,SUP_030,29.5,low,62.3,26.3,100.78
2026-08-25,SUP_030,27.4,low,56.2,29.7,100.62
2026-08-26,SUP_030,27.6,low,62.8,29.5,102.92
2026-08-27,SUP_030,49.7,medium,63.9,29.6,101.82
2026-08-28,SUP_030,45.5,medium,58.0,32.9,101.65
2026-08-29,SUP_030,33.1,low,59.9,36.8,101.74
2026-08-30,SUP_030,34.3,low,56.1,36.7,101.63
2026-08-31,SUP_030,38.2,low,56.1,36.2,101.14
2026-09-01,SUP_030,26.8,low,53.6,46.9,102.37
2026-09-02,SUP_030,33.8,low,53.2,51.4,102.86
2026-09-03,SUP_030,46.5,medium,57.9,53.3,103.76
2026-09-04,SUP_030,46.2,medium,60.0,51.3,104.39
2026-09-05,SUP_030,37.3,low,53.9,43.5,105.35
2026-09-06,SUP_030,33.1,low,49.0,48.2,107.04
2026-09-07,SUP_030,19.4,low,51.2,47.0,108.47
2026-09-08,SUP_030,23.3,low,53.4,42.1,110.96
2026-09-09,SUP_030,30.4,low,50.4,39.8,112.26
2026-09-10,SUP_030,24.5,low,58.6,34.0,111.54
2026-09-11,SUP_030,46.3,medium,62.0,39.7,112.45
2026-09-12,SUP_030,52.1,medium,57.9,42.6,113.21
2026-09-13,SUP_030,32.5,low,54.1,42.4,115.26
2026-09-14,SUP_030,17.9,low,53.1,41.1,114.23
2026-09-15,SUP_030,14.3,low,51.8,36.6,114.82
2026-09-16,SUP_030,35.3,low,58.3,25.1,114.09
2026-09-17,SUP_030,44.7,medium,62.5,19.2,114.64
2026-09-18,SUP_030,58.6,medium,61.5,17.6,114.41
2026-09-19,SUP_030,54.0,medium,63.7,15.5,114.93
2026-09-20,SUP_030,48.6,medium,66.3,20.0,113.42
2026-09-21,SUP_030,34.9,low,64.9,26.5,114.27
2026-09-22,SUP_030,39.4,low,65.3,27.1,114.49
2026-09-23,SUP_030,37.7,low,66.6,35.7,114.65
2026-06-01,SUP_031,69.1,high,57.6,28.3,99.47
2026-06-02,SUP_031,62.8,medium,53.1,25.4,99.48
2026-06-03,SUP_031,41.5,medium,52.8,32.0,99.96
2026-06-04,SUP_031,44.7,medium,51.3,37.5,99.36
2026-06-05,SUP_031,55.2,medium,50.6,48.8,99.94
2026-06-06,SUP_031,53.3,medium,59.5,42.7,99.9
2026-06-07,SUP_031,42.2,medium,56.9,50.0,99.41
2026-06-08,SUP_031,32.9,low,51.7,56.1,99.16
2026-06-09,SUP_031,26.7,low,58.8,51.7,100.08
2026-06-10,SUP_031,44.6,medium,54.5,51.7,99.35
2026-06-11,SUP_031,43.3,medium,44.7,55.7,98.97
2026-06-12,SUP_031,27.4,low,40.5,52.3,99.47
2026-06-13,SUP_031,34.6,low,34.5,49.0,99.58
2026-06-14,SUP_031,37.8,low,26.8,43.6,99.17
2026-06-15,SUP_031,34.7,low,27.1,29.9,99.67
2026-06-16,SUP_031,27.1,low,28.7,31.0,100.2
2026-06-17,SUP_031,20.9,low,36.0,27.9,100.38
2026-06-18,SUP_031,36.3,low,39.6,23.3,100.06
2026-06-19,SUP_031,40.0,low,42.4,27.3,99.82
2026-06-20,SUP_031,44.9,medium,37.8,20.8,99.96
2026-06-21,SUP_031,46.5,medium,42.3,27.2,99.28
2026-06-22,SUP_031,48.4,medium,48.6,30.9,99.97
2026-06-23,SUP_031,42.4,medium,49.2,29.4,100.86
2026-06-24,SUP_031,40.4,medium,49.8,29.9,100.74
2026-06-25,SUP_031,51.6,medium,42.3,24.4,100.93
2026-06-26,SUP_031,62.3,medium,47.0,29.9,101.55
2026-06-27,SUP_031,45.9,medium,54.4,31.7,102.57
2026-06-28,SUP_031,43.0,medium,53.7,33.6,103.39
2026-06-29,SUP_031,50.5,medium,48.9,36.4,102.48
2026-06-30,SUP_031,65.8,high,46.8,32.8,102.31
2026-07-01,SUP_031,76.4,high,43.8,25.1,102.57
2026-07-02,SUP_031,60.4,medium,41.5,31.7,102.32
2026-07-03,SUP_031,67.6,high,44.3,35.8,103.25
2026-07-04,SUP_031,61.8,medium,45.0,32.9,104.1
2026-07-05,SUP_031,66.5,high,49.0,35.3,103.67
2026-07-06,SUP_031,67.7,high,49.4,41.9,103.59
2026-07-07,SUP_031,49.5,medium,43.9,46.9,103.2
2026-07-08,SUP_031,52.8,medium,41.0,42.1,103.1
2026-07-09,SUP_031,86.0,high,38.1,33.2,102.98
2026-07-10,SUP_031,81.4,high,37.5,26.5,103.48
2026-07-11,SUP_031,75.9,high,46.4,26.2,103.01
2026-07-12,SUP_031,59.6,medium,54.7,35.2,101.64
2026-07-13,SUP_031,68.1,high,56.5,31.3,100.8
2026-07-14,SUP_031,70.2,high,54.6,28.7,100.26
2026-07-15,SUP_031,61.3,medium,45.9,26.4,99.92
2026-07-16,SUP_031,33.5,low,46.1,24.9,100.02
2026-07-17,SUP_031,37.0,low,41.4,26.4,99.45
2026-07-18,SUP_031,33.1,low,48.9,20.9,98.82
2026-07-19,SUP_031,35.4,low,40.0,28.7,98.33
2026-07-20,SUP_031,20.8,low,41.8,28.9,97.75
2026-07-21,SUP_031,38.6,low,37.4,42.9,97.46
2026-07-22,SUP_031,39.6,low,37.7,35.5,97.14
2026-07-23,SUP_031,30.0,low,41.2,43.8,97.51
2026-07-24,SUP_031,10.2,low,45.9,49.8,96.99
2026-07-25,SUP_031,27.7,low,44.7,45.4,96.8
2026-07-26,SUP_031,36.4,low,47.6,41.8,96.51
2026-07-27,SUP_031,39.8,low,43.3,35.9,96.94
2026-07-28,SUP_031,48.3,medium,44.0,31.0,96.86
2026-07-29,SUP_031,54.7,medium,48.2,31.6,97.41
2026-07-30,SUP_031,53.3,medium,48.5,32.2,96.8
2026-07-31,SUP_031,48.2,medium,44.7,24.2,96.78
2026-08-01,SUP_031,42.8,medium,42.7,37.9,96.48
2026-08-02,SUP_031,46.5,medium,47.1,36.1,95.83
2026-08-03,SUP_031,58.3,medium,40.9,36.3,95.8
2026-08-04,SUP_031,53.3,medium,36.3,32.8,96.71
2026-08-05,SUP_031,64.1,medium,39.7,31.7,96.26
2026-08-06,SUP_031,62.0,medium,37.6,30.3,96.19
2026-08-07,SUP_031,60.6,medium,31.1,31.0,95.51
2026-08-08,SUP_031,78.2,high,38.8,31.5,94.74
2026-08-09,SUP_031,84.4,high,33.8,36.3,94.33
2026-08-10,SUP_031,89.4,high,33.8,37.3,94.09
2026-08-11,SUP_031,70.1,high,31.8,40.7,93.88
2026-08-12,SUP_031,83.4,high,31.6,39.8,93.76
2026-08-13,SUP_031,72.3,high,28.7,40.3,92.9
2026-08-14,SUP_031,62.6,medium,33.8,38.2,92.57
2026-08-15,SUP_031,37.5,low,35.2,43.0,92.84
2026-08-16,SUP_031,41.6,medium,40.6,43.5,92.12
2026-08-17,SUP_031,31.7,low,37.6,41.4,91.94
2026-08-18,SUP_031,38.0,low,48.1,39.4,92.09
2026-08-19,SUP_031,28.3,low,37.8,38.2,91.68
2026-08-20,SUP_031,48.4,medium,30.7,37.9,91.86
2026-08-21,SUP_031,51.9,medium,40.4,37.2,91.06
2026-08-22,SUP_031,70.5,high,42.6,33.9,91.53
2026-08-23,SUP_031,53.9,medium,43.8,38.1,91.72
2026-08-24,SUP_031,65.3,high,45.3,42.0,91.75
2026-08-25,SUP_031,42.8,medium,47.2,50.3,92.34
2026-08-26,SUP_031,44.5,medium,47.5,44.9,92.17
2026-08-27,SUP_031,38.0,low,41.8,46.9,91.84
2026-08-28,SUP_031,34.9,low,45.4,35.0,92.56
2026-08-29,SUP_031,31.9,low,47.7,39.4,93.53
2026-08-30,SUP_031,25.9,low,53.4,31.1,93.16
2026-08-31,SUP_031,18.3,low,59.7,26.5,93.1
2026-09-01,SUP_031,20.1,low,58.3,29.5,93.65
2026-09-02,SUP_031,26.7,low,49.8,27.1,93.61
2026-09-03,SUP_031,41.3,medium,56.7,24.3,93.92
2026-09-04,SUP_031,44.2,medium,49.4,23.3,94.33
2026-09-05,SUP_031,54.4,medium,49.6,28.9,94.04
2026-09-06,SUP_031,37.6,low,46.9,24.9,94.25
2026-09-07,SUP_031,34.7,low,43.8,26.1,94.25
2026-09-08,SUP_031,43.1,medium,46.9,25.5,93.61
2026-09-09,SUP_031,46.0,medium,47.0,31.2,93.1
2026-09-10,SUP_031,37.0,low,48.4,36.3,92.75
2026-09-11,SUP_031,46.9,medium,43.3,26.4,93.24
2026-09-12,SUP_031,40.8,medium,41.9,33.2,93.74
2026-09-13,SUP_031,33.9,low,38.0,30.2,94.14
2026-09-14,SUP_031,40.4,medium,37.4,32.2,94.37
2026-09-15,SUP_031,40.9,medium,37.2,27.7,94.58
2026-09-16,SUP_031,36.3,low,46.4,30.7,94.73
2026-09-17,SUP_031,32.6,low,44.2,44.8,94.94
2026-09-18,SUP_031,25.0,low,33.5,44.0,95.19
2026-09-19,SUP_031,25.6,low,41.1,40.2,94.46
2026-09-20,SUP_031,39.9,low,43.0,38.2,94.04
2026-09-21,SUP_031,42.7,medium,42.0,30.0,93.5
2026-09-22,SUP_031,51.4,medium,39.6,38.4,94.08
2026-09-23,SUP_031,53.8,medium,35.2,39.5,94.95
2026-06-01,SUP_032,40.8,medium,0.0,40.6,99.86
2026-06-02,SUP_032,35.2,low,2.8,44.5,101.08
2026-06-03,SUP_032,41.2,medium,4.6,50.7,100.27
2026-06-04,SUP_032,49.5,medium,10.5,44.5,100.93
2026-06-05,SUP_032,56.1,medium,13.1,44.2,100.23
2026-06-06,SUP_032,40.5,medium,19.8,44.2,100.83
2026-06-07,SUP_032,51.9,medium,19.6,43.2,100.43
2026-06-08,SUP_032,61.3,medium,12.0,42.6,100.17
2026-06-09,SUP_032,69.1,high,11.5,41.7,101.03
2026-06-10,SUP_032,59.1,medium,14.0,41.8,101.81
2026-06-11,SUP_032,46.1,medium,12.7,44.7,101.64
2026-06-12,SUP_032,34.2,low,15.7,49.6,101.15
2026-06-13,SUP_032,24.2,low,14.8,43.5,102.81
2026-06-14,SUP_032,27.0,low,11.6,41.3,103.43
2026-06-15,SUP_032,36.9,low,6.5,38.1,103.02
2026-06-16,SUP_032,48.5,medium,5.5,34.7,102.34
2026-06-17,SUP_032,40.6,medium,7.4,26.2,103.41
2026-06-18,SUP_032,38.9,low,0.0,27.7,103.53
2026-06-19,SUP_032,36.9,low,0.0,31.3,103.36
2026-06-20,SUP_032,30.6,low,0.0,31.0,103.48
2026-06-21,SUP_032,38.5,low,0.0,31.6,103.83
2026-06-22,SUP_032,41.0,medium,0.0,34.3,103.77
2026-06-23,SUP_032,40.8,medium,0.0,41.8,105.03
2026-06-24,SUP_032,42.7,medium,1.3,38.6,106.34
2026-06-25,SUP_032,46.4,medium,16.4,31.9,106.9
2026-06-26,SUP_032,49.2,medium,22.6,31.9,108.33
2026-06-27,SUP_032,37.9,low,21.7,42.3,108.34
2026-06-28,SUP_032,45.5,medium,24.3,35.1,109.06
2026-06-29,SUP_032,45.2,medium,16.0,38.5,110.11
2026-06-30,SUP_032,38.6,low,7.9,44.1,111.18
2026-07-01,SUP_032,39.9,low,8.7,30.2,112.13
2026-07-02,SUP_032,41.9,medium,11.0,33.1,112.79
2026-07-03,SUP_032,50.2,medium,16.4,36.6,114.83
2026-07-04,SUP_032,36.7,low,13.0,34.9,114.27
2026-07-05,SUP_032,48.5,medium,13.8,31.5,114.11
2026-07-06,SUP_032,45.4,medium,14.3,28.9,113.88
2026-07-07,SUP_032,38.1,low,13.3,28.1,113.5
2026-07-08,SUP_032,32.3,low,12.8,27.6,111.42
2026-07-09,SUP_032,23.7,low,8.6,26.1,112.86
2026-07-10,SUP_032,10.4,low,10.4,25.6,111.79
2026-07-11,SUP_032,22.8,low,11.6,33.3,111.97
2026-07-12,SUP_032,44.2,medium,9.6,27.2,110.48
2026-07-13,SUP_032,26.9,low,13.1,19.1,111.13
2026-07-14,SUP_032,49.7,medium,17.8,27.9,110.31
2026-07-15,SUP_032,60.4,medium,20.1,27.9,109.12
2026-07-16,SUP_032,61.0,medium,14.0,26.9,109.33
2026-07-17,SUP_032,69.6,high,14.2,27.6,108.6
2026-07-18,SUP_032,67.4,high,9.5,29.8,108.0
2026-07-19,SUP_032,61.3,medium,10.3,27.8,108.18
2026-07-20,SUP_032,60.0,medium,6.3,31.5,109.01
2026-07-21,SUP_032,9.6,low,13.2,27.0,108.16
2026-07-22,SUP_032,5.3,low,16.7,26.6,107.12
2026-07-23,SUP_032,21.5,low,21.5,16.2,107.15
2026-07-24,SUP_032,35.9,low,25.1,25.2,107.71
2026-07-25,SUP_032,48.7,medium,21.8,25.7,109.24
2026-07-26,SUP_032,49.4,medium,18.3,30.7,108.12
2026-07-27,SUP_032,24.9,low,25.6,33.8,107.79
2026-07-28,SUP_032,21.5,low,22.8,36.9,109.01
2026-07-29,SUP_032,37.2,low,14.8,36.6,111.07
2026-07-30,SUP_032,51.7,medium,19.1,38.4,110.04
2026-07-31,SUP_032,60.1,medium,18.7,32.8,109.26
2026-08-01,SUP_032,51.6,medium,24.9,27.0,109.66
2026-08-02,SUP_032,35.4,low,24.1,27.6,109.06
2026-08-03,SUP_032,34.9,low,22.2,25.2,108.27
2026-08-04,SUP_032,35.1,low,27.9,34.1,108.52
2026-08-05,SUP_032,49.6,medium,18.2,36.3,110.14
2026-08-06,SUP_032,48.0,medium,14.5,32.3,108.77
2026-08-07,SUP_032,44.9,medium,9.9,31.3,110.34
2026-08-08,SUP_032,43.1,medium,0.0,32.5,109.74
2026-08-09,SUP_032,44.8,medium,5.8,32.5,110.1
2026-08-10,SUP_032,48.1,medium,4.1,34.3,111.76
2026-08-11,SUP_032,38.2,low,9.6,34.8,112.1
2026-08-12,SUP_032,27.6,low,11.8,27.5,111.79
2026-08-13,SUP_032,42.1,medium,14.7,17.3,112.54
2026-08-14,SUP_032,25.1,low,12.1,18.0,112.36
2026-08-15,SUP_032,42.8,medium,8.5,23.5,112.9
2026-08-16,SUP_032,23.1,low,9.4,23.3,112.69
2026-08-17,SUP_032,20.7,low,14.2,31.6,113.59
2026-08-18,SUP_032,33.3,low,13.6,31.8,112.13
2026-08-19,SUP_032,33.7,low,10.0,39.5,111.07
2026-08-20,SUP_032,21.8,low,4.7,44.9,109.6
2026-08-21,SUP_032,29.1,low,6.7,48.9,109.54
2026-08-22,SUP_032,31.2,low,4.9,40.5,107.95
2026-08-23,SUP_032,30.1,low,5.6,39.8,107.22
2026-08-24,SUP_032,25.6,low,5.4,45.5,106.07
2026-08-25,SUP_032,27.6,low,4.3,45.3,107.61
2026-08-26,SUP_032,24.1,low,6.9,46.7,106.58
2026-08-27,SUP_032,49.3,medium,10.3,37.6,105.24
2026-08-28,SUP_032,43.5,medium,19.8,47.4,105.49
2026-08-29,SUP_032,37.9,low,22.3,41.3,107.26
2026-08-30,SUP_032,32.2,low,28.3,29.9,107.13
2026-08-31,SUP_032,49.3,medium,22.0,28.8,107.09
2026-09-01,SUP_032,30.6,low,12.9,16.8,108.44
2026-09-02,SUP_032,35.0,low,12.7,13.8,109.36
2026-09-03,SUP_032,32.8,low,16.6,30.5,109.8
2026-09-04,SUP_032,20.2,low,19.3,29.2,109.19
2026-09-05,SUP_032,16.3,low,23.9,22.5,109.67
2026-09-06,SUP_032,23.9,low,10.1,24.5,108.25
2026-09-07,SUP_032,18.7,low,16.3,21.4,107.6
2026-09-08,SUP_032,25.2,low,17.3,28.0,109.09
2026-09-09,SUP_032,43.6,medium,9.2,24.3,110.45
2026-09-10,SUP_032,43.1,medium,13.0,27.4,110.91
2026-09-11,SUP_032,27.6,low,13.7,22.5,108.89
2026-09-12,SUP_032,21.6,low,15.2,38.0,107.63
2026-09-13,SUP_032,22.3,low,19.5,40.2,106.92
2026-09-14,SUP_032,22.2,low,20.4,38.7,106.74
2026-09-15,SUP_032,26.8,low,12.2,36.6,105.44
2026-09-16,SUP_032,31.8,low,11.5,33.4,105.18
2026-09-17,SUP_032,48.6,medium,3.9,29.7,107.03
2026-09-18,SUP_032,45.2,medium,8.2,26.3,107.45
2026-09-19,SUP_032,32.0,low,15.4,36.5,107.67
2026-09-20,SUP_032,43.4,medium,9.0,33.3,106.61
2026-09-21,SUP_032,53.0,medium,6.2,22.4,104.9
2026-09-22,SUP_032,50.6,medium,2.9,18.1,103.62
2026-09-23,SUP_032,44.5,medium,2.1,25.5,101.87
2026-06-01,SUP_033,45.8,medium,38.7,77.9,100.5
2026-06-02,SUP_033,38.9,low,40.4,74.7,100.4
2026-06-03,SUP_033,43.7,medium,35.5,74.2,100.63
2026-06-04,SUP_033,58.1,medium,36.5,75.6,99.2
2026-06-05,SUP_033,63.1,medium,43.7,79.2,98.41
2026-06-06,SUP_033,67.6,high,52.1,77.2,99.17
2026-06-07,SUP_033,65.0,medium,53.7,78.8,100.09
2026-06-08,SUP_033,61.1,medium,50.5,77.6,100.19
2026-06-09,SUP_033,68.7,high,52.1,77.0,101.8
2026-06-10,SUP_033,61.8,medium,56.4,68.9,102.35
2026-06-11,SUP_033,69.6,high,44.1,65.0,102.09
2026-06-12,SUP_033,79.1,high,50.2,60.8,100.77
2026-06-13,SUP_033,67.0,high,45.8,53.7,102.33
2026-06-14,SUP_033,59.4,medium,42.1,45.2,103.17
2026-06-15,SUP_033,55.0,medium,39.8,44.4,105.12
2026-06-16,SUP_033,43.1,medium,41.1,44.6,107.47
2026-06-17,SUP_033,43.5,medium,35.3,46.7,106.08
2026-06-18,SUP_033,60.2,medium,34.4,50.9,104.68
2026-06-19,SUP_033,51.0,medium,37.4,52.5,101.57
2026-06-20,SUP_033,66.0,high,38.5,51.5,102.57
2026-06-21,SUP_033,61.0,medium,40.3,47.2,103.28
2026-06-22,SUP_033,80.8,high,38.4,53.0,103.39
2026-06-23,SUP_033,69.8,high,41.6,52.8,102.06
2026-06-24,SUP_033,66.5,high,46.1,50.8,101.96
2026-06-25,SUP_033,57.0,medium,49.6,50.5,102.16
2026-06-26,SUP_033,51.8,medium,49.9,47.3,103.01
2026-06-27,SUP_033,66.8,high,52.6,45.6,103.31
2026-06-28,SUP_033,70.0,high,54.5,44.1,104.03
2026-06-29,SUP_033,77.5,high,64.7,44.2,103.89
2026-06-30,SUP_033,61.5,medium,66.5,49.3,105.18
2026-07-01,SUP_033,67.7,high,61.8,52.3,105.86
2026-07-02,SUP_033,57.2,medium,53.9,60.8,104.57
2026-07-03,SUP_033,46.0,medium,50.3,66.3,106.08
2026-07-04,SUP_033,52.2,medium,46.9,75.0,107.41
2026-07-05,SUP_033,56.8,medium,48.0,74.9,107.92
2026-07-06,SUP_033,58.6,medium,43.1,74.8,108.22
2026-07-07,SUP_033,66.1,high,48.0,69.2,110.02
2026-07-08,SUP_033,73.2,high,39.9,71.5,108.25
2026-07-09,SUP_033,84.0,high,31.9,65.5,109.6
2026-07-10,SUP_033,67.5,high,32.2,56.2,109.08
2026-07-11,SUP_033,80.0,high,29.1,64.1,110.27
2026-07-12,SUP_033,92.9,high,24.4,56.1,110.4
2026-07-13,SUP_033,81.8,high,23.4,58.3,109.05
2026-07-14,SUP_033,100.0,high,22.0,53.1,108.51
2026-07-15,SUP_033,88.3,high,24.5,59.4,109.62
2026-07-16,SUP_033,87.4,high,23.6,65.4,109.39
2026-07-17,SUP_033,100.0,high,23.2,66.6,108.72
2026-07-18,SUP_033,100.0,high,25.4,71.4,108.04
2026-07-19,SUP_033,100.0,high,32.1,69.0,108.73
2026-07-20,SUP_033,94.4,high,39.9,78.7,110.63
2026-07-21,SUP_033,44.4,medium,40.3,79.0,108.31
2026-07-22,SUP_033,56.9,medium,41.1,70.7,111.35
2026-07-23,SUP_033,57.3,medium,39.7,68.7,111.57
2026-07-24,SUP_033,77.9,high,41.8,65.8,112.2
2026-07-25,SUP_033,79.8,high,43.0,62.9,111.73
2026-07-26,SUP_033,83.0,high,48.6,53.0,111.72
2026-07-27,SUP_033,75.5,high,38.0,55.3,111.93
2026-07-28,SUP_033,62.0,medium,36.9,48.0,110.79
2026-07-29,SUP_033,53.9,medium,38.7,35.7,109.92
2026-07-30,SUP_033,43.3,medium,38.5,36.8,111.2
2026-07-31,SUP_033,56.4,medium,33.9,35.6,109.52
2026-08-01,SUP_033,54.2,medium,28.4,33.9,110.0
2026-08-02,SUP_033,65.0,medium,33.7,20.7,109.6
2026-08-03,SUP_033,65.5,high,30.7,21.4,108.55
2026-08-04,SUP_033,61.9,medium,23.5,25.5,110.69
2026-08-05,SUP_033,51.1,medium,29.7,26.6,109.66
2026-08-06,SUP_033,56.6,medium,33.1,32.9,108.43
2026-08-07,SUP_033,55.9,medium,33.3,43.6,108.23
2026-08-08,SUP_033,65.8,high,29.7,48.0,107.39
2026-08-09,SUP_033,58.2,medium,50.9,54.5,107.4
2026-08-10,SUP_033,64.9,medium,57.8,60.4,107.57
2026-08-11,SUP_033,79.4,high,50.2,54.2,107.82
2026-08-12,SUP_033,77.5,high,44.1,56.6,107.69
2026-08-13,SUP_033,80.9,high,43.3,61.6,106.93
2026-08-14,SUP_033,81.5,high,45.4,58.3,107.63
2026-08-15,SUP_033,94.2,high,45.0,53.7,107.5
2026-08-16,SUP_033,89.6,high,50.1,56.7,106.97
2026-08-17,SUP_033,89.2,high,56.5,48.6,108.57
2026-08-18,SUP_033,82.0,high,58.1,43.8,108.44
2026-08-19,SUP_033,69.9,high,60.8,42.0,109.63
2026-08-20,SUP_033,56.7,medium,61.8,46.3,110.96
2026-08-21,SUP_033,69.8,high,61.3,48.8,112.36
2026-08-22,SUP_033,58.5,medium,54.8,55.2,113.11
2026-08-23,SUP_033,66.3,high,30.0,50.3,113.11
2026-08-24,SUP_033,69.1,high,24.8,45.8,113.04
2026-08-25,SUP_033,75.8,high,26.0,50.0,112.77
2026-08-26,SUP_033,67.6,high,28.9,46.5,110.42
2026-08-27,SUP_033,58.9,medium,23.4,44.6,111.2
2026-08-28,SUP_033,63.1,medium,26.0,36.4,111.46
2026-08-29,SUP_033,60.2,medium,23.6,40.7,112.36
2026-08-30,SUP_033,49.2,medium,20.7,51.0,112.23
2026-08-31,SUP_033,70.4,high,20.3,46.2,112.96
2026-09-01,SUP_033,60.9,medium,17.7,52.9,111.46
2026-09-02,SUP_033,52.0,medium,23.6,52.9,110.19
2026-09-03,SUP_033,52.3,medium,25.0,43.9,107.5
2026-09-04,SUP_033,98.4,high,30.8,40.8,107.36
2026-09-05,SUP_033,77.3,high,29.8,37.9,106.52
2026-09-06,SUP_033,92.3,high,29.1,38.8,105.54
2026-09-07,SUP_033,84.3,high,39.3,43.5,105.9
2026-09-08,SUP_033,89.2,high,31.4,54.9,105.44
2026-09-09,SUP_033,84.2,high,38.5,47.4,103.88
2026-09-10,SUP_033,100.0,high,46.3,46.0,106.65
2026-09-11,SUP_033,71.4,high,48.6,42.6,106.61
2026-09-12,SUP_033,62.5,medium,45.5,37.8,105.43
2026-09-13,SUP_033,59.6,medium,51.1,40.9,104.7
2026-09-14,SUP_033,61.0,medium,47.6,43.0,104.51
2026-09-15,SUP_033,62.9,medium,42.8,35.3,104.32
2026-09-16,SUP_033,66.7,high,40.3,38.3,105.74
2026-09-17,SUP_033,65.5,high,37.2,34.5,105.65
2026-09-18,SUP_033,51.9,medium,32.9,37.6,107.67
2026-09-19,SUP_033,51.3,medium,38.9,46.9,107.2
2026-09-20,SUP_033,59.6,medium,35.1,50.6,107.66
2026-09-21,SUP_033,54.0,medium,35.4,52.2,108.77
2026-09-22,SUP_033,62.2,medium,28.9,49.8,110.07
2026-09-23,SUP_033,62.5,medium,30.4,50.9,111.49
2026-06-01,SUP_034,48.0,medium,45.6,37.8,99.56
2026-06-02,SUP_034,35.7,low,45.9,39.7,98.73
2026-06-03,SUP_034,49.2,medium,34.5,40.6,98.36
2026-06-04,SUP_034,53.8,medium,35.6,50.3,99.1
2026-06-05,SUP_034,56.2,medium,42.6,50.2,99.07
2026-06-06,SUP_034,50.2,medium,47.7,54.1,99.97
2026-06-07,SUP_034,52.9,medium,47.3,45.0,98.59
2026-06-08,SUP_034,58.9,medium,55.5,44.6,98.32
2026-06-09,SUP_034,86.1,high,52.5,41.7,96.55
2026-06-10,SUP_034,90.6,high,48.4,56.8,96.16
2026-06-11,SUP_034,82.6,high,46.2,53.0,95.2
2026-06-12,SUP_034,84.8,high,41.1,53.7,96.37
2026-06-13,SUP_034,96.1,high,45.1,54.5,96.75
2026-06-14,SUP_034,100.0,high,46.9,46.2,97.67
2026-06-15,SUP_034,100.0,high,50.0,44.8,97.28
2026-06-16,SUP_034,79.8,high,47.7,48.4,96.35
2026-06-17,SUP_034,74.6,high,47.5,49.9,95.39
2026-06-18,SUP_034,66.3,high,37.2,38.5,95.63
2026-06-19,SUP_034,47.5,medium,40.6,38.0,97.28
2026-06-20,SUP_034,37.7,low,42.2,45.9,97.66
2026-06-21,SUP_034,41.2,medium,37.8,50.4,97.32
2026-06-22,SUP_034,44.4,medium,38.9,57.5,97.15
2026-06-23,SUP_034,60.9,medium,39.0,51.9,97.12
2026-06-24,SUP_034,72.3,high,48.7,59.1,98.97
2026-06-25,SUP_034,62.4,medium,43.6,58.3,100.09
2026-06-26,SUP_034,68.9,high,45.8,66.2,100.33
2026-06-27,SUP_034,61.7,medium,41.0,64.5,100.43
2026-06-28,SUP_034,67.1,high,39.4,52.3,100.7
2026-06-29,SUP_034,72.3,high,42.0,57.2,101.15
2026-06-30,SUP_034,80.2,high,41.9,54.5,100.78
2026-07-01,SUP_034,70.1,high,42.8,52.6,100.01
2026-07-02,SUP_034,76.5,high,45.1,45.3,100.95
2026-07-03,SUP_034,54.5,medium,43.2,55.3,100.97
2026-07-04,SUP_034,67.4,high,48.1,52.5,101.83
2026-07-05,SUP_034,64.8,medium,46.7,61.2,103.33
2026-07-06,SUP_034,63.1,medium,46.4,58.0,103.81
2026-07-07,SUP_034,42.9,medium,48.4,52.7,104.14
2026-07-08,SUP_034,43.1,medium,49.4,60.0,107.05
2026-07-09,SUP_034,59.4,medium,52.2,58.8,107.24
2026-07-10,SUP_034,55.1,medium,53.1,57.9,106.25
2026-07-11,SUP_034,62.4,medium,54.6,50.7,105.99
2026-07-12,SUP_034,61.6,medium,52.0,49.0,107.41
2026-07-13,SUP_034,70.6,high,46.4,52.1,106.23
2026-07-14,SUP_034,69.2,high,39.8,45.7,105.54
2026-07-15,SUP_034,57.8,medium,33.1,44.3,106.55
2026-07-16,SUP_034,58.4,medium,43.7,43.7,106.3
2026-07-17,SUP_034,73.1,high,33.9,45.7,106.2
2026-07-18,SUP_034,73.9,high,41.7,54.9,107.18
2026-07-19,SUP_034,68.9,high,38.7,53.3,106.53
2026-07-20,SUP_034,87.0,high,45.7,49.9,105.19
2026-07-21,SUP_034,90.5,high,35.6,65.2,103.92
2026-07-22,SUP_034,89.9,high,36.4,61.4,104.45
2026-07-23,SUP_034,84.9,high,45.0,59.4,104.69
2026-07-24,SUP_034,84.9,high,48.8,56.9,104.06
2026-07-25,SUP_034,85.3,high,47.1,55.1,103.0
2026-07-26,SUP_034,58.2,medium,38.0,55.5,102.75
2026-07-27,SUP_034,61.8,medium,33.3,60.3,103.77
2026-07-28,SUP_034,59.4,medium,42.1,61.6,103.01
2026-07-29,SUP_034,54.4,medium,41.3,66.3,102.4
2026-07-30,SUP_034,53.5,medium,42.0,70.1,101.32
2026-07-31,SUP_034,40.2,medium,44.2,68.9,100.98
2026-08-01,SUP_034,28.0,low,38.6,68.8,101.29
2026-08-02,SUP_034,47.0,medium,41.9,72.6,103.22
2026-08-03,SUP_034,54.0,medium,40.9,64.1,103.42
2026-08-04,SUP_034,32.7,low,43.3,75.9,103.37
2026-08-05,SUP_034,33.7,low,41.3,70.1,104.16
2026-08-06,SUP_034,47.9,medium,34.8,66.0,104.79
2026-08-07,SUP_034,47.8,medium,34.8,57.9,104.26
2026-08-08,SUP_034,61.9,medium,39.8,51.3,106.36
2026-08-09,SUP_034,70.7,high,42.9,57.0,106.34
2026-08-10,SUP_034,54.9,medium,43.8,68.6,106.56
2026-08-11,SUP_034,54.4,medium,48.7,63.6,107.06
2026-08-12,SUP_034,51.1,medium,47.6,64.1,107.38
2026-08-13,SUP_034,40.0,low,48.0,63.9,108.77
2026-08-14,SUP_034,31.0,low,45.7,67.9,108.23
2026-08-15,SUP_034,57.6,medium,50.6,77.6,108.94
2026-08-16,SUP_034,58.5,medium,51.6,82.2,109.09
2026-08-17,SUP_034,67.8,high,48.4,76.9,109.99
2026-08-18,SUP_034,81.9,high,41.3,76.4,109.79
2026-08-19,SUP_034,87.5,high,47.5,76.5,109.47
2026-08-20,SUP_034,93.9,high,44.1,73.2,110.14
2026-08-21,SUP_034,89.2,high,45.0,64.7,110.47
2026-08-22,SUP_034,66.6,high,56.6,59.0,109.72
2026-08-23,SUP_034,63.1,medium,59.1,64.5,110.95
2026-08-24,SUP_034,57.7,medium,65.1,69.6,111.62
2026-08-25,SUP_034,75.3,high,60.0,66.3,111.55
2026-08-26,SUP_034,49.4,medium,63.3,66.0,111.12
2026-08-27,SUP_034,34.2,low,61.1,70.7,111.45
2026-08-28,SUP_034,43.7,medium,60.9,59.3,112.06
2026-08-29,SUP_034,44.8,medium,68.5,56.3,110.6
2026-08-30,SUP_034,34.8,low,80.4,66.8,110.94
2026-08-31,SUP_034,30.8,low,78.0,66.6,111.54
2026-09-01,SUP_034,29.1,low,71.7,58.9,109.39
2026-09-02,SUP_034,44.6,medium,74.8,58.9,109.57
2026-09-03,SUP_034,59.2,medium,70.5,63.7,110.21
2026-09-04,SUP_034,74.0,high,74.4,49.0,110.74
2026-09-05,SUP_034,55.3,medium,65.1,50.8,111.47
2026-09-06,SUP_034,43.3,medium,67.6,49.5,111.17
2026-09-07,SUP_034,33.7,low,64.0,41.7,110.22
2026-09-08,SUP_034,51.7,medium,67.5,44.1,108.58
2026-09-09,SUP_034,57.1,medium,67.0,45.0,109.58
2026-09-10,SUP_034,58.1,medium,64.0,46.4,110.22
2026-09-11,SUP_034,60.2,medium,62.2,45.8,111.28
2026-09-12,SUP_034,59.1,medium,58.5,41.8,110.62
2026-09-13,SUP_034,48.5,medium,47.1,36.1,111.35
2026-09-14,SUP_034,55.6,medium,42.2,35.3,109.98
2026-09-15,SUP_034,54.5,medium,41.8,42.8,109.19
2026-09-16,SUP_034,44.2,medium,44.4,45.9,109.31
2026-09-17,SUP_034,53.0,medium,52.6,46.9,109.91
2026-09-18,SUP_034,50.3,medium,51.9,42.6,111.44
2026-09-19,SUP_034,54.3,medium,50.1,42.5,111.22
2026-09-20,SUP_034,54.1,medium,51.1,48.3,110.43
2026-09-21,SUP_034,63.3,medium,40.8,51.9,109.6
2026-09-22,SUP_034,64.0,medium,36.2,49.9,108.97
2026-09-23,SUP_034,54.3,medium,36.2,36.9,111.0
2026-06-01,SUP_035,39.1,low,48.8,47.7,100.93
2026-06-02,SUP_035,85.5,high,53.1,47.8,100.9
2026-06-03,SUP_035,64.6,medium,50.3,40.9,98.86
2026-06-04,SUP_035,65.2,high,49.0,41.5,97.68
2026-06-05,SUP_035,75.7,high,51.3,46.1,98.48
2026-06-06,SUP_035,68.4,high,47.5,53.6,98.93
2026-06-07,SUP_035,68.5,high,45.3,52.1,96.47
2026-06-08,SUP_035,76.3,high,41.6,55.1,97.27
2026-06-09,SUP_035,58.0,medium,39.5,45.7,95.29
2026-06-10,SUP_035,42.8,medium,40.1,43.9,97.0
2026-06-11,SUP_035,30.7,low,36.5,40.8,97.26
2026-06-12,SUP_035,25.5,low,38.7,41.8,96.68
2026-06-13,SUP_035,16.1,low,40.5,49.2,97.93
2026-06-14,SUP_035,9.8,low,39.9,48.4,98.37
2026-06-15,SUP_035,9.6,low,36.3,41.5,100.04
2026-06-16,SUP_035,29.8,low,37.7,33.8,100.15
2026-06-17,SUP_035,30.7,low,35.9,42.7,100.32
2026-06-18,SUP_035,34.6,low,37.0,44.2,99.96
2026-06-19,SUP_035,28.4,low,43.0,45.2,100.29
2026-06-20,SUP_035,38.4,low,36.9,41.9,102.43
2026-06-21,SUP_035,57.4,medium,48.0,42.2,101.8
2026-06-22,SUP_035,46.1,medium,46.7,36.0,102.62
2026-06-23,SUP_035,61.8,medium,48.0,37.9,101.51
2026-06-24,SUP_035,61.0,medium,43.5,31.2,98.9
2026-06-25,SUP_035,57.1,medium,48.7,29.9,99.16
2026-06-26,SUP_035,57.8,medium,47.1,27.3,99.63
2026-06-27,SUP_035,58.2,medium,44.5,11.3,99.49
2026-06-28,SUP_035,72.1,high,63.6,13.0,97.6
2026-06-29,SUP_035,70.1,high,62.4,11.6,97.99
2026-06-30,SUP_035,68.9,high,64.7,14.0,98.32
2026-07-01,SUP_035,59.0,medium,65.4,17.1,97.2
2026-07-02,SUP_035,63.3,medium,65.1,29.1,95.49
2026-07-03,SUP_035,49.8,medium,61.6,31.6,95.18
2026-07-04,SUP_035,49.6,medium,58.3,33.9,96.0
2026-07-05,SUP_035,75.2,high,57.0,36.7,96.52
2026-07-06,SUP_035,44.4,medium,60.3,41.0,95.41
2026-07-07,SUP_035,46.7,medium,64.0,42.5,95.59
2026-07-08,SUP_035,48.8,medium,67.8,42.9,96.71
2026-07-09,SUP_035,45.8,medium,67.3,45.4,95.23
2026-07-10,SUP_035,43.7,medium,68.6,31.1,95.31
2026-07-11,SUP_035,44.9,medium,67.2,42.7,97.0
2026-07-12,SUP_035,42.6,medium,36.2,49.9,95.39
2026-07-13,SUP_035,45.2,medium,36.1,48.8,96.85
2026-07-14,SUP_035,40.7,medium,35.2,39.3,98.89
2026-07-15,SUP_035,60.5,medium,31.3,45.0,98.61
2026-07-16,SUP_035,54.3,medium,30.2,39.9,98.17
2026-07-17,SUP_035,57.2,medium,32.6,41.9,99.48
2026-07-18,SUP_035,48.0,medium,28.6,34.1,99.24
2026-07-19,SUP_035,55.9,medium,27.3,46.0,96.27
2026-07-20,SUP_035,59.9,medium,36.8,36.8,96.15
2026-07-21,SUP_035,60.1,medium,30.0,36.9,96.74
2026-07-22,SUP_035,46.8,medium,30.9,25.4,97.68
2026-07-23,SUP_035,39.4,low,27.1,26.6,96.57
2026-07-24,SUP_035,56.4,medium,25.7,25.6,96.23
2026-07-25,SUP_035,46.5,medium,27.2,33.0,97.46
2026-07-26,SUP_035,52.0,medium,24.8,31.1,97.38
2026-07-27,SUP_035,41.5,medium,30.1,37.7,95.45
2026-07-28,SUP_035,51.7,medium,38.3,31.9,97.02
2026-07-29,SUP_035,43.7,medium,42.8,30.9,96.75
2026-07-30,SUP_035,35.1,low,47.6,30.1,98.12
2026-07-31,SUP_035,31.0,low,40.2,33.4,96.36
2026-08-01,SUP_035,29.4,low,39.3,35.6,96.21
2026-08-02,SUP_035,37.0,low,41.9,39.3,96.85
2026-08-03,SUP_035,39.7,low,46.1,40.1,96.74
2026-08-04,SUP_035,30.8,low,53.8,42.8,95.25
2026-08-05,SUP_035,34.1,low,57.1,36.9,92.24
2026-08-06,SUP_035,26.3,low,59.1,38.7,94.16
2026-08-07,SUP_035,36.9,low,69.0,46.6,94.47
2026-08-08,SUP_035,46.6,medium,65.4,36.0,95.95
2026-08-09,SUP_035,46.0,medium,60.5,38.4,97.12
2026-08-10,SUP_035,48.2,medium,58.6,41.5,97.87
2026-08-11,SUP_035,63.7,medium,51.8,48.2,97.46
2026-08-12,SUP_035,57.5,medium,50.6,50.0,98.08
2026-08-13,SUP_035,45.7,medium,41.1,48.3,99.89
2026-08-14,SUP_035,50.9,medium,38.8,48.6,99.99
2026-08-15,SUP_035,38.9,low,38.7,42.7,102.39
2026-08-16,SUP_035,38.5,low,43.7,39.5,100.5
2026-08-17,SUP_035,34.6,low,48.7,31.8,98.47
2026-08-18,SUP_035,30.7,low,43.1,40.1,99.72
2026-08-19,SUP_035,31.9,low,52.8,41.7,98.69
2026-08-20,SUP_035,43.5,medium,51.9,35.9,101.27
2026-08-21,SUP_035,54.1,medium,51.5,37.2,102.95
2026-08-22,SUP_035,60.4,medium,42.4,42.9,104.96
2026-08-23,SUP_035,59.7,medium,39.4,47.0,106.07
2026-08-24,SUP_035,53.6,medium,44.8,40.3,104.91
2026-08-25,SUP_035,29.6,low,45.2,23.0,102.82
2026-08-26,SUP_035,36.9,low,45.2,26.9,104.7
2026-08-27,SUP_035,17.8,low,45.8,23.4,102.81
2026-08-28,SUP_035,6.8,low,38.4,28.4,104.81
2026-08-29,SUP_035,14.8,low,38.5,34.4,105.65
2026-08-30,SUP_035,24.8,low,45.7,40.4,105.56
2026-08-31,SUP_035,25.7,low,50.3,48.8,106.12
2026-09-01,SUP_035,44.7,medium,48.4,53.2,106.7
2026-09-02,SUP_035,49.1,medium,54.9,59.7,106.45
2026-09-03,SUP_035,45.8,medium,47.0,63.3,108.25
2026-09-04,SUP_035,58.4,medium,41.6,66.7,110.0
2026-09-05,SUP_035,69.5,high,50.5,61.8,110.2
2026-09-06,SUP_035,68.2,high,52.0,51.0,109.44
2026-09-07,SUP_035,55.2,medium,49.1,61.6,111.09
2026-09-08,SUP_035,47.5,medium,47.8,58.0,108.54
2026-09-09,SUP_035,33.5,low,43.1,61.0,109.1
2026-09-10,SUP_035,71.4,high,44.2,54.2,110.03
2026-09-11,SUP_035,63.9,medium,44.8,56.4,108.98
2026-09-12,SUP_035,65.0,medium,44.5,40.3,110.21
2026-09-13,SUP_035,71.3,high,38.6,37.4,110.18
2026-09-14,SUP_035,55.2,medium,40.4,36.5,109.49
2026-09-15,SUP_035,49.8,medium,38.1,38.7,110.71
2026-09-16,SUP_035,52.7,medium,34.0,43.8,109.34
2026-09-17,SUP_035,23.8,low,41.2,36.7,110.43
2026-09-18,SUP_035,24.5,low,51.6,39.9,107.93
2026-09-19,SUP_035,27.1,low,59.4,45.7,108.29
2026-09-20,SUP_035,25.1,low,59.9,56.4,108.35
2026-09-21,SUP_035,16.6,low,55.9,56.9,107.67
2026-09-22,SUP_035,18.8,low,53.5,51.2,108.16
2026-09-23,SUP_035,23.3,low,53.7,42.1,108.06
2026-06-01,SUP_036,26.7,low,27.5,32.7,100.15
2026-06-02,SUP_036,35.7,low,28.7,26.1,99.27
2026-06-03,SUP_036,32.0,low,29.3,29.1,97.98
2026-06-04,SUP_036,34.1,low,29.0,26.0,98.54
2026-06-05,SUP_036,47.1,medium,25.1,24.3,99.4
2026-06-06,SUP_036,39.3,low,22.6,22.2,98.88
2026-06-07,SUP_036,28.6,low,23.1,21.0,98.7
2026-06-08,SUP_036,32.1,low,21.5,18.7,98.35
2026-06-09,SUP_036,37.2,low,26.2,22.5,97.97
2026-06-10,SUP_036,35.2,low,25.4,23.5,98.66
2026-06-11,SUP_036,41.9,medium,26.1,25.5,98.8
2026-06-12,SUP_036,35.8,low,18.2,39.3,98.65
2026-06-13,SUP_036,34.3,low,22.7,37.9,100.36
2026-06-14,SUP_036,35.4,low,19.2,40.6,99.44
2026-06-15,SUP_036,35.5,low,14.1,43.6,99.79
2026-06-16,SUP_036,47.8,medium,22.5,41.9,99.12
2026-06-17,SUP_036,81.2,high,25.1,42.3,99.02
2026-06-18,SUP_036,73.3,high,28.7,41.3,99.11
2026-06-19,SUP_036,75.0,high,29.2,41.5,99.65
2026-06-20,SUP_036,80.8,high,27.1,37.4,99.48
2026-06-21,SUP_036,82.9,high,24.4,34.4,99.25
2026-06-22,SUP_036,84.0,high,27.1,34.6,99.07
2026-06-23,SUP_036,64.3,medium,31.1,24.3,98.38
2026-06-24,SUP_036,4.6,low,28.9,33.8,98.78
2026-06-25,SUP_036,21.5,low,37.0,45.3,98.96
2026-06-26,SUP_036,53.7,medium,33.3,44.7,99.24
2026-06-27,SUP_036,53.1,medium,24.4,46.7,99.2
2026-06-28,SUP_036,59.3,medium,15.2,50.7,99.07
2026-06-29,SUP_036,75.4,high,7.7,41.3,99.83
2026-06-30,SUP_036,82.7,high,7.2,45.3,100.48
2026-07-01,SUP_036,84.0,high,7.8,41.5,101.39
2026-07-02,SUP_036,67.8,high,12.5,52.6,101.63
2026-07-03,SUP_036,29.7,low,13.2,49.0,102.49
2026-07-04,SUP_036,6.4,low,17.9,51.6,102.23
2026-07-05,SUP_036,16.9,low,18.2,48.2,102.1
2026-07-06,SUP_036,29.2,low,18.2,57.8,102.86
2026-07-07,SUP_036,39.2,low,15.4,51.7,103.4
2026-07-08,SUP_036,41.9,medium,22.6,55.3,103.22
2026-07-09,SUP_036,36.2,low,14.6,55.6,102.55
2026-07-10,SUP_036,28.2,low,16.6,54.6,102.42
2026-07-11,SUP_036,19.8,low,15.9,52.9,101.98
2026-07-12,SUP_036,19.6,low,19.9,46.7,103.08
2026-07-13,SUP_036,11.9,low,19.5,31.3,103.57
2026-07-14,SUP_036,31.4,low,19.3,37.5,103.08
2026-07-15,SUP_036,17.7,low,17.9,34.6,102.41
2026-07-16,SUP_036,17.7,low,24.5,40.8,101.91
2026-07-17,SUP_036,1.6,low,23.5,41.8,101.55
2026-07-18,SUP_036,10.2,low,32.0,47.1,101.45
2026-07-19,SUP_036,13.9,low,31.2,49.5,102.16
2026-07-20,SUP_036,13.4,low,29.4,34.3,101.54
2026-07-21,SUP_036,7.6,low,27.0,37.7,103.01
2026-07-22,SUP_036,12.0,low,28.3,35.5,102.4
2026-07-23,SUP_036,10.2,low,24.0,41.5,101.5
2026-07-24,SUP_036,12.6,low,23.8,43.7,102.58
2026-07-25,SUP_036,33.9,low,22.9,45.5,103.43
2026-07-26,SUP_036,33.2,low,23.7,42.5,103.31
2026-07-27,SUP_036,36.1,low,24.5,36.6,103.56
2026-07-28,SUP_036,29.0,low,25.5,34.1,103.82
2026-07-29,SUP_036,20.8,low,24.8,24.7,103.9
2026-07-30,SUP_036,21.6,low,31.2,23.2,103.07
2026-07-31,SUP_036,45.6,medium,31.2,17.2,101.48
2026-08-01,SUP_036,37.8,low,41.6,12.3,100.94
2026-08-02,SUP_036,38.0,low,38.3,16.3,102.11
2026-08-03,SUP_036,27.1,low,39.8,21.9,103.3
2026-08-04,SUP_036,1.0,low,33.1,23.7,103.13
2026-08-05,SUP_036,0.0,low,37.5,22.8,102.51
2026-08-06,SUP_036,28.1,low,31.2,19.6,102.69
2026-08-07,SUP_036,32.8,low,31.4,20.3,102.97
2026-08-08,SUP_036,46.1,medium,28.1,18.1,103.36
2026-08-09,SUP_036,37.6,low,28.7,20.3,101.74
2026-08-10,SUP_036,12.6,low,26.0,14.5,103.76
2026-08-11,SUP_036,5.4,low,21.1,21.3,104.49
2026-08-12,SUP_036,14.0,low,19.3,20.4,104.36
2026-08-13,SUP_036,19.0,low,26.4,24.5,103.9
2026-08-14,SUP_036,20.4,low,27.4,30.8,104.53
2026-08-15,SUP_036,16.6,low,19.9,33.1,104.85
2026-08-16,SUP_036,27.4,low,47.8,37.6,104.91
2026-08-17,SUP_036,22.2,low,42.6,26.3,105.2
2026-08-18,SUP_036,25.7,low,45.9,25.1,105.13
2026-08-19,SUP_036,27.4,low,47.8,32.4,105.39
2026-08-20,SUP_036,23.4,low,49.7,35.4,105.85
2026-08-21,SUP_036,15.6,low,57.2,45.1,106.07
2026-08-22,SUP_036,14.0,low,50.8,52.6,106.26
2026-08-23,SUP_036,34.1,low,52.3,51.5,107.15
2026-08-24,SUP_036,42.1,medium,56.6,47.7,106.13
2026-08-25,SUP_036,47.3,medium,51.2,40.8,105.62
2026-08-26,SUP_036,34.4,low,46.1,37.4,105.63
2026-08-27,SUP_036,18.8,low,44.0,34.9,105.17
2026-08-28,SUP_036,30.5,low,45.1,31.8,104.91
2026-08-29,SUP_036,37.5,low,37.8,27.4,105.74
2026-08-30,SUP_036,35.6,low,17.9,30.7,105.64
2026-08-31,SUP_036,29.5,low,11.2,40.3,104.47
2026-09-01,SUP_036,14.9,low,18.4,44.4,104.2
2026-09-02,SUP_036,25.4,low,20.7,41.3,104.24
2026-09-03,SUP_036,36.3,low,29.4,45.7,104.26
2026-09-04,SUP_036,27.2,low,30.9,45.9,104.62
2026-09-05,SUP_036,19.6,low,27.5,44.1,104.92
2026-09-06,SUP_036,32.4,low,22.3,42.2,104.83
2026-09-07,SUP_036,24.6,low,22.8,40.0,104.07
2026-09-08,SUP_036,41.2,medium,21.9,42.7,103.79
2026-09-09,SUP_036,36.1,low,26.9,42.3,103.39
2026-09-10,SUP_036,29.8,low,21.2,37.4,103.21
2026-09-11,SUP_036,29.0,low,30.3,32.9,103.65
2026-09-12,SUP_036,24.4,low,34.5,34.8,103.91
2026-09-13,SUP_036,35.0,low,31.1,37.1,104.44
2026-09-14,SUP_036,40.7,medium,37.6,35.1,104.19
2026-09-15,SUP_036,46.8,medium,31.0,29.2,105.16
2026-09-16,SUP_036,43.1,medium,30.0,36.6,105.59
2026-09-17,SUP_036,34.3,low,22.1,41.9,105.66
2026-09-18,SUP_036,31.9,low,30.3,30.4,106.04
2026-09-19,SUP_036,26.3,low,20.6,38.1,105.61
2026-09-20,SUP_036,39.5,low,13.4,36.5,104.26
2026-09-21,SUP_036,45.2,medium,11.1,37.3,103.87
2026-09-22,SUP_036,39.3,low,18.4,43.0,104.35
2026-09-23,SUP_036,27.1,low,22.9,50.5,104.4
2026-06-01,SUP_037,27.0,low,53.8,38.0,101.62
2026-06-02,SUP_037,32.8,low,49.9,44.3,100.53
2026-06-03,SUP_037,34.0,low,41.4,46.2,101.2
2026-06-04,SUP_037,36.1,low,50.2,51.4,100.22
2026-06-05,SUP_037,39.3,low,49.9,52.0,98.65
2026-06-06,SUP_037,40.0,medium,48.7,50.7,101.83
2026-06-07,SUP_037,47.4,medium,46.4,54.1,100.28
2026-06-08,SUP_037,45.3,medium,53.7,64.3,98.3
2026-06-09,SUP_037,60.1,medium,58.0,58.5,98.63
2026-06-10,SUP_037,55.5,medium,53.0,59.2,99.05
2026-06-11,SUP_037,35.8,low,58.8,55.5,100.08
2026-06-12,SUP_037,42.8,medium,57.6,55.1,103.18
2026-06-13,SUP_037,45.7,medium,54.3,52.3,101.98
2026-06-14,SUP_037,44.6,medium,53.0,38.3,101.08
2026-06-15,SUP_037,41.0,medium,49.6,36.8,103.57
2026-06-16,SUP_037,21.2,low,44.1,41.8,105.03
2026-06-17,SUP_037,7.9,low,49.4,36.7,106.27
2026-06-18,SUP_037,31.2,low,49.2,41.3,105.35
2026-06-19,SUP_037,27.9,low,53.0,41.3,107.1
2026-06-20,SUP_037,39.9,low,54.7,39.4,108.34
2026-06-21,SUP_037,25.1,low,57.3,43.5,108.64
2026-06-22,SUP_037,19.1,low,47.3,45.8,107.73
2026-06-23,SUP_037,30.6,low,44.3,46.4,107.9
2026-06-24,SUP_037,32.0,low,48.6,50.0,110.45
2026-06-25,SUP_037,39.0,low,43.5,48.9,108.75
2026-06-26,SUP_037,39.1,low,47.0,38.1,107.52
2026-06-27,SUP_037,37.4,low,41.6,35.7,106.54
2026-06-28,SUP_037,31.8,low,43.7,26.1,105.91
2026-06-29,SUP_037,22.8,low,53.0,30.9,105.88
2026-06-30,SUP_037,40.1,medium,57.0,36.2,107.37
2026-07-01,SUP_037,54.6,medium,47.9,41.0,108.08
2026-07-02,SUP_037,41.3,medium,53.0,42.7,108.18
2026-07-03,SUP_037,30.8,low,62.0,46.6,108.6
2026-07-04,SUP_037,29.8,low,74.2,36.6,109.57
2026-07-05,SUP_037,35.5,low,73.5,35.8,106.97
2026-07-06,SUP_037,35.0,low,64.3,28.2,108.63
2026-07-07,SUP_037,40.9,medium,65.0,27.3,107.35
2026-07-08,SUP_037,40.2,medium,71.0,37.0,106.66
2026-07-09,SUP_037,39.1,low,67.7,42.5,107.19
2026-07-10,SUP_037,61.7,medium,70.8,44.8,107.07
2026-07-11,SUP_037,51.4,medium,64.4,42.4,107.82
2026-07-12,SUP_037,63.7,medium,64.8,36.1,108.04
2026-07-13,SUP_037,71.2,high,51.5,36.9,107.6
2026-07-14,SUP_037,68.1,high,47.5,42.4,109.96
2026-07-15,SUP_037,43.2,medium,48.6,43.5,111.06
2026-07-16,SUP_037,42.7,medium,47.9,33.9,111.53
2026-07-17,SUP_037,37.3,low,42.8,34.6,112.6
2026-07-18,SUP_037,38.1,low,42.2,24.6,111.51
2026-07-19,SUP_037,28.8,low,45.7,30.4,114.88
2026-07-20,SUP_037,38.6,low,46.7,27.4,113.19
2026-07-21,SUP_037,48.0,medium,48.2,22.1,113.37
2026-07-22,SUP_037,56.9,medium,52.7,28.4,112.92
2026-07-23,SUP_037,49.1,medium,51.4,32.3,112.42
2026-07-24,SUP_037,37.0,low,58.4,33.9,111.72
2026-07-25,SUP_037,41.0,medium,53.2,45.6,110.52
2026-07-26,SUP_037,57.0,medium,62.6,47.4,112.36
2026-07-27,SUP_037,53.4,medium,66.8,42.1,110.5
2026-07-28,SUP_037,54.2,medium,63.3,43.8,112.02
2026-07-29,SUP_037,48.5,medium,60.7,41.0,113.03
2026-07-30,SUP_037,41.7,medium,60.8,46.7,112.44
2026-07-31,SUP_037,47.4,medium,62.8,46.5,113.26
2026-08-01,SUP_037,44.6,medium,66.8,46.7,113.02
2026-08-02,SUP_037,47.2,medium,58.7,37.4,111.31
2026-08-03,SUP_037,50.1,medium,60.2,37.4,109.62
2026-08-04,SUP_037,50.8,medium,49.4,36.7,110.64
2026-08-05,SUP_037,53.2,medium,49.4,31.1,111.57
2026-08-06,SUP_037,42.0,medium,57.1,30.5,111.95
2026-08-07,SUP_037,33.1,low,50.1,33.5,111.34
2026-08-08,SUP_037,34.4,low,43.2,33.7,111.04
2026-08-09,SUP_037,35.6,low,46.0,26.4,110.54
2026-08-10,SUP_037,31.9,low,54.0,26.3,107.83
2026-08-11,SUP_037,36.1,low,55.7,25.1,107.93
2026-08-12,SUP_037,45.5,medium,46.5,27.6,108.74
2026-08-13,SUP_037,55.1,medium,39.8,29.2,108.84
2026-08-14,SUP_037,64.4,medium,42.6,27.9,111.58
2026-08-15,SUP_037,46.1,medium,38.8,26.6,110.03
2026-08-16,SUP_037,33.8,low,41.9,28.2,109.0
2026-08-17,SUP_037,32.7,low,44.8,34.3,109.21
2026-08-18,SUP_037,35.3,low,44.0,35.9,109.59
2026-08-19,SUP_037,34.2,low,54.3,43.2,106.64
2026-08-20,SUP_037,30.6,low,57.2,48.0,107.58
2026-08-21,SUP_037,30.1,low,62.6,53.9,107.96
2026-08-22,SUP_037,37.1,low,65.8,58.3,104.68
2026-08-23,SUP_037,25.5,low,63.5,63.0,104.5
2026-08-24,SUP_037,50.8,medium,61.3,52.7,103.24
2026-08-25,SUP_037,48.3,medium,58.9,53.5,102.54
2026-08-26,SUP_037,56.0,medium,61.6,57.1,100.47
2026-08-27,SUP_037,46.6,medium,57.5,61.2,101.11
2026-08-28,SUP_037,50.3,medium,65.3,53.2,103.84
2026-08-29,SUP_037,48.6,medium,60.2,53.9,104.25
2026-08-30,SUP_037,54.4,medium,60.5,51.5,100.91
2026-08-31,SUP_037,49.0,medium,58.6,58.7,101.35
2026-09-01,SUP_037,61.1,medium,55.9,47.9,101.05
2026-09-02,SUP_037,42.0,medium,66.0,41.9,99.34
2026-09-03,SUP_037,50.3,medium,90.0,31.3,99.89
2026-09-04,SUP_037,86.3,high,87.5,32.6,101.26
2026-09-05,SUP_037,74.7,high,83.6,44.9,100.22
2026-09-06,SUP_037,93.5,high,83.7,43.2,97.67
2026-09-07,SUP_037,100.0,high,83.1,42.5,94.56
2026-09-08,SUP_037,80.1,high,77.7,44.3,93.53
2026-09-09,SUP_037,81.1,high,76.4,42.3,93.29
2026-09-10,SUP_037,86.7,high,80.3,43.1,92.49
2026-09-11,SUP_037,51.0,medium,85.5,44.0,91.43
2026-09-12,SUP_037,62.3,medium,85.2,38.2,92.31
2026-09-13,SUP_037,68.8,high,85.1,37.2,93.02
2026-09-14,SUP_037,64.1,medium,83.0,40.8,93.33
2026-09-15,SUP_037,79.1,high,80.6,44.8,94.6
2026-09-16,SUP_037,78.0,high,76.6,50.2,93.58
2026-09-17,SUP_037,65.3,high,42.4,49.7,91.89
2026-09-18,SUP_037,53.8,medium,41.0,49.3,91.08
2026-09-19,SUP_037,61.9,medium,47.3,51.1,90.16
2026-09-20,SUP_037,49.1,medium,46.5,45.6,86.98
2026-09-21,SUP_037,43.0,medium,46.1,40.6,86.14
2026-09-22,SUP_037,40.0,medium,45.7,39.1,87.85
2026-09-23,SUP_037,43.3,medium,53.0,31.8,89.09
2026-06-01,SUP_038,30.7,low,44.7,49.7,99.93
2026-06-02,SUP_038,25.0,low,44.6,51.1,98.73
2026-06-03,SUP_038,32.7,low,50.8,38.7,98.99
2026-06-04,SUP_038,32.9,low,44.2,27.9,99.17
2026-06-05,SUP_038,73.8,high,39.0,24.6,99.8
2026-06-06,SUP_038,79.0,high,44.5,27.4,98.89
2026-06-07,SUP_038,68.6,high,43.9,28.3,98.74
2026-06-08,SUP_038,60.5,medium,40.1,32.1,97.73
2026-06-09,SUP_038,62.4,medium,42.7,31.6,97.53
2026-06-10,SUP_038,97.4,high,40.3,39.4,98.71
2026-06-11,SUP_038,93.7,high,36.2,42.8,98.45
2026-06-12,SUP_038,80.2,high,32.7,42.1,97.37
2026-06-13,SUP_038,66.1,high,35.3,47.1,96.83
2026-06-14,SUP_038,88.5,high,37.0,36.6,95.56
2026-06-15,SUP_038,89.2,high,44.6,35.9,94.54
2026-06-16,SUP_038,96.2,high,42.6,36.5,95.07
2026-06-17,SUP_038,61.7,medium,40.7,39.4,93.92
2026-06-18,SUP_038,62.5,medium,47.4,29.7,94.17
2026-06-19,SUP_038,72.8,high,51.0,29.1,94.19
2026-06-20,SUP_038,55.0,medium,50.0,32.1,93.77
2026-06-21,SUP_038,50.3,medium,41.1,35.1,93.95
2026-06-22,SUP_038,40.4,medium,37.1,41.3,93.21
2026-06-23,SUP_038,25.1,low,32.5,44.4,93.87
2026-06-24,SUP_038,23.2,low,33.8,42.6,93.32
2026-06-25,SUP_038,45.2,medium,32.4,45.1,93.02
2026-06-26,SUP_038,42.8,medium,41.1,42.5,92.62
2026-06-27,SUP_038,61.0,medium,33.5,42.1,93.16
2026-06-28,SUP_038,75.5,high,29.0,45.3,93.59
2026-06-29,SUP_038,94.9,high,31.8,43.5,91.52
2026-06-30,SUP_038,99.3,high,35.5,44.1,91.72
2026-07-01,SUP_038,100.0,high,23.9,47.8,90.34
2026-07-02,SUP_038,93.6,high,18.1,49.6,90.07
2026-07-03,SUP_038,82.8,high,20.1,53.9,89.99
2026-07-04,SUP_038,75.4,high,29.5,63.4,89.71
2026-07-05,SUP_038,67.0,high,40.0,62.8,90.1
2026-07-06,SUP_038,62.1,medium,38.1,56.2,90.67
2026-07-07,SUP_038,64.1,medium,37.6,55.7,90.06
2026-07-08,SUP_038,54.2,medium,34.0,55.1,89.42
2026-07-09,SUP_038,38.4,low,37.9,55.3,89.39
2026-07-10,SUP_038,42.7,medium,45.4,60.1,88.17
2026-07-11,SUP_038,36.1,low,50.6,47.5,87.79
2026-07-12,SUP_038,32.1,low,48.8,53.6,88.86
2026-07-13,SUP_038,33.3,low,43.5,60.6,87.67
2026-07-14,SUP_038,32.0,low,43.1,59.7,87.4
2026-07-15,SUP_038,44.8,medium,49.1,59.1,86.93
2026-07-16,SUP_038,42.5,medium,45.9,54.2,88.52
2026-07-17,SUP_038,53.2,medium,36.4,51.4,88.09
2026-07-18,SUP_038,52.3,medium,35.2,52.6,87.71
2026-07-19,SUP_038,48.9,medium,34.6,53.3,86.9
2026-07-20,SUP_038,48.6,medium,26.8,54.4,86.91
2026-07-21,SUP_038,35.0,low,29.9,54.7,87.12
2026-07-22,SUP_038,39.9,low,33.8,56.5,86.42
2026-07-23,SUP_038,48.3,medium,43.5,57.4,87.2
2026-07-24,SUP_038,55.9,medium,36.7,48.7,87.41
2026-07-25,SUP_038,39.9,low,40.6,51.0,88.09
2026-07-26,SUP_038,26.4,low,45.1,58.4,87.83
2026-07-27,SUP_038,25.3,low,46.8,54.7,88.02
2026-07-28,SUP_038,42.3,medium,41.0,59.7,87.85
2026-07-29,SUP_038,44.3,medium,35.8,51.1,89.01
2026-07-30,SUP_038,36.5,low,36.9,48.6,89.1
2026-07-31,SUP_038,24.4,low,37.8,43.2,89.1
2026-08-01,SUP_038,22.5,low,35.5,49.2,88.74
2026-08-02,SUP_038,20.4,low,42.3,55.7,88.33
2026-08-03,SUP_038,34.5,low,40.0,52.1,88.52
2026-08-04,SUP_038,45.7,medium,31.1,55.7,89.17
2026-08-05,SUP_038,35.1,low,31.3,61.3,88.63
2026-08-06,SUP_038,43.8,medium,34.9,57.2,88.73
2026-08-07,SUP_038,49.4,medium,37.3,54.5,88.87
2026-08-08,SUP_038,36.6,low,39.3,55.5,89.16
2026-08-09,SUP_038,37.2,low,46.5,48.0,87.81
2026-08-10,SUP_038,41.5,medium,40.2,46.6,87.08
2026-08-11,SUP_038,43.2,medium,38.2,56.1,86.0
2026-08-12,SUP_038,27.0,low,45.8,50.3,86.02
2026-08-13,SUP_038,32.0,low,35.6,52.5,85.31
2026-08-14,SUP_038,40.4,medium,36.0,52.7,84.92
2026-08-15,SUP_038,55.4,medium,42.4,49.1,83.97
2026-08-16,SUP_038,45.9,medium,47.8,48.2,83.65
2026-08-17,SUP_038,39.9,low,49.8,55.4,82.77
2026-08-18,SUP_038,38.5,low,51.6,55.3,83.37
2026-08-19,SUP_038,42.0,medium,44.9,56.0,83.74
2026-08-20,SUP_038,42.9,medium,50.7,61.3,83.86
2026-08-21,SUP_038,48.3,medium,43.4,55.8,83.62
2026-08-22,SUP_038,36.3,low,37.5,47.2,82.01
2026-08-23,SUP_038,41.4,medium,39.7,54.7,81.65
2026-08-24,SUP_038,34.7,low,37.4,52.4,81.05
2026-08-25,SUP_038,35.2,low,38.8,54.5,81.24
2026-08-26,SUP_038,52.7,medium,41.0,47.6,81.73
2026-08-27,SUP_038,37.1,low,49.3,47.7,81.99
2026-08-28,SUP_038,35.7,low,49.9,40.1,82.99
2026-08-29,SUP_038,25.5,low,45.5,39.6,82.54
2026-08-30,SUP_038,31.0,low,47.9,35.5,82.06
2026-08-31,SUP_038,43.5,medium,42.8,30.8,82.88
2026-09-01,SUP_038,44.7,medium,46.7,29.9,83.01
2026-09-02,SUP_038,42.9,medium,46.0,18.5,82.81
2026-09-03,SUP_038,55.0,medium,47.0,14.9,84.27
2026-09-04,SUP_038,54.8,medium,37.5,22.0,84.73
2026-09-05,SUP_038,59.2,medium,27.2,25.8,84.58
2026-09-06,SUP_038,61.5,medium,22.0,21.5,84.04
2026-09-07,SUP_038,30.0,low,33.0,26.4,85.09
2026-09-08,SUP_038,32.3,low,28.6,23.1,85.25
2026-09-09,SUP_038,24.7,low,33.8,28.7,85.27
2026-09-10,SUP_038,21.4,low,31.7,29.0,85.8
2026-09-11,SUP_038,40.2,medium,31.8,28.2,86.5
2026-09-12,SUP_038,37.2,low,32.8,28.7,86.94
2026-09-13,SUP_038,55.9,medium,41.7,43.2,87.63
2026-09-14,SUP_038,39.4,low,44.2,37.9,87.99
2026-09-15,SUP_038,30.0,low,45.4,38.7,88.43
2026-09-16,SUP_038,40.1,medium,50.7,42.3,87.85
2026-09-17,SUP_038,37.4,low,46.1,36.1,89.28
2026-09-18,SUP_038,41.4,medium,50.3,27.5,88.31
2026-09-19,SUP_038,40.5,medium,53.0,25.5,88.55
2026-09-20,SUP_038,39.6,low,55.3,30.9,87.5
2026-09-21,SUP_038,37.3,low,52.2,29.7,87.42
2026-09-22,SUP_038,40.2,medium,48.3,29.3,86.97
2026-09-23,SUP_038,46.6,medium,43.0,35.0,87.07
2026-06-01,SUP_039,51.8,medium,15.1,36.5,100.41
2026-06-02,SUP_039,63.6,medium,10.1,41.1,101.03
2026-06-03,SUP_039,52.0,medium,10.2,35.0,102.43
2026-06-04,SUP_039,61.5,medium,17.1,33.0,104.03
2026-06-05,SUP_039,52.5,medium,10.1,42.0,105.05
2026-06-06,SUP_039,57.5,medium,6.3,30.7,104.39
2026-06-07,SUP_039,58.5,medium,11.3,29.0,103.24
2026-06-08,SUP_039,34.3,low,11.8,24.3,103.84
2026-06-09,SUP_039,25.5,low,12.5,24.8,102.95
2026-06-10,SUP_039,16.6,low,17.3,24.1,104.6
2026-06-11,SUP_039,4.7,low,12.7,28.9,102.69
2026-06-12,SUP_039,20.4,low,10.2,31.1,103.33
2026-06-13,SUP_039,43.2,medium,7.4,24.8,103.68
2026-06-14,SUP_039,38.8,low,6.4,23.3,103.45
2026-06-15,SUP_039,45.7,medium,13.6,25.0,102.42
2026-06-16,SUP_039,56.8,medium,5.3,30.4,100.11
2026-06-17,SUP_039,53.3,medium,0.6,43.9,99.52
2026-06-18,SUP_039,48.5,medium,0.0,46.3,98.94
2026-06-19,SUP_039,42.8,medium,4.9,39.3,100.19
2026-06-20,SUP_039,45.9,medium,3.1,38.1,99.31
2026-06-21,SUP_039,51.2,medium,2.9,38.6,99.82
2026-06-22,SUP_039,51.5,medium,0.0,35.3,98.37
2026-06-23,SUP_039,51.3,medium,0.0,37.8,98.91
2026-06-24,SUP_039,46.8,medium,3.9,25.4,96.41
2026-06-25,SUP_039,29.1,low,6.3,29.7,98.75
2026-06-26,SUP_039,38.9,low,6.7,28.0,98.59
2026-06-27,SUP_039,26.0,low,0.0,28.5,95.47
2026-06-28,SUP_039,34.0,low,0.3,37.2,94.66
2026-06-29,SUP_039,41.2,medium,2.7,30.2,93.69
2026-06-30,SUP_039,29.1,low,0.0,32.4,92.95
2026-07-01,SUP_039,25.0,low,4.4,36.9,92.54
2026-07-02,SUP_039,47.1,medium,9.8,37.5,91.8
2026-07-03,SUP_039,43.4,medium,7.6,28.7,90.89
2026-07-04,SUP_039,30.0,low,11.7,36.7,89.59
2026-07-05,SUP_039,38.6,low,11.2,35.4,90.51
2026-07-06,SUP_039,30.6,low,16.8,32.5,91.86
2026-07-07,SUP_039,13.9,low,25.7,31.3,91.57
2026-07-08,SUP_039,24.0,low,18.5,29.8,91.55
2026-07-09,SUP_039,18.3,low,21.1,24.3,90.29
2026-07-10,SUP_039,25.4,low,26.0,26.8,90.37
2026-07-11,SUP_039,20.3,low,19.3,24.9,90.63
2026-07-12,SUP_039,30.5,low,15.4,29.9,90.38
2026-07-13,SUP_039,33.3,low,12.1,33.4,90.83
2026-07-14,SUP_039,9.8,low,11.5,42.2,91.17
2026-07-15,SUP_039,19.6,low,9.9,40.0,89.99
2026-07-16,SUP_039,20.8,low,9.3,35.0,91.33
2026-07-17,SUP_039,37.5,low,13.6,27.3,91.1
2026-07-18,SUP_039,40.5,medium,4.4,40.0,92.97
2026-07-19,SUP_039,46.1,medium,0.9,42.7,93.44
2026-07-20,SUP_039,36.8,low,5.8,37.9,95.64
2026-07-21,SUP_039,29.0,low,9.3,46.4,96.96
2026-07-22,SUP_039,30.3,low,4.7,51.8,97.21
2026-07-23,SUP_039,28.1,low,8.5,42.2,96.4
2026-07-24,SUP_039,42.2,medium,15.3,37.1,95.62
2026-07-25,SUP_039,39.0,low,14.6,36.1,96.21
2026-07-26,SUP_039,26.7,low,9.4,30.3,96.37
2026-07-27,SUP_039,21.1,low,13.9,30.5,95.72
2026-07-28,SUP_039,33.5,low,21.8,34.9,96.65
2026-07-29,SUP_039,32.3,low,16.1,27.7,96.69
2026-07-30,SUP_039,30.9,low,15.7,30.4,97.63
2026-07-31,SUP_039,41.8,medium,20.3,37.2,96.54
2026-08-01,SUP_039,31.6,low,19.6,39.0,97.66
2026-08-02,SUP_039,11.8,low,10.2,38.0,98.22
2026-08-03,SUP_039,9.7,low,12.6,34.0,99.56
2026-08-04,SUP_039,18.2,low,7.8,38.5,100.65
2026-08-05,SUP_039,20.1,low,2.4,31.8,100.55
2026-08-06,SUP_039,9.4,low,0.0,33.6,100.37
2026-08-07,SUP_039,25.2,low,3.8,33.9,102.36
2026-08-08,SUP_039,29.2,low,1.0,40.0,102.04
2026-08-09,SUP_039,34.2,low,4.3,36.2,102.88
2026-08-10,SUP_039,38.3,low,8.2,33.4,102.45
2026-08-11,SUP_039,25.5,low,9.5,27.1,100.37
2026-08-12,SUP_039,30.6,low,11.3,30.6,98.99
2026-08-13,SUP_039,40.1,medium,13.2,29.0,99.45
2026-08-14,SUP_039,49.4,medium,13.7,25.4,100.23
2026-08-15,SUP_039,52.5,medium,9.8,22.8,100.69
2026-08-16,SUP_039,52.9,medium,6.1,27.4,101.97
2026-08-17,SUP_039,32.3,low,6.5,22.8,102.41
2026-08-18,SUP_039,32.8,low,6.7,19.3,101.54
2026-08-19,SUP_039,24.5,low,9.6,26.3,102.21
2026-08-20,SUP_039,39.0,low,15.1,26.8,102.4
2026-08-21,SUP_039,48.5,medium,16.3,33.0,101.75
2026-08-22,SUP_039,36.3,low,11.8,31.4,102.28
2026-08-23,SUP_039,35.6,low,1.5,32.0,102.37
2026-08-24,SUP_039,37.7,low,0.0,33.2,101.69
2026-08-25,SUP_039,45.4,medium,0.0,40.8,101.49
2026-08-26,SUP_039,27.3,low,0.0,46.8,103.07
2026-08-27,SUP_039,8.7,low,0.0,51.1,104.62
2026-08-28,SUP_039,15.7,low,0.4,45.4,104.83
2026-08-29,SUP_039,0.0,low,10.9,38.6,104.89
2026-08-30,SUP_039,8.0,low,13.4,42.1,103.29
2026-08-31,SUP_039,20.2,low,22.2,48.3,105.21
2026-09-01,SUP_039,35.4,low,24.1,52.4,106.37
2026-09-02,SUP_039,29.5,low,27.4,49.9,107.21
2026-09-03,SUP_039,32.4,low,23.4,51.5,104.67
2026-09-04,SUP_039,39.1,low,16.6,52.9,104.72
2026-09-05,SUP_039,27.2,low,13.8,51.0,104.57
2026-09-06,SUP_039,37.6,low,13.5,49.6,105.34
2026-09-07,SUP_039,39.5,low,10.3,48.0,104.83
2026-09-08,SUP_039,32.8,low,5.8,41.9,104.57
2026-09-09,SUP_039,34.6,low,8.7,37.2,105.27
2026-09-10,SUP_039,33.4,low,4.4,33.2,104.4
2026-09-11,SUP_039,41.0,medium,0.0,25.0,103.76
2026-09-12,SUP_039,72.6,high,0.0,27.3,103.98
2026-09-13,SUP_039,74.4,high,0.0,28.2,105.47
2026-09-14,SUP_039,67.9,high,0.0,33.3,106.38
2026-09-15,SUP_039,60.1,medium,0.0,40.2,107.58
2026-09-16,SUP_039,64.5,medium,1.0,46.4,107.65
2026-09-17,SUP_039,57.9,medium,5.4,52.1,109.32
2026-09-18,SUP_039,68.7,high,3.2,45.6,107.37
2026-09-19,SUP_039,38.5,low,0.0,36.4,109.64
2026-09-20,SUP_039,30.5,low,0.0,41.1,112.04
2026-09-21,SUP_039,33.6,low,2.9,47.5,112.55
2026-09-22,SUP_039,26.8,low,8.5,53.8,113.48
2026-09-23,SUP_039,14.0,low,10.7,53.5,113.44
2026-06-01,SUP_040,48.8,medium,36.1,47.2,98.87
2026-06-02,SUP_040,39.8,low,33.5,49.6,99.43
2026-06-03,SUP_040,36.6,low,33.9,50.2,98.41
2026-06-04,SUP_040,54.5,medium,37.2,47.1,97.61
2026-06-05,SUP_040,68.3,high,39.3,49.1,97.46
2026-06-06,SUP_040,66.0,high,48.5,49.8,95.27
2026-06-07,SUP_040,69.6,high,47.4,55.5,92.25
2026-06-08,SUP_040,67.6,high,38.9,48.3,93.6
2026-06-09,SUP_040,55.2,medium,46.6,45.1,92.51
2026-06-10,SUP_040,77.4,high,39.5,50.4,95.65
2026-06-11,SUP_040,86.3,high,36.6,47.7,98.55
2026-06-12,SUP_040,83.5,high,38.1,44.1,97.8
2026-06-13,SUP_040,70.2,high,40.1,42.6,101.24
2026-06-14,SUP_040,66.1,high,32.9,43.9,102.62
2026-06-15,SUP_040,58.6,medium,30.1,45.1,101.67
2026-06-16,SUP_040,60.4,medium,24.3,45.5,97.88
2026-06-17,SUP_040,63.7,medium,29.3,41.5,98.89
2026-06-18,SUP_040,60.1,medium,36.2,47.6,98.93
2026-06-19,SUP_040,47.1,medium,30.7,55.7,99.57
2026-06-20,SUP_040,70.6,high,36.5,45.5,99.23
2026-06-21,SUP_040,70.6,high,41.1,38.7,97.55
2026-06-22,SUP_040,72.7,high,37.6,46.5,96.92
2026-06-23,SUP_040,66.1,high,28.2,56.0,97.96
2026-06-24,SUP_040,50.6,medium,24.6,44.6,97.44
2026-06-25,SUP_040,52.7,medium,23.8,50.5,96.91
2026-06-26,SUP_040,52.0,medium,33.2,59.8,94.68
2026-06-27,SUP_040,61.1,medium,33.4,54.5,94.81
2026-06-28,SUP_040,69.7,high,29.3,62.9,93.18
2026-06-29,SUP_040,74.9,high,31.3,60.8,94.53
2026-06-30,SUP_040,80.8,high,26.2,61.6,93.45
2026-07-01,SUP_040,92.8,high,30.4,56.8,93.01
2026-07-02,SUP_040,88.7,high,26.9,61.8,96.19
2026-07-03,SUP_040,92.2,high,24.6,65.2,95.74
2026-07-04,SUP_040,89.2,high,28.4,72.7,95.1
2026-07-05,SUP_040,64.8,medium,38.1,77.7,95.96
2026-07-06,SUP_040,62.7,medium,48.5,74.2,93.33
2026-07-07,SUP_040,54.5,medium,42.0,87.7,95.17
2026-07-08,SUP_040,58.5,medium,38.6,89.9,96.63
2026-07-09,SUP_040,52.1,medium,40.9,87.5,97.4
2026-07-10,SUP_040,60.1,medium,46.0,77.4,92.44
2026-07-11,SUP_040,69.7,high,34.6,66.0,92.06
2026-07-12,SUP_040,78.9,high,35.5,56.7,90.19
2026-07-13,SUP_040,89.7,high,33.6,51.5,91.84
2026-07-14,SUP_040,67.2,high,25.1,59.3,93.39
2026-07-15,SUP_040,54.8,medium,20.7,61.2,93.96
2026-07-16,SUP_040,83.7,high,20.6,57.1,92.19
2026-07-17,SUP_040,87.6,high,23.5,56.0,94.38
2026-07-18,SUP_040,83.3,high,30.5,54.5,94.0
2026-07-19,SUP_040,78.3,high,33.3,58.8,96.65
2026-07-20,SUP_040,73.7,high,38.5,53.6,97.04
2026-07-21,SUP_040,52.9,medium,38.5,55.7,97.79
2026-07-22,SUP_040,48.0,medium,35.1,57.1,97.11
2026-07-23,SUP_040,50.5,medium,34.7,52.4,99.18
2026-07-24,SUP_040,46.7,medium,38.5,61.1,100.07
2026-07-25,SUP_040,45.1,medium,43.3,58.6,102.2
2026-07-26,SUP_040,73.0,high,41.8,52.9,102.46
2026-07-27,SUP_040,67.9,high,36.8,57.7,102.39
2026-07-28,SUP_040,69.0,high,38.6,57.6,103.26
2026-07-29,SUP_040,69.5,high,40.8,59.3,105.38
2026-07-30,SUP_040,73.1,high,46.2,52.4,106.88
2026-07-31,SUP_040,65.9,high,41.7,57.1,107.08
2026-08-01,SUP_040,76.5,high,38.0,68.2,104.35
2026-08-02,SUP_040,77.0,high,41.6,59.6,105.54
2026-08-03,SUP_040,61.3,medium,39.1,60.8,103.43
2026-08-04,SUP_040,60.5,medium,36.8,55.8,103.48
2026-08-05,SUP_040,87.6,high,43.0,69.8,103.31
2026-08-06,SUP_040,86.2,high,35.7,74.1,101.22
2026-08-07,SUP_040,91.9,high,45.8,72.7,101.77
2026-08-08,SUP_040,97.4,high,41.7,63.6,104.94
2026-08-09,SUP_040,100.0,high,45.3,57.1,104.48
2026-08-10,SUP_040,100.0,high,43.7,60.7,105.61
2026-08-11,SUP_040,99.1,high,44.1,52.7,109.07
2026-08-12,SUP_040,48.7,medium,41.9,46.0,110.34
2026-08-13,SUP_040,59.2,medium,45.4,47.4,109.39
2026-08-14,SUP_040,64.5,medium,42.7,49.3,109.74
2026-08-15,SUP_040,54.7,medium,39.2,52.1,110.44
2026-08-16,SUP_040,59.1,medium,47.7,50.2,112.55
2026-08-17,SUP_040,65.9,high,46.3,55.8,114.34
2026-08-18,SUP_040,75.7,high,41.9,51.1,110.26
2026-08-19,SUP_040,77.0,high,34.2,55.0,109.01
2026-08-20,SUP_040,76.2,high,43.6,56.1,108.9
2026-08-21,SUP_040,81.5,high,40.2,59.1,107.41
2026-08-22,SUP_040,73.8,high,49.6,64.7,101.97
2026-08-23,SUP_040,74.6,high,49.8,60.9,100.9
2026-08-24,SUP_040,65.7,high,48.7,56.5,100.9
2026-08-25,SUP_040,75.1,high,47.9,47.4,100.13
2026-08-26,SUP_040,56.9,medium,56.9,37.9,98.66
2026-08-27,SUP_040,65.7,high,43.7,39.5,98.72
2026-08-28,SUP_040,65.0,medium,43.8,41.3,99.23
2026-08-29,SUP_040,73.2,high,41.7,37.6,98.54
2026-08-30,SUP_040,63.1,medium,57.5,35.6,100.55
2026-08-31,SUP_040,63.7,medium,57.8,46.6,100.64
2026-09-01,SUP_040,63.8,medium,56.2,52.5,99.36
2026-09-02,SUP_040,67.4,high,57.0,46.2,97.7
2026-09-03,SUP_040,56.3,medium,56.6,45.2,97.39
2026-09-04,SUP_040,63.6,medium,50.2,48.8,99.03
2026-09-05,SUP_040,46.1,medium,52.8,46.4,97.82
2026-09-06,SUP_040,43.9,medium,56.5,43.4,98.69
2026-09-07,SUP_040,34.0,low,53.8,43.4,98.83
2026-09-08,SUP_040,48.6,medium,62.9,50.9,101.76
2026-09-09,SUP_040,55.7,medium,68.1,57.7,102.34
2026-09-10,SUP_040,61.5,medium,70.2,53.4,101.31
2026-09-11,SUP_040,75.3,high,71.9,56.1,102.39
2026-09-12,SUP_040,69.0,high,69.5,55.9,103.52
2026-09-13,SUP_040,72.9,high,55.5,50.5,102.94
2026-09-14,SUP_040,70.8,high,60.3,49.6,101.23
2026-09-15,SUP_040,67.8,high,60.8,43.7,102.02
2026-09-16,SUP_040,78.4,high,54.7,51.5,102.11
2026-09-17,SUP_040,93.6,high,52.0,60.2,99.88
2026-09-18,SUP_040,81.7,high,52.6,57.3,100.26
2026-09-19,SUP_040,84.5,high,54.4,53.5,99.32
2026-09-20,SUP_040,81.8,high,51.6,59.3,97.09
2026-09-21,SUP_040,79.9,high,46.8,65.1,96.57
2026-09-22,SUP_040,77.7,high,53.0,57.7,98.46
2026-09-23,SUP_040,70.7,high,45.7,56.5,100.23
2026-06-01,SUP_041,61.0,medium,56.5,52.9,100.08
2026-06-02,SUP_041,73.0,high,56.5,50.3,97.07
2026-06-03,SUP_041,74.7,high,58.1,53.0,95.1
2026-06-04,SUP_041,60.6,medium,57.0,60.1,94.6
2026-06-05,SUP_041,70.1,high,50.4,51.2,93.5
2026-06-06,SUP_041,64.2,medium,45.8,44.7,93.2
2026-06-07,SUP_041,43.3,medium,43.2,54.0,95.03
2026-06-08,SUP_041,56.4,medium,50.6,58.0,94.93
2026-06-09,SUP_041,48.0,medium,55.3,56.2,93.21
2026-06-10,SUP_041,67.0,high,49.1,65.0,92.18
2026-06-11,SUP_041,75.4,high,49.2,56.3,94.4
2026-06-12,SUP_041,68.9,high,47.1,61.0,96.4
2026-06-13,SUP_041,70.5,high,46.5,59.8,97.17
2026-06-14,SUP_041,89.8,high,44.2,62.3,95.14
2026-06-15,SUP_041,91.1,high,51.4,48.6,95.54
2026-06-16,SUP_041,85.0,high,50.8,48.2,96.04
2026-06-17,SUP_041,100.0,high,51.4,53.1,96.07
2026-06-18,SUP_041,94.4,high,52.0,53.0,95.33
2026-06-19,SUP_041,90.7,high,46.5,59.9,94.86
2026-06-20,SUP_041,73.8,high,47.2,65.6,94.03
2026-06-21,SUP_041,54.4,medium,52.4,59.0,92.54
2026-06-22,SUP_041,52.6,medium,58.7,62.7,94.31
2026-06-23,SUP_041,54.3,medium,51.7,56.3,95.46
2026-06-24,SUP_041,58.3,medium,43.9,56.4,95.09
2026-06-25,SUP_041,45.1,medium,72.1,59.7,95.55
2026-06-26,SUP_041,54.4,medium,77.9,54.6,96.05
2026-06-27,SUP_041,47.6,medium,79.2,58.8,99.1
2026-06-28,SUP_041,55.9,medium,81.8,55.6,100.24
2026-06-29,SUP_041,65.0,high,74.4,52.4,101.32
2026-06-30,SUP_041,59.6,medium,71.8,56.5,101.37
2026-07-01,SUP_041,50.3,medium,61.9,51.9,100.81
2026-07-02,SUP_041,66.5,high,63.3,47.7,102.6
2026-07-03,SUP_041,72.5,high,54.8,54.3,103.45
2026-07-04,SUP_041,70.3,high,64.2,54.9,102.37
2026-07-05,SUP_041,80.8,high,73.2,47.3,102.96
2026-07-06,SUP_041,75.9,high,74.2,53.0,104.05
2026-07-07,SUP_041,65.7,high,67.2,51.1,101.33
2026-07-08,SUP_041,54.5,medium,70.2,44.3,100.13
2026-07-09,SUP_041,54.3,medium,52.5,32.7,100.6
2026-07-10,SUP_041,62.4,medium,54.1,40.8,98.1
2026-07-11,SUP_041,74.2,high,58.8,38.4,95.8
2026-07-12,SUP_041,70.3,high,54.9,34.3,95.45
2026-07-13,SUP_041,78.5,high,49.7,40.8,96.09
2026-07-14,SUP_041,71.4,high,49.1,47.2,96.79
2026-07-15,SUP_041,60.8,medium,39.8,44.2,98.84
2026-07-16,SUP_041,48.0,medium,51.8,50.6,98.95
2026-07-17,SUP_041,45.8,medium,51.9,62.1,98.47
2026-07-18,SUP_041,37.1,low,55.4,68.1,96.77
2026-07-19,SUP_041,60.9,medium,52.1,72.4,96.27
2026-07-20,SUP_041,64.3,medium,44.2,71.5,97.19
2026-07-21,SUP_041,61.8,medium,51.5,66.7,98.17
2026-07-22,SUP_041,76.8,high,45.6,64.6,98.51
2026-07-23,SUP_041,60.0,medium,47.7,65.5,99.22
2026-07-24,SUP_041,58.3,medium,49.8,57.3,100.88
2026-07-25,SUP_041,76.7,high,49.9,52.9,100.98
2026-07-26,SUP_041,70.7,high,45.9,45.7,102.76
2026-07-27,SUP_041,90.2,high,45.5,48.3,101.81
2026-07-28,SUP_041,89.4,high,41.4,49.8,101.72
2026-07-29,SUP_041,93.7,high,46.2,47.1,101.09
2026-07-30,SUP_041,97.1,high,49.2,52.6,102.12
2026-07-31,SUP_041,87.3,high,48.9,47.5,100.8
2026-08-01,SUP_041,75.5,high,46.1,45.0,100.38
2026-08-02,SUP_041,70.0,high,56.3,50.6,97.97
2026-08-03,SUP_041,57.9,medium,48.9,56.1,98.74
2026-08-04,SUP_041,57.3,medium,41.5,51.8,100.36
2026-08-05,SUP_041,57.4,medium,42.1,53.5,101.55
2026-08-06,SUP_041,73.2,high,41.7,49.6,102.6
2026-08-07,SUP_041,74.9,high,47.9,49.4,103.69
2026-08-08,SUP_041,92.6,high,51.0,51.0,104.6
2026-08-09,SUP_041,63.9,medium,50.6,54.5,105.4
2026-08-10,SUP_041,51.2,medium,52.6,56.3,106.29
2026-08-11,SUP_041,86.9,high,54.2,57.5,105.43
2026-08-12,SUP_041,100.0,high,63.3,51.5,105.17
2026-08-13,SUP_041,99.9,high,62.2,54.0,105.26
2026-08-14,SUP_041,85.2,high,56.8,57.1,104.83
2026-08-15,SUP_041,85.4,high,56.4,60.4,102.79
2026-08-16,SUP_041,76.8,high,42.8,55.8,101.18
2026-08-17,SUP_041,68.5,high,43.4,60.5,101.48
2026-08-18,SUP_041,56.4,medium,49.3,52.7,102.66
2026-08-19,SUP_041,53.6,medium,51.9,50.8,102.67
2026-08-20,SUP_041,56.3,medium,52.8,50.0,106.27
2026-08-21,SUP_041,55.8,medium,55.1,44.1,105.07
2026-08-22,SUP_041,54.1,medium,59.3,44.2,105.65
2026-08-23,SUP_041,47.3,medium,64.3,47.0,107.33
2026-08-24,SUP_041,47.1,medium,64.0,38.6,108.72
2026-08-25,SUP_041,52.9,medium,60.1,39.0,109.57
2026-08-26,SUP_041,67.3,high,47.3,32.1,110.96
2026-08-27,SUP_041,73.8,high,52.1,46.3,111.03
2026-08-28,SUP_041,58.5,medium,53.9,48.8,113.19
2026-08-29,SUP_041,67.6,high,53.7,50.4,114.86
2026-08-30,SUP_041,69.6,high,49.6,52.3,113.76
2026-08-31,SUP_041,60.9,medium,53.9,55.9,114.17
2026-09-01,SUP_041,61.9,medium,51.8,60.9,112.16
2026-09-02,SUP_041,66.2,high,51.1,51.8,114.14
2026-09-03,SUP_041,64.6,medium,50.4,59.2,114.43
2026-09-04,SUP_041,67.4,high,52.1,65.1,116.19
2026-09-05,SUP_041,57.0,medium,46.1,63.2,116.04
2026-09-06,SUP_041,75.7,high,49.0,61.4,113.63
2026-09-07,SUP_041,53.4,medium,45.5,44.1,117.06
2026-09-08,SUP_041,59.9,medium,42.6,39.2,117.23
2026-09-09,SUP_041,62.8,medium,47.6,44.3,115.93
2026-09-10,SUP_041,67.6,high,42.9,52.2,117.42
2026-09-11,SUP_041,58.6,medium,47.9,56.5,120.07
2026-09-12,SUP_041,69.3,high,48.4,55.8,119.8
2026-09-13,SUP_041,65.5,high,40.5,65.9,119.67
2026-09-14,SUP_041,52.6,medium,48.1,69.5,119.98
2026-09-15,SUP_041,43.8,medium,49.6,65.3,118.54
2026-09-16,SUP_041,48.5,medium,51.2,75.2,117.64
2026-09-17,SUP_041,36.1,low,55.5,66.4,119.96
2026-09-18,SUP_041,58.3,medium,61.5,57.0,119.79
2026-09-19,SUP_041,67.9,high,60.4,54.4,118.7
2026-09-20,SUP_041,82.3,high,61.5,50.5,118.11
2026-09-21,SUP_041,92.2,high,61.2,49.3,119.5
2026-09-22,SUP_041,80.4,high,57.6,54.3,116.94
2026-09-23,SUP_041,66.7,high,48.7,54.3,117.27
2026-06-01,SUP_042,46.5,medium,84.2,39.3,102.68
2026-06-02,SUP_042,42.3,medium,90.5,40.3,102.32
2026-06-03,SUP_042,25.3,low,88.9,53.6,102.61
2026-06-04,SUP_042,26.7,low,91.1,56.5,102.02
2026-06-05,SUP_042,18.3,low,92.9,56.0,102.87
2026-06-06,SUP_042,17.3,low,87.7,55.8,103.27
2026-06-07,SUP_042,20.5,low,88.2,62.4,102.63
2026-06-08,SUP_042,14.5,low,92.8,53.2,102.46
2026-06-09,SUP_042,13.9,low,82.2,49.5,103.57
2026-06-10,SUP_042,11.0,low,81.9,37.3,104.59
2026-06-11,SUP_042,9.1,low,80.6,39.9,103.6
2026-06-12,SUP_042,5.0,low,78.3,43.6,103.32
2026-06-13,SUP_042,6.8,low,75.9,37.1,104.77
2026-06-14,SUP_042,4.3,low,74.9,44.3,104.72
2026-06-15,SUP_042,16.2,low,74.5,39.1,104.93
2026-06-16,SUP_042,21.5,low,77.9,36.7,105.78
2026-06-17,SUP_042,34.7,low,77.8,37.1,104.85
2026-06-18,SUP_042,51.0,medium,74.6,45.2,104.22
2026-06-19,SUP_042,52.0,medium,68.7,39.1,104.05
2026-06-20,SUP_042,50.7,medium,65.5,40.0,105.03
2026-06-21,SUP_042,52.4,medium,66.2,43.4,105.88
2026-06-22,SUP_042,51.1,medium,62.2,45.1,106.49
2026-06-23,SUP_042,46.3,medium,66.7,46.8,106.46
2026-06-24,SUP_042,41.9,medium,68.0,49.0,107.39
2026-06-25,SUP_042,29.5,low,72.5,44.0,107.35
2026-06-26,SUP_042,37.4,low,67.9,51.5,107.86
2026-06-27,SUP_042,35.3,low,63.1,48.5,108.62
2026-06-28,SUP_042,47.4,medium,68.3,45.2,109.97
2026-06-29,SUP_042,51.5,medium,91.1,50.7,110.01
2026-06-30,SUP_042,40.3,medium,89.2,45.1,109.81
2026-07-01,SUP_042,49.3,medium,91.9,45.2,110.86
2026-07-02,SUP_042,20.8,low,94.0,39.9,111.97
2026-07-03,SUP_042,40.9,medium,86.7,52.4,111.63
2026-07-04,SUP_042,25.8,low,93.1,62.0,110.88
2026-07-05,SUP_042,31.4,low,89.9,57.4,111.87
2026-07-06,SUP_042,35.0,low,97.2,56.7,110.71
2026-07-07,SUP_042,44.2,medium,89.1,53.5,109.51
2026-07-08,SUP_042,37.6,low,90.0,48.9,109.38
2026-07-09,SUP_042,15.8,low,88.4,47.4,109.46
2026-07-10,SUP_042,16.3,low,78.5,45.4,108.66
2026-07-11,SUP_042,17.7,low,82.6,35.8,108.83
2026-07-12,SUP_042,1.8,low,73.9,37.1,109.03
2026-07-13,SUP_042,9.3,low,51.1,36.5,108.67
2026-07-14,SUP_042,4.5,low,58.0,37.9,110.2
2026-07-15,SUP_042,16.9,low,56.1,37.1,110.52
2026-07-16,SUP_042,17.9,low,52.7,34.9,111.37
2026-07-17,SUP_042,39.1,low,57.9,39.5,110.28
2026-07-18,SUP_042,34.4,low,57.3,41.6,109.17
2026-07-19,SUP_042,37.3,low,56.1,48.0,109.52
2026-07-20,SUP_042,33.5,low,63.0,48.7,110.92
2026-07-21,SUP_042,17.6,low,57.3,45.6,110.16
2026-07-22,SUP_042,18.8,low,55.8,47.2,110.26
2026-07-23,SUP_042,28.6,low,60.9,35.0,109.34
2026-07-24,SUP_042,34.5,low,55.2,46.0,108.79
2026-07-25,SUP_042,30.7,low,64.6,45.8,108.94
2026-07-26,SUP_042,17.0,low,63.2,55.7,108.57
2026-07-27,SUP_042,26.2,low,67.2,48.0,107.59
2026-07-28,SUP_042,31.1,low,70.5,40.2,106.59
2026-07-29,SUP_042,38.6,low,68.5,41.3,105.17
2026-07-30,SUP_042,33.9,low,65.3,42.3,105.53
2026-07-31,SUP_042,17.3,low,64.6,43.0,105.98
2026-08-01,SUP_042,25.4,low,67.6,42.8,106.42
2026-08-02,SUP_042,26.5,low,62.1,38.3,105.74
2026-08-03,SUP_042,40.3,medium,56.4,30.0,106.49
2026-08-04,SUP_042,38.0,low,64.2,32.2,107.03
2026-08-05,SUP_042,35.6,low,60.4,25.9,107.03
2026-08-06,SUP_042,38.0,low,62.3,20.0,106.91
2026-08-07,SUP_042,30.5,low,61.3,20.2,106.43
2026-08-08,SUP_042,24.4,low,60.7,24.7,106.57
2026-08-09,SUP_042,24.9,low,67.7,36.7,107.79
2026-08-10,SUP_042,17.6,low,66.4,41.6,108.64
2026-08-11,SUP_042,18.6,low,64.1,48.2,108.45
2026-08-12,SUP_042,39.4,low,62.5,49.7,108.86
2026-08-13,SUP_042,46.7,medium,60.0,49.4,108.03
2026-08-14,SUP_042,45.4,medium,57.1,60.4,108.58
2026-08-15,SUP_042,55.9,medium,55.5,49.6,107.95
2026-08-16,SUP_042,41.8,medium,64.4,45.3,108.47
2026-08-17,SUP_042,61.9,medium,67.4,42.0,110.71
2026-08-18,SUP_042,49.7,medium,64.9,45.6,110.28
2026-08-19,SUP_042,63.3,medium,69.1,38.9,112.48
2026-08-20,SUP_042,73.5,high,60.5,42.3,112.85
2026-08-21,SUP_042,46.4,medium,67.3,44.3,112.28
2026-08-22,SUP_042,55.9,medium,72.6,47.2,111.68
2026-08-23,SUP_042,46.8,medium,81.6,49.5,113.46
2026-08-24,SUP_042,37.3,low,83.5,55.5,113.83
2026-08-25,SUP_042,40.4,medium,82.3,52.1,113.41
2026-08-26,SUP_042,28.4,low,85.4,52.4,113.25
2026-08-27,SUP_042,33.5,low,78.9,45.9,113.58
2026-08-28,SUP_042,23.9,low,74.5,39.2,113.57
2026-08-29,SUP_042,27.1,low,72.3,47.8,113.83
2026-08-30,SUP_042,40.2,medium,77.3,41.6,115.17
2026-08-31,SUP_042,41.2,medium,70.9,44.0,114.32
2026-09-01,SUP_042,35.1,low,65.0,45.5,114.8
2026-09-02,SUP_042,38.8,low,65.7,50.1,114.75
2026-09-03,SUP_042,23.6,low,68.5,39.1,114.37
2026-09-04,SUP_042,17.4,low,64.2,43.2,115.18
2026-09-05,SUP_042,16.6,low,67.1,41.6,114.08
2026-09-06,SUP_042,27.2,low,72.8,37.5,112.3
2026-09-07,SUP_042,31.7,low,76.9,35.8,112.47
2026-09-08,SUP_042,36.2,low,76.3,41.1,112.36
2026-09-09,SUP_042,34.4,low,73.7,44.1,111.35
2026-09-10,SUP_042,26.0,low,80.2,42.0,110.06
2026-09-11,SUP_042,66.2,high,77.5,35.0,111.51
2026-09-12,SUP_042,57.1,medium,79.7,29.3,111.86
2026-09-13,SUP_042,60.6,medium,86.3,34.2,111.87
2026-09-14,SUP_042,58.2,medium,86.6,27.6,113.53
2026-09-15,SUP_042,62.8,medium,78.2,28.1,114.3
2026-09-16,SUP_042,55.3,medium,69.9,43.2,115.63
2026-09-17,SUP_042,65.1,high,67.3,44.4,114.74
2026-09-18,SUP_042,50.0,medium,69.9,46.9,113.82
2026-09-19,SUP_042,54.2,medium,70.8,39.5,114.29
2026-09-20,SUP_042,49.6,medium,79.9,32.4,114.6
2026-09-21,SUP_042,40.7,medium,79.3,37.0,115.54
2026-09-22,SUP_042,64.1,medium,75.2,35.2,114.31
2026-09-23,SUP_042,46.4,medium,67.8,41.3,114.84
2026-06-01,SUP_043,26.6,low,26.9,21.5,100.01
2026-06-02,SUP_043,25.2,low,30.0,19.6,100.81
2026-06-03,SUP_043,30.7,low,26.3,15.3,101.84
2026-06-04,SUP_043,15.8,low,27.5,26.7,101.78
2026-06-05,SUP_043,16.4,low,22.4,20.0,101.64
2026-06-06,SUP_043,37.0,low,20.3,23.0,101.73
2026-06-07,SUP_043,43.2,medium,15.0,27.1,100.11
2026-06-08,SUP_043,44.4,medium,11.9,30.2,100.3
2026-06-09,SUP_043,43.2,medium,11.7,33.3,100.78
2026-06-10,SUP_043,35.2,low,10.3,38.5,100.88
2026-06-11,SUP_043,16.4,low,7.8,35.6,101.11
2026-06-12,SUP_043,22.8,low,3.2,36.0,101.08
2026-06-13,SUP_043,0.7,low,14.7,34.3,99.74
2026-06-14,SUP_043,3.7,low,12.8,41.3,100.86
2026-06-15,SUP_043,9.0,low,15.2,51.4,100.61
2026-06-16,SUP_043,8.9,low,7.3,42.6,100.19
2026-06-17,SUP_043,33.0,low,15.3,30.8,101.11
2026-06-18,SUP_043,47.9,medium,16.5,34.4,101.77
2026-06-19,SUP_043,51.7,medium,14.6,40.1,101.95
2026-06-20,SUP_043,36.5,low,13.1,49.7,102.47
2026-06-21,SUP_043,51.4,medium,17.9,51.4,101.69
2026-06-22,SUP_043,79.7,high,3.9,56.3,101.64
2026-06-23,SUP_043,64.6,medium,2.1,61.8,102.51
2026-06-24,SUP_043,62.3,medium,4.0,65.5,102.05
2026-06-25,SUP_043,69.1,high,5.4,65.6,101.38
2026-06-26,SUP_043,59.8,medium,19.2,54.2,101.43
2026-06-27,SUP_043,59.7,medium,17.4,51.3,101.5
2026-06-28,SUP_043,61.3,medium,22.2,50.4,101.94
2026-06-29,SUP_043,20.1,low,30.2,47.6,101.01
2026-06-30,SUP_043,18.8,low,31.5,45.5,99.29
2026-07-01,SUP_043,10.9,low,26.3,52.2,99.91
2026-07-02,SUP_043,22.5,low,19.0,45.6,99.19
2026-07-03,SUP_043,14.7,low,22.4,48.2,98.77
2026-07-04,SUP_043,20.0,low,29.5,47.9,97.31
2026-07-05,SUP_043,8.4,low,30.4,41.5,97.99
2026-07-06,SUP_043,2.0,low,34.4,34.8,98.23
2026-07-07,SUP_043,0.0,low,44.2,25.9,98.44
2026-07-08,SUP_043,1.2,low,44.2,29.8,98.64
2026-07-09,SUP_043,8.8,low,35.1,30.3,97.26
2026-07-10,SUP_043,16.2,low,32.8,26.6,96.59
2026-07-11,SUP_043,2.0,low,37.0,18.0,96.29
2026-07-12,SUP_043,6.2,low,33.0,22.8,95.79
2026-07-13,SUP_043,3.9,low,37.9,23.7,95.6
2026-07-14,SUP_043,14.2,low,34.6,21.7,95.77
2026-07-15,SUP_043,14.4,low,33.7,18.6,96.45
2026-07-16,SUP_043,16.3,low,29.7,19.8,95.45
2026-07-17,SUP_043,11.6,low,28.7,24.5,95.44
2026-07-18,SUP_043,30.9,low,28.1,24.4,95.92
2026-07-19,SUP_043,17.5,low,18.9,19.7,95.3
2026-07-20,SUP_043,15.7,low,16.7,21.7,95.17
2026-07-21,SUP_043,19.0,low,11.1,29.2,95.48
2026-07-22,SUP_043,18.2,low,10.2,30.3,95.49
2026-07-23,SUP_043,12.8,low,7.6,31.4,95.95
2026-07-24,SUP_043,0.0,low,13.9,30.2,96.01
2026-07-25,SUP_043,0.0,low,19.4,26.2,95.8
2026-07-26,SUP_043,0.0,low,21.8,22.7,95.01
2026-07-27,SUP_043,19.4,low,15.3,15.8,95.18
2026-07-28,SUP_043,41.7,medium,15.2,24.9,95.24
2026-07-29,SUP_043,37.1,low,9.2,28.8,94.58
2026-07-30,SUP_043,21.1,low,9.9,30.2,94.97
2026-07-31,SUP_043,28.9,low,14.1,32.5,95.82
2026-08-01,SUP_043,18.8,low,19.4,34.6,95.38
2026-08-02,SUP_043,15.3,low,21.5,30.8,94.89
2026-08-03,SUP_043,11.9,low,26.9,29.7,94.37
2026-08-04,SUP_043,10.5,low,26.8,28.0,93.24
2026-08-05,SUP_043,10.9,low,24.4,42.3,94.59
2026-08-06,SUP_043,2.2,low,27.6,46.6,94.29
2026-08-07,SUP_043,1.4,low,30.4,45.7,93.71
2026-08-08,SUP_043,16.8,low,26.1,51.3,92.95
2026-08-09,SUP_043,18.5,low,26.7,55.4,92.69
2026-08-10,SUP_043,21.3,low,24.0,45.1,92.22
2026-08-11,SUP_043,1.5,low,13.5,42.4,93.19
2026-08-12,SUP_043,16.2,low,16.3,41.2,92.35
2026-08-13,SUP_043,12.0,low,10.4,43.5,91.32
2026-08-14,SUP_043,25.7,low,13.1,41.0,91.69
2026-08-15,SUP_043,26.9,low,6.6,39.6,91.62
2026-08-16,SUP_043,21.3,low,4.9,36.5,91.47
2026-08-17,SUP_043,6.7,low,4.8,41.8,91.84
2026-08-18,SUP_043,31.4,low,12.5,33.2,91.93
2026-08-19,SUP_043,37.2,low,10.8,31.2,91.9
2026-08-20,SUP_043,42.2,medium,6.8,22.0,90.96
2026-08-21,SUP_043,54.7,medium,10.2,18.6,89.83
2026-08-22,SUP_043,49.4,medium,10.3,22.7,89.36
2026-08-23,SUP_043,55.8,medium,15.2,26.3,88.63
2026-08-24,SUP_043,43.7,medium,10.8,26.0,88.81
2026-08-25,SUP_043,45.8,medium,12.9,33.2,87.6
2026-08-26,SUP_043,34.8,low,25.4,40.6,87.3
2026-08-27,SUP_043,27.7,low,23.1,39.4,87.19
2026-08-28,SUP_043,27.9,low,23.3,40.1,87.16
2026-08-29,SUP_043,15.4,low,14.6,36.9,87.43
2026-08-30,SUP_043,20.9,low,11.1,40.0,87.21
2026-08-31,SUP_043,19.0,low,14.3,32.9,86.76
2026-09-01,SUP_043,2.1,low,13.3,42.7,87.6
2026-09-02,SUP_043,3.6,low,16.9,47.5,87.38
2026-09-03,SUP_043,5.8,low,19.1,39.3,88.34
2026-09-04,SUP_043,18.5,low,12.7,34.5,88.12
2026-09-05,SUP_043,22.7,low,18.3,36.8,88.11
2026-09-06,SUP_043,36.7,low,12.3,34.8,88.01
2026-09-07,SUP_043,38.6,low,9.6,37.7,88.17
2026-09-08,SUP_043,55.3,medium,11.9,35.4,87.89
2026-09-09,SUP_043,53.5,medium,20.3,43.4,87.95
2026-09-10,SUP_043,49.4,medium,15.2,42.1,88.98
2026-09-11,SUP_043,54.1,medium,16.3,53.8,89.69
2026-09-12,SUP_043,53.7,medium,17.3,54.2,90.4
2026-09-13,SUP_043,47.0,medium,20.5,44.2,89.49
2026-09-14,SUP_043,47.9,medium,25.7,53.8,88.7
2026-09-15,SUP_043,27.5,low,22.7,56.8,88.85
2026-09-16,SUP_043,17.6,low,26.8,55.5,89.37
2026-09-17,SUP_043,22.4,low,31.8,55.8,89.02
2026-09-18,SUP_043,8.4,low,38.2,46.4,88.55
2026-09-19,SUP_043,22.8,low,37.5,35.2,89.48
2026-09-20,SUP_043,28.2,low,35.3,35.0,89.95
2026-09-21,SUP_043,42.5,medium,30.5,42.2,90.66
2026-09-22,SUP_043,27.8,low,21.7,43.2,90.36
2026-09-23,SUP_043,37.6,low,19.8,51.0,90.01
2026-06-01,SUP_044,32.3,low,63.5,39.1,103.3
2026-06-02,SUP_044,33.7,low,61.0,42.4,101.16
2026-06-03,SUP_044,37.9,low,57.2,33.1,101.91
2026-06-04,SUP_044,42.3,medium,52.6,42.3,98.12
2026-06-05,SUP_044,57.0,medium,50.5,53.2,96.08
2026-06-06,SUP_044,52.5,medium,55.3,55.4,97.42
2026-06-07,SUP_044,60.2,medium,48.1,56.6,97.47
2026-06-08,SUP_044,44.4,medium,52.1,56.5,96.91
2026-06-09,SUP_044,37.4,low,49.2,51.6,95.68
2026-06-10,SUP_044,18.3,low,49.1,48.5,92.66
2026-06-11,SUP_044,25.1,low,49.3,51.5,93.71
2026-06-12,SUP_044,34.8,low,49.1,43.9,93.28
2026-06-13,SUP_044,12.5,low,48.6,37.0,90.99
2026-06-14,SUP_044,21.1,low,47.5,34.6,91.03
2026-06-15,SUP_044,31.4,low,45.9,38.1,91.91
2026-06-16,SUP_044,38.6,low,53.5,33.1,91.61
2026-06-17,SUP_044,27.9,low,53.9,32.2,91.78
2026-06-18,SUP_044,38.1,low,53.4,32.1,91.84
2026-06-19,SUP_044,38.6,low,50.6,27.2,90.77
2026-06-20,SUP_044,44.5,medium,49.3,15.5,90.85
2026-06-21,SUP_044,42.2,medium,47.1,13.0,91.96
2026-06-22,SUP_044,45.2,medium,51.9,17.7,93.52
2026-06-23,SUP_044,54.1,medium,48.8,22.8,94.72
2026-06-24,SUP_044,48.7,medium,39.1,27.3,93.7
2026-06-25,SUP_044,49.2,medium,41.8,31.6,94.66
2026-06-26,SUP_044,58.5,medium,42.4,28.8,95.36
2026-06-27,SUP_044,52.6,medium,41.5,25.3,94.29
2026-06-28,SUP_044,39.0,low,47.9,28.8,93.59
2026-06-29,SUP_044,45.5,medium,36.0,28.6,94.62
2026-06-30,SUP_044,57.4,medium,46.3,34.3,96.69
2026-07-01,SUP_044,65.0,high,52.6,36.4,93.96
2026-07-02,SUP_044,65.4,high,50.0,43.0,96.43
2026-07-03,SUP_044,37.3,low,48.6,39.3,98.19
2026-07-04,SUP_044,32.1,low,52.0,44.3,98.49
2026-07-05,SUP_044,28.7,low,54.9,53.6,98.13
2026-07-06,SUP_044,31.9,low,51.9,51.1,98.72
2026-07-07,SUP_044,49.6,medium,44.7,51.3,97.75
2026-07-08,SUP_044,37.2,low,56.3,44.0,97.48
2026-07-09,SUP_044,58.6,medium,60.6,47.3,95.26
2026-07-10,SUP_044,50.4,medium,60.5,51.4,92.63
2026-07-11,SUP_044,40.7,medium,60.5,46.4,96.15
2026-07-12,SUP_044,48.4,medium,62.7,47.8,96.24
2026-07-13,SUP_044,54.8,medium,65.0,47.3,96.55
2026-07-14,SUP_044,57.1,medium,53.6,47.5,96.5
2026-07-15,SUP_044,78.1,high,52.2,49.9,95.26
2026-07-16,SUP_044,81.3,high,50.4,50.4,94.79
2026-07-17,SUP_044,69.5,high,50.4,47.4,94.93
2026-07-18,SUP_044,62.9,medium,54.7,49.9,94.63
2026-07-19,SUP_044,64.4,medium,46.3,53.5,93.5
2026-07-20,SUP_044,58.8,medium,41.2,47.8,94.22
2026-07-21,SUP_044,71.9,high,40.0,45.9,94.51
2026-07-22,SUP_044,34.3,low,43.0,34.9,95.1
2026-07-23,SUP_044,33.7,low,48.7,38.0,96.16
2026-07-24,SUP_044,27.1,low,57.4,44.0,95.91
2026-07-25,SUP_044,39.9,low,55.7,41.3,95.65
2026-07-26,SUP_044,33.8,low,59.5,41.1,97.89
2026-07-27,SUP_044,45.9,medium,62.2,39.0,96.46
2026-07-28,SUP_044,54.3,medium,63.7,36.4,93.64
2026-07-29,SUP_044,46.6,medium,62.3,37.4,94.47
2026-07-30,SUP_044,45.2,medium,59.3,32.9,93.52
2026-07-31,SUP_044,39.5,low,53.6,32.0,91.9
2026-08-01,SUP_044,44.7,medium,48.4,27.7,93.23
2026-08-02,SUP_044,41.7,medium,51.1,31.9,93.02
2026-08-03,SUP_044,37.4,low,51.4,33.6,91.11
2026-08-04,SUP_044,38.5,low,50.0,31.5,94.03
2026-08-05,SUP_044,24.2,low,53.9,32.3,91.6
2026-08-06,SUP_044,27.5,low,53.1,31.5,91.47
2026-08-07,SUP_044,36.6,low,49.1,38.1,88.62
2026-08-08,SUP_044,38.7,low,48.7,35.3,89.02
2026-08-09,SUP_044,47.9,medium,53.5,38.6,88.06
2026-08-10,SUP_044,42.4,medium,48.9,34.3,89.29
2026-08-11,SUP_044,37.6,low,50.8,38.7,89.27
2026-08-12,SUP_044,27.8,low,51.2,43.6,91.31
2026-08-13,SUP_044,27.1,low,48.1,48.0,90.66
2026-08-14,SUP_044,48.5,medium,47.8,53.8,88.24
2026-08-15,SUP_044,49.0,medium,41.4,52.5,88.59
2026-08-16,SUP_044,41.3,medium,44.0,56.4,88.21
2026-08-17,SUP_044,31.7,low,39.1,61.8,85.47
2026-08-18,SUP_044,18.9,low,46.6,51.9,83.87
2026-08-19,SUP_044,16.5,low,47.4,46.1,82.76
2026-08-20,SUP_044,29.4,low,45.9,36.6,85.11
2026-08-21,SUP_044,28.1,low,52.7,41.9,86.18
2026-08-22,SUP_044,22.2,low,48.2,33.0,85.65
2026-08-23,SUP_044,18.8,low,45.7,23.9,86.36
2026-08-24,SUP_044,30.1,low,38.4,19.8,83.28
2026-08-25,SUP_044,31.8,low,47.1,12.9,82.43
2026-08-26,SUP_044,28.1,low,57.2,17.6,83.04
2026-08-27,SUP_044,28.2,low,48.9,14.5,83.29
2026-08-28,SUP_044,51.6,medium,45.9,8.7,82.47
2026-08-29,SUP_044,60.0,medium,47.6,12.4,82.42
2026-08-30,SUP_044,68.6,high,46.3,15.9,82.93
2026-08-31,SUP_044,45.2,medium,47.5,8.9,82.91
2026-09-01,SUP_044,42.5,medium,48.0,9.1,84.21
2026-09-02,SUP_044,35.9,low,51.0,12.6,84.69
2026-09-03,SUP_044,75.1,high,47.0,14.1,85.46
2026-09-04,SUP_044,84.4,high,49.2,15.5,88.05
2026-09-05,SUP_044,84.6,high,44.7,24.6,89.3
2026-09-06,SUP_044,73.7,high,44.3,37.5,91.93
2026-09-07,SUP_044,67.4,high,37.7,35.4,90.91
2026-09-08,SUP_044,74.6,high,38.4,28.4,88.51
2026-09-09,SUP_044,80.9,high,38.1,28.2,88.3
2026-09-10,SUP_044,47.1,medium,45.2,30.2,87.96
2026-09-11,SUP_044,46.5,medium,46.3,30.7,90.16
2026-09-12,SUP_044,45.4,medium,48.2,34.5,88.45
2026-09-13,SUP_044,46.5,medium,49.1,46.2,88.33
2026-09-14,SUP_044,51.5,medium,39.9,35.5,88.95
2026-09-15,SUP_044,54.5,medium,32.7,32.8,89.1
2026-09-16,SUP_044,51.1,medium,34.5,41.2,88.84
2026-09-17,SUP_044,47.9,medium,38.9,37.5,89.38
2026-09-18,SUP_044,45.1,medium,40.2,41.3,91.01
2026-09-19,SUP_044,36.6,low,38.4,43.7,93.33
2026-09-20,SUP_044,30.1,low,39.7,48.9,93.37
2026-09-21,SUP_044,37.6,low,40.5,56.9,92.14
2026-09-22,SUP_044,31.6,low,46.3,55.4,94.46
2026-09-23,SUP_044,41.2,medium,51.1,43.1,92.83
2026-06-01,SUP_045,49.1,medium,56.1,24.1,100.11
2026-06-02,SUP_045,47.0,medium,60.1,27.9,99.82
2026-06-03,SUP_045,49.9,medium,79.6,27.2,98.92
2026-06-04,SUP_045,47.2,medium,79.2,27.2,99.12
2026-06-05,SUP_045,52.5,medium,65.7,32.6,99.32
2026-06-06,SUP_045,70.1,high,59.2,35.1,99.16
2026-06-07,SUP_045,50.6,medium,60.1,34.5,99.76
2026-06-08,SUP_045,19.0,low,56.2,43.4,99.34
2026-06-09,SUP_045,20.9,low,54.6,46.0,98.31
2026-06-10,SUP_045,21.7,low,57.6,42.2,97.9
2026-06-11,SUP_045,23.3,low,56.5,39.2,97.01
2026-06-12,SUP_045,19.4,low,50.6,42.7,97.21
2026-06-13,SUP_045,33.1,low,55.5,42.6,96.77
2026-06-14,SUP_045,22.5,low,58.0,35.6,97.34
2026-06-15,SUP_045,31.6,low,56.4,40.2,97.9
2026-06-16,SUP_045,40.1,medium,59.6,46.0,97.36
2026-06-17,SUP_045,43.5,medium,44.0,50.6,96.89
2026-06-18,SUP_045,47.6,medium,49.7,56.4,97.2
2026-06-19,SUP_045,55.0,medium,49.0,64.1,97.77
2026-06-20,SUP_045,52.3,medium,53.9,68.8,96.61
2026-06-21,SUP_045,46.5,medium,42.9,65.6,96.77
2026-06-22,SUP_045,49.9,medium,44.7,59.9,95.49
2026-06-23,SUP_045,53.5,medium,42.1,46.5,95.17
2026-06-24,SUP_045,58.8,medium,37.7,44.8,95.81
2026-06-25,SUP_045,38.8,low,43.5,46.1,97.56
2026-06-26,SUP_045,37.9,low,47.2,44.7,97.42
2026-06-27,SUP_045,29.0,low,36.6,33.3,96.69
2026-06-28,SUP_045,37.5,low,40.5,32.0,96.4
2026-06-29,SUP_045,45.3,medium,43.3,35.9,96.43
2026-06-30,SUP_045,42.0,medium,39.3,30.3,96.05
2026-07-01,SUP_045,35.2,low,35.5,31.9,95.51
2026-07-02,SUP_045,42.4,medium,28.6,34.6,95.26
2026-07-03,SUP_045,41.1,medium,28.7,40.6,95.49
2026-07-04,SUP_045,54.5,medium,29.6,48.8,95.39
2026-07-05,SUP_045,67.8,high,34.9,44.7,94.88
2026-07-06,SUP_045,70.6,high,37.0,44.2,94.49
2026-07-07,SUP_045,65.6,high,32.4,44.0,94.25
2026-07-08,SUP_045,76.6,high,34.7,46.0,93.67
2026-07-09,SUP_045,70.2,high,34.3,47.2,93.26
2026-07-10,SUP_045,58.7,medium,30.7,52.9,93.63
2026-07-11,SUP_045,48.3,medium,24.5,37.9,93.5
2026-07-12,SUP_045,40.2,medium,29.8,39.7,92.48
2026-07-13,SUP_045,40.6,medium,33.5,41.6,93.08
2026-07-14,SUP_045,45.2,medium,37.1,39.3,93.32
2026-07-15,SUP_045,31.3,low,34.1,26.8,92.51
2026-07-16,SUP_045,29.8,low,35.8,27.7,92.3
2026-07-17,SUP_045,34.8,low,29.9,25.0,91.84
2026-07-18,SUP_045,42.6,medium,26.7,35.4,92.24
2026-07-19,SUP_045,42.2,medium,28.9,37.3,92.02
2026-07-20,SUP_045,44.4,medium,31.8,32.8,91.98
2026-07-21,SUP_045,32.3,low,25.3,22.3,91.87
2026-07-22,SUP_045,26.3,low,22.5,27.3,91.01
2026-07-23,SUP_045,29.7,low,23.4,32.1,91.82
2026-07-24,SUP_045,37.5,low,30.4,31.4,92.21
2026-07-25,SUP_045,40.8,medium,28.0,35.1,91.77
2026-07-26,SUP_045,33.2,low,30.5,33.3,91.89
2026-07-27,SUP_045,33.2,low,33.1,39.2,92.45
2026-07-28,SUP_045,49.4,medium,32.9,43.8,92.48
2026-07-29,SUP_045,52.6,medium,35.3,33.8,93.39
2026-07-30,SUP_045,48.4,medium,29.6,26.6,95.08
2026-07-31,SUP_045,37.3,low,28.0,38.6,95.01
2026-08-01,SUP_045,31.9,low,36.6,43.0,94.67
2026-08-02,SUP_045,34.5,low,44.3,35.1,94.1
2026-08-03,SUP_045,66.9,high,47.6,26.8,92.81
2026-08-04,SUP_045,73.0,high,51.7,29.2,93.54
2026-08-05,SUP_045,75.8,high,41.3,24.0,93.33
2026-08-06,SUP_045,70.9,high,36.6,24.0,93.84
2026-08-07,SUP_045,66.0,high,35.6,25.4,94.46
2026-08-08,SUP_045,86.0,high,47.7,26.4,93.84
2026-08-09,SUP_045,76.8,high,45.1,33.6,93.3
2026-08-10,SUP_045,35.1,low,47.9,43.5,94.31
2026-08-11,SUP_045,21.7,low,48.5,39.7,94.27
2026-08-12,SUP_045,23.5,low,48.9,33.0,93.89
2026-08-13,SUP_045,36.8,low,47.4,35.4,93.28
2026-08-14,SUP_045,32.8,low,40.6,43.9,93.2
2026-08-15,SUP_045,48.8,medium,27.7,40.4,94.07
2026-08-16,SUP_045,47.0,medium,35.7,44.1,94.47
2026-08-17,SUP_045,56.0,medium,33.4,38.3,94.58
2026-08-18,SUP_045,45.5,medium,25.5,37.9,95.5
2026-08-19,SUP_045,37.8,low,29.8,31.4,96.31
2026-08-20,SUP_045,39.7,low,33.3,32.0,96.5
2026-08-21,SUP_045,44.7,medium,37.9,31.8,98.11
2026-08-22,SUP_045,42.4,medium,43.5,35.5,97.97
2026-08-23,SUP_045,45.0,medium,38.7,44.8,98.61
2026-08-24,SUP_045,49.7,medium,34.7,41.3,98.38
2026-08-25,SUP_045,34.6,low,34.0,29.8,98.9
2026-08-26,SUP_045,33.3,low,38.8,29.5,98.76
2026-08-27,SUP_045,30.7,low,29.0,31.9,99.03
2026-08-28,SUP_045,29.2,low,31.3,33.4,100.42
2026-08-29,SUP_045,36.1,low,37.0,32.8,100.97
2026-08-30,SUP_045,32.9,low,41.7,41.0,101.25
2026-08-31,SUP_045,16.6,low,44.8,40.8,100.8
2026-09-01,SUP_045,20.8,low,49.1,39.4,100.91
2026-09-02,SUP_045,53.2,medium,34.7,34.6,100.32
2026-09-03,SUP_045,64.3,medium,43.2,25.5,100.83
2026-09-04,SUP_045,75.4,high,44.2,28.7,101.34
2026-09-05,SUP_045,56.2,medium,49.9,30.9,101.23
2026-09-06,SUP_045,54.7,medium,42.9,25.9,102.2
2026-09-07,SUP_045,64.1,medium,34.1,27.1,103.08
2026-09-08,SUP_045,54.8,medium,43.5,27.5,103.17
2026-09-09,SUP_045,31.1,low,38.6,25.3,103.5
2026-09-10,SUP_045,43.5,medium,37.3,22.6,103.16
2026-09-11,SUP_045,41.6,medium,40.2,26.6,103.0
2026-09-12,SUP_045,34.6,low,43.8,26.7,102.37
2026-09-13,SUP_045,15.0,low,48.4,24.8,102.09
2026-09-14,SUP_045,29.3,low,48.2,21.8,102.03
2026-09-15,SUP_045,51.0,medium,42.0,23.1,101.07
2026-09-16,SUP_045,65.4,high,45.0,29.7,101.4
2026-09-17,SUP_045,57.7,medium,47.7,31.6,102.0
2026-09-18,SUP_045,43.7,medium,37.9,30.9,101.99
2026-09-19,SUP_045,51.0,medium,45.0,33.1,100.43
2026-09-20,SUP_045,47.6,medium,32.4,40.6,100.28
2026-09-21,SUP_045,50.6,medium,38.5,42.3,99.47
2026-09-22,SUP_045,51.3,medium,35.7,42.6,99.12
2026-09-23,SUP_045,49.8,medium,39.7,44.8,99.96
2026-06-01,SUP_046,57.5,medium,20.1,26.8,96.65
2026-06-02,SUP_046,49.5,medium,19.5,32.5,98.94
2026-06-03,SUP_046,37.6,low,26.8,27.5,96.7
2026-06-04,SUP_046,42.0,medium,25.8,37.8,95.06
2026-06-05,SUP_046,38.2,low,24.5,38.5,95.46
2026-06-06,SUP_046,36.0,low,36.8,23.5,96.31
2026-06-07,SUP_046,27.8,low,39.3,34.0,95.92
2026-06-08,SUP_046,22.7,low,44.2,34.2,97.15
2026-06-09,SUP_046,29.8,low,46.2,32.2,96.06
2026-06-10,SUP_046,31.1,low,46.3,29.4,95.51
2026-06-11,SUP_046,57.7,medium,51.7,32.6,95.09
2026-06-12,SUP_046,60.0,medium,59.3,28.3,94.36
2026-06-13,SUP_046,45.6,medium,48.7,26.2,91.71
2026-06-14,SUP_046,31.2,low,47.5,24.6,91.67
2026-06-15,SUP_046,38.4,low,46.5,24.7,91.52
2026-06-16,SUP_046,36.3,low,43.8,23.5,92.99
2026-06-17,SUP_046,50.8,medium,48.2,29.7,91.23
2026-06-18,SUP_046,52.0,medium,48.5,31.9,90.36
2026-06-19,SUP_046,31.9,low,56.6,34.5,92.0
2026-06-20,SUP_046,25.7,low,59.6,37.8,92.41
2026-06-21,SUP_046,24.3,low,63.5,36.9,93.16
2026-06-22,SUP_046,33.6,low,54.6,31.2,93.78
2026-06-23,SUP_046,26.7,low,48.9,41.3,94.41
2026-06-24,SUP_046,32.7,low,44.4,45.2,96.9
2026-06-25,SUP_046,23.4,low,50.3,52.2,97.03
2026-06-26,SUP_046,28.8,low,44.5,55.1,95.64
2026-06-27,SUP_046,62.1,medium,39.7,49.6,96.52
2026-06-28,SUP_046,77.8,high,34.7,35.1,95.74
2026-06-29,SUP_046,78.3,high,48.8,28.6,95.59
2026-06-30,SUP_046,68.8,high,47.1,32.9,96.1
2026-07-01,SUP_046,83.1,high,48.9,32.7,94.97
2026-07-02,SUP_046,78.3,high,42.4,30.8,94.27
2026-07-03,SUP_046,83.6,high,46.9,18.3,94.92
2026-07-04,SUP_046,49.0,medium,37.8,20.7,94.17
2026-07-05,SUP_046,48.8,medium,33.8,17.2,95.51
2026-07-06,SUP_046,40.4,medium,31.5,16.0,94.16
2026-07-07,SUP_046,44.6,medium,34.1,23.4,92.8
2026-07-08,SUP_046,52.1,medium,31.6,19.7,95.41
2026-07-09,SUP_046,45.8,medium,40.4,17.1,93.31
2026-07-10,SUP_046,40.5,medium,43.0,20.7,93.28
2026-07-11,SUP_046,44.9,medium,39.6,27.5,95.81
2026-07-12,SUP_046,37.3,low,44.7,26.5,95.78
2026-07-13,SUP_046,25.2,low,42.4,35.5,97.62
2026-07-14,SUP_046,33.4,low,39.5,28.7,98.51
2026-07-15,SUP_046,35.3,low,44.2,22.0,98.5
2026-07-16,SUP_046,36.5,low,32.2,15.8,98.32
2026-07-17,SUP_046,43.5,medium,37.2,10.0,95.42
2026-07-18,SUP_046,50.0,medium,34.5,15.5,94.98
2026-07-19,SUP_046,47.2,medium,32.2,13.3,95.3
2026-07-20,SUP_046,36.3,low,43.0,9.1,95.62
2026-07-21,SUP_046,32.5,low,40.3,15.0,99.0
2026-07-22,SUP_046,41.1,medium,45.1,22.3,99.38
2026-07-23,SUP_046,43.3,medium,46.0,29.8,100.25
2026-07-24,SUP_046,38.7,low,47.2,35.2,101.84
2026-07-25,SUP_046,33.0,low,45.2,30.3,102.58
2026-07-26,SUP_046,41.7,medium,43.3,32.5,102.46
2026-07-27,SUP_046,40.5,medium,50.3,35.5,102.35
2026-07-28,SUP_046,48.6,medium,53.5,32.9,101.87
2026-07-29,SUP_046,55.8,medium,49.4,34.1,102.48
2026-07-30,SUP_046,50.2,medium,43.3,27.6,102.25
2026-07-31,SUP_046,57.7,medium,40.4,25.4,103.1
2026-08-01,SUP_046,55.8,medium,45.3,28.8,101.72
2026-08-02,SUP_046,55.6,medium,50.4,37.7,101.92
2026-08-03,SUP_046,32.7,low,51.7,43.3,104.05
2026-08-04,SUP_046,26.8,low,42.6,45.6,103.74
2026-08-05,SUP_046,22.8,low,46.1,44.4,106.27
2026-08-06,SUP_046,25.4,low,51.7,42.6,106.49
2026-08-07,SUP_046,31.4,low,51.0,33.8,106.41
2026-08-08,SUP_046,36.2,low,59.1,29.6,106.57
2026-08-09,SUP_046,41.1,medium,50.2,26.2,106.15
2026-08-10,SUP_046,35.7,low,52.3,30.5,103.43
2026-08-11,SUP_046,44.4,medium,45.9,36.2,104.64
2026-08-12,SUP_046,61.3,medium,50.3,39.9,107.64
2026-08-13,SUP_046,54.0,medium,52.0,45.4,108.3
2026-08-14,SUP_046,45.6,medium,59.0,44.2,109.04
2026-08-15,SUP_046,39.1,low,58.8,37.6,108.79
2026-08-16,SUP_046,41.4,medium,54.4,37.0,110.38
2026-08-17,SUP_046,37.4,low,50.2,32.9,110.32
2026-08-18,SUP_046,23.3,low,47.8,36.7,110.69
2026-08-19,SUP_046,15.2,low,44.5,34.5,108.55
2026-08-20,SUP_046,57.7,medium,50.5,34.1,107.82
2026-08-21,SUP_046,72.8,high,55.3,37.9,108.32
2026-08-22,SUP_046,87.0,high,46.2,33.5,109.57
2026-08-23,SUP_046,85.0,high,45.7,38.8,110.85
2026-08-24,SUP_046,72.2,high,45.5,31.2,108.68
2026-08-25,SUP_046,67.7,high,41.3,33.3,106.66
2026-08-26,SUP_046,54.6,medium,43.4,33.1,107.46
2026-08-27,SUP_046,18.9,low,50.2,37.8,106.44
2026-08-28,SUP_046,27.8,low,53.2,30.1,107.66
2026-08-29,SUP_046,37.1,low,57.9,22.8,105.43
2026-08-30,SUP_046,57.2,medium,52.1,28.6,105.29
2026-08-31,SUP_046,53.4,medium,50.7,27.5,105.25
2026-09-01,SUP_046,38.7,low,45.8,28.1,105.91
2026-09-02,SUP_046,39.2,low,46.4,25.7,104.49
2026-09-03,SUP_046,38.0,low,47.3,31.9,101.8
2026-09-04,SUP_046,35.2,low,51.0,33.9,102.03
2026-09-05,SUP_046,40.8,medium,55.9,35.4,102.75
2026-09-06,SUP_046,30.6,low,57.1,29.1,104.13
2026-09-07,SUP_046,35.4,low,50.7,32.7,103.64
2026-09-08,SUP_046,43.9,medium,43.0,27.8,104.71
2026-09-09,SUP_046,57.3,medium,45.3,25.4,105.37
2026-09-10,SUP_046,57.1,medium,51.9,19.6,107.18
2026-09-11,SUP_046,63.7,medium,50.3,21.1,107.11
2026-09-12,SUP_046,54.9,medium,41.8,28.8,104.74
2026-09-13,SUP_046,49.6,medium,51.8,30.9,104.64
2026-09-14,SUP_046,61.0,medium,52.6,29.2,104.77
2026-09-15,SUP_046,44.3,medium,51.8,30.7,105.48
2026-09-16,SUP_046,40.7,medium,44.8,31.9,103.38
2026-09-17,SUP_046,52.2,medium,44.5,32.7,102.95
2026-09-18,SUP_046,48.5,medium,47.4,34.0,104.14
2026-09-19,SUP_046,45.0,medium,48.9,28.6,104.0
2026-09-20,SUP_046,42.5,medium,44.7,30.2,103.58
2026-09-21,SUP_046,44.2,medium,44.0,21.6,106.19
2026-09-22,SUP_046,54.5,medium,40.8,26.7,104.72
2026-09-23,SUP_046,60.7,medium,48.9,22.1,106.41
2026-06-01,SUP_047,9.3,low,71.2,35.4,98.44
2026-06-02,SUP_047,15.6,low,68.7,34.1,100.72
2026-06-03,SUP_047,18.0,low,67.6,33.7,100.07
2026-06-04,SUP_047,0.0,low,66.6,42.5,100.11
2026-06-05,SUP_047,1.2,low,66.7,43.5,100.23
2026-06-06,SUP_047,12.7,low,63.2,53.5,101.75
2026-06-07,SUP_047,7.2,low,61.0,52.2,100.44
2026-06-08,SUP_047,17.6,low,59.5,46.2,102.05
2026-06-09,SUP_047,24.7,low,58.3,41.4,100.29
2026-06-10,SUP_047,16.6,low,57.4,40.8,101.89
2026-06-11,SUP_047,19.9,low,47.5,29.2,99.53
2026-06-12,SUP_047,30.0,low,50.1,27.5,99.39
2026-06-13,SUP_047,21.9,low,49.4,26.3,101.62
2026-06-14,SUP_047,22.0,low,42.4,28.8,102.58
2026-06-15,SUP_047,34.7,low,43.7,40.0,103.16
2026-06-16,SUP_047,25.6,low,44.6,39.5,101.72
2026-06-17,SUP_047,30.9,low,53.3,28.7,100.71
2026-06-18,SUP_047,20.7,low,52.0,24.9,102.56
2026-06-19,SUP_047,21.5,low,56.7,27.8,103.21
2026-06-20,SUP_047,27.8,low,64.1,29.3,104.43
2026-06-21,SUP_047,6.1,low,60.8,38.7,104.54
2026-06-22,SUP_047,7.1,low,60.7,43.2,104.15
2026-06-23,SUP_047,16.8,low,69.1,46.9,105.2
2026-06-24,SUP_047,22.2,low,69.1,44.0,105.56
2026-06-25,SUP_047,19.3,low,69.8,48.4,105.33
2026-06-26,SUP_047,11.8,low,66.7,41.7,103.38
2026-06-27,SUP_047,22.1,low,69.3,45.8,104.69
2026-06-28,SUP_047,21.1,low,68.0,42.7,105.3
2026-06-29,SUP_047,28.4,low,58.4,33.9,104.46
2026-06-30,SUP_047,32.3,low,57.3,37.2,106.09
2026-07-01,SUP_047,27.6,low,52.4,44.2,106.42
2026-07-02,SUP_047,38.1,low,54.3,40.7,106.78
2026-07-03,SUP_047,30.6,low,51.1,48.1,108.0
2026-07-04,SUP_047,41.5,medium,55.0,37.4,108.92
2026-07-05,SUP_047,50.8,medium,56.3,30.7,109.32
2026-07-06,SUP_047,55.4,medium,51.2,30.6,109.06
2026-07-07,SUP_047,47.3,medium,50.5,29.3,111.79
2026-07-08,SUP_047,66.6,high,55.2,26.6,110.78
2026-07-09,SUP_047,58.9,medium,61.6,28.6,111.81
2026-07-10,SUP_047,53.9,medium,57.4,26.8,111.69
2026-07-11,SUP_047,47.7,medium,52.9,26.1,112.32
2026-07-12,SUP_047,32.8,low,63.5,28.9,114.02
2026-07-13,SUP_047,44.1,medium,63.2,26.3,113.59
2026-07-14,SUP_047,35.3,low,63.5,27.1,114.42
2026-07-15,SUP_047,42.5,medium,59.8,24.8,114.78
2026-07-16,SUP_047,50.1,medium,77.4,20.0,113.9
2026-07-17,SUP_047,50.7,medium,85.7,26.3,115.63
2026-07-18,SUP_047,39.1,low,85.8,36.6,116.61
2026-07-19,SUP_047,33.7,low,89.7,42.0,116.01
2026-07-20,SUP_047,8.0,low,88.1,42.7,117.53
2026-07-21,SUP_047,12.4,low,81.8,38.1,116.39
2026-07-22,SUP_047,24.2,low,78.0,36.2,116.35
2026-07-23,SUP_047,23.5,low,72.8,41.5,115.75
2026-07-24,SUP_047,54.7,medium,74.6,28.5,116.79
2026-07-25,SUP_047,54.5,medium,81.0,27.6,116.13
2026-07-26,SUP_047,68.4,high,81.4,32.6,117.17
2026-07-27,SUP_047,67.0,high,79.4,26.9,117.99
2026-07-28,SUP_047,83.7,high,75.5,30.4,117.47
2026-07-29,SUP_047,73.8,high,77.6,33.1,119.99
2026-07-30,SUP_047,73.6,high,55.6,25.7,118.97
2026-07-31,SUP_047,32.4,low,51.1,27.5,117.03
2026-08-01,SUP_047,51.0,medium,57.0,25.4,118.2
2026-08-02,SUP_047,47.4,medium,56.5,29.0,115.25
2026-08-03,SUP_047,62.8,medium,55.9,33.5,117.3
2026-08-04,SUP_047,50.7,medium,56.0,35.8,117.44
2026-08-05,SUP_047,59.7,medium,60.3,36.1,115.48
2026-08-06,SUP_047,53.3,medium,61.4,37.4,114.17
2026-08-07,SUP_047,55.3,medium,57.9,30.9,111.92
2026-08-08,SUP_047,37.6,low,55.2,31.3,112.45
2026-08-09,SUP_047,39.0,low,55.3,27.7,110.63
2026-08-10,SUP_047,26.8,low,57.7,34.2,111.32
2026-08-11,SUP_047,30.0,low,58.2,37.9,110.9
2026-08-12,SUP_047,15.9,low,58.2,41.1,110.24
2026-08-13,SUP_047,18.6,low,59.0,49.2,110.94
2026-08-14,SUP_047,31.6,low,59.3,45.3,111.8
2026-08-15,SUP_047,36.3,low,56.0,40.9,113.38
2026-08-16,SUP_047,23.3,low,62.1,38.1,112.51
2026-08-17,SUP_047,7.4,low,59.8,29.2,112.46
2026-08-18,SUP_047,17.6,low,60.8,22.1,111.59
2026-08-19,SUP_047,35.4,low,51.2,27.3,111.82
2026-08-20,SUP_047,25.1,low,51.8,21.1,110.74
2026-08-21,SUP_047,45.7,medium,48.1,17.5,110.16
2026-08-22,SUP_047,41.7,medium,45.5,19.6,109.58
2026-08-23,SUP_047,20.7,low,59.5,19.7,109.99
2026-08-24,SUP_047,8.6,low,61.1,26.7,109.99
2026-08-25,SUP_047,21.0,low,67.0,28.3,110.69
2026-08-26,SUP_047,24.5,low,70.3,25.1,110.54
2026-08-27,SUP_047,79.3,high,73.7,31.7,109.74
2026-08-28,SUP_047,65.8,high,71.0,36.0,110.01
2026-08-29,SUP_047,67.8,high,77.3,28.4,108.75
2026-08-30,SUP_047,68.4,high,79.0,30.7,109.53
2026-08-31,SUP_047,67.4,high,76.7,27.6,109.14
2026-09-01,SUP_047,64.4,medium,75.7,24.8,109.42
2026-09-02,SUP_047,62.4,medium,73.0,36.2,109.72
2026-09-03,SUP_047,26.1,low,71.6,36.7,111.92
2026-09-04,SUP_047,29.9,low,70.0,35.3,112.45
2026-09-05,SUP_047,32.3,low,70.6,35.7,112.55
2026-09-06,SUP_047,42.9,medium,77.5,40.2,111.6
2026-09-07,SUP_047,28.5,low,69.5,35.7,112.7
2026-09-08,SUP_047,12.1,low,73.8,32.8,112.33
2026-09-09,SUP_047,26.0,low,70.3,36.6,110.23
2026-09-10,SUP_047,18.3,low,75.0,28.4,109.96
2026-09-11,SUP_047,17.7,low,71.5,34.6,110.22
2026-09-12,SUP_047,15.1,low,72.0,26.2,109.1
2026-09-13,SUP_047,13.0,low,69.8,26.2,108.94
2026-09-14,SUP_047,3.7,low,60.4,19.1,108.84
2026-09-15,SUP_047,5.0,low,68.9,15.9,108.76
2026-09-16,SUP_047,17.3,low,63.4,25.6,110.46
2026-09-17,SUP_047,20.4,low,63.6,32.5,108.66
2026-09-18,SUP_047,27.5,low,58.4,39.0,111.45
2026-09-19,SUP_047,23.5,low,52.6,30.7,111.41
2026-09-20,SUP_047,33.5,low,53.0,25.8,112.21
2026-09-21,SUP_047,27.9,low,51.5,29.0,112.38
2026-09-22,SUP_047,8.9,low,47.6,33.7,110.01
2026-09-23,SUP_047,17.1,low,49.6,29.7,108.55
2026-06-01,SUP_048,6.4,low,13.3,30.9,98.94
2026-06-02,SUP_048,1.1,low,18.7,21.9,99.66
2026-06-03,SUP_048,14.3,low,12.0,11.9,101.82
2026-06-04,SUP_048,21.2,low,8.9,10.4,102.8
2026-06-05,SUP_048,22.9,low,11.0,16.8,105.66
2026-06-06,SUP_048,18.1,low,14.3,26.4,106.52
2026-06-07,SUP_048,32.2,low,17.0,29.2,107.32
2026-06-08,SUP_048,30.0,low,12.5,24.6,108.37
2026-06-09,SUP_048,14.3,low,5.7,22.0,110.68
2026-06-10,SUP_048,28.4,low,10.1,31.1,112.59
2026-06-11,SUP_048,29.5,low,18.1,24.8,110.91
2026-06-12,SUP_048,38.7,low,16.4,37.4,112.15
2026-06-13,SUP_048,40.6,medium,11.2,46.9,112.56
2026-06-14,SUP_048,58.9,medium,10.2,56.4,112.26
2026-06-15,SUP_048,47.5,medium,13.3,55.2,109.52
2026-06-16,SUP_048,42.0,medium,12.9,50.4,107.13
2026-06-17,SUP_048,44.4,medium,20.3,49.9,106.57
2026-06-18,SUP_048,36.8,low,24.3,52.5,104.3
2026-06-19,SUP_048,41.3,medium,24.3,46.4,103.77
2026-06-20,SUP_048,9.9,low,14.1,38.9,104.88
2026-06-21,SUP_048,13.0,low,11.4,36.8,103.98
2026-06-22,SUP_048,15.0,low,9.8,32.5,104.11
2026-06-23,SUP_048,16.2,low,7.5,39.4,102.45
2026-06-24,SUP_048,10.3,low,9.9,35.5,102.91
2026-06-25,SUP_048,22.4,low,12.2,35.9,103.7
2026-06-26,SUP_048,18.4,low,5.1,41.0,101.5
2026-06-27,SUP_048,21.9,low,10.8,46.8,100.33
2026-06-28,SUP_048,22.3,low,12.0,46.1,98.37
2026-06-29,SUP_048,27.6,low,14.6,46.5,99.16
2026-06-30,SUP_048,40.2,medium,18.6,39.4,99.41
2026-07-01,SUP_048,38.2,low,14.9,44.1,99.33
2026-07-02,SUP_048,42.7,medium,21.3,49.4,99.14
2026-07-03,SUP_048,39.6,low,20.2,37.4,99.64
2026-07-04,SUP_048,31.3,low,27.0,46.3,100.17
2026-07-05,SUP_048,28.4,low,21.4,40.9,99.4
2026-07-06,SUP_048,24.9,low,27.7,43.2,98.42
2026-07-07,SUP_048,30.2,low,22.0,42.4,98.32
2026-07-08,SUP_048,29.9,low,33.5,40.9,98.03
2026-07-09,SUP_048,21.3,low,26.6,39.0,101.22
2026-07-10,SUP_048,20.2,low,30.3,33.1,100.63
2026-07-11,SUP_048,7.3,low,26.8,36.2,101.07
2026-07-12,SUP_048,10.0,low,28.9,34.5,101.8
2026-07-13,SUP_048,13.7,low,27.0,27.7,103.96
2026-07-14,SUP_048,33.3,low,20.5,23.3,102.71
2026-07-15,SUP_048,43.7,medium,6.9,18.3,104.78
2026-07-16,SUP_048,29.5,low,20.4,18.0,104.55
2026-07-17,SUP_048,30.2,low,20.4,23.1,108.43
2026-07-18,SUP_048,30.9,low,6.1,21.2,108.99
2026-07-19,SUP_048,27.3,low,9.3,28.4,107.09
2026-07-20,SUP_048,25.2,low,13.9,28.7,106.78
2026-07-21,SUP_048,21.9,low,11.1,28.1,108.85
2026-07-22,SUP_048,40.0,low,8.8,29.3,108.98
2026-07-23,SUP_048,32.4,low,10.1,37.5,108.88
2026-07-24,SUP_048,33.7,low,17.0,29.9,110.0
2026-07-25,SUP_048,8.1,low,17.6,39.4,109.46
2026-07-26,SUP_048,20.0,low,24.6,43.8,109.14
2026-07-27,SUP_048,32.2,low,29.0,42.3,107.67
2026-07-28,SUP_048,20.6,low,26.2,47.5,110.35
2026-07-29,SUP_048,17.0,low,17.6,43.9,108.46
2026-07-30,SUP_048,23.2,low,16.5,44.1,108.72
2026-07-31,SUP_048,23.8,low,19.3,39.9,109.46
2026-08-01,SUP_048,28.4,low,19.4,44.2,109.44
2026-08-02,SUP_048,24.9,low,22.2,39.1,107.5
2026-08-03,SUP_048,42.2,medium,25.6,38.2,105.95
2026-08-04,SUP_048,31.7,low,27.0,41.3,106.76
2026-08-05,SUP_048,54.9,medium,24.3,45.9,105.56
2026-08-06,SUP_048,59.0,medium,25.9,39.9,102.35
2026-08-07,SUP_048,58.2,medium,35.3,43.2,102.95
2026-08-08,SUP_048,40.2,medium,25.6,36.8,101.6
2026-08-09,SUP_048,44.9,medium,26.8,25.2,102.57
2026-08-10,SUP_048,45.5,medium,34.2,22.7,102.26
2026-08-11,SUP_048,20.7,low,26.2,28.9,101.87
2026-08-12,SUP_048,8.8,low,29.7,29.8,101.96
2026-08-13,SUP_048,16.2,low,33.3,27.8,100.19
2026-08-14,SUP_048,17.1,low,24.0,29.1,98.91
2026-08-15,SUP_048,14.3,low,26.5,30.1,98.51
2026-08-16,SUP_048,27.0,low,23.9,34.1,96.74
2026-08-17,SUP_048,47.3,medium,22.8,25.8,97.85
2026-08-18,SUP_048,44.8,medium,20.5,26.6,97.37
2026-08-19,SUP_048,41.1,medium,26.3,28.5,95.13
2026-08-20,SUP_048,49.1,medium,24.6,22.3,94.26
2026-08-21,SUP_048,34.4,low,21.4,16.9,94.42
2026-08-22,SUP_048,34.7,low,18.8,17.7,93.73
2026-08-23,SUP_048,29.0,low,17.0,20.4,94.34
2026-08-24,SUP_048,0.0,low,12.1,22.6,95.23
2026-08-25,SUP_048,12.4,low,10.7,21.6,98.95
2026-08-26,SUP_048,22.4,low,12.4,20.4,100.73
2026-08-27,SUP_048,16.3,low,15.1,20.5,98.2
2026-08-28,SUP_048,23.4,low,21.3,24.3,97.64
2026-08-29,SUP_048,22.1,low,21.9,32.4,97.23
2026-08-30,SUP_048,35.4,low,19.1,21.1,98.12
2026-08-31,SUP_048,31.6,low,14.1,26.5,96.67
2026-09-01,SUP_048,2.4,low,16.1,27.2,95.85
2026-09-02,SUP_048,16.4,low,15.8,31.1,93.92
2026-09-03,SUP_048,14.3,low,15.8,37.9,92.99
2026-09-04,SUP_048,14.4,low,17.3,33.5,92.12
2026-09-05,SUP_048,20.2,low,19.9,38.7,91.63
2026-09-06,SUP_048,8.2,low,20.9,31.6,89.8
2026-09-07,SUP_048,13.1,low,19.7,32.7,91.32
2026-09-08,SUP_048,21.0,low,15.6,31.8,92.05
2026-09-09,SUP_048,25.4,low,13.1,32.5,89.8
2026-09-10,SUP_048,19.7,low,17.8,27.7,89.84
2026-09-11,SUP_048,30.2,low,15.8,31.1,87.42
2026-09-12,SUP_048,19.7,low,9.8,40.0,89.5
2026-09-13,SUP_048,15.2,low,16.5,34.2,92.0
2026-09-14,SUP_048,16.4,low,12.3,35.3,91.91
2026-09-15,SUP_048,21.3,low,13.3,39.7,90.59
2026-09-16,SUP_048,19.2,low,16.3,37.5,89.56
2026-09-17,SUP_048,32.0,low,16.6,44.3,88.86
2026-09-18,SUP_048,33.0,low,5.1,40.6,88.7
2026-09-19,SUP_048,31.7,low,8.8,39.2,90.82
2026-09-20,SUP_048,32.4,low,16.5,33.3,92.3
2026-09-21,SUP_048,37.4,low,20.5,34.2,93.8
2026-09-22,SUP_048,36.5,low,10.0,34.4,94.06
2026-09-23,SUP_048,16.9,low,21.3,37.8,92.28
